source_row,record_id,object_id,ast_facility_id,aea_id,uscg_id,tank_farm_id,tank_farm_evaluation_id,community_id,community_name,entity_name,street_address,postal_code,latitude,longitude,map_x,map_y,delivery_method,total_capacity,gasoline_capacity,diesel_capacity,jet_fuel_capacity,other_fuel_capacity,number_of_tanks,source,report,inspected_by_uscg,last_inspected,last_edited,community_key,delivery_barge,delivery_plane,delivery_road,community_distance_km,corrections_applied,qc_release
2,{2A2B529A-311A-405A-A8FA-04AD9A6AE9C6},1,229,,,,,,,Alaska Army National Guard - Camp Denali,,,61.269243,-149.640262,232871.0697,1261900.544,Road,4150,,4150,,,2,DEC,,False,,2022-12-21T03:55:03Z,,false,false,true,,,2025
3,{DAB1B98D-CCC0-4662-920A-432A27A48097},2,245,470-BF-07,,,,,,Alaska Army National Guard - Newtok Readiness Center,,99559,60.940668,-164.633869,-571827.3916,1263378.485,Road,3000,,3000,,,2,DEC,,False,,2022-12-21T03:55:03Z,,false,false,true,,,2025
4,{DEC507FE-8A64-4440-BA11-D2663D6C51B2},3,25,,,,,,,USCG Cape Hinchinbrook,,,60.2375,-146.6467,404993.2425,1161295.473,Plane,10000,,10000,,,1,DEC,,False,,2022-12-21T03:55:03Z,,false,true,false,,,2025
5,{8D14412D-5103-49AD-8AFB-6B4F425D82DF},4,30,,,,,,,USCG Potato Point,,,61.03405,-146.4183,407375.2455,1251230.458,Barge,10000,,10000,,,1,DEC,,False,,2022-12-21T03:55:03Z,,true,false,false,,,2025
6,{F7DD87D6-0CF8-4210-8D91-0811CAD7E2A5},5,31,,,,,,,LORAN Station Shoal Cove,,,55.43915,-131.2552778,1410825.257,846993.1094,Barge,2000,,2000,,,1,DEC,,False,,2022-12-21T03:55:03Z,,true,false,false,,,2025
7,{5DAA4AB9-BDC3-49F4-B40D-567C49D8D89D},6,212,,,,,,,Eielson Airforce Base - Central Remote 7,,,64.00361,-147.95556,294862.1748,1573321.969,Plane,1000,,1000,,,1,DEC,,False,,2022-12-21T03:55:03Z,,false,true,false,,,2025
8,{0068B24C-B0D6-4EEC-9C89-1E7A160A9EF3},7,42,488-BF-02,,,,,,UMIAT Camp and Fuel Facility,,99723,69.3667,-152.1430556,74055.91517,2156285.637,Plane,152400,,140400,12000,,10,DEC,,False,,2022-12-21T03:55:03Z,,false,true,false,,,2025
9,{5924466F-88D5-4EC0-A530-3F0D08E841C6},8,63,,,,,,,"Taiga Mining Company, Inc",,,66.1881,-155.7152,-77489.91039,1804373.875,Plane,61000,2000,59000,,,9,DEC,,False,,2022-12-21T03:55:03Z,,false,true,false,,,2025
10,{0C0D7C65-C6C5-4293-A58D-8DB8A9E3283C},9,75,,,,,,,Ocean Beauty Seafoods LLC - Alitak,,99697,56.847222,-154.243333,-14814.55023,760046.2209,Barge,155110,15000,140110,,,11,DEC,,False,,2022-12-21T03:55:03Z,,true,false,false,,,2025
11,{4C120687-7512-4E08-BC90-9674A4F4C54C},10,78,,,,,,,Ocean Beauty Seafoods LLC - Excursion Inlet,,99850,58.417557,-135.44456,1066905.247,1085394.457,Barge,210520,19950,190570,,,16,DEC,,False,,2022-12-21T03:55:03Z,,true,false,false,,,2025
12,{165BC5D6-DBAE-442C-AE72-804C4FFF53A3},11,114,,,,,,,Evergreen Afognak Tank Farm,,99615,58.129,-152.561,84523.19467,904061.2911,Barge,80000,,80000,,,4,DEC,,False,,2022-12-21T03:55:03Z,,true,false,false,,,2025
13,{A4337509-34B8-4A34-AC17-8065764A1BFC},12,157,,,,,,,JD Mining,,,63.18797,-144.86473,457340.6913,1500295.603,Road,6000,,6000,,,2,DEC,,False,,2022-12-21T03:55:03Z,,false,false,true,,,2025
14,{24556C63-709F-4A95-8AC5-CEC7DD17A1A3},13,179,480-BF-04,,,,,,Kodiak Electric Association - Terror Lake Hydroelectric Project,,,57.685833,-152.895,65725.54439,854187.8533,Road,6000,2000,4000,,,3,DEC,,False,,2022-12-21T03:55:03Z,,false,false,true,,,2025
15,{6E70E987-0982-4AC4-AADD-CF8730C1B329},14,196,,,,,,,NB Tweet & Sons,,,65.6893,-164.8225,-495840.4294,1788347.308,Road,6000,,6000,,,2,DEC,,False,,2022-12-21T03:55:03Z,,false,false,true,,,2025
16,{48F56D25-2979-4108-A6D1-03E7668C4BD9},15,213,,,,,,,City of Akutan - Akun Island,,,54.14916,-165.61042,-755680.8523,525697.4475,Barge,40000,,40000,,,4,DEC,,False,,2022-12-21T03:55:03Z,,true,false,false,,,2025
17,{11347F21-1300-4D5F-A511-ADCB96465D53},16,266,473-BF-03,,,,,,DOT&PF Chandalar MS,Milepost 239.5 Dalton Highway,99734,68.078011,-149.582739,185502.7847,2019237.524,Road,24000,4000,20000,,,7,DEC,,False,,2022-12-21T03:55:03Z,,false,false,true,,,2025
18,{32A205AC-8EDE-4217-924B-F980C9601A08},17,269,473-BF-02,,,,,,DOT&PF Jim River MS,Milepost 138 Dalton Highway,99701,66.823072,-150.669617,146876.1446,1877634.982,Road,20000,4000,16000,,,5,DEC,,False,,2022-12-21T03:55:03Z,,false,false,true,,,2025
19,{0CAB0B8D-D906-49C4-A353-2269607ABD33},18,274,473-BF-01,,,,,,DOT&PF Sag River MS,Milepost 306 Dalton Highway,99734,68.761417,-148.870039,209551.2885,2096659.428,Road,14000,4000,10000,,,2,DEC,,False,,2022-12-21T03:55:03Z,,false,false,true,,,2025
20,{FFF367B0-972E-4126-B5A7-31F3709A99A6},19,275,,,,,,,DOT&PF Seven-Mile MS,Milepost 61.8 Dalton Highway,99701,65.939592,-149.852056,189023.3809,1781639.214,Road,20500,4000,16500,,,6,DEC,,False,,2022-12-21T03:55:03Z,,false,false,true,,,2025
21,{D0A200D0-FFC1-4BCC-9DD2-A24F7835EAD8},20,279,,,,,,,DOT&PF Birch Lake MS,Milepost 307 Richardson Highway,99714,64.315978,-146.688433,352613.7528,1614194.781,Road,5000,1000,4000,,,3,DEC,,False,,2022-12-21T03:55:03Z,,false,false,true,,,2025
22,{69923A6C-9EA5-47E9-9D52-5380195961B2},21,281,473-BF-06,,,,,,DOT&PF Montana Creek MS,Milepost 81.5 Steese Highway,99701,65.362711,-146.088306,367551.3438,1733396.564,Road,11500,1000,10500,,,4,DEC,,False,,2022-12-21T03:55:03Z,,false,false,true,,,2025
23,{FEF19473-F330-472E-B4D7-1BFE5DAC285F},22,301,473-BF-04,,,,,,DOT&PF Ernestine MS,Milepost 62 Richardson Highway,99686,61.442531,-145.113072,471018.0116,1305189.32,Road,6000,2500,3500,,,3,DEC,,False,,2022-12-21T03:55:03Z,,false,false,true,,,2025
24,{2E1A4AF6-7B26-445E-863B-74ADE105B453},23,312,473-BF-05,,,,,,DOT&PF O'Brien Creek MS,Milepost 113.2 Taylor Highway,99738,64.314625,-141.420458,604300.4874,1652012.892,Road,6000,1000,5000,,,4,DEC,,False,,2022-12-21T03:55:03Z,,false,false,true,,,2025
25,{7B89ED61-3040-4FCE-8B1D-80E2A9444FBD},24,318,,,,,,,DOT&PF TrimsCreek MS,Milepost 218 Richardson Highway,99737,63.415667,-145.75015,410102.7856,1519726.022,Road,10000,1000,9000,,,4,DEC,,False,,2022-12-21T03:55:03Z,,false,false,true,,,2025
26,{EC24F4B9-DE86-407E-A1E8-020A81196406},25,371,,,,,,,AK DOT&PF Anton Memorial Tunnel (Whittier),,99693,60.7897,-148.8137,281118.2098,1211592.938,Road,1000,,1000,,,1,DEC,,False,,2022-12-21T03:55:03Z,,false,false,true,,,2025
27,{0FD29D07-17D3-4E0E-A860-BB784E36C547},26,382,,,,,,,Cascade Highway Station,,99645,61.796033,-148.013911,314229.3653,1327341.571,Road,6000,,6000,,,3,DEC,,False,,2022-12-21T03:55:03Z,,false,false,true,,,2025
28,{574172F7-5D22-4D73-B6A8-E30A749DE810},27,442,,,,,,,AK DOT&PF Kalsin Bay,,99615,57.588611,-152.435556,93310.61438,843881.9026,,3000,,3000,,,2,DEC,,False,,2022-12-21T03:55:03Z,,,,,,,2025
29,{F0062498-93C4-45AC-AB62-A5CBF508003C},28,510,,,,,,,Illinois Creek Airstrip,,,64.057983,-157.838783,-187068.0341,1571373.791,Plane,3000,,3000,,,2,DEC,,False,,2022-12-21T03:55:03Z,,false,true,false,,,2025
30,{296267E5-D838-415E-8928-E0A27F81C00B},29,531,,,,,,,Alaska Railroad - Hurricane,Mile 170.4 Parks Highway,99729,62.9774,-149.640283,220341.2917,1452487.175,Road,18000,1000,17000,,,6,DEC,,False,,2022-12-21T03:55:03Z,,false,false,true,,,2025
31,{EB31C6E5-4774-40D4-BFE5-5D80850118C3},30,533,470-BF-04,,,,,,Alaska Railroad - Portage Tunnel,,99587,60.666306,-149.042633,269764.3562,1196887.234,Road,10000,,10000,,,2,DEC,,False,,2022-12-21T03:55:03Z,,false,false,true,,,2025
32,{EA1C6A09-2625-46E4-91BB-34FC46FBC729},31,548,,,,,,,State of Alaska Department of Fish and Game - Taku River,,,58.549408,-133.681041,1160829.028,1129104.408,Barge,1000,1000,,,,1,DEC,,False,,2022-12-21T03:55:03Z,,true,false,false,,,2025
33,{B9F91E61-DD1A-4880-8347-A73C8957CBF9},32,549,,,,,,,State of Alaska Department of Fish and Game - Tok,,,63.337818,-142.987802,547752.5474,1531044.658,Road,1200,,1200,,,1,DEC,,False,,2022-12-21T03:55:03Z,,false,false,true,,,2025
34,{6651A82C-CC4D-434F-9688-2F9309674D16},33,618,480-BF-01,,,,,,Nabors - Operations Center,"Deadhorse Airport Block 0070, Lots 003 and 004",99734,70.203917,-148.453183,213305.6831,2256100.266,Road,2500,,2500,,,1,DEC,,False,,2022-12-21T03:55:03Z,,false,false,true,,,2025
35,{C4B4BE90-2902-41BA-BF4B-93E1FAD0149D},34,619,,,,,,,Nabors - Rig 19AC,,,70.413649,-150.016794,151885.9388,2274716.173,Road,3000,,3000,,,1,DEC,,False,,2022-12-21T03:55:03Z,,false,false,true,,,2025
36,{6F3F14B7-DE1D-4467-A722-FE33DE5C3456},35,627,,,,,,,Alaska Power & Telephone - Crystal Mountain Microwave Tower,,,56.584722,-132.866944,1274430.071,935224.031,Plane,6000,,6000,,,2,DEC,,False,,2022-12-21T03:55:03Z,,false,true,false,,,2025
37,{F04DC3EA-5855-4E10-91BD-CFE7A24D6FED},36,628,,,,,,,Alaska Power & Telephone - Dry Mountain Microwave Tower,,,57.651333,-133.647528,1192949.653,1034017.354,Plane,6000,,6000,,,2,DEC,,False,,2022-12-21T03:55:03Z,,false,true,false,,,2025
38,{D933651F-909C-49D8-AE55-BA247D25FBCD},37,630,,,,,,,Alaska Power & Telephone - Endicott Mountain Microwave Tower,,,58.759167,-135.259444,1066633.088,1125072.461,Plane,6000,,6000,,,2,DEC,,False,,2022-12-21T03:55:03Z,,false,true,false,,,2025
39,{7E66D389-8985-428D-9145-8D7B8F3D876A},38,644,470-BF-12,,,,,,Alaska Power & Telephone - Sunnahae Peak Microwave Tower,,,55.463611,-133.078611,1300811.146,812358.0682,Plane,4000,,4000,,,2,DEC,,False,,2022-12-21T03:55:03Z,,false,true,false,,,2025
40,{B1C330CD-F2C3-4C1A-B12A-82BFA2DE8BC7},39,645,470-BF-03,,,,,,Alaska Power & Telephone - Taku Mountain Microwave Tower,,,58.075917,-134.042,1156495.301,1072302.316,Plane,6000,,6000,,,2,DEC,,False,,2022-12-21T03:55:03Z,,false,true,false,,,2025
41,{8772AFDF-4C08-43FA-8E31-88991E65374E},40,648,,,,,,,Alaska Power & Telephone - Turn Mountain Microwave Tower,,,57.065222,-133.841333,1201499.743,968117.8007,Plane,5000,,5000,,,1,DEC,,False,,2022-12-21T03:55:03Z,,false,true,false,,,2025
42,{DF2B4DBC-053C-4B0A-8693-01DB75BA149B},41,676,,,,,,,Chugach Electric - Beluga Power Plant,,99695,61.185716,-151.037597,158709.3861,1248448.845,Plane,5000,5000,,,,1,DEC,,False,,2022-12-21T03:55:03Z,,false,true,false,,,2025
43,{E280D44D-4D91-4A5E-BCBA-2A77A8DC8D4F},42,719,,,,,,,Mackinaw Gold Mine,,,64.088,-141.3193,613900.7741,1628100.113,Road,4000,,4000,,,2,DEC,,False,,2022-12-21T03:55:03Z,,false,false,true,,,2025
44,{C678BE69-8301-45BA-8BB8-7BD23D530023},43,819,470-BF-02,,,,,,AT&T - Prudhoe Bay - Margaret Hill,,,68.0555,-149.483889,189816.4096,2017017.411,Plane,5000,,5000,,,2,DEC,,False,,2022-12-21T03:55:03Z,,false,true,false,,,2025
45,{1C90A3F0-FA24-4549-B39D-A7D68691CD55},44,825,,,,,,,AT&T - Toolik Camp - Costa Hill,Milepost 333.6 Dalton Highway,99734,69.117398,-148.940215,203702.1643,2135575.903,Plane,5000,,5000,,,4,DEC,,False,,2022-12-21T03:55:03Z,,false,true,false,,,2025
46,{88EB0B7B-A644-419C-A1A0-A28C818B9BEA},45,826,470-BF-06,,,,,,AT&T - Toolik Camp - Galraith Microwave,Milepost 178 Dalton Highway,99701,68.507097,-149.6786,178398.7484,2066286.152,Plane,5000,,5000,,,4,DEC,,False,,2022-12-21T03:55:03Z,,false,true,false,,,2025
47,{DA956473-B640-4963-9D10-1421DF815278},46,827,470-BF-01,,,,,,AT&T - Toolik Camp - Slope Microwave Repeater,Milepost 303.5 Dalton Highway,99734,68.743199,-149.067833,201634.9768,2094045.966,Plane,5000,,5000,,,4,DEC,,False,,2022-12-21T03:55:03Z,,false,true,false,,,2025
48,{5425C309-26A9-4D99-ABE4-3FD582FBCBE6},47,835,470-BF-05,,,,,,Asa'carsarmiut Tribal Council,,,62.088051,-163.7273,-504718.1741,1382851.971,Barge,4000,1000,3000,,,2,DEC,,False,,2022-12-21T03:55:03Z,,true,false,false,,,2025
49,{664F9327-5294-4681-9F68-2784A1F806E8},48,839,,,,,,,Kamai Air Kulik Lake Facility,,,58.965,-155.095667,-62808.65177,997092.2077,Plane,11831,5283,5548,1000,,3,DEC,,False,,2022-12-21T03:55:03Z,,false,true,false,,,2025
50,{AC3EBB88-FB69-40A7-BB5C-3C789CD4B663},49,840,,,,,,,West Pogo Project,Milepost 45.5 Pogo Road,99714,64.431166,-145.027862,430530.5187,1636744.757,Road,5204,,5204,,,1,DEC,,False,,2022-12-21T03:55:03Z,,false,false,true,,,2025
51,{0C0656F7-A4B6-48AB-9431-BCB107F78864},50,854,,,,,,,Doc Warners,1 Doc Warner's Way,99850,58.380216,-135.423175,1069254.986,1081747.592,Road,8000,8000,,,,1,DEC,,False,,2022-12-21T03:55:03Z,,false,false,true,,,2025
52,{3B53A2C4-6794-4EE7-8E79-1CE7CB908122},51,855,,,,,,,Donlin Gold Camp,,,62.031111,-158.233333,-220694.8862,1346491.037,Plane,49000,,44000,5000,,5,DEC,,False,,2022-12-21T03:55:03Z,,false,true,false,,,2025
53,{F3EF96EB-8041-43F1-871A-2D499664F19D},52,983,,,,,,,Calder Mine,,,56.1725,-133.4712,1253160.246,879990.6842,,41000,,41000,,,3,DEC,,False,,2022-12-21T03:55:03Z,,,,,,,2025
54,{B4AA41CA-3A16-4E05-A060-1882D5DF320D},53,1008,480-BF-05,,,,,,Kitoi Bay Hatchery,,99615,58.19138889,-152.3716667,95470.20915,911292.1023,Barge,25000,,25000,,,3,DEC,,False,,2022-12-21T03:55:03Z,,true,false,false,,,2025
55,{8B65442E-82F6-44DA-BAC0-2C12653106B9},54,1038,,,,,,,Federal Aviation Administration - Biorka Island - BKA PX1,,99835,56.85222,-135.5519,1108828.439,915584.6326,Barge,20000,,20000,,,1,DEC,,False,,2022-12-21T03:55:03Z,,true,false,false,,,2025
56,{83C0B81C-5110-4333-BC95-68B43F5C22F4},55,1039,,,,,,,Federal Aviation Administration - Biorka Island - BKA PX2,,99835,56.85222,-135.5519,1108828.439,915584.6326,Road,20000,,20000,,,1,DEC,,False,,2022-12-21T03:55:03Z,,false,false,true,,,2025
57,{B06057DA-8EB9-4521-B9CE-3A2D36CEECCC},56,1040,,,,,,,Federal Aviation Administration - Biorka Island - BKA PX3,,99835,56.85222,-135.5519,1108828.439,915584.6326,Barge,20000,,20000,,,1,DEC,,False,,2022-12-21T03:55:03Z,,true,false,false,,,2025
58,{01E6A252-86D1-4511-ACCE-5B7A1979DB95},57,1041,,,,,,,Federal Aviation Administration - Biorka Island - BKA PX4,,99835,56.85222,-135.5519,1108828.439,915584.6326,Barge,20000,,20000,,,1,DEC,,False,,2022-12-21T03:55:03Z,,true,false,false,,,2025
59,{3F9E0A01-54D7-494B-9BBA-ABE68BDD1666},58,1042,,,,,,,Federal Aviation Administration - Biorka Island - BKA PX5,,99835,56.85222,-135.5519,1108828.439,915584.6326,Road,20000,,20000,,,1,DEC,,False,,2022-12-21T03:55:03Z,,false,false,true,,,2025
60,{64002474-A125-43D0-96CD-5DD07E87A726},59,1078,,,,,,,Federal Aviation Administration - Middleton Island - MDO ATCBI,,99611,59.43769,-146.3274,432814.8318,1074440.234,Barge,2000,,2000,,,1,DEC,,False,,2022-12-21T03:55:03Z,,true,false,false,,,2025
61,{333EAFB9-AF25-4F1D-8170-665304F68235},60,1079,,,,,,,Federal Aviation Administration - Middleton Island - MDO VEH/Bulk,,99611,59.44994,-146.3072,433789.2569,1075948.167,Barge,2000,,2000,,,1,DEC,,False,,2022-12-21T03:55:03Z,,true,false,false,,,2025
62,{15BA0B5D-95C5-4664-80A4-DDE0E1372019},61,1080,,,,,,,Federal Aviation Administration - Middleton Island - NXRAD PX1,,99611,59.437691,-146.3065,433987.0786,1074576.459,Barge,20000,,20000,,,1,DEC,,False,,2022-12-21T03:55:03Z,,true,false,false,,,2025
63,{B339EDD1-9BFD-436F-9843-F5E324A97456},62,1081,,,,,,,Federal Aviation Administration - Middleton Island - MDO NXRAD PX2,,99611,59.437691,-146.3065,433987.0786,1074576.459,Barge,20000,,20000,,,1,DEC,,False,,2022-12-21T03:55:03Z,,true,false,false,,,2025
64,{73551016-2EBE-4AB7-B7E5-ABD8942D3FD0},63,1082,,,,,,,Federal Aviation Administration - Middleton Island - MDO NXRAD PX3,,99611,59.437691,-146.3065,433987.0786,1074576.459,Barge,20000,,20000,,,1,DEC,,False,,2022-12-21T03:55:03Z,,true,false,false,,,2025
65,{F9DB899A-9514-44F0-A6B5-B8193D735639},64,1083,,,,,,,Federal Aviation Administration - Middleton Island - MDO NXRAD PX4,,99611,59.437691,-146.3065,433987.0786,1074576.459,Barge,20000,,20000,,,1,DEC,,False,,2022-12-21T03:55:03Z,,true,false,false,,,2025
66,{75434559-4B67-4F44-8A49-86D22C40CFFA},65,1084,,,,,,,Federal Aviation Administration - Middleton Island - MDO NXRAD PX5,,99611,59.437691,-146.3065,433987.0786,1074576.459,Barge,20000,,20000,,,1,DEC,,False,,2022-12-21T03:55:03Z,,true,false,false,,,2025
67,{C7381421-CE6D-4452-8BB7-96893AC454E8},66,1089,,,,,,,Federal Aviation Administration - Sisters Island - SSR BLDG,,99801,58.17766,-135.2589,1084759.163,1062656.082,Barge,2000,,2000,,,1,DEC,,False,,2022-12-21T03:55:03Z,,true,false,false,,,2025
68,{0F7B6455-CCAB-43E2-BCEF-6F41C7B17371},67,1090,,,,,,,Federal Aviation Administration - Sisters Island - SSR VOR PX1,,99801,58.17766,-135.2588,1084766.04,1062658.075,Barge,8000,,8000,,,1,DEC,,False,,2022-12-21T03:55:03Z,,true,false,false,,,2025
69,{2316ADF7-972E-42ED-B0F8-A563D8A894CC},68,1091,,,,,,,Federal Aviation Administration - Sisters Island - SSR VOR PX2,,99801,58.17766,-135.2588,1084766.04,1062658.075,Barge,8000,,8000,,,1,DEC,,False,,2022-12-21T03:55:03Z,,true,false,false,,,2025
70,{92196345-FB54-4020-8781-36E2254DDA7B},69,1092,475-BF-06,,,,,,Federal Aviation Administration - Sisters Island - SSR VOR PX3,,99801,58.17766,-135.2588,1084766.04,1062658.075,Barge,8000,,8000,,,1,DEC,,False,,2022-12-21T03:55:03Z,,true,false,false,,,2025
71,{0532E4A1-8BCD-492D-A91D-854AD1A0A486},70,1108,476-BF-06,,,,,,GCI Communication Corp. - Chandalar Facility,Mile 240 Dalton Highway,99701,68.0714,-149.5846,185472.3386,2018497.916,Road,4000,,4000,,,1,DEC,,False,,2022-12-21T03:55:03Z,,false,false,true,,,2025
72,{17AC451F-03F3-4C19-A5D1-1D2B071DC61A},71,1109,,,,,,,GCI Communication Corp. - Pump Station 2,MP 357 Dalton Highway,99519,69.447164,-148.625594,213406.8166,2172733.609,Road,4000,,4000,,,1,DEC,,False,,2022-12-21T03:55:03Z,,false,false,true,,,2025
73,{EC3737B3-4DF5-43BE-B889-8854827FF5FA},72,1110,,,,,,,GCI Communication Corp. - Slope Mountain,,,68.701472,-149.052544,202603.5013,2089491.775,Road,4000,,4000,,,1,DEC,,False,,2022-12-21T03:55:03Z,,false,false,true,,,2025
74,{BC7D6512-454F-4C88-AE3B-4FFA5D51901E},73,1120,477-BF-02,,,,,,GCI Communication Corp. - Lime Village,,,61.205556,-155.466667,-78546.82917,1248008.131,Road,1000,,1000,,,1,DEC,,False,,2022-12-21T03:55:03Z,,false,false,true,,,2025
75,{796278F9-D4FE-4905-9377-0098410318CB},74,1123,476-BF-12,,,,,,GCI Communication Corp. - Gill Microwave Repeater,,,64.617122,-164.201942,-485923.3802,1665750.697,Plane,9000,,9000,,,2,DEC,,False,,2022-12-21T03:55:03Z,,false,true,false,,,2025
76,{56E259C0-3D1E-4F96-8DC8-B3314524F255},75,1124,,,,,,,GCI Communication Corp. - Kwiktalik Microwave Repeater,,,64.566168,-162.958768,-427855.4159,1651583.927,Road,9000,,9000,,,2,DEC,,False,,2022-12-21T03:55:03Z,,false,false,true,,,2025
77,{F5DD5967-D189-418D-894D-841F2B1535F8},76,1126,476-BF-09,,,,,,GCI Communication Corp. - Cone Microwave Repeater,,,59.360272,-161.731306,-437117.2094,1066229.595,Plane,9000,,9000,,,2,DEC,,False,,2022-12-21T03:55:03Z,,false,true,false,,,2025
78,{1D92DA33-1010-4A0B-AC0E-965828BAEA3D},77,1127,477-BF-04,,,,,,GCI Communication Corp. - Muklung Microwave Repeater,,,59.297619,-158.122872,-233908.2457,1041025.124,Plane,9000,,9000,,,2,DEC,,False,,2022-12-21T03:55:03Z,,false,true,false,,,2025
79,{2DB8E8D5-5632-49B7-A98B-E95459A2C824},78,1128,476-BF-03,,,,,,GCI Communication Corp. - Kulukak Microwave Repeater,,,59.044817,-159.671908,-324021.662,1019343.733,Plane,9000,,9000,,,2,DEC,,False,,2022-12-21T03:55:03Z,,false,true,false,,,2025
80,{8E7FB782-7DEF-47BE-9712-1220B420288B},79,1129,,,,,,,GCI Communication Corp. - Baldwin Microwave Repeater,,,66.520822,-161.847883,-349405.7924,1861041.189,Plane,9000,,9000,,,2,DEC,,False,,2022-12-21T03:55:03Z,,false,true,false,,,2025
81,{E40F47E8-DDAF-49A1-933C-821B7401109C},80,1130,476-BF-07,,,,,,GCI Communication Corp. - Dime Microwave Repeater,,,65.096953,-160.715208,-315163.2964,1697807.582,Plane,9000,,9000,,,2,DEC,,False,,2022-12-21T03:55:03Z,,false,true,false,,,2025
82,{DA511820-2AB6-4A95-BBFA-684B0F675A1A},81,1131,476-BF-17,,,,,,GCI Communication Corp. - Harvey Microwave Repeater,,,66.160697,-160.579867,-297115.5047,1815055.689,Plane,9000,,9000,,,2,DEC,,False,,2022-12-21T03:55:03Z,,false,true,false,,,2025
83,{DC63FF5C-C2A2-4923-89EF-FD5BA149B40C},82,1132,,,,,,,GCI Communication Corp. - Talik Microwave Repeater,,,65.520492,-160.539811,-302316.994,1743958.217,Plane,9000,,9000,,,2,DEC,,False,,2022-12-21T03:55:03Z,,false,true,false,,,2025
84,{3867676D-35AE-40FA-9B94-AC050118795C},83,1133,,,,,,,GCI Communication Corp. - Ungalik Microwave Repeater,,,64.686686,-160.679972,-318109.4885,1652127.975,Plane,9000,,9000,,,2,DEC,,False,,2022-12-21T03:55:03Z,,false,true,false,,,2025
85,{641F930A-86F7-4774-BE98-C59AF457B2F1},84,1134,476-BF-16,,,,,,GCI Communication Corp. - Gold Microwave Repeater,,,65.086447,-154.118467,-5568.775724,1680701.485,Plane,9000,,9000,,,2,DEC,,False,,2022-12-21T03:55:03Z,,false,true,false,,,2025
86,{4DAD23C9-1989-4433-A021-C16100182BC6},85,1135,476-BF-11,,,,,,GCI Communication Corp. - Grant Microwave Repeater,,,65.087611,-152.740853,59215.24926,1681394.005,Plane,4500,,4500,,,1,DEC,,False,,2022-12-21T03:55:03Z,,false,true,false,,,2025
87,{422048B3-901C-42B2-8FA0-92EF128B3C51},86,1136,477-BF-03,,,,,,GCI Communication Corp. - Melozitna Microwave Repeater,,,64.888906,-155.521036,-72031.17842,1659493.297,Plane,4500,,4500,,,1,DEC,,False,,2022-12-21T03:55:03Z,,false,true,false,,,2025
88,{5ADE8F5D-F009-4DF3-B60C-41E1F96A0566},87,1137,,,,,,,GCI Communication Corp. - Summit Microwave Repeater,,,64.821817,-159.45515,-258686.3835,1661825.165,Plane,9000,,9000,,,2,DEC,,False,,2022-12-21T03:55:03Z,,false,true,false,,,2025
89,{120F446E-4319-46F6-BF44-EDA28C89AD55},88,1138,476-BF-02,,,,,,GCI Communication Corp. - Igichuk Microwave Repeater,,,67.217892,-162.729303,-378289.2361,1942666.786,Plane,9000,,9000,,,2,DEC,,False,,2022-12-21T03:55:03Z,,false,true,false,,,2025
90,{AA3958B9-E108-4B2D-94B1-50DB4E5D7630},89,1140,476-BF-04,,,,,,GCI Communication Corp. - Final Microwave Repeater,,,64.800091,-158.010362,-190421.8589,1654515.944,Plane,9000,,9000,,,2,DEC,,False,,2022-12-21T03:55:03Z,,false,true,false,,,2025
91,{DB4A3350-A9BC-4AF3-A19B-3FEA13954BDD},90,1143,477-BF-01,,,,,,GCI Communication Corp. - Otter Creek,,,63.313508,-160.957692,-347320.1774,1501009.233,Plane,9000,,9000,,,2,DEC,,False,,2022-12-21T03:55:03Z,,false,true,false,,,2025
92,{D43C27D7-B4F2-487C-8D23-889506ADBB70},91,1152,,,,,,,Hilcorp - Beluga River Gas Field,Beluga Highway,99682,61.175339,-151.038144,158734.3765,1247301.961,Plane,20000,10000,10000,,,2,DEC,,False,,2022-12-21T03:55:03Z,,false,true,false,,,2025
93,{EE9F299B-7FBB-46A0-A9F0-61E7D1B5A1E7},92,1170,480-BF-03,,,,,,National Park Service - Katmai - Brooks Camp,,,58.54572,-155.78513,-103589.9885,951092.0712,Barge,47600,5000,42600,,,8,DEC,,False,,2022-12-21T03:55:03Z,,true,false,false,,,2025
94,{F1892C1C-7746-461E-AC83-9074494AF69A},93,1185,488-BF-01,,,,,,Petro 49 - Kensington Fuel Depot,,,58.780333,-135.008417,1079866.725,1131381.181,,350000,,350000,,,7,DEC,,False,,2022-12-21T03:55:03Z,,,,,,,2025
95,{422C8B1B-5465-490C-8A59-09E173CDC260},94,1225,,,,,,,"Strandberg & Sons, LLC Staging ARea on KCR Colorado Creek",,,63.567841,-156.002721,-99282.69187,1512716.09,Plane,4000,,4000,,,1,DEC,,False,,2022-12-21T03:55:03Z,,false,true,false,,,2025
96,{3F0E87F2-85BB-4913-8BA3-211ACF8E6AFC},95,1241,,,,,,,StJohn Private Mining Lease,,,63.025576,-141.02621,650946.8941,1514427.077,Road,4000,,4000,,,1,DEC,,False,,2022-12-21T03:55:03Z,,false,false,true,,,2025
97,{B200FB79-729C-4E7F-95CC-51B7277831CB},96,1247,,,,,,,Yellow Metal Exploration and Mining,,,64.1478,-141.1722,619651.8897,1636020.848,Road,2000,,2000,,,1,DEC,,False,,2022-12-21T03:55:03Z,,false,false,true,,,2025
98,{E3DA4A6D-2545-4031-85A7-7F30CDA34F87},97,1260,470-BF-08,,,,,,Atmospheric Research Measurement Climate Research Facility - Oliktok Point,,99734,70.494286,-149.886402,156304.8137,2283824.522,Road,5000,,5000,,,1,DEC,,False,,2022-12-21T03:55:03Z,,false,false,true,,,2025
99,{992B0451-5B75-4FCC-A203-B62B2E651A00},98,102,,ANC-A-001,,,{C712D789-18CD-4C6C-A0FB-E5B7BB9B1B86},Adak,Adak Petroleum Bulk Fuel Facility,10252 Transit Way,99546,51.853453,-176.654613,-1538680.798,469784.874,Barge,71100,51100,,20000,,4,DEC,,True,,2022-12-21T03:55:03Z,ADAK,true,false,false,0.0,,2025
100,{7B5BCFD2-7BED-41D4-9BC8-06B061D0765A},99,461,,ANC-A-042,,,{C712D789-18CD-4C6C-A0FB-E5B7BB9B1B86},Adak,AK DOT&PF Adak,,99546,51.875,-176.6425,-1537092.279,471759.1195,,1000,,1000,,,1,DEC,,True,,2022-12-21T03:55:03Z,ADAK,,,,0.0,,2025
101,{9ADD91D4-F447-462A-9EFB-96369EBC0BD7},100,1228,,,,,{C712D789-18CD-4C6C-A0FB-E5B7BB9B1B86},Adak,TDX Power - Adak,1082 Hillside Boulevard,99546,51.898377,-176.623922,-1535013.181,473767.6169,Road,41080,,41080,,,3,DEC,,False,,2022-12-21T03:55:03Z,ADAK,false,false,true,0.0,,2025
102,{BBA36534-3C4E-43D6-BD17-8021C056B7C1},101,498,,,,,{68670103-A544-40F0-AD9E-7215DEC2434C},Akhiok,Kodiak Island Borough School District - Akhiok,PO Box 5049,99615,56.946561,-154.173428,-10530.1028,771101.1404,Road,1200,,1200,,,1,DEC,,False,,2022-12-21T03:55:03Z,AKHIOK,false,false,true,0.0,,2025
103,{A210FF9F-C75E-419E-A0E0-E4D737704853},102,721,,,,,{68670103-A544-40F0-AD9E-7215DEC2434C},Akhiok,City of Akhiok,PO Box 5050,99615,56.930246,-154.202593,-12307.30002,769301.0978,Barge,41000,,41000,,,4,DEC,,False,,2022-12-21T03:55:03Z,AKHIOK,true,false,false,0.0,,2025
104,{0DD524A1-60B5-4049-833A-BCD12122BD6A},103,390,,,,,{D381614D-1B3D-4C01-A916-B139441D4A88},Akiachak,Akiachak Airport Maintenance Station,,99551,60.917,-161.4857,-403707.3657,1237641.271,Road,2000,,2000,,,2,DEC,,False,,2022-12-21T03:55:03Z,AKIACHAK,false,false,true,1.93,,2025
105,{5E39BCC6-8EBB-4E87-8E24-53576A9C08B3},104,722,,ANC-A-003,,,{D381614D-1B3D-4C01-A916-B139441D4A88},Akiachak,Akiachak Tank Farm - Akiachak Limited,PO Box 51010,99551,60.911406,-161.45699,-402230.6279,1236842.385,Barge,400000,150000,250000,,,10,DEC,,True,,2022-12-21T03:55:03Z,AKIACHAK,true,false,false,0.38,,2025
106,{ED065D32-B350-4A2B-A53C-282E4A15376A},105,723,,,,,{D381614D-1B3D-4C01-A916-B139441D4A88},Akiachak,Akiachak Tank Farm - Native Village of Akiachak,PO Box 70,99551,60.9114,-161.456999,-402230.6279,1236842.385,Barge,62000,,62000,,,3,DEC,,False,,2022-12-21T03:55:03Z,AKIACHAK,true,false,false,0.38,,2025
107,{50B0DA07-CC55-4458-825A-5EAD7328F878},106,724,,,,,{D381614D-1B3D-4C01-A916-B139441D4A88},Akiachak,Yupiit School District - Akiachak,PO Box 51100,99551,60.911406,-161.456999,-402230.6279,1236842.385,Barge,137000,9000,128000,,,6,DEC,,False,,2022-12-21T03:55:03Z,AKIACHAK,true,false,false,0.38,,2025
108,{131A1E41-6632-44F1-9501-ABA1E95CE7E8},107,391,,,,,{B9E3D976-5DA3-4850-884A-E7818D521898},Akiak,Akiak Airport Maintenance Station,,99552,60.9059,-161.2274,-389969.5723,1234849.39,Road,2000,,2000,,,2,DEC,,False,,2022-12-21T03:55:03Z,AKIAK,false,false,true,0.0,,2025
109,{26138EA6-C276-480E-BD37-260733B682D2},108,725,,ANC-A-008,,,{B9E3D976-5DA3-4850-884A-E7818D521898},Akiak,Yupiit School District - Akiak,PO Box 49,99552,60.9074933,-161.2284274,-390002.7757,1235031.567,Barge,103800,5000,98800,,,6,DEC,,True,1998-10-13,2022-12-21T03:55:03Z,AKIAK,true,false,false,0.0,,2025
110,{B00C34E3-78CF-4E85-BB72-D9C79AF1A27A},109,,,,749,982,{B9E3D976-5DA3-4850-884A-E7818D521898},Akiak,Kokarmiut Corpation,,,60.91402564,-161.2207516,-389508.7361,1235726.139,Barge,58000,,,,,,AEA,,False,1998-10-13,2022-12-21T03:55:03Z,AKIAK,true,false,false,0.0,,2025
111,{079DDBF2-3AC1-4CAF-A2E7-355251502294},110,,,,750,983,{B9E3D976-5DA3-4850-884A-E7818D521898},Akiak,City of Akiak Electric Utility,,,60.91017635,-161.2187238,-389447.1702,1235286.787,Barge,24000,,,,,,AEA,,False,1998-10-13,2022-12-21T03:55:03Z,AKIAK,true,false,false,0.0,,2025
112,{00A49923-D74F-435D-B25E-CB942DD684FB},111,,,,751,984,{B9E3D976-5DA3-4850-884A-E7818D521898},Akiak,"City of Akiak Electric Utility General Delivery, Akiak 99552",,,60.909613,-161.2192174,-389480.0747,1235228.573,Barge,2000,,,,,,AEA,,False,1998-10-13,2022-12-21T03:55:03Z,AKIAK,true,false,false,0.0,,2025
113,{169427EF-CD53-4AE7-800C-C4BD422D33B0},112,,,,752,985,{B9E3D976-5DA3-4850-884A-E7818D521898},Akiak,"Alaska Army National Guard | General Delivery | Akiak, AK 99552",,,60.91224709,-161.2172862,-389347.2991,1235502.506,Barge,5500,,,,,,AEA,,False,1998-10-13,2022-12-21T03:55:03Z,AKIAK,true,false,false,0.0,,2025
114,{B07EB472-F08E-4523-850D-3B55EC1020B6},113,,,ANC-A-007,753,986,{B9E3D976-5DA3-4850-884A-E7818D521898},Akiak,"Kokamiut Corporation | General Delivery | Akiak, AK 99551",,,60.91403607,-161.2205155,-389498.8977,1235725.065,Barge,258000,,,,,,AEA,,True,1998-10-13,2022-12-21T03:55:03Z,AKIAK,true,false,false,0.0,,2025
115,{D60CDEBF-4FAB-4440-A647-D4CC1187D243},114,138,,,,,{D57C95FC-45D5-44E0-B99B-5325C15EBE66},Akutan,Aleutians East Borough School District - Akutan,PO Box 25,99553,54.134957,-165.772239,-766384.7311,525975.0095,,2400,,2400,,,2,DEC,,False,1998-12-14,2022-12-21T03:55:03Z,AKUTAN,,,,0.0,,2025
116,{67A427B8-24AF-46E3-82E0-0740A89A2760},115,194,,,,,{D57C95FC-45D5-44E0-B99B-5325C15EBE66},Akutan,City of Akutan,,99553,54.134062,-165.777634,-766746.2845,525950.1794,Road,92000,,92000,,,5,DEC,,False,1998-12-14,2022-12-21T03:55:03Z,AKUTAN,false,false,true,0.0,,2025
117,{3DC23E6C-2C08-4283-9119-F36339ABBD1A},116,457,,,,,{D57C95FC-45D5-44E0-B99B-5325C15EBE66},Akutan,AK DOT&PF Akutan,,99553,54.144444,-165.603889,-755353.3121,525095.261,,7500,,7500,,,2,DEC,,False,,2022-12-21T03:55:03Z,AKUTAN,,,,0.0,,2025
118,{F0DAA8B9-C1E9-4BD4-95C4-640F84ECCF64},117,,,,886,406,{D57C95FC-45D5-44E0-B99B-5325C15EBE66},Akutan,"Trident Seafoods | 5011 Jewel Lake Road #203 | Anchorage, Alaska 99502 | Doug Donegan, VP Regional Affairs",,,54.13257042,-165.7863048,-767336.074,525897.3731,Barge,1786590,,,,,,AEA,,False,1998-12-15,2022-12-21T03:55:03Z,AKUTAN,true,false,false,0.0,,2025
119,{8B560984-93A7-477C-9DB1-FD4EDC9D3DF1},118,660,,ANC-A-011,,,{8142710A-7405-430F-9A0B-C44338B4B31A},Alakanuk,Lower Yukon School District - Alakanuk,PO Box 9,99554,62.70215,-164.6697139,-542231.0295,1458122.541,Barge,129000,3000,126000,,,10,DEC,,True,1997-10-01,2022-12-21T03:55:03Z,ALAKANUK,true,false,false,0.0,,2025
120,{6B8D0DD4-3D0D-4B97-8BBD-AB4B3D7333DF},119,,,ANC-A-009,523,88,{8142710A-7405-430F-9A0B-C44338B4B31A},Alakanuk,"Alaska Village Electric Cooperative | General Delivery | Alakanuk, AK 99554",,,62.68493465,-164.6651677,-542308.0538,1456185.917,Barge,117029,,,,,,AEA,,True,1997-10-01,2022-12-21T03:55:03Z,ALAKANUK,true,false,false,0.0,,2025
121,{38BA658A-4660-449D-9654-ED0895FECEB6},120,,,ANC-A-013,524,700,{8142710A-7405-430F-9A0B-C44338B4B31A},Alakanuk,Alakanuk Native Corporation,,,62.68652729,-164.6218849,-540100.1974,1456015.616,Barge,150000,,150000,,,1,AEA,Best Practice Assessment,True,1997-10-01,2022-12-21T03:55:03Z,ALAKANUK,true,false,false,0.0,,2025
122,{A33F94B4-31AE-48BE-B2E6-07A4BA6B6E4C},121,,,,525,701,{8142710A-7405-430F-9A0B-C44338B4B31A},Alakanuk,State of Alaska Village Safe Water,,,62.68467495,-164.6651624,-542311.3268,1456165.712,Barge,40000,,,,,,AEA,,False,1997-10-01,2022-12-21T03:55:03Z,ALAKANUK,true,false,false,0.0,,2025
123,{D006AEA8-FB4B-4EC8-8B12-A7A3D223249C},122,,,ANC-A-010,527,703,{8142710A-7405-430F-9A0B-C44338B4B31A},Alakanuk,City of Alakanuk,,,62.68663067,-164.6218339,-540093.8607,1456035.327,Barge,40000,,40000,,,1,AEA,Best Practice Assessment,True,1997-10-01,2022-12-21T03:55:03Z,ALAKANUK,true,false,false,0.0,,2025
124,{73EF2225-6598-4DE7-AFC3-A4F4A4A8712F},123,,,,98,704,{88A2EC6A-4FB2-4D64-9FA0-19C13D5A37FB},Alatna,Alaska Power and Telephone,,,66.55398637,-152.7017226,57861.15457,1844627.907,Plane,10500,,,,,,AEA,,False,1997-09-09,2022-12-21T03:55:03Z,ALATNA,false,true,false,0.0,,2025
125,{0CA1F24C-70BD-456D-A855-67322ADA7ECC},124,109,,,,,{D9F6FF1F-CC12-41CB-B678-41BBCC900FF9},Aleknagik,Southwest Region School District - Aleknagik,127 Lake Street,99555,59.279365,-158.624474,-262464.3592,1040863.642,Road,22000,,22000,,,2,DEC,,False,,2022-12-21T03:55:03Z,ALEKNAGIK,false,false,true,0.0,,2025
126,{2987CCEB-7A5C-41D0-A9DE-C028E4D0605D},125,1111,,,,,{D9F6FF1F-CC12-41CB-B678-41BBCC900FF9},Aleknagik,GCI Communication Corp. - Agulowak Lodge,,99555,59.430556,-158.842222,-273576.553,1058583.151,Road,5000,,5000,,,5,DEC,,False,,2022-12-21T03:55:03Z,ALEKNAGIK,false,false,true,7.13,,2025
127,{F12EDD5E-D488-4E3E-9514-878127D92029},126,,,,754,836,{D9F6FF1F-CC12-41CB-B678-41BBCC900FF9},Aleknagik,Moody's Marina & Sea Lighterage,,,59.27573851,-158.6245996,-262499.2897,1040462.483,Barge,44700,,,,,,AEA,,False,1996-10-20,2022-12-21T03:55:03Z,ALEKNAGIK,true,false,false,0.0,,2025
128,{402FC105-DF52-4DB7-A9F7-FED492CD2892},127,,,,755,837,{D9F6FF1F-CC12-41CB-B678-41BBCC900FF9},Aleknagik,City of Aleknagik,,,59.27874769,-158.6216599,-262311.4345,1040764.052,Barge,10300,,,,,,AEA,,False,1996-10-20,2022-12-21T03:55:03Z,ALEKNAGIK,true,false,false,0.0,,2025
129,{49C03361-C246-451F-A9B7-E62E298F2BF3},128,,,,756,838,{D9F6FF1F-CC12-41CB-B678-41BBCC900FF9},Aleknagik,"Mission Lodge | General Delivery | Aleknagik, AK 99555",,,59.27580977,-158.5993117,-261070.7401,1040363.118,Barge,18000,,,,,,AEA,,False,1996-10-20,2022-12-21T03:55:03Z,ALEKNAGIK,true,false,false,0.0,,2025
130,{F729F6FD-CA95-4695-B3B0-6992D56CFD1B},129,282,,,,,{D9E1C7EB-2990-486A-BEC6-DF457C95E944},Allakaket,DOT&PF Allakaket APT,,99720,66.549467,-152.629469,61094.63224,1844184.057,Plane,1000,,1000,,,1,DEC,,False,,2022-12-21T03:55:03Z,ALLAKAKET,false,true,false,0.0,,2025
131,{A7EA9E25-E914-4577-97C7-9D9E1A63BD1C},130,479,,,,,{D9E1C7EB-2990-486A-BEC6-DF457C95E944},Allakaket,Allakaket Tank Farm - Alaska Power & Telephone,,99720,66.545954,-152.644432,60433.20202,1843790.544,Plane,16000,,16000,,,3,DEC,,False,,2022-12-21T03:55:03Z,ALLAKAKET,false,true,false,0.0,,2025
132,{FACB07C6-BCA3-48B2-85F6-AC60C6860B65},131,480,,,,,{D9E1C7EB-2990-486A-BEC6-DF457C95E944},Allakaket,Allakaket Tank Farm - City of Allakaket,PO Box 30,99720,66.547314,-152.636694,60773.21414,1843933.197,Plane,20000,10000,10000,,,4,DEC,,False,,2022-12-21T03:55:03Z,ALLAKAKET,false,true,false,0.0,,2025
133,{72D561CA-BBAD-4D27-A4F4-0FC17DF9CAD6},132,481,,,,,{D9E1C7EB-2990-486A-BEC6-DF457C95E944},Allakaket,Allakaket Tank Farm - Yukon Koyukuk School District,PO Box 69,99720,66.563325,-152.644167,60407.33916,1845723.573,Plane,29000,,29000,,,7,DEC,,False,,2022-12-21T03:55:03Z,ALLAKAKET,false,true,false,0.0,,2025
134,{5FAA65FF-9E91-4893-ADFF-78AC5B432EE0},133,879,,,,,{D9E1C7EB-2990-486A-BEC6-DF457C95E944},Allakaket,Alatna Village Tank Farm,,99720,66.549306,-152.632667,60948.15754,1844160.683,Plane,15000,5000,10000,,,2,DEC,,False,,2022-12-21T03:55:03Z,ALLAKAKET,false,true,false,0.0,,2025
135,{A8E15613-2636-4E8E-A76D-BF767EC36F40},134,,,,100,131,{D9E1C7EB-2990-486A-BEC6-DF457C95E944},Allakaket,Allakatna Co-op Store,,,66.56095411,-152.651277,60091.88796,1845452.562,Plane,9252,,,,,,AEA,2015 Assessment,False,1997-09-08,2022-12-21T03:55:03Z,ALLAKAKET,false,true,false,0.0,,2025
136,{8C281BCB-FCAF-4D86-A387-5CDD46D6DE01},135,,,,101,132,{D9E1C7EB-2990-486A-BEC6-DF457C95E944},Allakaket,"Yukon-Koyukuk School DistrictGeneral DeliveryAllakaket, AK 99720",,,66.56345696,-152.6440618,60412.77684,1845723.684,Plane,19000,,19000,,,5,AEA,2015 Assessment,False,1997-09-08,2022-12-21T03:55:03Z,ALLAKAKET,false,true,false,0.0,,2025
137,{8A77CC14-5CFE-4749-8376-7AA7F17E5A30},136,,,,102,133,{D9E1C7EB-2990-486A-BEC6-DF457C95E944},Allakaket,"Yukon-Koyukuk School District | General Delivery | Allakaket, AK 99720",,,66.56366925,-152.6439223,60414.9417,1845750.865,Plane,1500,,,,,,AEA,2015 Assessment,False,1997-09-08,2022-12-21T03:55:03Z,ALLAKAKET,false,true,false,0.0,,2025
138,{D573C229-77DD-4562-A220-718A3BE11844},137,,,,99,667,{D9E1C7EB-2990-486A-BEC6-DF457C95E944},Allakaket,City of Allakaket,,,66.56097972,-152.6509122,60110.92155,1845452.949,Plane,12000,,,,,,AEA,2015 Assessment & Best Practice Assessment,False,1997-09-08,2022-12-21T03:55:03Z,ALLAKAKET,false,true,false,0.0,,2025
139,{D8DD03D1-0045-4F20-808E-99BCCD553C35},138,,,,103,705,{D9E1C7EB-2990-486A-BEC6-DF457C95E944},Allakaket,"Brice Construction | 3200 Shell | Fairbanks, AK",,,66.56112055,-152.6511053,60100.04521,1845452.728,Plane,10000,,,,,,AEA,2015 Assessment,False,1997-09-08,2022-12-21T03:55:03Z,ALLAKAKET,false,true,false,0.0,,2025
140,{83E88E4B-2856-41B9-B5D4-97F9A4C21BC1},139,,,,1076,1009,{D9E1C7EB-2990-486A-BEC6-DF457C95E944},Allakaket,City of Allakaket,,,66.54716153,-152.6370237,60759.61173,1843932.917,Plane,50000,10000,40000,,,10,AEA,2015 Assessment & Best Practice Assessment,False,2015-05-06,2022-12-21T03:55:03Z,ALLAKAKET,false,true,false,0.0,,2025
141,{F9896EFC-C80E-4D8F-9717-DEC9D59550B7},141,324,,,,,{E98663F6-E635-4427-85F1-48E3042D196E},Ambler,DOT&PF Ambler APT,,99786,67.100383,-157.856203,-168254.2619,1909633.063,Plane,1000,,1000,,,1,DEC,,False,,2022-12-21T03:55:03Z,AMBLER,false,true,false,0.0,,2025
142,{9E268AE2-297F-439B-9514-9CF4C2F92C36},142,905,,,,,{E98663F6-E635-4427-85F1-48E3042D196E},Ambler,Alaska Village Electric Cooperative - Ambler,General Delivery,99786,67.087702,-157.85682,-168363.4198,1908214.649,,100100,,100100,,,12,DEC,,False,,2022-12-21T03:55:03Z,AMBLER,,,,0.0,,2025
143,{B7865DED-BA93-4C1A-8624-E2191CB6ED2E},143,1233,,ANC-A-015,,,{E98663F6-E635-4427-85F1-48E3042D196E},Ambler,Northwest Arctic Borough School District - Ambler,PO Box 109,99786,67.086167,-157.859384,-168484.2467,1908065.627,Barge,59400,,59400,,,5,DEC,,True,2015-06-12,2022-12-21T03:55:03Z,AMBLER,true,false,false,0.0,,2025
144,{5BD9746B-58B7-4F77-8EED-A244DE54F62D},144,,,,343,134,{E98663F6-E635-4427-85F1-48E3042D196E},Ambler,Ambler Traditional Council - Fuel Depot,,,67.0864893,-157.8603378,-168522.9893,1908088.236,Plane or Barge,231500,76500,155000,,,7,AEA,2015 Assessment,False,2015-06-12,2022-12-21T03:55:03Z,AMBLER,true,true,false,0.0,,2025
145,{EDA71B0B-E7D6-4E52-BD75-CDA27756C3FE},145,,,,347,738,{E98663F6-E635-4427-85F1-48E3042D196E},Ambler,Ambler Traditional Council - Temp Airstrip Storage,,,67.10032433,-157.8571835,-168298.3962,1909608.491,Plane or Barge,2000,2000,2000,,,1,AEA,2015 Assessment,False,2015-06-12,2022-12-21T03:55:03Z,AMBLER,true,true,false,0.0,,2025
146,{A84D01CD-5627-44BC-ADBD-1E3AF860E970},146,,,,1106,1097,{E98663F6-E635-4427-85F1-48E3042D196E},Ambler,City WTP and Diesel Storage,,,67.08632952,-157.8587312,-168454.9698,1908063.924,Plane or Barge,14200,,14200,,,4,AEA,2015 Assessment,False,2015-06-12,2022-12-21T03:55:03Z,AMBLER,true,true,false,0.0,,2025
147,{62115B99-42C5-489F-B5A0-22C9EC99DAB0},147,,,,1107,1098,{E98663F6-E635-4427-85F1-48E3042D196E},Ambler,City Gasoline Dispensing,,,67.08650392,-157.8564915,-168357.9748,1908078.638,Plane,2000,2000,0,,,1,AEA,2015 Assessment,False,2015-06-12,2022-12-21T03:55:03Z,AMBLER,false,true,false,0.0,,2025
148,{995EFEC8-6A75-4544-A383-B1F0A2AB57A7},148,467,,,,,{C8F22DE3-2D24-49CD-A867-3855226D712F},Anaktuvuk Pass,North Slope Borough School District - Anaktuvuk Pass,114 Illinois Street,99721,68.139851,-151.739197,94760.7607,2021511.064,Plane,4000,,4000,,,3,DEC,,False,,2022-12-21T03:55:03Z,ANAKTUVUK PASS,false,true,false,0.0,,2025
149,{54D20E55-8F84-41A6-B0F3-24B04EA0E52E},149,,,,348,91,{C8F22DE3-2D24-49CD-A867-3855226D712F},Anaktuvuk Pass,North Slope Borough School District - Nanamuit School,,,68.1399304,-151.7389781,94772.85774,2021531.739,Plane,2000,,2000,,,1,AEA,2015 Assessment,False,1998-08-30,2022-12-21T03:55:03Z,ANAKTUVUK PASS,false,true,false,0.0,,2025
150,{91D13034-039C-42D7-A9A4-C1DC142C3BE0},150,,,,349,542,{C8F22DE3-2D24-49CD-A867-3855226D712F},Anaktuvuk Pass,North Slope Borough Fuel Division & Energy Management Nunamuit Corporation Fuel Station,,,68.13585935,-151.7435701,94591.5414,2021066.283,Plane,248000,37000,211000,,,5,AEA,2015 Assessment,False,1998-08-30,2022-12-21T03:55:03Z,ANAKTUVUK PASS,false,true,false,0.02,,2025
151,{61CBFB0D-FEBD-4177-A368-3463C5B78DE0},151,,,,350,907,{C8F22DE3-2D24-49CD-A867-3855226D712F},Anaktuvuk Pass,North Slope Borough - Anaktuvuk Pass Health Clinic,,,68.14282644,-151.7333777,94992.41515,2021849.916,Plane,6500,,6500,,,1,AEA,2015 Assessment,False,1998-08-30,2022-12-21T03:55:03Z,ANAKTUVUK PASS,false,true,false,0.0,,2025
152,{711EA1EB-4271-4CCB-B942-0EE7EBF7C038},152,,,,351,908,{C8F22DE3-2D24-49CD-A867-3855226D712F},Anaktuvuk Pass,North Slope Borough | Anaktuvuk Pass Water Treatment Plant,,,68.14318592,-151.7343004,94952.44892,2021895.831,Plane,1200,,,,,,AEA,2015 Assessment,False,1998-08-30,2022-12-21T03:55:03Z,ANAKTUVUK PASS,false,true,false,0.0,,2025
153,{7862A45C-5E05-4C4F-B7FA-EBECBA73483E},153,,,,352,909,{C8F22DE3-2D24-49CD-A867-3855226D712F},Anaktuvuk Pass,North Slope Borough (Anaktuvak Pass Washeteria),,,68.13464469,-151.7450828,94537.2979,2020929.354,Plane,10000,,,,,,AEA,2015 Assessment,False,1998-08-30,2022-12-21T03:55:03Z,ANAKTUVUK PASS,false,true,false,0.15,,2025
154,{D12CFD70-6484-4BD7-8274-44742430D06D},154,,,,353,910,{C8F22DE3-2D24-49CD-A867-3855226D712F},Anaktuvuk Pass,North Slope Borough Old Power Plant,,,68.13766125,-151.7414779,94676.96168,2021265.061,Plane,5000,,,,,,AEA,2015 Assessment,False,1998-08-30,2022-12-21T03:55:03Z,ANAKTUVUK PASS,false,true,false,0.0,,2025
155,{E17122C9-87B6-4F81-A62D-DA62D26F8FA0},155,,,,354,911,{C8F22DE3-2D24-49CD-A867-3855226D712F},Anaktuvuk Pass,North Slope Borough/Heavy Equipment Maintenance Fac.,,,68.14059353,-151.7432911,94586.44149,2021592.937,Plane,5000,,5000,,,1,AEA,2015 Assessment,False,1998-08-30,2022-12-21T03:55:03Z,ANAKTUVUK PASS,false,true,false,0.0,,2025
156,{27EDC9A0-1301-4693-A50A-7C327EA724C9},156,,,,355,912,{C8F22DE3-2D24-49CD-A867-3855226D712F},Anaktuvuk Pass,"Nunamiut Corporation Restaurant, Camp & Office",,,68.13922132,-151.7366392,94875.58112,2021447.435,Plane,2000,,2000,,,1,AEA,2015 Assessment,False,1998-08-30,2022-12-21T03:55:03Z,ANAKTUVUK PASS,false,true,false,0.0,,2025
157,{501A14A2-615F-49CE-907A-D8E2EE6E3746},157,,,,356,913,{C8F22DE3-2D24-49CD-A867-3855226D712F},Anaktuvuk Pass,Nunamiut Corporation | Aviation Fuel Station,,,68.13602716,-151.7431946,94611.31482,2021087.218,Plane,12000,,,,,,AEA,2015 Assessment,False,1998-08-30,2022-12-21T03:55:03Z,ANAKTUVUK PASS,false,true,false,0.0,,2025
158,{1C7A5084-32EF-4D32-9B21-FCA8F4E126C5},158,,,,357,914,{C8F22DE3-2D24-49CD-A867-3855226D712F},Anaktuvuk Pass,North Slope BoroughAnaktuvuk Pass Fire Dept.,,,68.13773316,-151.7390103,94776.01498,2021288.695,Plane,17500,,17500,,,2,AEA,2015 Assessment,False,1998-08-30,2022-12-21T03:55:03Z,ANAKTUVUK PASS,false,true,false,0.0,,2025
159,{8D3C8994-1BDD-4D5B-9FCF-258A3714140F},159,,,,358,915,{C8F22DE3-2D24-49CD-A867-3855226D712F},Anaktuvuk Pass,North Slope Borough - Anaktuvuk Pass Power Plant,,,68.13768922,-151.7413921,94676.96168,2021265.061,Plane,10000,,10000,,,1,AEA,2015 Assessment,False,1998-08-30,2022-12-21T03:55:03Z,ANAKTUVUK PASS,false,true,false,0.0,,2025
160,{4BCF95D3-0532-4523-B45E-D24C6F765E35},160,,,,359,916,{C8F22DE3-2D24-49CD-A867-3855226D712F},Anaktuvuk Pass,North Slope Borough | Anaktuvuk Pass Sewage Treatment,,,68.1432019,-151.7339356,94970.34739,2021896.442,Plane,1200,,,,,,AEA,2015 Assessment,False,1998-08-30,2022-12-21T03:55:03Z,ANAKTUVUK PASS,false,true,false,0.0,,2025
161,{4EE59B93-7660-4A46-98B0-D8E8DCE49350},168,81,,,,,{C20E1D6B-1DBC-4F69-B3F3-1AEC09EDDD83},Anchor Point,North Fork Unit,35315 North Fork Road,99556,59.797304,-151.6303341,132509.9843,1091987.63,Road,5000,,5000,,,1,DEC,,False,,2022-12-21T03:55:03Z,ANCHOR POINT,false,false,true,0.0,,2025
162,{7EEB830F-716D-4B7E-B1AA-0E90DA5C1C9A},169,1180,,,,,{C20E1D6B-1DBC-4F69-B3F3-1AEC09EDDD83},Anchor Point,Petro 49 - Anchor Point,Mile 165.5 Sterling Highway,99556,59.783633,-151.832998,121229.2566,1090079.219,Road,40100,18500,10800,10800,,5,DEC,,False,,2022-12-21T03:55:03Z,ANCHOR POINT,false,false,true,0.0,,2025
163,{B461A6E1-EF73-41C4-8195-F61F8C1B730F},170,34,112-BF-06,,,,{41989645-CCA3-466B-9817-909C7EBD3FF1},Anchorage,Verizon Wireless,635 E. 40th Ave.,99503,61.1851041,-149.8714305,221123.0811,1251715.748,Road,16000,,16000,,,2,DEC,,False,,2022-12-21T03:55:03Z,ANCHORAGE,false,false,true,,,2025
164,{6C28B2E0-7583-4FB4-9B04-A8A26BA310F3},171,38,112-BF-08,,,,{41989645-CCA3-466B-9817-909C7EBD3FF1},Anchorage,United Parcel Service - Anchorage Gateway,6200 Lockheed Ave.,99502,61.1944344,-150.0007436,214147.8986,1252341.627,Road,7000,5000,2000,,,2,DEC,,False,,2022-12-21T03:55:03Z,ANCHORAGE,false,false,true,,,2025
165,{ECE40BF8-AC76-495C-82E6-79FBF77BAE00},172,55,104-BF-05,,,,{41989645-CCA3-466B-9817-909C7EBD3FF1},Anchorage,Environmental Compliance Consultants,1500 North Post Road,99501,61.225104,-149.8548255,221732.1791,1256233.795,Road,12500,,10000,2500,,4,DEC,,False,,2022-12-21T03:55:03Z,ANCHORAGE,false,false,true,,,2025
166,{777BD506-2C38-4DFA-9680-7F5305C23F7B},173,56,112-BF-05,,,,{41989645-CCA3-466B-9817-909C7EBD3FF1},Anchorage,"Weaver Bros., Inc. Anchorage Terminal",2230 Spar Avenue,99501,66.5,-161.03,-313380.1477,1854667.874,Road,6000,,6000,,,1,DEC,,False,,2022-12-21T03:55:03Z,ANCHORAGE,false,false,true,,,2025
167,{C51EFE45-833F-492D-9D41-79A332CA4263},174,67,,,,,{41989645-CCA3-466B-9817-909C7EBD3FF1},Anchorage,Alaska Waste - Anchorage,6301 Rosewood Street,99518,61.1636468,-149.8606234,221850.1939,1249360.304,Road,10000,,10000,,,2,DEC,,False,,2022-12-21T03:55:03Z,ANCHORAGE,false,false,true,,,2025
168,{D1F05634-C359-4D56-976B-BAD0A2DA4669},175,84,112-BF-03,,,,{41989645-CCA3-466B-9817-909C7EBD3FF1},Anchorage,Rain Proof Roofing - Anchorage Branch,2201 East 84th Court,99507,61.1459422,-149.8412707,223013.8132,1247435.848,Road,3000,2000,1000,,,2,DEC,,False,,2022-12-21T03:55:03Z,ANCHORAGE,false,false,true,,,2025
169,{392D764D-71F7-45B2-BAE8-2F521955D788},176,91,107-BF-01,,,,{41989645-CCA3-466B-9817-909C7EBD3FF1},Anchorage,Municipal Light and Power,1200 East First Avenue,99501,61.2207685,-149.8597551,221500.6766,1255747.389,Road,227072,8000,219072,,,3,DEC,,False,,2022-12-21T03:55:03Z,ANCHORAGE,false,false,true,,,2025
170,{64761B55-BBD0-4736-A66B-237FD41E4C18},177,93,109-BF-01,,,,{41989645-CCA3-466B-9817-909C7EBD3FF1},Anchorage,NRC Alaska - Anchorage,2020 Viking Drive,99501,61.2238767,-149.842827,222386.3168,1256137.941,Road,10000,,10000,,,1,DEC,,False,,2022-12-21T03:55:03Z,ANCHORAGE,false,false,true,,,2025
171,{5AD6E053-8701-48DC-81A9-5962E9731141},178,153,112-BF-04,,,,{41989645-CCA3-466B-9817-909C7EBD3FF1},Anchorage,Ted Stevens Anchorage International Airport,5000 West International Airport Road,99519,61.1734158,-149.9815729,215311.5886,1250059.348,Road,32000,6000,26000,,,9,DEC,,False,,2022-12-21T03:55:03Z,ANCHORAGE,false,false,true,,,2025
172,{300C8047-CA46-431A-A995-1B787F79392B},179,154,,,,,{41989645-CCA3-466B-9817-909C7EBD3FF1},Anchorage,Anchorage Fueling and Service Company - Airport Fuel Facility,6900 West End Road,99502,61.1751374,-150.0400685,212171.8301,1250048.328,Barge,4000,,2000,2000,,2,DEC,,False,,2022-12-21T03:55:03Z,ANCHORAGE,true,false,false,,,2025
173,{06398E45-6B4F-42C3-8567-10AC4652B28F},180,155,,,,,{41989645-CCA3-466B-9817-909C7EBD3FF1},Anchorage,Anchorage Fueling and Service Company - Off-Airport Fuel Facility,6900 West End Road,99502,61.1751374,-150.0400685,212171.8301,1250048.328,Barge,10000,,,10000,,1,DEC,,False,,2022-12-21T03:55:03Z,ANCHORAGE,true,false,false,,,2025
174,{ECE99F26-72D5-4DB9-84A6-747709CDD668},181,156,,,,,{41989645-CCA3-466B-9817-909C7EBD3FF1},Anchorage,Anchorage Fueling and Service Company - Operations and Maintenance Base,6000 De Havilland Ave,99502,61.1751374,-150.0400685,212171.8301,1250048.328,Barge,21000,2000,3000,16000,,6,DEC,,False,,2022-12-21T03:55:03Z,ANCHORAGE,true,false,false,,,2025
175,{5E60CFBE-1754-4A9C-8D68-F7EBF52CDB05},182,168,104-BF-04,,,,{41989645-CCA3-466B-9817-909C7EBD3FF1},Anchorage,ENSTAR Natural Gas,401 East International Airport Road,99518,61.1742521,-149.8770085,220897.6887,1250491.095,Road,1300,1300,,,,1,DEC,,False,,2022-12-21T03:55:03Z,ANCHORAGE,false,false,true,,,2025
176,{E951B02D-CDE8-4D02-A808-236A1E749DDC},183,171,,,,,{41989645-CCA3-466B-9817-909C7EBD3FF1},Anchorage,Alaska Airlines - Anchorage,5000 West International Airport Road,99502,61.1734158,-149.9815729,215311.5886,1250059.348,Road,10000,5000,5000,,,2,DEC,,False,,2022-12-21T03:55:03Z,ANCHORAGE,false,false,true,,,2025
177,{5509D500-C9C2-4D19-B577-8386869D47DF},184,367,,,,,{41989645-CCA3-466B-9817-909C7EBD3FF1},Anchorage,AK DOT&PF Anchorage Maintenance Station,5300 East Tudor Road,99507,61.182151,-149.841137,222763.3127,1251483.071,Road,10000,,10000,,,1,DEC,,False,,2022-12-21T03:55:03Z,ANCHORAGE,false,false,true,,,2025
178,{5A485B74-9E5B-4E4B-A8F6-5D955150F7D0},185,526,,,,,{41989645-CCA3-466B-9817-909C7EBD3FF1},Anchorage,Alaska Railroad - Anchorage,485 Ocean Dock Road,99501,61.2251887,-149.8886073,219924.5069,1256141.8,Road,76700,,76700,,,2,DEC,,False,,2022-12-21T03:55:03Z,ANCHORAGE,false,false,true,,,2025
179,{206962E5-8311-4ACF-9E3E-9319F4032873},186,539,,,,,{41989645-CCA3-466B-9817-909C7EBD3FF1},Anchorage,State of Alaska Department of Fish and Game - Anchorage,941 North Reeve Boulevard,99501,61.23037,-149.8296861,223035.8599,1256896.912,Road,4000,,4000,,,1,DEC,,False,,2022-12-21T03:55:03Z,ANCHORAGE,false,false,true,,,2025
180,{97124690-7D44-4102-AC45-8181A4D7ED0C},187,557,105-BF-01,,,,{41989645-CCA3-466B-9817-909C7EBD3FF1},Anchorage,FedEx Express Corporation - ANCR,6050 Rockwell Avenue,99502,61.190665,-149.998416,214291.3073,1251919.424,Road,2688,,2688,,,1,DEC,,False,,2022-12-21T03:55:03Z,ANCHORAGE,false,false,true,,,2025
181,{07C48A5D-A1EC-41E4-B6D9-D96CF8B72D43},188,558,103-BF-01,,,,{41989645-CCA3-466B-9817-909C7EBD3FF1},Anchorage,ConocoPhillips Anchorage Office Complex,700 G Street,99501,61.215273,-149.896286,219582.7937,1254998.946,Road,3000,,3000,,,1,DEC,,False,,2022-12-21T03:55:03Z,ANCHORAGE,false,false,true,,,2025
182,{E2523660-1F61-490B-90E2-2359BED4159E},189,561,,,,,{41989645-CCA3-466B-9817-909C7EBD3FF1},Anchorage,Anchorage School District - Goldenview Middle School,15800 Golden View Drive,99516,61.078625,-149.777994,226874.3098,1240148.715,Road,4000,,4000,,,1,DEC,,False,,2022-12-21T03:55:03Z,ANCHORAGE,false,false,true,,,2025
183,{B7CC301C-B675-40C9-80A7-82BA544A799E},190,562,,,,,{41989645-CCA3-466B-9817-909C7EBD3FF1},Anchorage,Anchorage School District - Government Hill Elementary School,525 East Bluff Drive,99501,61.233374,-149.870591,220829.1368,1257121.352,Road,4500,,4500,,,2,DEC,,False,,2022-12-21T03:55:03Z,ANCHORAGE,false,false,true,,,2025
184,{19BBFD89-30F0-4ED7-A2BB-8975054F6C2C},191,564,,,,,{41989645-CCA3-466B-9817-909C7EBD3FF1},Anchorage,Anchorage School District - Hanshew Middle School,10121 Lake Otis Parkway,99507,61.130144,-149.830036,223722.4981,1245715.624,Road,3524,,3524,,,2,DEC,,False,,2022-12-21T03:55:03Z,ANCHORAGE,false,false,true,,,2025
185,{21291BA3-351F-4D14-8831-B18D8E574C5B},192,566,,,,,{41989645-CCA3-466B-9817-909C7EBD3FF1},Anchorage,Anchorage School District - Maintenance Building,1301 Labar Street,99515,61.113337,-149.857772,222351.9455,1243741.912,Road,3000,,3000,,,1,DEC,,False,,2022-12-21T03:55:03Z,ANCHORAGE,false,false,true,,,2025
186,{1C045B0E-1915-4EFF-B0FE-50F571183A50},193,567,,,,,{41989645-CCA3-466B-9817-909C7EBD3FF1},Anchorage,Anchorage School District - Mears Middle School,2700 West 100th Avenue,99515,61.12882,-149.931462,218298.6734,1245241.973,Road,3500,,3500,,,1,DEC,,False,,2022-12-21T03:55:03Z,ANCHORAGE,false,false,true,,,2025
187,{E096E9C5-5AA4-461D-8092-4758490F6C81},194,568,,,,,{41989645-CCA3-466B-9817-909C7EBD3FF1},Anchorage,Anchorage School District - Romig Middle School,2500 Minnesota Drive,99503,61.197852,-149.915035,218704.2899,1252995.457,,5000,,5000,,,1,DEC,,False,,2022-12-21T03:55:03Z,ANCHORAGE,,,,,,2025
188,{3E49C739-2153-4986-9975-DCA20333F0B8},195,569,,,,,{41989645-CCA3-466B-9817-909C7EBD3FF1},Anchorage,Anchorage School District - Russian Jack Elementary School,4300 East 20th Avenue,99508,61.200768,-149.800467,224806.6007,1253691.203,,1500,,1500,,,1,DEC,,False,,2022-12-21T03:55:03Z,ANCHORAGE,,,,,,2025
189,{E98D3FA4-6365-44C5-9736-E87A8555B71D},196,570,,,,,{41989645-CCA3-466B-9817-909C7EBD3FF1},Anchorage,Anchorage School District - Service High School,5577 Abbott Road,99507,61.139,-149.781206,226274.9513,1246882.556,Road,5000,,5000,,,1,DEC,,False,,2022-12-21T03:55:03Z,ANCHORAGE,false,false,true,,,2025
190,{6FDF1AEA-54BB-4A5D-9141-CA3C6E257CB4},197,571,,,,,{41989645-CCA3-466B-9817-909C7EBD3FF1},Anchorage,Anchorage School District - South High School,13400 Elmore Road,99516,61.100036,-149.808216,225101.828,1242437.233,Road,5000,,5000,,,1,DEC,,False,,2022-12-21T03:55:03Z,ANCHORAGE,false,false,true,,,2025
191,{E9120740-60FA-4B54-926C-BF402402BE41},198,572,,,,,{41989645-CCA3-466B-9817-909C7EBD3FF1},Anchorage,Anchorage School District - Student Nutrition,1307 Labar Street,99515,61.112288,-149.857739,222362.0259,1243633.103,Road,4000,,4000,,,2,DEC,,False,,2022-12-21T03:55:03Z,ANCHORAGE,false,false,true,,,2025
192,{3A68F9F2-8524-46D4-AE21-5554583FDE61},199,573,,,,,{41989645-CCA3-466B-9817-909C7EBD3FF1},Anchorage,Anchorage School District - Student Transportation,3580 East Tudor Road,99507,61.17956,-149.810193,224435.8458,1251314.738,Road,12000,,12000,,,2,DEC,,False,,2022-12-21T03:55:03Z,ANCHORAGE,false,false,true,,,2025
193,{CC5DD9BA-0777-46CB-8C5A-B4093F71E8A7},200,574,,,,,{41989645-CCA3-466B-9817-909C7EBD3FF1},Anchorage,Anchorage School District - Trailside Elementary School,5151 Abbott Road,99507,61.139785,-149.78774,225919.5205,1246948.889,Road,1500,,1500,,,1,DEC,,False,,2022-12-21T03:55:03Z,ANCHORAGE,false,false,true,,,2025
194,{C9C55A93-61A6-4764-B097-78DBF717D1B2},201,575,,,,,{41989645-CCA3-466B-9817-909C7EBD3FF1},Anchorage,Anchorage School District - William Tyson Elementary School,2801 Richmond Avenue,99508,61.227366,-149.825492,223280.525,1256597.664,Road,1500,,1500,,,1,DEC,,False,,2022-12-21T03:55:03Z,ANCHORAGE,false,false,true,,,2025
195,{45545605-70C4-4325-BB1A-0BD2AA0B3C6C},202,576,100-BF-01,,,,{41989645-CCA3-466B-9817-909C7EBD3FF1},Anchorage,Anchorage School District - Ursa Major Elementary School,454 Dyea Street,99505,61.251312,-149.677416,231016.2221,1259761.004,Road,3000,,3000,,,1,DEC,,False,,2022-12-21T03:55:03Z,ANCHORAGE,false,false,true,,,2025
196,{2A9929CD-2C24-4C78-8498-1DBC5BCC6A1D},203,577,,,,,{41989645-CCA3-466B-9817-909C7EBD3FF1},Anchorage,Anchorage School District - Warehouse,4919 Van Buren Street,99517,61.175757,-149.920979,218538.5742,1250523.058,Road,2000,,2000,,,1,DEC,,False,,2022-12-21T03:55:03Z,ANCHORAGE,false,false,true,,,2025
197,{650F4992-AB58-4A98-BEBB-C20F649E0733},204,578,,,,,{41989645-CCA3-466B-9817-909C7EBD3FF1},Anchorage,Anchorage School District - Wendler Middle School,2905 Lake Otis Parkway,99508,61.193766,-149.83612,222948.4874,1252814.8,Road,5000,,5000,,,1,DEC,,False,,2022-12-21T03:55:03Z,ANCHORAGE,false,false,true,,,2025
198,{D67235C3-3D8B-485F-B7AF-4D964FCAA312},205,580,,,,,{41989645-CCA3-466B-9817-909C7EBD3FF1},Anchorage,Anchorage School District - Bartlett High School,1101 Golden Bear Drive,99504,61.232519,-149.733378,228164.1226,1257469.35,Road,12125,,12125,,,2,DEC,,False,,2022-12-21T03:55:03Z,ANCHORAGE,false,false,true,,,2025
199,{F1657983-D3E3-44A8-96D8-91DFAD79BC5E},206,581,,,,,{41989645-CCA3-466B-9817-909C7EBD3FF1},Anchorage,Anchorage School District - Begich Middle School,7440 Creekside Center Drive,99504,61.208716,-149.74346,227800.0913,1254778.131,Road,6000,,6000,,,1,DEC,,False,,2022-12-21T03:55:03Z,ANCHORAGE,false,false,true,,,2025
200,{2706137F-5ED4-447E-8C0E-35FB45086E7C},207,583,,,,,{41989645-CCA3-466B-9817-909C7EBD3FF1},Anchorage,Anchorage School District - Clark Middle School,150 Bragaw Street,99508,61.222604,-149.810481,224116.1147,1256116.828,Road,3550,,3550,,,1,DEC,,False,,2022-12-21T03:55:03Z,ANCHORAGE,false,false,true,,,2025
201,{CE6D73AC-0A81-486A-8D5A-376A624F516B},208,584,,,,,{41989645-CCA3-466B-9817-909C7EBD3FF1},Anchorage,Anchorage School District - Dimond High School,2909 West 88th Avenue,99502,61.143587,-149.933928,218063.4898,1246882.682,Road,8000,,8000,,,1,DEC,,False,,2022-12-21T03:55:03Z,ANCHORAGE,false,false,true,,,2025
202,{76F94D91-B7A2-4F41-A8D4-BC17A1AECA17},209,586,,,,,{41989645-CCA3-466B-9817-909C7EBD3FF1},Anchorage,Anchorage School District - East High School,4025 Northern Lights Boulevard,99508,61.200111,-149.805961,224520.5063,1253604.698,Road,10230,,10230,,,1,DEC,,False,,2022-12-21T03:55:03Z,ANCHORAGE,false,false,true,,,2025
203,{FC655AD0-5508-4BE0-9D1F-1871442754F8},210,594,,,,,{41989645-CCA3-466B-9817-909C7EBD3FF1},Anchorage,State of Alaska Department of Corrections - Anchorage Correctional Facility,1400 East Avenue,99501,61.218681,-149.856339,221695.3581,1255513.314,Road,17500,,17500,,,2,DEC,,False,,2022-12-21T03:55:03Z,ANCHORAGE,false,false,true,,,2025
204,{5ACBE17A-21DF-40B4-A9B4-B04B37C89D9A},211,602,,,,,{41989645-CCA3-466B-9817-909C7EBD3FF1},Anchorage,Ravn Air - Anchorage,4700 Old International Airport Road,99502,61.172713,-149.971071,215878.7671,1250004.846,Road,2000,1000,1000,,,2,DEC,,False,,2022-12-21T03:55:03Z,ANCHORAGE,false,false,true,,,2025
205,{2A9B911B-4E3C-4269-AAA6-5AE279B5FEC0},212,607,,ANC-A-027,,,{41989645-CCA3-466B-9817-909C7EBD3FF1},Anchorage,Crowley - Anchorage - Lake Hood,4357 Aircraft Drive,99502,61.181348,-149.978803,215402.842,1250933.439,Road,6000,,6000,,,1,DEC,,True,,2022-12-21T03:55:03Z,ANCHORAGE,false,false,true,,,2025
206,{4CD13895-8EAB-4F3B-8C00-101747A4985E},213,675,,,,,{41989645-CCA3-466B-9817-909C7EBD3FF1},Anchorage,Chugach Electric - Anchorage Headquarters,5601 Electron Drive,99518,61.168813,-149.91066,219138.8121,1249773.48,Road,2700,,2700,,,2,DEC,,False,,2022-12-21T03:55:03Z,ANCHORAGE,false,false,true,,,2025
207,{8908D3CF-BA9C-4155-ABD2-D9C6F80840C0},214,678,,,,,{41989645-CCA3-466B-9817-909C7EBD3FF1},Anchorage,Air Medical Group Holdings - Anchorage,3474 Old International Airport Road,99502,61.17336,-149.950886,216956.1693,1250132.007,,12000,,,12000,,1,DEC,,False,,2022-12-21T03:55:03Z,ANCHORAGE,,,,,,2025
208,{786F7C14-A6C6-4859-AA45-7085CDE46EE8},215,746,112-BF-01,,,,{41989645-CCA3-466B-9817-909C7EBD3FF1},Anchorage,University of Alaska Anchorage - Anchorage,3211 Providence Drive,99615,61.191893,-149.813856,224157.1979,1252665.167,Road,15419,,15419,,,9,DEC,,False,,2022-12-21T03:55:03Z,ANCHORAGE,false,false,true,,,2025
209,{6D5FB766-9E15-45A9-A918-04328EFE0E7F},216,1010,,,,,{41989645-CCA3-466B-9817-909C7EBD3FF1},Anchorage,EAN Vehicle Service Center,4540 West 50th Avenue,99502,61.175562,-149.96954,215941.793,1250316.436,Road,1000,1000,,,,1,DEC,,False,,2022-12-21T03:55:03Z,ANCHORAGE,false,false,true,,,2025
210,{4A58F3C3-208C-4D95-BCC3-667BF010941C},217,1021,103-BF-02,ANC-A-081,,,{41989645-CCA3-466B-9817-909C7EBD3FF1},Anchorage,Delta Western - Anchorage Inlet Energey Warehouse,1824 Ship Avenue,99501,61.2228,-149.846634,222184.4584,1256015.856,Road,4400,,4400,,,1,DEC,,True,,2022-12-21T03:55:03Z,ANCHORAGE,false,false,true,,,2025
211,{DCC6BD42-2620-46F3-B756-171CA27E6222},218,1031,,,,,{41989645-CCA3-466B-9817-909C7EBD3FF1},Anchorage,Federal Aviation Administration - Anchorage - SX ALS,5000 West International Airport Road,99502,61.173354,-149.981584,215313.2399,1250032.092,Road,2000,,2000,,,1,DEC,,False,,2022-12-21T03:55:03Z,ANCHORAGE,false,false,true,,,2025
212,{DA84F06B-802C-4550-9C22-FE03979714E2},219,1032,104-BF-03,,,,{41989645-CCA3-466B-9817-909C7EBD3FF1},Anchorage,Federal Aviation Administration - Anchorage - ASDE,,99502,61.16433,-149.9884,215004.7262,1249008.079,Road,1000,,1000,,,1,DEC,,False,,2022-12-21T03:55:03Z,ANCHORAGE,false,false,true,,,2025
213,{9C8FED26-AB7E-47BD-840A-3271CFB92E7B},220,1033,104-BF-02,,,,{41989645-CCA3-466B-9817-909C7EBD3FF1},Anchorage,Federal Aviation Administration - Anchorage - ASR-8,,99502,61.17819,-150.0163,213417.8571,1250478.555,Road,1000,,1000,,,1,DEC,,False,,2022-12-21T03:55:03Z,ANCHORAGE,false,false,true,,,2025
214,{82786333-0523-4B2A-8D57-1D372E9D3F01},221,1034,104-BF-01,,,,{41989645-CCA3-466B-9817-909C7EBD3FF1},Anchorage,Federal Aviation Administration - Anchorage - ASR11,,99502,61.095465,-150.0027,214702.9836,1241282.316,Road,2000,,2000,,,1,DEC,,False,,2022-12-21T03:55:03Z,ANCHORAGE,false,false,true,,,2025
215,{BE1BDB82-E648-4974-8944-E76427AD8699},222,1112,105-BF-03,,,,{41989645-CCA3-466B-9817-909C7EBD3FF1},Anchorage,GCI Communication Corp. - East OTN Anchorage,4630 Debarr Road,99508,61.209983,-149.793897,225092.4595,1254762.71,Road,3000,,3000,,,1,DEC,,False,,2022-12-21T03:55:03Z,ANCHORAGE,false,false,true,,,2025
216,{4516AC97-6819-43DF-95C5-E74912398039},223,1115,,,,,{41989645-CCA3-466B-9817-909C7EBD3FF1},Anchorage,GCI Communication Corp. - Anchorage SADC,6831 Arctic Boulevard,99503,61.158545,-149.890626,220277.4601,1248701.647,Road,10000,,10000,,,2,DEC,,False,,2022-12-21T03:55:03Z,ANCHORAGE,false,false,true,,,2025
217,{35C756BA-6ABC-46AF-A1CE-7B04F0398B92},224,1116,105-BF-02,,,,{41989645-CCA3-466B-9817-909C7EBD3FF1},Anchorage,GCI Communication Corp. - Anchorage Cable Head End,4600 Business Park Boulevard,99503,61.179085,-149.889834,220185.4461,1250980.383,Road,2000,,2000,,,2,DEC,,False,,2022-12-21T03:55:03Z,ANCHORAGE,false,false,true,,,2025
218,{5F01CBF4-73B2-4E31-817E-B6260B8849C6},225,1147,106-BF-05,,,,{41989645-CCA3-466B-9817-909C7EBD3FF1},Anchorage,Lowe's - Anchorage - Muldoon #2955,1200 North Muldoon Road,99504,61.229876,-149.747791,227413.2272,1257133.82,Road,1500,,1500,,,1,DEC,,False,,2022-12-21T03:55:03Z,ANCHORAGE,false,false,true,,,2025
219,{797A3ACD-3784-4EEF-BE33-42B7DA4E9B69},226,1148,106-BF-01,,,,{41989645-CCA3-466B-9817-909C7EBD3FF1},Anchorage,Lowe's - Anchorage - Old Seward #1633,10900 Old Seward Highway,99515,61.12168,-149.868103,221740.3851,1244647.664,Road,1500,,1500,,,1,DEC,,False,,2022-12-21T03:55:03Z,ANCHORAGE,false,false,true,,,2025
220,{B4417888-37CE-4EF6-A26A-55AF825A21AB},227,1149,106-BF-02,,,,{41989645-CCA3-466B-9817-909C7EBD3FF1},Anchorage,Lowe's - Anchorage - Tudor #289,333 East Tudor Road,99503,61.182452,-149.878806,220746.2481,1251398.204,Road,2000,,2000,,,1,DEC,,False,,2022-12-21T03:55:03Z,ANCHORAGE,false,false,true,,,2025
221,{63074EC4-7211-4F0E-AB39-1F4E107E73F9},228,1159,,,,,{41989645-CCA3-466B-9817-909C7EBD3FF1},Anchorage,Global Rides,6751 South Airpark Place,99502,61.160014,-149.980347,215467.7618,1248564.217,Road,24454,,,24454,,2,DEC,,False,,2022-12-21T03:55:03Z,ANCHORAGE,false,false,true,,,2025
222,{2A532DB0-BADF-4AF5-A3AE-160DB76E6278},229,1178,102-BF-01,,,,{41989645-CCA3-466B-9817-909C7EBD3FF1},Anchorage,Anchorage US Courthouse,222 West 7th Avenue,99513,61.215114,-149.885049,220187.481,1255015.892,Road,4000,,4000,,,1,DEC,,False,,2022-12-21T03:55:03Z,ANCHORAGE,false,false,true,,,2025
223,{A0289C80-A3E8-4499-84A1-64567897D7FF},230,1179,109-BF-02,ANC-A-026,,,{41989645-CCA3-466B-9817-909C7EBD3FF1},Anchorage,Petro 49 - Anchorage - Shoreside Petroleum,6401 Lake Otis Parkway,99507,61.162468,-149.833296,223319.0508,1249315.481,Road,10000,,10000,,,1,DEC,,True,,2022-12-21T03:55:03Z,ANCHORAGE,false,false,true,,,2025
224,{832D7857-2A62-4375-B073-5F9EE29F2B5A},231,1216,,,,,{41989645-CCA3-466B-9817-909C7EBD3FF1},Anchorage,North Park Fuels,2550 Postmark Drive,99502,61.197323,-149.995361,214412.9575,1252672.21,Road,140000,10000,10000,120000,,8,DEC,,False,,2022-12-21T03:55:03Z,ANCHORAGE,false,false,true,,,2025
225,{75668C60-1872-4D4C-8044-F1DD5491AC2A},232,1226,106-BF-03,,,,{41989645-CCA3-466B-9817-909C7EBD3FF1},Anchorage,Lake and Peninsula Air,1740 East 5th Avenue,99501,61.216899,-149.849193,222089.2907,1255339.591,Road,3000,,,3000,,1,DEC,,False,,2022-12-21T03:55:03Z,ANCHORAGE,false,false,true,,,2025
226,{7413849C-F5C7-4FDF-A3E3-E95447A0C807},233,1239,,,,,{41989645-CCA3-466B-9817-909C7EBD3FF1},Anchorage,Municipality of Anchorage - Fire Station #1,122 East 4th Avenue,99501,61.218323,-149.882261,220315.101,1255386.313,Road,1500,,1500,,,1,DEC,,False,,2022-12-21T03:55:03Z,ANCHORAGE,false,false,true,,,2025
227,{29247ED0-1337-401F-B61E-16CC3CA5ADCA},234,1248,109-BF-03,,,,{41989645-CCA3-466B-9817-909C7EBD3FF1},Anchorage,Northern Holdings,6250 South Airpark Place,99502,61.163672,-149.990711,214884.6894,1248932.431,Road,16000,,,16000,,1,DEC,,False,,2022-12-21T03:55:03Z,ANCHORAGE,false,false,true,,,2025
228,{2F52A7FA-6ED5-433F-A1F9-BA3347CD1F20},235,1258,,ANC-A-021,,,{41989645-CCA3-466B-9817-909C7EBD3FF1},Anchorage,Port of Anchorage,2040 Tidewater Road,99501,61.238791,-149.885931,219973.7325,1257670.084,Road,2000,,2000,,,1,DEC,,True,,2022-12-21T03:55:03Z,ANCHORAGE,false,false,true,,,2025
229,{F0B55A5E-4D44-483F-959F-F391B03E5092},236,986,112-BF-09,,,,{3999FA6E-F8E0-4528-9406-C991F8BB8C52},Anderson,Denali Borough - Anderson,Milepost 282.5 Parks Highway,99744,64.2725,-149.105833,236657.0269,1598625.021,Road,1500,,1500,,,1,DEC,,False,,2022-12-21T03:55:03Z,ANDERSON,false,false,true,0.0,,2025
230,{ACC2E82E-44B3-4A22-9FB0-A4E7A2571A04},237,987,112-BF-07,,,,{3999FA6E-F8E0-4528-9406-C991F8BB8C52},Anderson,Denali Borough School District - Anderson,3120 First Street,99744,64.342808,-149.18887,232078.9179,1606165.148,Road,5000,,5000,,,1,DEC,,False,,2022-12-21T03:55:03Z,ANDERSON,false,false,true,0.0,,2025
231,{A13608F5-7F72-484F-9ABF-102B38FF6875},238,122,,,,,{B81542E6-6232-4F35-AEC4-F6C46F2BBDE1},Angoon,Chatham School District - Angoon High School,500 Big Dog Salmon Way,99820,57.4979576,-134.584621,1144567.611,1001178.519,Road,1100,,1100,,,1,DEC,,False,,2022-12-21T03:55:03Z,ANGOON,false,false,true,0.0,,2025
232,{646C9FA3-4B5F-4C6C-ABE9-8F27FA0B7280},239,871,,,,,{B81542E6-6232-4F35-AEC4-F6C46F2BBDE1},Angoon,Inside Passage Electric Cooperative - Angoon,PO Box 8,99820,57.499035,-134.58584,1144466.285,1001261.902,Barge,62000,,62000,,,4,DEC,,False,,2022-12-21T03:55:03Z,ANGOON,true,false,false,0.0,,2025
233,{569DF6D7-2D48-451A-B7D9-BF65E546D40F},240,,114-BF-06,,1035,788,{B81542E6-6232-4F35-AEC4-F6C46F2BBDE1},Angoon,Tlingit-Haida Regional Electric Association,,,57.49898892,-134.5857311,1144473.275,1001264.005,Barge,62468,,,,,,AEA,,False,1996-08-29,2022-12-21T03:55:03Z,ANGOON,true,false,false,0.0,,2025
234,{6BA7F264-7B69-4DB3-9C00-22810922225F},241,,114-BF-05,,1036,789,{B81542E6-6232-4F35-AEC4-F6C46F2BBDE1},Angoon,City of Angoon - Public Water,,,57.49351199,-134.567256,1145711.097,1000989.02,Barge,3000,,,,,,AEA,,False,1996-08-29,2022-12-21T03:55:03Z,ANGOON,true,false,false,0.0,,2025
235,{DF60A289-BFB7-4882-92EA-89D65B32D0B7},242,444,114-BF-01,,,,{4D22DC8A-9F5A-4C83-B835-F1133D6A8060},Aniak,AK DOT&PF Aniak Maintenance Station,,99557,61.575,-159.532,-292505.9849,1300643.442,Road,5000,,5000,,,3,DEC,,False,,2022-12-21T03:55:03Z,ANIAK,false,false,true,0.0,,2025
236,{3FA95472-66EF-46BC-A7EF-18C4B0302C1D},243,744,115-BF-05,ANC-A-018,,,{4D22DC8A-9F5A-4C83-B835-F1133D6A8060},Aniak,Aniak Light and Power,PO Box 129,99557,61.5959,-159.602,-296002.8088,1303273.144,Barge,219500,4500,215000,,,12,DEC,,True,,2022-12-21T03:55:03Z,ANIAK,true,false,false,0.0,,2025
237,{41BB80C2-006E-426F-9920-D13010CE5C2D},244,901,114-BF-02,,,,{4D22DC8A-9F5A-4C83-B835-F1133D6A8060},Aniak,Alaska Commercial Company - Aniak,125 Main Street,99557,61.577899,-159.52551,-292138.5903,1300927.876,Road,3000,,3000,,,3,DEC,,False,,2022-12-21T03:55:03Z,ANIAK,false,false,true,0.0,,2025
238,{4D884AEB-1C3D-4C4F-80B2-843ED0A9459E},245,1160,115-BF-12,ANC-A-029,,,{4D22DC8A-9F5A-4C83-B835-F1133D6A8060},Aniak,Kuspuk School District - Aniak,PO Box 49,99557,61.580522,-159.550216,-293411.5398,1301328.814,,18000,,18000,,,7,DEC,,True,,2022-12-21T03:55:03Z,ANIAK,,,,0.0,,2025
239,{1D74665A-CC9A-41A2-A6E3-DB563298ACE6},246,,115-BF-15,,107,2,{4D22DC8A-9F5A-4C83-B835-F1133D6A8060},Aniak,Ryan Air,,,61.57473812,-159.5353446,-292681.5582,1300637.556,Barge,72230,,,,,,AEA,,False,1997-11-06,2022-12-21T03:55:03Z,ANIAK,true,false,false,0.0,,2025
240,{EE90D296-0F4B-47F2-A7ED-8AAE074E53AD},247,,115-BF-07,,108,137,{4D22DC8A-9F5A-4C83-B835-F1133D6A8060},Aniak,Kuspuk School District,,,61.58083535,-159.5510516,-293456.4078,1301373.673,Barge,142100,,,,,,AEA,,True,1998-07-20,2025-12-16T02:47:47Z,ANIAK,true,false,false,0.0,,2025
241,{2D3C9A98-7E19-4E00-9BCB-CF2BE0589B99},248,,114-BF-03,,113,138,{4D22DC8A-9F5A-4C83-B835-F1133D6A8060},Aniak,Alaska Commercial Co.,,,61.58076386,-159.5440564,-293087.9147,1301322.27,Barge,15200,,,,,,AEA,,False,1997-11-06,2022-12-21T03:55:03Z,ANIAK,true,false,false,0.0,,2025
242,{9CEC70E8-E407-458B-A62B-57821D8B6094},249,,115-BF-10,,104,567,{4D22DC8A-9F5A-4C83-B835-F1133D6A8060},Aniak,Department of Transportation & Public Facilities,,,61.58060047,-159.543005,-293036.408,1301317.96,Barge,3800,,,,,,AEA,,False,1997-11-06,2022-12-21T03:55:03Z,ANIAK,true,false,false,0.0,,2025
243,{C07AC1AD-4251-4C10-86A0-278F8ECD612C},250,,115-BF-06,,111,570,{4D22DC8A-9F5A-4C83-B835-F1133D6A8060},Aniak,Moffitt Contracting Co.,,,61.5811315,-159.5454083,-293157.9703,1301376.082,Barge,349000,,,,,,AEA,,False,1997-11-06,2022-12-21T03:55:03Z,ANIAK,true,false,false,0.0,,2025
244,{5C421205-5987-413D-96B8-2DE9EBCF4A59},252,,115-BF-01,,115,571,{4D22DC8A-9F5A-4C83-B835-F1133D6A8060},Aniak,Hageland Aviation Service,,,61.57431934,-159.5347009,-292658.2623,1300567.111,Barge,1900,,,,,,AEA,,False,1997-11-06,2022-12-21T03:55:03Z,ANIAK,true,false,false,0.0,,2025
245,{3FF37BD1-5EF6-44F1-A580-1D075BF23D76},253,,115-BF-16,,106,584,{4D22DC8A-9F5A-4C83-B835-F1133D6A8060},Aniak,Steve Hill,,,61.5813051,-159.546288,-293198.1106,1301399.992,Barge,21000,,,,,,AEA,,False,1997-11-06,2022-12-21T03:55:03Z,ANIAK,true,false,false,0.0,,2025
246,{6703BC9D-F2E8-4C08-A4D3-CEB43610384B},254,,115-BF-03,,105,585,{4D22DC8A-9F5A-4C83-B835-F1133D6A8060},Aniak,Arctic Transportation Service,,,61.57425806,-159.5358381,-292716.2198,1300571.953,Barge,4000,,,,,,AEA,,False,1997-11-06,2022-12-21T03:55:03Z,ANIAK,true,false,false,0.0,,2025
247,{84F06B79-99E4-427C-83B3-79E25AA7481C},255,,115-BF-18,,112,586,{4D22DC8A-9F5A-4C83-B835-F1133D6A8060},Aniak,Bush-Tell,,,61.5806311,-159.5339499,-292553.5293,1301277.596,Barge,6000,,,,,,AEA,,False,1997-11-06,2022-12-21T03:55:03Z,ANIAK,true,false,false,0.0,,2025
248,{7FC94AF0-E66C-48D3-8197-1854A8ADE01F},256,325,,,,,{AED9D55C-5519-4DA0-A4A7-28349D8498CD},Anvik,DOT&PF Anvik APT,,99558,62.649269,-160.192389,-316145.3691,1423319.031,Plane,3000,,3000,,,1,DEC,,False,,2022-12-21T03:55:03Z,ANVIK,false,true,false,0.0,,2025
249,{77612800-0D07-46EF-A3BD-AF20E41D610E},257,906,115-BF-13,ANC-A-030,,,{AED9D55C-5519-4DA0-A4A7-28349D8498CD},Anvik,Alaska Village Electric Cooperative - Anvik,General Delivery,99558,62.649833,-160.193662,-316201.1561,1423392.775,,78000,,78000,,,3,DEC,,True,1998-07-14,2022-12-21T03:55:03Z,ANVIK,,,,0.0,,2025
250,{721D7D28-9E11-4A58-A705-BE3CBA892C42},258,1014,115-BF-17,,,,{AED9D55C-5519-4DA0-A4A7-28349D8498CD},Anvik,Iditarod Area School District - Anvik,90 Airport Road,99558,62.64904,-160.194273,-316243.5939,1423307.659,Barge,1500,,1500,,,1,DEC,,False,1998-07-14,2022-12-21T03:55:03Z,ANVIK,true,false,false,0.0,,2025
251,{FF611883-59A7-4F35-9580-8631875F301E},259,,,,117,4,{AED9D55C-5519-4DA0-A4A7-28349D8498CD},Anvik,"Ingalik, Inc. | General Delivery | Anvik, AK 99558",,,62.65268697,-160.197735,-316380.0757,1423724.741,Barge,20310,,,,,,AEA,,False,1998-07-14,2022-12-21T03:55:03Z,ANVIK,true,false,false,0.0,,2025
252,{FF09F5E1-BD51-4156-859E-5064DAB7B4FE},261,,,,119,6,{AED9D55C-5519-4DA0-A4A7-28349D8498CD},Anvik,"Chase Enterprises Store | General Delivery | Anvik, AK 99558",,,62.65617624,-160.2086355,-316898.5873,1424177.628,Barge,10520,,,,,,AEA,,False,1998-07-14,2022-12-21T03:55:03Z,ANVIK,true,false,false,0.0,,2025
253,{DC5823E8-AB66-4C44-A453-9F0A1FFBA77F},262,,115-BF-02,,120,7,{AED9D55C-5519-4DA0-A4A7-28349D8498CD},Anvik,"Anvik Commercial Company General Delivery Anvik, AK 99558",,,62.65249228,-160.198545,-316422.3701,1423708.141,Barge,16555,,,,,,AEA,,False,1998-07-14,2022-12-21T03:55:03Z,ANVIK,true,false,false,0.0,,2025
254,{376EBA89-4D26-4E3E-9BBE-1F3848E6B697},263,,,,121,8,{AED9D55C-5519-4DA0-A4A7-28349D8498CD},Anvik,City of Anvik,,,62.65244546,-160.1987971,-316437.9036,1423709.595,Barge,6500,,,,,,AEA,,False,1998-07-14,2022-12-21T03:55:03Z,ANVIK,true,false,false,0.0,,2025
255,{B7E68FA8-CBBD-45FD-8AAC-B95EF13A029A},264,903,,,,,{3FD9E5F5-DE1E-47BC-A8FC-ECEFCA7C2EA8},Arctic Village,Arctic Village Tank Farm - Arctic Village Traditional Council,PO Box 22069,99722,68.121318,-145.570505,352700.4128,2040253.158,Plane,20000,6000,14000,,,4,DEC,,False,,2022-12-21T03:55:03Z,ARCTIC VILLAGE,false,true,false,0.0,,2025
256,{08FBA8A0-92C4-4FCE-A99B-AF2EAE8B1E3B},265,904,,,,,{3FD9E5F5-DE1E-47BC-A8FC-ECEFCA7C2EA8},Arctic Village,Arctic Village Tank Farm - Yukon Flats School District,PO Box 22049,99722,68.121318,-145.570505,352700.4128,2040253.158,Plane,22000,,22000,,,2,DEC,,False,,2022-12-21T03:55:03Z,ARCTIC VILLAGE,false,true,false,0.0,,2025
257,{3F4D3DE2-6539-41BA-9378-0C54BD000B01},266,,,,124,424,{3FD9E5F5-DE1E-47BC-A8FC-ECEFCA7C2EA8},Arctic Village,Arctic Village Electric Co.,,,68.12545596,-145.5388711,353956.9361,2040883.401,Plane,12000,,,,,,AEA,,False,1998-07-06,2022-12-21T03:55:03Z,ARCTIC VILLAGE,false,true,false,0.0,,2025
258,{F84F522D-6A01-40D7-9D01-97D1EF0E401B},267,,,,125,425,{3FD9E5F5-DE1E-47BC-A8FC-ECEFCA7C2EA8},Arctic Village,U.S. Fish and Wildlife Service,,,68.12123042,-145.5702583,352713.1131,2040254.779,Plane,4105,,,,,,AEA,,False,1998-07-06,2022-12-21T03:55:03Z,ARCTIC VILLAGE,false,true,false,0.0,,2025
259,{DDA6FB76-5380-4BC4-93FD-1522BFE1A796},268,,,,126,426,{3FD9E5F5-DE1E-47BC-A8FC-ECEFCA7C2EA8},Arctic Village,Village Gas Sales,,,68.12691493,-145.5370043,354015.9273,2041047.491,Plane,22000,5000,17000,,,2,AEA,,False,1998-07-06,2022-12-21T03:55:03Z,ARCTIC VILLAGE,false,true,false,0.0,,2025
260,{2425287B-91A3-44C7-8A88-44E42DF0BFD8},269,,,,127,427,{3FD9E5F5-DE1E-47BC-A8FC-ECEFCA7C2EA8},Arctic Village,Village Council Office,,,68.12786621,-145.5355881,354059.7446,2041168.804,Plane,5455,,,,,,AEA,,False,1998-07-06,2022-12-21T03:55:03Z,ARCTIC VILLAGE,false,true,false,0.0,,2025
261,{2B9BCCF0-A8EA-4A79-A9A5-E5459C1CB96E},270,456,,,,,{C80F8014-AF4E-4834-B4A8-DED62C0786C1},Atka,AK DOT&PF Atka,,99547,52.216111,-174.206389,-1365855.582,454328.679,,2000,,2000,,,2,DEC,,False,,2022-12-21T03:55:03Z,ATKA,,,,0.0,,2025
262,{CAAE0ACC-7057-49EF-8361-8E6DB054D284},271,,,,887,407,{C80F8014-AF4E-4834-B4A8-DED62C0786C1},Atka,Atka Native Store,,,52.20127347,-174.1950902,-1365607.968,452528.8782,Barge,67300,,,,,,AEA,,False,1998-12-13,2022-12-21T03:55:03Z,ATKA,true,false,false,0.0,,2025
263,{EA679999-727C-4A29-8C51-BD75D33F8B4C},272,,,,888,408,{C80F8014-AF4E-4834-B4A8-DED62C0786C1},Atka,Atka Native Store | Atka Fisherman's Association,,,52.19792468,-174.1984587,-1365949.315,452239.1698,Barge,39300,,,,,,AEA,,False,1998-12-13,2022-12-21T03:55:03Z,ATKA,true,false,false,0.0,,2025
264,{1888FF7D-A817-4439-8206-FB12949AC6F9},273,,,,889,409,{C80F8014-AF4E-4834-B4A8-DED62C0786C1},Atka,"Andreanof Electric Corporation | General Delivery | Atka, Alaska 99547",,,52.20126839,-174.1950867,-1365607.968,452528.8782,Barge,43700,,,,,,AEA,,False,1998-12-13,2022-12-21T03:55:03Z,ATKA,true,false,false,0.0,,2025
265,{D2B6AD33-B4EC-4CBE-8876-6A89A68C69DB},274,392,,,,,{887F3239-34EE-4A3A-9B7A-522E212DA730},Atmautluak,Atmautlak Airport Maintenance Station,,99559,60.8631,-162.2742,-446766.68,1236690.276,Road,2000,,2000,,,2,DEC,,False,,2022-12-21T03:55:03Z,ATMAUTLUAK,false,false,true,0.0,,2025
266,{7E4D8AE1-7843-49A3-9585-9B6F01F7736A},275,995,,ANC-A-033,,,{887F3239-34EE-4A3A-9B7A-522E212DA730},Atmautluak,Atmautluak Tank Farm - Lower Kuskokwim School District,PO Box 6608,99559,60.857212,-162.279779,-447152.2315,1236084.978,Barge,75000,,75000,,,10,DEC,,True,1998-10-07,2022-12-21T03:55:03Z,ATMAUTLUAK,true,false,false,0.0,,2025
267,{4647BABE-15E4-4187-9385-1C62344CD6BC},276,996,,,,,{887F3239-34EE-4A3A-9B7A-522E212DA730},Atmautluak,Atmautluak Tank Farm - Village of Atmautluak,PO Box 6568,99559,60.857324,-162.279866,-447152.2315,1236084.978,Barge,26400,,26400,,,2,DEC,,False,,2022-12-21T03:55:03Z,ATMAUTLUAK,true,false,false,0.0,,2025
268,{812EE745-86FB-46CA-BCD5-0923DCA97BDF},277,997,,,,,{887F3239-34EE-4A3A-9B7A-522E212DA730},Atmautluak,Atmautluak Tank Farm - Atmautluak Limited,PO Box 6548,99559,60.857435,-162.27996,-447156.243,1236106.121,Barge,66000,20000,46000,,,7,DEC,,False,,2022-12-21T03:55:03Z,ATMAUTLUAK,true,false,false,0.0,,2025
269,{12AF761E-4E98-4313-8B18-67C630E34B81},278,,,ANC-A-034,,,{887F3239-34EE-4A3A-9B7A-522E212DA730},Atmautluak,Atmautluak Traditional Council,,,60.8583213,-162.2761469,-446941.9068,1236168.705,Barge,50000,,50000,,,2,USCG,,True,2011-07-21,2022-12-21T03:55:03Z,ATMAUTLUAK,true,false,false,0.0,,2025
270,{925D5799-A54B-41FD-8583-D7981B826986},279,468,,,,,{A79A606F-AA69-4994-A5A0-5E8AFE9EBA9A},Atqasuk,North Slope Borough School District - Atqasuk,4001 Kippi Street,99791,70.481944,-157.416389,-129908.7866,2280962.161,Road,5000,,5000,,,1,DEC,,False,,2022-12-21T03:55:03Z,ATQASUK,false,false,true,0.0,,2025
271,{960DC572-560B-4542-95CD-B9560B68ECFC},280,,,,361,918,{A79A606F-AA69-4994-A5A0-5E8AFE9EBA9A},Atqasuk,North Slope Borough - Atqasuk Heavy Equipment Maintenance Facility,,,70.48068928,-157.4199196,-130049.809,2280842.387,Plane,5000,,5000,,,1,AEA,2015 Assessment,False,1998-08-22,2022-12-21T03:55:03Z,ATQASUK,false,true,false,0.0,,2025
272,{AEBDC0B1-4030-4175-AE7E-71B9DE474AE5},281,,,,362,919,{A79A606F-AA69-4994-A5A0-5E8AFE9EBA9A},Atqasuk,North Slope Borough - Dept. of Municipal Services,,,70.48229161,-157.4170657,-129929.571,2281010.035,Plane,10000,,10000,,,1,AEA,2015 Assessment,False,1998-08-22,2022-12-21T03:55:03Z,ATQASUK,false,true,false,0.0,,2025
273,{7DDAB030-F316-43A2-8F5A-E3D3249A6C49},282,,,,363,920,{A79A606F-AA69-4994-A5A0-5E8AFE9EBA9A},Atqasuk,North Slope Borough | Atqasuk Police Station,,,70.48234896,-157.4202629,-130053.754,2281036.492,Plane,1100,,,,,,AEA,2015 Assessment,False,1998-08-22,2022-12-21T03:55:03Z,ATQASUK,false,true,false,0.0,,2025
274,{2FB3911F-A242-4BDC-B123-373E5C2F731E},283,,,,364,921,{A79A606F-AA69-4994-A5A0-5E8AFE9EBA9A},Atqasuk,North Slope Borough - Atqasuk Fire Dept.,,,70.48209446,-157.4218293,-130113.7864,2280999.469,Plane,7000,,7000,,,1,AEA,2015 Assessment,False,1998-08-22,2022-12-21T03:55:03Z,ATQASUK,false,true,false,0.0,,2025
275,{F3136DB4-1CCC-4368-967C-3AC99CF344A2},284,,,,365,922,{A79A606F-AA69-4994-A5A0-5E8AFE9EBA9A},Atqasuk,"Atqasuk Community Center & City HallGeneral DeliveryAtqasuk, AK 99791",,,70.48216257,-157.4234923,-130173.0429,2281022.585,Plane,2000,,,,,,AEA,2015 Assessment,False,1998-08-22,2022-12-21T03:55:03Z,ATQASUK,false,true,false,0.0,,2025
276,{A60A4DC2-B791-4D51-AC2C-5A319BB965F7},285,,,,366,923,{A79A606F-AA69-4994-A5A0-5E8AFE9EBA9A},Atqasuk,North Slope Borough - Atqasuk Health Clinic,,,70.48162489,-157.4243399,-130211.266,2280957.695,Plane,6700,,6700,,,1,AEA,2015 Assessment,False,1998-08-22,2022-12-21T03:55:03Z,ATQASUK,false,true,false,0.0,,2025
277,{E20099E2-C75B-43CE-A5A2-EA64F5F047EF},286,,,,367,924,{A79A606F-AA69-4994-A5A0-5E8AFE9EBA9A},Atqasuk,North Slope Borough - Atqasuk Power Plant,,,70.48328807,-157.4260887,-130269.5596,2281134.546,Plane,87500,,87500,,,5,AEA,2015 Assessment,False,1998-08-22,2022-12-21T03:55:03Z,ATQASUK,false,true,false,0.0,,2025
278,{1B5CBE2A-BBA2-4726-A10F-5A4D615E2CF8},287,,,,368,925,{A79A606F-AA69-4994-A5A0-5E8AFE9EBA9A},Atqasuk,Atqasuk Corporation | Meade River Store,,,70.48164998,-157.4231597,-130164.8893,2280955.302,Plane,2000,,,,,,AEA,2015 Assessment,False,1998-08-22,2022-12-21T03:55:03Z,ATQASUK,false,true,false,0.0,,2025
279,{5FF04C70-0A1C-488B-8F6A-046A0EA1877C},288,,,,369,926,{A79A606F-AA69-4994-A5A0-5E8AFE9EBA9A},Atqasuk,North Slope BoroughFuel Division & Energy ManagementAtqasuk Corp. Fuel Station,,,70.47715798,-157.4185248,-130015.7134,2280466.195,Plane,580000,,,,,,AEA,2015 Assessment,False,1998-08-22,2022-12-21T03:55:03Z,ATQASUK,false,true,false,0.0,,2025
280,{D45BE12C-652A-4463-9CA9-3542B3E29AC2},293,,344-BF-03,,1095,1067,{A79A606F-AA69-4994-A5A0-5E8AFE9EBA9A},Atqasuk,North Slope Borough - Wastewater Treatment Plant,,,70.48240452,-157.4253055,-130243.8921,2281046.3,Plane,2000,,2000,,,1,AEA,2015 Assessment,False,2015-06-02,2022-12-21T03:55:03Z,ATQASUK,false,true,false,0.0,,2025
281,{46B7841A-6BC9-41E3-A253-23EF7D0D8FC9},294,,249-BF-10,,1087,1050,{A79A606F-AA69-4994-A5A0-5E8AFE9EBA9A},Atqasuk,North Slope Borough - Vacuum Building,,,70.48153169,-157.4250802,-130242.4435,2280939.245,Barge,2000,,2000,,,1,AEA,2015 Assessment,False,2015-06-02,2022-12-21T03:55:03Z,ATQASUK,true,false,false,0.0,,2025
282,{EBE4B52C-8327-4736-B32F-36B795B4C16F},295,,344-BF-01,,1094,1066,{A79A606F-AA69-4994-A5A0-5E8AFE9EBA9A},Atqasuk,North Slope Borough - Water Treatment Plant,,,70.48333467,-157.426035,-130267.2409,2281134.426,Plane,2000,,2000,,,1,AEA,2015 Assessment,False,2015-06-02,2022-12-21T03:55:03Z,ATQASUK,false,true,false,0.0,,2025
283,{F681A2B1-247E-42A5-9190-DF9189FC6EDF},296,265,,,,,{2697EF3A-7387-4208-B455-A046543D1AA7},Barrow,DOT&PF Barrow APT,,99723,71.283314,-156.775994,-101918.887,2367217.302,Road,2000,,2000,,,1,DEC,,False,,2022-12-21T03:55:03Z,BARROW,false,false,true,0.0,,2025
284,{46458926-F688-4612-ABF5-300ABAE53C25},297,469,,,,,{2697EF3A-7387-4208-B455-A046543D1AA7},Barrow,North Slope Borough School District - Barrow,1684 Okpik Street,99723,71.289259,-156.768336,-101609.5693,2367856.049,Road,4000,,4000,,,1,DEC,,False,,2022-12-21T03:55:03Z,BARROW,false,false,true,0.0,,2025
285,{61590B3C-7B6F-4882-9598-3D11DCDC4FE5},298,605,,,,,{2697EF3A-7387-4208-B455-A046543D1AA7},Barrow,"Barrow Utilities & Electric Cooperative, Inc.",1295 Agvik Street,99723,71.2917,-156.7805,-102046.5165,2368133.644,Road,14500,,14500,,,3,DEC,,False,,2022-12-21T03:55:03Z,BARROW,false,false,true,0.0,,2025
286,{AA46E999-9021-49E7-9F8E-58ADC5E2C929},299,765,,,,,{2697EF3A-7387-4208-B455-A046543D1AA7},Barrow,AT&T - Barrow,,99723,71.2712,-156.772,-101823.4533,2365903.249,Road,2000,,2000,,,1,DEC,,False,,2022-12-21T03:55:03Z,BARROW,false,false,true,0.0,,2025
287,{A816C762-5E40-489E-89F9-BA4C1D7C7825},300,878,,,,,{2697EF3A-7387-4208-B455-A046543D1AA7},Barrow,Ukpeagvik Inupiat Corporation,PO Box 890,99723,71.329325,-156.66573,-97671.13877,2372049.531,Road,5200,,5200,,,3,DEC,,False,,2022-12-21T03:55:03Z,BARROW,false,false,true,0.0,,2025
288,{1D1A98B5-D9D0-40A5-82C8-01218C8450C7},301,283,,,,,{FF43C1B1-9D83-4F8A-B3B2-E404ACC9D5B1},Beaver,DOT&PF Beaver APT,,99724,66.361425,-147.401067,295759.9172,1837363.143,Plane,1000,,1000,,,1,DEC,,False,,2022-12-21T03:55:03Z,BEAVER,false,true,false,0.0,,2025
289,{F0DC7758-EFFA-4B91-84B0-2C2C02EBA419},302,958,,,,,{FF43C1B1-9D83-4F8A-B3B2-E404ACC9D5B1},Beaver,Beaver Tank Farm - Beaver Village Council,PO Box 24029,99724,66.3596,-147.3967,295970.9824,1837179.594,Plane,11350,,11350,,,2,DEC,,False,,2022-12-21T03:55:03Z,BEAVER,false,true,false,0.0,,2025
290,{71A53B1D-97A9-40E4-BD9D-A9C1956FE6E9},303,959,,,,,{FF43C1B1-9D83-4F8A-B3B2-E404ACC9D5B1},Beaver,Beaver Tank Farm - Yukon Flats School District,PO Box 24050,99724,66.3596,-147.3967,295970.9824,1837179.594,Plane,17400,,17400,,,3,DEC,,False,,2022-12-21T03:55:03Z,BEAVER,false,true,false,0.0,,2025
291,{9CEDCD36-9995-4BC2-BF28-E57031C681F3},304,,,,130,618,{FF43C1B1-9D83-4F8A-B3B2-E404ACC9D5B1},Beaver,Beaver Tribal CouncilInuit Store Gasoline Tanks (Airport),,,66.36139128,-147.4010281,295759.9172,1837363.143,Plane or Barge,2000,,,,,,AEA,2016 Letter Report,False,1996-07-24,2025-12-16T08:44:27Z,BEAVER,true,true,false,0.0,,2025
292,{0232A859-6ACA-4830-96D2-A1F36E44D4C2},305,227,,,,,{7B1302D1-C2B4-402C-8C43-141B93681692},Bethel,Alaska Army National Guard - Bethel AAOF,3751 Airport Road,99559,60.775411,-161.84633,-424932.7915,1224158.465,Road,10000,,10000,,,1,DEC,,False,,2022-12-21T03:55:03Z,BETHEL,false,false,true,0.0,,2025
293,{14BD9A76-B93C-4CE2-899B-ED7D4C319475},306,228,,,,,{7B1302D1-C2B4-402C-8C43-141B93681692},Bethel,Alaska Army National Guard - Bethel Readiness Center,3570 Tower Road,99559,60.776772,-161.849133,-425065.621,1224332.35,Road,4000,,4000,,,1,DEC,,False,,2022-12-21T03:55:03Z,BETHEL,false,false,true,0.0,,2025
294,{A6BE53B1-F755-448C-BD1F-63099BD047E5},307,22,,,,,{7B1302D1-C2B4-402C-8C43-141B93681692},Bethel,Yuut Elitnaurviat Inc.,610 Akiachak Rd.,99559,60.7959194,-161.7828301,-421241.0222,1226018.015,Road,7250,,7250,,,4,DEC,,False,,2022-12-21T03:55:03Z,BETHEL,false,false,true,0.0,,2025
295,{9FE39ADD-F730-47D5-AB1A-CB525E786000},308,72,,,,,{7B1302D1-C2B4-402C-8C43-141B93681692},Bethel,Vitus Terminal - Bethel,1210 Chief Eddie Hoffman Highway,99559,60.79,-161.74,-419011.1956,1225103.239,Road,7000,6000,1000,,,2,DEC,,False,,2022-12-21T03:55:03Z,BETHEL,false,false,true,0.0,,2025
296,{8FB9BBBA-7CE5-433A-A414-4C475FF1F8E1},309,172,,,,,{7B1302D1-C2B4-402C-8C43-141B93681692},Bethel,Alaska Airlines - Bethel,3521 State Highway,99554,60.7927467,-161.7696992,-420578.7379,1225582.677,Road,1500,,1500,,,1,DEC,,False,,2022-12-21T03:55:03Z,BETHEL,false,false,true,0.0,,2025
297,{A446513F-92EF-4674-A337-D582E472D82A},310,393,,,,,{7B1302D1-C2B4-402C-8C43-141B93681692},Bethel,AK DOT&PF Bethel Maintenance Station,3517 Eddie Hoffman Highway,99559,60.784,-161.8412,-424543.0375,1225081.525,Road,21000,2000,19000,,,8,DEC,,False,,2022-12-21T03:55:03Z,BETHEL,false,false,true,0.0,,2025
298,{9B58B56D-A2A6-4894-BE2A-B2BBC4F4E153},311,597,,,,,{7B1302D1-C2B4-402C-8C43-141B93681692},Bethel,State of Alaska Department of Corrections - Yukon Kuskokwim Correctional Center,1000 Chief Eddie Hoffman Highway,99559,60.786383,-161.787278,-421607.3535,1225002.588,Road,5000,,5000,,,1,DEC,,False,,2022-12-21T03:55:03Z,BETHEL,false,false,true,0.0,,2025
299,{8D408F52-5CE0-4A95-A586-79D54041D7C7},312,600,,,,,{7B1302D1-C2B4-402C-8C43-141B93681692},Bethel,Delta Western - Bethel - Gas Station,630 Third Street,99559,60.795580,-161.761100,-329067.8276,2001060.236,Road,6000,,6000,,,2,DEC,,False,,2022-12-21T03:55:03Z,BETHEL,false,false,true,0.0,latitude;longitude,2025
300,{5BC6B33B-BBDA-455D-BEBA-624BEDA7F496},313,750,,,,,{7B1302D1-C2B4-402C-8C43-141B93681692},Bethel,University of Alaska Fairbanks - Bethel,105 Akiak Drive,99559,60.790894,-161.7742,-420839.4481,1225407.117,Road,1500,,1500,,,1,DEC,,False,,2022-12-21T03:55:03Z,BETHEL,false,false,true,0.0,,2025
301,{77333D69-86A6-415C-B007-BED39EBE37A6},314,766,,,,,{7B1302D1-C2B4-402C-8C43-141B93681692},Bethel,AT&T - Bethel,265 Main Street,99559,60.794173,-161.760889,-420077.878,1225702.557,Road,2000,,2000,,,1,DEC,,False,,2022-12-21T03:55:03Z,BETHEL,false,false,true,0.0,,2025
302,{F92B3587-546E-46A3-B6CA-7532E1CA09F9},315,892,,,,,{7B1302D1-C2B4-402C-8C43-141B93681692},Bethel,City of Bethel,300 State Highway,99559,60.791566,-161.771342,-420677.7953,1225477.468,Road,18000,,18000,,,8,DEC,,False,,2022-12-21T03:55:03Z,BETHEL,false,false,true,0.0,,2025
303,{D290AE1E-2F5C-419B-A813-0A64071A1325},316,893,,,,,{7B1302D1-C2B4-402C-8C43-141B93681692},Bethel,Alaska Commercial Company - Bethel,131 Akakeet Street,99613,60.801425,-161.779445,-420986.7589,1226620.473,Road,4000,,4000,,,3,DEC,,False,,2022-12-21T03:55:03Z,BETHEL,false,false,true,0.0,,2025
304,{3EF25FC2-55B4-4BFE-9DB0-1D0359115778},317,1035,,,,,{7B1302D1-C2B4-402C-8C43-141B93681692},Bethel,Federal Aviation Administration - Bethel - NXRAD,,99559,60.79194,-161.8763,-426331.7075,1226167.269,Road,2000,,2000,,,1,DEC,,False,,2022-12-21T03:55:03Z,BETHEL,false,false,true,0.0,,2025
305,{E7ECD652-D585-4837-8BEC-05FA96860368},318,1036,,,,,{7B1302D1-C2B4-402C-8C43-141B93681692},Bethel,Federal Aviation Administration - Bethel - Quarters,,99559,60.77856,-161.8371,-424394.1902,1224452.045,Road,1000,,1000,,,1,DEC,,False,,2022-12-21T03:55:03Z,BETHEL,false,false,true,0.0,,2025
306,{4F994E16-6208-479F-B3B2-22194B179F84},319,,,,133,706,{C4674250-987C-40CD-B550-D246607343D4},Bettles Field,Alaska Power & Telephone,,,66.9234532,-151.5081465,109498.7349,1887154.681,Plane,85000,,,,,,AEA,,False,1997-09-09,2022-12-21T03:55:03Z,BETTLES FIELD,false,true,false,0.0,community_name,2025
307,{086531C1-92F4-4C8B-95C4-BA197AAAD587},320,,,,134,707,{C4674250-987C-40CD-B550-D246607343D4},Bettles Field,"Brooks Range Aviation | | Bettles, AK 99726",,,66.918175,-151.5166894,109147.8959,1886558.35,Plane,6100,,,,,,AEA,,False,1997-09-09,2022-12-21T03:55:03Z,BETTLES FIELD,false,true,false,0.0,community_name,2025
308,{DFFEA010-C78E-4C70-A5A9-0089FFA544FA},321,,,,135,708,{C4674250-987C-40CD-B550-D246607343D4},Bettles Field,"Bettles Lodge | | Bettles, AK 99726",,,66.91926438,-151.5140501,109258.8806,1886677.786,Plane,10000,,,,,,AEA,,False,1997-09-09,2022-12-21T03:55:03Z,BETTLES FIELD,false,true,false,0.0,community_name,2025
309,{0C5BEC21-0D02-4217-BB25-11C53F2A57C2},322,,,,136,709,{C4674250-987C-40CD-B550-D246607343D4},Bettles Field,"Ace Supply Store | | Bettles, AK 99726",,,66.92172056,-151.5077147,109525.1277,1886952.237,Plane,13600,,,,,,AEA,,False,1997-09-09,2022-12-21T03:55:03Z,BETTLES FIELD,false,true,false,0.0,community_name,2025
310,{95BA79A7-EECB-4B9D-8F6C-82D0C48A0838},323,,,,137,710,{C4674250-987C-40CD-B550-D246607343D4},Bettles Field,"Evansville Tribal Council | | Bettles, AK 99726",,,66.92121378,-151.5091255,109464.9905,1886909.292,Plane,5000,,,,,,AEA,,False,1997-09-09,2022-12-21T03:55:03Z,BETTLES FIELD,false,true,false,0.0,community_name,2025
311,{ACFDB0DB-4CB5-4622-965E-BDE30178DF29},324,23,,,,,{C4674250-987C-40CD-B550-D246607343D4},Bettles Field,"Wild Lake Exploration Drilling and Mining, LLC",,99726,67.476046,-151.5819007,104026.2096,1948292.034,Road,19000,,19000,,,1,DEC,,False,,2022-12-21T03:55:03Z,BETTLES FIELD,false,false,true,61.31,,2025
312,{DA9AE6EB-3E04-4550-A71C-981B511781C4},325,284,,,,,{C4674250-987C-40CD-B550-D246607343D4},Bettles Field,DOT&PF Bettles APT,,99726,66.917067,-151.515686,109192.9308,1886431.192,Plane,3000,,3000,,,1,DEC,,False,,2022-12-21T03:55:03Z,BETTLES FIELD,false,true,false,0.0,,2025
313,{CD1EA217-9CF2-47B5-94D1-728942BB55A6},326,621,,,,,{C4674250-987C-40CD-B550-D246607343D4},Bettles Field,Alaska Power & Telephone - Bettles Power Generation Plant,,99726,66.885397,-151.569344,106967.061,1882835.998,,85000,,85000,,,4,DEC,,False,,2022-12-21T03:55:03Z,BETTLES FIELD,,,,0.66,,2025
314,{D99442DA-9542-41C2-88DE-A2C473548FDD},327,767,,,,,{C4674250-987C-40CD-B550-D246607343D4},Bettles Field,AT&T - Bettles - Kaaruck,,99726,67.667361,-149.824972,178201.9703,1973211.176,Plane,5000,,5000,,,2,DEC,,False,,2022-12-21T03:55:03Z,BETTLES FIELD,false,true,false,110.07,,2025
315,{ADDAB7A9-008D-4294-A74F-B722E49B32DC},328,768,,,,,{C4674250-987C-40CD-B550-D246607343D4},Bettles Field,AT&T - Bettles - Fish,Mile 114 Dalton Highway,99726,66.527364,-150.423192,159501.9529,1845380.765,Plane,5000,,5000,,,4,DEC,,False,,2022-12-21T03:55:03Z,BETTLES FIELD,false,true,false,64.05,,2025
316,{9FE4EA49-0ACD-4C6A-89BF-F196359859F6},329,1167,,,,,{C4674250-987C-40CD-B550-D246607343D4},Bettles Field,National Park Service - Gates of the Arctic,,99726,66.91799,-151.51384,109271.9968,1886542.652,Plane or Road,2500,,1000,1500,,2,DEC,,False,,2022-12-21T03:55:03Z,BETTLES FIELD,false,true,true,0.0,,2025
317,{481B7FA5-019D-40DA-9EE2-D0C2CB23EE1C},330,1037,,,,,{2AA584CB-3B03-4D75-8F91-A995C37D4C4D},Big Lake,Federal Aviation Administration - Big Lake VOR,,99652,61.56945,-149.9671,213394.5531,1294313.797,Road,1000,,1000,,,1,DEC,,False,,2022-12-21T03:55:03Z,BIG LAKE,false,false,true,0.0,,2025
318,{4095831C-DD72-4AA7-84A9-24C5050007C5},331,285,,,,,{6EA0B92C-E267-478F-99A6-DA6EAC948390},Birch Creek,DOT&PF Birch Creek APT,,99730,66.268964,-145.818236,367638.8009,1835056.501,Plane,1000,,1000,,,1,DEC,,False,1998-07-09,2022-12-21T03:55:03Z,BIRCH CREEK,false,true,false,0.0,,2025
319,{679C1FC6-00CF-4BC3-93B7-21630B847652},333,,,,139,428,{6EA0B92C-E267-478F-99A6-DA6EAC948390},Birch Creek,Dendu Gwich'in Tribal Council,,,66.26314969,-145.8190311,367687.7954,1834392.285,Plane,7800,,7800,,,2,AEA,2017 Letter Report,False,1998-07-09,2022-12-21T03:55:03Z,BIRCH CREEK,false,true,false,0.0,,2025
320,{8D67D957-D513-43DA-BA7D-8DAA7CD728C8},336,528,,,,,{C753E53C-E790-4D8B-9C86-48B540A139F7},Birchwood,Alaska Railroad - Birchwood,,99567,61.409083,-149.509572,238780.5185,1277968.922,Road,1000,,1000,,,1,DEC,,False,,2022-12-21T03:55:03Z,BIRCHWOOD,false,false,true,,,2025
321,{1D7B454B-0160-4177-AF68-7279EA76EF52},337,1181,120-BF-03,,,,{2602E025-8462-49F3-BCA3-9910A76C31B0},Bird Creek,Petro 49 - Bird Creek,29383 Seward Highway Sawmill Road,99540,60.969818,-149.448823,245371.9334,1229180.729,Road,4000,4000,,,,1,DEC,,False,,2022-12-21T03:55:03Z,BIRD CREEK,false,false,true,,,2025
322,{CA12C55C-A65F-44D1-BF96-F6C28B1C5113},338,257,,,,,{01088110-F1CF-4DF6-A7C8-446D20A2B257},Brevig Mission,Bering Strait School District - Brevig Mission,,99785,65.332985,-166.486487,-578653.0622,1762745.052,Barge,59000,,59000,,,3,DEC,,False,,2022-12-21T03:55:03Z,BREVIG MISSION,true,false,false,0.0,,2025
323,{0A5FA4B6-C7EF-4488-B4D6-B4532765F844},339,907,,ANC-B-011,,,{01088110-F1CF-4DF6-A7C8-446D20A2B257},Brevig Mission,Alaska Village Electric Cooperative - Brevig Mission,General Delivery,99785,65.331357,-166.481104,-578438.6041,1762517.337,,234000,,234000,,,9,DEC,,True,1996-09-20,2022-12-21T03:55:03Z,BREVIG MISSION,,,,0.0,,2025
324,{36D107A2-A916-43C3-928F-29ACD9874AD9},340,,121-BF-08,ANC-B-013,375,15,{01088110-F1CF-4DF6-A7C8-446D20A2B257},Brevig Mission,City of Brevig Mission,,,65.33141534,-166.4865155,-578687.3845,1762564.661,Barge,46250,,,,,,AEA,,True,1996-09-20,2022-12-21T03:55:03Z,BREVIG MISSION,true,false,false,0.0,,2025
325,{C343C747-D430-467B-8173-BE496195CA2C},342,,,,376,536,{01088110-F1CF-4DF6-A7C8-446D20A2B257},Brevig Mission,"Brevig Mission Church | Brevig Mission, AK 99685",,,65.33229746,-166.4857215,-578634.5215,1762644.602,Barge,8000,,,,,,AEA,,False,1996-09-20,2022-12-21T03:55:03Z,BREVIG MISSION,true,false,false,0.0,,2025
326,{43DD9874-FC62-4F32-AC8A-D99446EB7491},343,,120-BF-02,,377,537,{01088110-F1CF-4DF6-A7C8-446D20A2B257},Brevig Mission,Alaska Army National Guard,,,65.33271165,-166.4942242,-579014.1444,1762765.314,Barge,4750,,,,,,AEA,,False,1996-09-20,2022-12-21T03:55:03Z,BREVIG MISSION,true,false,false,0.0,,2025
327,{18381280-8622-4315-B237-C77F25FE577F},345,,121-BF-05,ANC-B-014,,,{01088110-F1CF-4DF6-A7C8-446D20A2B257},Brevig Mission,"Native Store, Brevig Mission",,,65.33397656,-166.4922205,-578892.6559,1762901.418,Barge,,,,,,,USCG,,True,2014-08-20,2022-12-21T03:55:03Z,BREVIG MISSION,true,false,false,0.0,,2025
328,{FC1A0FF3-1FFB-4CF5-804C-3CB2F5811594},346,182,121-BF-01,ANC-B-019,,,{2FD931D4-12DB-45C2-834A-4B4559E54BA5},Buckland,Buckland Tank Farm - Northwest Arctic Borough School District,PO Box 91,99727,65.978963,-161.132575,-324144.9668,1797518.145,Barge,92000,,92000,,,4,DEC,,True,,2022-12-21T03:55:03Z,BUCKLAND,true,false,false,0.0,,2025
329,{E044B030-CE0C-407D-9875-B4B4609B1B50},347,183,121-BF-12,ANC-B-018,,,{2FD931D4-12DB-45C2-834A-4B4559E54BA5},Buckland,Buckland Tank Farm - Native Village of Buckland,,99727,65.978752,-161.131744,-324109.0459,1797514.272,Barge,148000,51000,97000,,,8,DEC,,True,1999-09-21,2022-12-21T03:55:03Z,BUCKLAND,true,false,false,0.0,,2025
330,{103D66F1-55ED-45EA-ACBF-965862157104},348,184,121-BF-11,,,,{2FD931D4-12DB-45C2-834A-4B4559E54BA5},Buckland,Buckland Tank Farm - City of Buckland,,99727,65.978839,-161.132163,-324125.6248,1797516.059,Barge,161000,,161000,,,7,DEC,,False,,2022-12-21T03:55:03Z,BUCKLAND,true,false,false,0.0,,2025
331,{B35757F9-6BED-4813-9B71-D1F6F2DCA0DF},349,185,121-BF-04,,,,{2FD931D4-12DB-45C2-834A-4B4559E54BA5},Buckland,Northwest Arctic Borough School District - Buckland,,99727,65.977551,-161.123457,-323749.9805,1797318.462,Barge,12000,,12000,,,1,DEC,,False,1999-09-21,2022-12-21T03:55:03Z,BUCKLAND,true,false,false,0.0,,2025
332,{E6E8B171-EEAD-4097-8EF3-6EE74CECD474},350,186,121-BF-06,,,,{2FD931D4-12DB-45C2-834A-4B4559E54BA5},Buckland,City of Buckland,,99727,65.978839,-161.132163,-324125.6248,1797516.059,Barge,47800,10000,37800,,,5,DEC,,False,,2022-12-21T03:55:03Z,BUCKLAND,true,false,false,0.0,,2025
333,{146F9100-1BBD-4C57-87C4-EA4BC5064C1D},351,328,121-BF-03,,,,{2FD931D4-12DB-45C2-834A-4B4559E54BA5},Buckland,DOT&PF Buckland APT,,99727,65.980425,-161.138483,-324396.0787,1797729.682,Plane,3000,,3000,,,1,DEC,,False,,2022-12-21T03:55:03Z,BUCKLAND,false,true,false,0.0,,2025
334,{DE58A4B0-4535-43C7-A7EF-69081AB2F18A},352,,121-BF-02,,385,744,{2FD931D4-12DB-45C2-834A-4B4559E54BA5},Buckland,Alaska Army National Guard,,,65.97994995,-161.131753,-324099.4331,1797629.372,Barge,4600,,,,,,AEA,,False,1998-06-24,2022-12-21T03:55:03Z,BUCKLAND,true,false,false,0.0,,2025
335,{6E789582-AAC2-485A-B989-37C7DF0A9867},353,276,122-BF-02,,,,{E263C114-3707-494D-84BF-BCBDC754E133},Cantwell,DOT&PF Cantwell MS,Milepost 209.9 Parks Highway,99729,63.388958,-148.885272,254889.8357,1501068.086,Road,5000,5000,,,,1,DEC,,False,,2022-12-21T03:55:03Z,CANTWELL,false,false,true,0.0,,2025
336,{F5EEFC5C-66FC-4AD0-ABCE-A2FE24FE5CEC},354,527,,,,,{E263C114-3707-494D-84BF-BCBDC754E133},Cantwell,Alaska Railroad - Cantwell,,99729,63.391236,-148.951497,251574.4125,1501060.104,Road,1000,,1000,,,1,DEC,,False,,2022-12-21T03:55:03Z,CANTWELL,false,false,true,0.0,,2025
337,{88271815-7933-4E45-98AD-F580F1F4EAE0},355,988,122-BF-06,,,,{E263C114-3707-494D-84BF-BCBDC754E133},Cantwell,Denali Borough School District - Cantwell,29 Main Street,99729,63.392059,-148.965106,250890.7542,1501097.007,Road,3000,,3000,,,1,DEC,,False,,2022-12-21T03:55:03Z,CANTWELL,false,false,true,0.0,,2025
338,{B9EB1A03-7098-44D3-8382-43D1EC13C97A},356,1244,122-BF-07,,,,{E263C114-3707-494D-84BF-BCBDC754E133},Cantwell,Cantwell Community Hall,Milepost 133.2 Denali Highway,99729,63.393076,-148.916738,253289.0265,1501396.319,Road,1000,,1000,,,1,DEC,,False,,2022-12-21T03:55:03Z,CANTWELL,false,false,true,0.0,,2025
339,{DBCFD06D-526C-4AAD-BD2A-072EA1EFBE48},357,1043,122-BF-01,,,,{BF09E142-4B49-4FD5-B2E5-63AC8854E528},Cape Yakataga,Federal Aviation Administration - Cape Yakataga - OLD,,99574,60.08201,-142.4934,634864.3837,1176609.426,Barge,4000,,4000,,,1,DEC,,False,,2022-12-21T03:55:03Z,CAPE YAKATAGA,true,false,false,,,2025
340,{75230271-32F6-4C6D-BA8E-F99D7D6D6098},358,1044,122-BF-05,,,,{BF09E142-4B49-4FD5-B2E5-63AC8854E528},Cape Yakataga,Federal Aviation Administration - Cape Yakataga - BLDG PX,,99574,60.08201,-142.4934,634864.3837,1176609.426,Barge,7500,,7500,,,1,DEC,,False,,2022-12-21T03:55:03Z,CAPE YAKATAGA,true,false,false,,,2025
341,{5CDF6E80-B781-482B-B1CD-42F5BC36719E},359,1045,122-BF-03,,,,{BF09E142-4B49-4FD5-B2E5-63AC8854E528},Cape Yakataga,Federal Aviation Administration - Cape Yakataga - NDB PX6,,99574,60.08617,-142.4887,635039.8527,1177118.299,Barge,10000,,10000,,,1,DEC,,False,,2022-12-21T03:55:03Z,CAPE YAKATAGA,true,false,false,,,2025
342,{98694E28-FA3A-4F54-951D-F78AD96C9F88},360,1046,122-BF-04,,,,{BF09E142-4B49-4FD5-B2E5-63AC8854E528},Cape Yakataga,Federal Aviation Administration - Cape Yakataga - NDB PX7,,99574,60.08201,-142.4934,634864.3837,1176609.426,Barge,10000,,10000,,,1,DEC,,False,,2022-12-21T03:55:03Z,CAPE YAKATAGA,true,false,false,,,2025
343,{A11B75DB-3AE4-4352-854F-00945DBA7130},361,286,,,,,{5729F5A2-2D55-4611-8C20-838834BEA9AA},Central,DOT&PF Central APT / MS,Milepost 125 Steese Highway,99730,65.573336,-144.79535,424018.8416,1764393.895,Plane,3260,1000,2260,,,2,DEC,,False,,2022-12-21T03:55:03Z,CENTRAL,false,true,false,0.0,,2025
344,{6A7E5E6F-FF46-455D-88CD-E1A277E01EA5},362,287,124-BF-01,,,,{98D5F010-433A-452A-8E40-1DC756B3B809},Chalkyitsik,DOT&PF Chalkyitsik APT,,99788,66.648444,-143.728628,454362.4318,1889761.421,Plane,1000,,1000,,,1,DEC,,False,,2022-12-21T03:55:03Z,CHALKYITSIK,false,true,false,0.0,,2025
345,{C4E7CA6C-65FB-42A3-887B-D4A9C17BFC85},363,475,,,,,{98D5F010-433A-452A-8E40-1DC756B3B809},Chalkyitsik,Chalkyitsik Tank Farm - Chalkyitsik Village Council,PO Box 57,99788,66.650109,-143.728981,454316.5233,1889932.709,Plane,29400,,29400,,,3,DEC,,False,1998-07-09,2022-12-21T03:55:03Z,CHALKYITSIK,false,true,false,0.0,,2025
346,{949B583B-D2A5-4C20-8C1B-E7FB18788B6C},364,476,124-BF-03,,,,{98D5F010-433A-452A-8E40-1DC756B3B809},Chalkyitsik,Chalkyitsik Tank Farm - Yukon Flats School District,#1 Marten Hill Drive,99788,66.650109,-143.728981,454316.5233,1889932.709,Plane,18600,,18600,,,3,DEC,,False,,2022-12-21T03:55:03Z,CHALKYITSIK,false,true,false,0.0,,2025
347,{8ED91C17-5C29-4269-B1C3-F14B3B54034B},365,477,,,,,{98D5F010-433A-452A-8E40-1DC756B3B809},Chalkyitsik,Chalkyitsik Native Corporation,PO Box 53,99788,66.648994,-143.72935,454319.8456,1889823.415,Plane,14500,5200,9300,,,4,DEC,,False,,2022-12-21T03:55:03Z,CHALKYITSIK,false,true,false,0.0,,2025
348,{BEF19A88-DBAC-4119-9202-5151653EB319},366,,123-BF-02,,145,1032,{98D5F010-433A-452A-8E40-1DC756B3B809},Chalkyitsik,Chalkyitsik Native Corporation Store,,,66.65359235,-143.7215618,454584.2632,1890379.4,Plane,5500,5200,300,,,2,AEA,2016 Letter Report & Best Practice Assessment,False,2015-05-14,2022-12-21T03:55:03Z,CHALKYITSIK,false,true,false,0.0,,2025
349,{3B2B6CA7-1382-4D85-95B1-02BFB635F737},368,,124-BF-02,,144,1031,{98D5F010-433A-452A-8E40-1DC756B3B809},Chalkyitsik,Yukon Flats School District & Chalkyitsik Village Council,,,66.65005466,-143.7289647,454321.8797,1889933.544,Plane,69475,,69475,,,15,AEA,2016 Letter Report & Best Practice Assessment,False,1998-07-09,2022-12-21T03:55:03Z,CHALKYITSIK,false,true,false,0.0,,2025
350,{C5CD2299-5D48-457E-A887-9914B94A3D80},370,,123-BF-01,,147,1033,{98D5F010-433A-452A-8E40-1DC756B3B809},Chalkyitsik,Chalkyitsik Native Corporation Airport Tank,,,66.64920843,-143.7280313,454372.9558,1889852.285,Plane,9300,5200,4100,,,3,AEA,2016 Letter Report & Best Practice Assessment,False,1998-07-09,2022-12-21T03:55:03Z,CHALKYITSIK,false,true,false,0.0,,2025
351,{D720738D-2DD8-45E6-B817-894344848C7F},371,1047,,,,,,Chandalar,Federal Aviation Administration - Chandalar Lake - CQR SX,,99701,67.295384,-148.301133,246636.6917,1936962.418,Road,2000,,2000,,,1,DEC,,False,,2022-12-21T03:55:03Z,CHANDALAR,false,false,true,,,2025
352,{D6E3DB89-1C97-4D38-98FF-7A9988BCDCFE},372,394,125-BF-02,ANC-C-029,,,{A446B551-74BE-4F56-B131-523C342C41BA},Chefornak,Chefornak Airport Maintenance Station,,99559,60.1381,-164.2829,-566954.9291,1171719.149,,2000,,2000,,,2,DEC,,True,,2022-12-21T03:55:03Z,CHEFORNAK,,,,0.28,,2025
353,{AD0AB2B7-65FB-40CB-A1A9-2316C82F20FA},373,,,,762,16,{A446B551-74BE-4F56-B131-523C342C41BA},Chefornak,City of Chefornak,,,60.15794557,-164.2800966,-566457.2232,1173900.628,Barge,44900,,,,,,AEA,,False,1998-06-24,2022-12-21T03:55:03Z,CHEFORNAK,true,false,false,0.0,,2025
354,{874475C1-7248-408E-B0F1-2E36A1CA3F6A},374,,,,763,17,{A446B551-74BE-4F56-B131-523C342C41BA},Chefornak,Chefarnmute Inc.,,,60.15824454,-164.2807403,-566486.3759,1173932.812,Barge,84300,,,,,,AEA,,False,1998-06-24,2022-12-21T03:55:03Z,CHEFORNAK,true,false,false,0.0,,2025
355,{5C01B036-AAC1-4876-BF5E-30428802A639},375,,436-BF-04,ANC-C-028,710,515,{A446B551-74BE-4F56-B131-523C342C41BA},Chefornak,Lower Kuskokwim School District,,,60.85685837,-162.2765278,-446981.0982,1236015.375,Barge,24700,,,,,,AEA,,True,1996-08-25,2022-12-21T03:55:03Z,CHEFORNAK,true,false,false,130.85,,2025
356,{55769367-D290-4411-8FA6-01549B3A022A},377,,,,767,27,{A446B551-74BE-4F56-B131-523C342C41BA},Chefornak,Avugiak's Store,,,60.15878375,-164.276363,-566236.6965,1173956.035,Barge,8200,,,,,,AEA,,False,1998-06-24,2022-12-21T03:55:03Z,CHEFORNAK,true,false,false,0.0,,2025
357,{D87C846D-981B-4E88-AB27-A2DDBF25E98C},378,,121-BF-02,,385,744,{A446B551-74BE-4F56-B131-523C342C41BA},Chefornak,Alaska Army National Guard,,,65.97994995,-161.131753,-324099.4331,1797629.372,Barge,4600,,,,,,AEA,,False,1998-06-24,2022-12-21T03:55:03Z,CHEFORNAK,true,false,false,667.11,,2025
358,{39BED115-6EC9-4598-8396-F20395351B98},379,,126-BF-01,ANC-C-003,,,{A446B551-74BE-4F56-B131-523C342C41BA},Chefornak,"Naterkaq Light Plant, Chefornak",,,60.15756652,-164.282457,-566590.3173,1173879.946,Barge,76840,,76840,,,1,USCG,,True,2011-07-22,2022-12-21T03:55:03Z,CHEFORNAK,true,false,false,0.0,,2025
359,{D259579F-391E-4012-8B57-3FBC580FC61B},380,372,126-BF-02,,,,{05CB5D5F-15BA-4574-8F40-04CAFA9B5770},Chenega,Chenega Bay Maintenance Station,,99574,60.0781,-147.9974,332438.541,1136062.534,Barge,7400,,7400,,,3,DEC,,False,,2022-12-21T03:55:03Z,CHENEGA,true,false,false,0.0,,2025
360,{4F217687-58E4-41F1-BC02-DE4F52EDB4EC},381,882,126-BF-18,,,,{05CB5D5F-15BA-4574-8F40-04CAFA9B5770},Chenega,Prince William Sound Aquaculture Corporation - Armin Koernig,,99574,60.050643,-148.067744,328828.3157,1132659.985,Barge,24200,2200,22000,,,5,DEC,,False,,2022-12-21T03:55:03Z,CHENEGA,true,false,false,0.0,,2025
361,{62CC57DA-769A-48CA-AC8A-2338BE283096},382,965,126-BF-09,,,,{05CB5D5F-15BA-4574-8F40-04CAFA9B5770},Chenega,Chugach School District - Chenega Bay,,99674,60.065534,-148.012479,331734.6314,1134600.625,Barge,10000,,10000,,,1,DEC,,False,,2022-12-21T03:55:03Z,CHENEGA,true,false,false,0.0,,2025
362,{4DB9B26B-6708-445E-8807-973AB9424037},383,,126-BF-16,,89,615,{05CB5D5F-15BA-4574-8F40-04CAFA9B5770},Chenega,"Chugach School District | 9312 Vanguard Drive, Suite 100 | Anchorage, Alaska 99507",,,60.06591421,-148.0120086,331752.4073,1134629.647,Barge,2000,,,,,,AEA,,False,2000-10-12,2022-12-21T03:55:03Z,CHENEGA,true,false,false,0.0,,2025
363,{8A61B008-E3EC-4C08-8075-DDF79CCEE7F8},384,,,,87,992,{05CB5D5F-15BA-4574-8F40-04CAFA9B5770},Chenega,Chenega Bay IRA Council,,,60.06552071,-148.0098333,331878.1163,1134593.038,Barge,60000,,,,,,AEA,,False,2000-10-12,2022-12-21T03:55:03Z,CHENEGA,true,false,false,0.0,,2025
364,{21834ECF-DD77-4715-AAE4-CF990659EA4F},385,,126-BF-03,,88,993,{05CB5D5F-15BA-4574-8F40-04CAFA9B5770},Chenega,"Chugach School District9312 Vanguard Drive, Suite 100Anchorage, Alaska 99507",,,60.06562109,-148.0127328,331717.7694,1134599.101,Barge,10000,,,,,,AEA,,False,2000-10-12,2022-12-21T03:55:03Z,CHENEGA,true,false,false,0.0,,2025
365,{8C28EF0F-18CD-407E-8002-921191C21ED1},386,395,126-BF-17,,,,{8ECE306F-1205-474A-AF5D-5A82326AFDD3},Chevak,Chevak Airport Maintenance Station,,99563,61.5367,-165.6015,-611771.7722,1337732.252,Road,2000,,2000,,,2,DEC,,False,,2022-12-21T03:55:03Z,CHEVAK,false,false,true,0.02,,2025
366,{03C1AF71-A09C-47AD-9B97-6661F8E87833},387,908,,ANC-C-004,,,{8ECE306F-1205-474A-AF5D-5A82326AFDD3},Chevak,Alaska Village Electric Cooperative - Chevak,General Delivery,99563,61.525348,-165.590571,-611421.9908,1336381.281,,329000,,329000,,,7,DEC,,True,1997-09-16,2022-12-21T03:55:03Z,CHEVAK,,,,0.0,,2025
367,{AAB3F5C1-2AD5-4A34-BB01-B155229C18D5},388,962,,ANC-C-007,,,{8ECE306F-1205-474A-AF5D-5A82326AFDD3},Chevak,Kashunamiut School District - Chevak,985 KSD Way,99563,61.532188,-165.584571,-610974.6107,1337092.598,Barge,130000,,130000,,,5,DEC,,True,2007-06-06,2022-12-21T03:55:03Z,CHEVAK,true,false,false,0.0,,2025
368,{3422CFAB-36FA-4948-819D-BF43C5EBA6EE},389,,,,530,29,{8ECE306F-1205-474A-AF5D-5A82326AFDD3},Chevak,City of Chevak,,,61.52809417,-165.5861958,-611139.2101,1336643.344,Barge,27000,,27000,,,1,AEA,,False,1997-09-16,2022-12-21T03:55:03Z,CHEVAK,true,false,false,0.0,,2025
369,{57802F02-1FE2-4D07-A325-DC027155B116},390,,,ANC-C-005,532,31,{8ECE306F-1205-474A-AF5D-5A82326AFDD3},Chevak,Chevak Company Corp. Store,,,61.52773614,-165.5895432,-611318.4027,1336633.344,Barge,195840,50000,150000,,,1,AEA,,True,1997-09-16,2022-12-21T03:55:03Z,CHEVAK,true,false,false,0.0,,2025
370,{485090BC-7E66-492A-A558-7CD6303CC673},391,,,,535,32,{8ECE306F-1205-474A-AF5D-5A82326AFDD3},Chevak,Chevak Company Corporation (beach),,,61.5285545,-165.5847152,-611050.8818,1336697.09,Barge,46000,,,,,,AEA,,False,1997-09-16,2022-12-21T03:55:03Z,CHEVAK,true,false,false,0.0,,2025
371,{7170A605-FFC2-47EF-AEDC-440948DAFE5D},392,,,,536,33,{8ECE306F-1205-474A-AF5D-5A82326AFDD3},Chevak,"Chevak Traditional Council | 140 Aurora Street | Chevak, AK 99563",,,61.52917848,-165.586346,-611121.8859,1336778.918,Barge,2600,,,,,,AEA,,False,1997-09-16,2022-12-21T03:55:03Z,CHEVAK,true,false,false,0.0,,2025
372,{C0223FF5-B95B-4CF2-80C4-FB5DCC124ADC},393,,,,533,540,{8ECE306F-1205-474A-AF5D-5A82326AFDD3},Chevak,Wayne Hill Company Store,,,61.52741902,-165.5854448,-611108.446,1336575.54,Barge,28000,,,,,,AEA,,False,1997-09-16,2022-12-21T03:55:03Z,CHEVAK,true,false,false,0.0,,2025
373,{C558007A-A0AB-4C4D-A836-9CA4EA3BD493},394,,120-BF-02,,377,537,{8ECE306F-1205-474A-AF5D-5A82326AFDD3},Chevak,Alaska Army National Guard,,,65.33271165,-166.4942242,-579014.1444,1762765.314,Barge,4750,,,,,,AEA,,False,1996-09-20,2022-12-21T03:55:03Z,CHEVAK,true,false,false,426.26,,2025
374,{A36D0D2B-DD3E-4F4D-82C7-556B48F7B05E},396,,,,529,870,{8ECE306F-1205-474A-AF5D-5A82326AFDD3},Chevak,Chevak Traditional Council,,,61.52916825,-165.586067,-611105.953,1336776.11,Barge,10000,,,,,,AEA,,False,1997-09-16,2022-12-21T03:55:03Z,CHEVAK,true,false,false,0.0,,2025
375,{B4D6D584-2183-46FA-A49A-8007A9A27B9B},397,307,,,,,{0C46910A-CF22-422A-A69E-499EC6219D46},Chicken,DOT&PF Chicken APT,Milepost 66 Taylor Highway,99732,64.0676,-141.948978,584170.6434,1620183.542,Road,2000,1000,1000,,,2,DEC,,False,,2022-12-21T03:55:03Z,CHICKEN,false,false,true,0.0,,2025
376,{62EAA10A-C62B-41F4-914C-0D161B46FE25},398,313,,,,,{0C46910A-CF22-422A-A69E-499EC6219D46},Chicken,DOT&PF Southfork MS,Milepost 74.5 Taylor Highway,99732,64.050472,-141.785553,592353.5208,1619741.229,Road,8000,1000,7000,,,4,DEC,,False,,2022-12-21T03:55:03Z,CHICKEN,false,false,true,0.0,,2025
377,{B5E90817-D98F-4DBE-8C24-C42163277CEA},399,885,,ANC-C-012,,,{99F023D0-9290-48CE-8E68-5683A57192DC},Chignik,Trident - Chignik Bay,101 Airport Road,99564,56.29452,-158.403439,-272027.4189,707373.7279,Barge,181500,32000,149500,,,7,DEC,,True,,2022-12-21T03:55:03Z,CHIGNIK,true,false,false,0.0,,2025
378,{E28836DE-2C57-40A3-B75C-FB7EB08D38C3},400,1199,130-BF-04,,,,{99F023D0-9290-48CE-8E68-5683A57192DC},Chignik,Lake and Peninsula School District - Chignik Bay,"USS 4896, Block 5, Lots 4 and 5",99564,56.29296,-158.40581,-272188.3984,707227.5245,Barge,20000,,20000,,,2,DEC,,False,,2022-12-21T03:55:03Z,CHIGNIK,true,false,false,0.0,,2025
379,{B2CB3063-B2FF-4B00-8451-105642A700DD},401,,,,890,505,{99F023D0-9290-48CE-8E68-5683A57192DC},Chignik,"NorQuest Seafoods Inc. | 1705 Tongass Ave.,",,,56.29414233,-158.4023196,-271962.3533,707328.4786,Barge,185500,,,,,,AEA,,False,1999-12-16,2022-12-21T03:55:03Z,CHIGNIK,true,false,false,0.0,,2025
380,{C5F4D4C2-7256-4841-A844-75F247DB7AEB},402,,,,891,601,{99F023D0-9290-48CE-8E68-5683A57192DC},Chignik,"Chignik Bay Village Council | P. O. Box 11 | Chignik, AK 99564",,,56.29229663,-158.4067828,-272254.5084,707143.237,Barge,43000,,,,,,AEA,,False,1999-12-16,2022-12-21T03:55:03Z,CHIGNIK,true,false,false,0.0,,2025
381,{9232BC22-0B6C-423A-B37B-CD4B2A279126},403,,130-BF-01,,895,798,{99F023D0-9290-48CE-8E68-5683A57192DC},Chignik,Native Village of Chignik Power Plant,,,56.29237403,-158.4070376,-272264.4501,707164.3624,Barge,5000,,,,,,AEA,,False,1999-12-16,2022-12-21T03:55:03Z,CHIGNIK,true,false,false,0.0,,2025
382,{B2D66571-9AF4-41D6-B083-AB1294B64E39},404,83,,ANC-C-010,,,{5FBF89C8-6F1F-4610-B81F-18286B0993C8},Chignik Lagoon,Chignik Lagoon Village Council,100 Bulk Fuel Road,99565,56.311484,-158.536359,-280101.2668,709821.3302,Barge,75500,17500,45000,13000,,5,DEC,,True,1996-08-08,2022-12-21T03:55:03Z,CHIGNIK LAGOON,true,false,false,0.0,,2025
383,{12A13951-6E36-475D-8947-BB0A95EB953D},405,540,,,,,{5FBF89C8-6F1F-4610-B81F-18286B0993C8},Chignik Lagoon,State of Alaska Department of Fish and Game - Chignik River,,99548,56.26295,-158.70535,-290899.7801,705135.9631,Barge,3200,1200,2000,,,2,DEC,,False,,2022-12-21T03:55:03Z,CHIGNIK LAGOON,true,false,false,8.71,,2025
384,{A83E2FB7-E147-4DD4-BD40-5D5698C340FA},406,1200,,,,,{5FBF89C8-6F1F-4610-B81F-18286B0993C8},Chignik Lagoon,Lake and Peninsula School District - Chignik Lagoon,PO Box 50,99565,56.308375,-158.537202,-280171.0473,709464.5065,Barge,25000,,25000,,,4,DEC,,False,,2022-12-21T03:55:03Z,CHIGNIK LAGOON,true,false,false,0.0,,2025
385,{C1777E18-0538-46D5-9FD1-1AB070AA933F},407,,,,897,802,{5FBF89C8-6F1F-4610-B81F-18286B0993C8},Chignik Lagoon,Algot Anderson's residence,,,56.31044022,-158.5356683,-280060.2471,709702.5398,Barge,4000,,,,,,AEA,,False,1996-08-09,2022-12-21T03:55:03Z,CHIGNIK LAGOON,true,false,false,0.0,,2025
386,{0D44C3AF-5DC1-4518-BBEA-FB3F0C68D860},408,,,,898,803,{5FBF89C8-6F1F-4610-B81F-18286B0993C8},Chignik Lagoon,Viola Grunette's residence,,,56.31044022,-158.5356683,-280060.2471,709702.5398,Barge,1600,,,,,,AEA,,False,1996-08-09,2022-12-21T03:55:03Z,CHIGNIK LAGOON,true,false,false,0.0,,2025
387,{2B1BB9DC-F56A-461B-A9C9-0BD7DCA2E0E5},409,,,,899,804,{5FBF89C8-6F1F-4610-B81F-18286B0993C8},Chignik Lagoon,Alfred Aboud's residence,,,56.31044022,-158.5356683,-280060.2471,709702.5398,Barge,2500,,,,,,AEA,,False,1996-08-09,2022-12-21T03:55:03Z,CHIGNIK LAGOON,true,false,false,0.0,,2025
388,{1E6B3861-0BB7-44C5-B50C-1F7046320EAE},410,,,,900,805,{5FBF89C8-6F1F-4610-B81F-18286B0993C8},Chignik Lagoon,Unknown Private tank farm.,,,56.31044022,-158.5356683,-280060.2471,709702.5398,Barge,2750,,,,,,AEA,,False,1996-08-09,2022-12-21T03:55:03Z,CHIGNIK LAGOON,true,false,false,0.0,,2025
389,{C1CE1A5B-F613-4687-9FF3-B36494EFC3AC},411,,,,906,799,{5FBF89C8-6F1F-4610-B81F-18286B0993C8},Chignik Lagoon,Al Anderson,,,56.31044022,-158.5356575,-280060.2471,709702.5398,Barge,7250,,,,,,AEA,,False,1996-08-09,2022-12-21T03:55:03Z,CHIGNIK LAGOON,true,false,false,0.0,,2025
390,{72CC1CF3-EBE3-4E3B-9B08-97203635FA45},412,,,,907,800,{5FBF89C8-6F1F-4610-B81F-18286B0993C8},Chignik Lagoon,Al Anderson's residence,,,56.31044022,-158.5356575,-280060.2471,709702.5398,Barge,5600,,,,,,AEA,,False,1996-08-09,2022-12-21T03:55:03Z,CHIGNIK LAGOON,true,false,false,0.0,,2025
391,{71B2729A-1D1D-4425-A8C9-0B2EE92A5A23},413,,,,908,801,{5FBF89C8-6F1F-4610-B81F-18286B0993C8},Chignik Lagoon,Jeff Moore's residence,,,56.31044022,-158.5356575,-280060.2471,709702.5398,Barge,3700,,,,,,AEA,,False,1996-08-09,2022-12-21T03:55:03Z,CHIGNIK LAGOON,true,false,false,0.0,,2025
392,{5E372C3D-3EF8-4DF7-832F-612BE448C469},414,1201,134-BF-05,,,,{F821657B-F119-4950-BB18-F827B06C680C},Chignik Lake,Lake and Peninsula School District - Chignik Lake,300 School Road,99548,56.253686,-158.764985,-294657.0705,704380.776,Road,25100,,25100,,,4,DEC,,False,1996-11-06,2022-12-21T03:55:03Z,CHIGNIK LAKE,false,false,true,0.0,,2025
393,{ED80EB74-DD45-4CF1-AF10-93AF97EA137C},415,,,,909,140,{F821657B-F119-4950-BB18-F827B06C680C},Chignik Lake,"Chignik Lake Village Council | P. O. Box 33 | Chignik Lake, AK 99548",,,56.2529448,-158.7634195,-294565.4489,704285.4829,Barge,42300,,,,,,AEA,,False,1996-08-07,2022-12-21T03:55:03Z,CHIGNIK LAKE,true,false,false,0.0,,2025
394,{3A7D8FB2-40D2-426B-B2CA-0708168B90C1},416,,134-BF-02,,911,604,{F821657B-F119-4950-BB18-F827B06C680C},Chignik Lake,Tide Mark Company,,,56.25294629,-158.7634195,-294565.4489,704285.4829,Barge,14500,,,,,,AEA,,False,1996-08-07,2022-12-21T03:55:03Z,CHIGNIK LAKE,true,false,false,0.0,,2025
395,{142D8A26-7B1C-468A-9C61-A1395DAFB343},418,499,134-BF-03,,,,{9C0DF89A-A248-470E-82A5-F25ED75A098A},Chiniak,Kodiak Island Borough School District - Chiniak,42650 Chiniak Way,99615,57.613544,-152.234361,105228.8388,846955.7788,Road,3000,,3000,,,1,DEC,,False,,2022-12-21T03:55:03Z,CHINIAK,false,false,true,0.0,,2025
396,{8FC5ECEA-A6F5-475B-977C-54D1FBDC9365},419,623,134-BF-04,,,,{72692AC5-B991-4B3E-A2AD-8EA498D7AF48},Chistochina,Alaska Power & Telephone - Chistochina Power Generation Plant,,99726,62.57,-144.67,476696.3506,1433260.031,Road,3000,,3000,,,1,DEC,,False,,2022-12-21T03:55:03Z,CHISTOCHINA,false,false,true,0.0,,2025
397,{6F0B4405-777D-4F6C-A85C-D26FEB5C8373},420,300,134-BF-01,,,,{5CD6634F-015C-4D3A-8F00-755FB6A3D186},Chitina,DOT&PF Chitina MS,Milepost 33 Edgerton Highway,99566,61.583261,-144.433381,504541.128,1325778.004,Road,7200,2500,4700,,,4,DEC,,False,,2022-12-21T03:55:03Z,CHITINA,false,false,true,0.0,,2025
398,{A6CB6477-FB04-4004-957A-50D44B89565D},421,401,,,,,{493BC9A8-7869-476D-9319-B88C76EB388A},Chuathbaluk,Chuathbaluk Airport Maintenance Station,,99557,61.5789,-159.2262,-276337.9727,1299762.468,Road,2000,,2000,,,2,DEC,,False,,2022-12-21T03:55:03Z,CHUATHBALUK,false,false,true,0.0,,2025
399,{DF089F3D-FF57-46E4-926F-17F5878F0CE9},422,963,,,,,{493BC9A8-7869-476D-9319-B88C76EB388A},Chuathbaluk,Chuathbaluk Tank Farm - City of Chuathbaluk,PO Box CHU,99557,61.570905,-159.241913,-277236.1678,1298936.403,Barge,16000,16000,,,,2,DEC,,False,,2022-12-21T03:55:03Z,CHUATHBALUK,true,false,false,0.0,,2025
400,{E06E92CB-E637-4120-967B-1F567B0B9489},423,964,,ANC-C-016,,,{493BC9A8-7869-476D-9319-B88C76EB388A},Chuathbaluk,Chuathbaluk Tank Farm - Middle Kuskokwim Electric Cooperative,,99557,61.570868,-159.242119,-277249.0532,1298937.423,Barge,17000,5000,12000,,,2,DEC,,True,,2022-12-21T03:55:03Z,CHUATHBALUK,true,false,false,0.0,,2025
401,{666AF2B3-097B-4007-AC06-0BEC7A92A08C},424,1161,,,,,{493BC9A8-7869-476D-9319-B88C76EB388A},Chuathbaluk,Kuspuk School District - Chuathbaluk,PO Box CHU,99557,61.573646,-159.249603,-277614.0416,1299281.295,Barge,21000,,21000,,,2,DEC,,False,,2022-12-21T03:55:03Z,CHUATHBALUK,true,false,false,0.0,,2025
402,{199DCD38-B4D0-4C40-B569-F661EB0257D1},425,,,ANC-C-014,90,142,{493BC9A8-7869-476D-9319-B88C76EB388A},Chuathbaluk,City of Chuathbaluk,,,61.57191054,-159.2467362,-277482.035,1299065.418,Barge,17100,16000,16000,,,2,AEA,,True,1998-07-20,2022-12-21T03:55:03Z,CHUATHBALUK,true,false,false,0.0,,2025
403,{B5D70A47-AC0D-44DA-80B7-98684B3A142F},426,,138-BF-01,,92,297,{493BC9A8-7869-476D-9319-B88C76EB388A},Chuathbaluk,Middle Kuskokwim Electric Cooperative,,,61.57534771,-159.2392046,-277055.6949,1299415.144,Barge,6200,,,,,,AEA,,False,1998-07-23,2022-12-21T03:55:03Z,CHUATHBALUK,true,false,false,0.0,,2025
404,{5CEED9A4-3489-41F3-BE24-92F9FC2039C0},429,,138-BF-04,,,,{493BC9A8-7869-476D-9319-B88C76EB388A},Chuathbaluk,Nelson Brothers,,,61.57179817,-159.2464251,-277465.9288,1299064.143,Barge,,,,,,,USCG,,False,2008-06-09,2022-12-21T03:55:03Z,CHUATHBALUK,true,false,false,0.0,,2025
405,{B47BDC9C-D98B-4416-91A6-F1A5A1A96B4D},430,368,138-BF-05,,,,{E1126274-8E5A-4696-914E-4CBC91C33643},Chugiak,AK DOT&PF Birchwood Maintenance Station,20651 Birchwood Spur Road,99567,61.421577,-149.497038,239352.809,1279417.179,Road,4000,,4000,,,1,DEC,,False,,2022-12-21T03:55:03Z,CHUGIAK,false,false,true,,,2025
406,{DC1660F8-7010-4048-8650-DFA40389687F},431,1013,,,,,{98B27D83-9E27-4EE6-A6AB-CEED07523629},Circle,Yukon Flats School District - Circle,Mile 161 Steese Highway,99701,65.826664,-144.066804,453137.7977,1797111.042,Road,7000,,7000,,,2,DEC,,False,,2022-12-21T03:55:03Z,CIRCLE,false,false,true,0.0,,2025
407,{60E9F7B5-8A63-4781-81E6-69A693BAD37D},432,110,,,,,{16FFACBB-CCBD-4A00-829F-F89904105FD5},Clark's Point,Southwest Region School District - Clarks Point,1 School Road,99576,58.836247,-158.544473,-261324.548,991122.9873,Barge,12000,,12000,,,1,DEC,,False,1996-10-21,2022-12-21T03:55:03Z,CLARKS POINT,true,false,false,0.0,community_name,2025
408,{4BEF8811-2274-4D00-AC1C-998D040903CB},433,402,,,,,{16FFACBB-CCBD-4A00-829F-F89904105FD5},Clark's Point,Clarks Point Airport Maintenance Station,,99569,58.8369,-158.5293,-260447.3317,991131.3501,Barge,2000,,2000,,,2,DEC,,False,,2022-12-21T03:55:03Z,CLARKS POINT,true,false,false,0.0,community_name,2025
409,{DC7AB0D0-85E7-4037-A97D-5136255831FA},434,,139-BF-02,,769,840,{16FFACBB-CCBD-4A00-829F-F89904105FD5},Clark's Point,Trident Seafoods,,,58.84131751,-158.5537862,-261815.3586,991717.4132,Barge,10000,,,,,,AEA,,False,1996-10-21,2022-12-21T03:55:03Z,CLARKS POINT,true,false,false,0.0,,2025
410,{563BB483-9F52-411F-98B6-114988EB26AF},436,,139-BF-07,ANC-C-018,770,841,{16FFACBB-CCBD-4A00-829F-F89904105FD5},Clark's Point,City of Clarks Point | City office/Post Office,,,58.83485668,-158.547697,-261514.0015,990978.6927,Barge,1000,,,,,,AEA,,True,1996-10-21,2022-12-21T03:55:03Z,CLARKS POINT,true,false,false,0.0,,2025
411,{9BA9AAC2-A297-4D86-BA33-73597A255D86},437,,,,771,842,{16FFACBB-CCBD-4A00-829F-F89904105FD5},Clark's Point,City of Clark's Point,,,58.83576607,-158.5564146,-262011.1481,991122.2373,Barge,22600,16000,20000,,,2,AEA,,False,1996-10-21,2022-12-21T03:55:03Z,CLARKS POINT,true,false,false,0.0,,2025
412,{33FD53A5-78B9-4370-85C6-63EDE4FE8184},439,,139-BF-04,,774,845,{16FFACBB-CCBD-4A00-829F-F89904105FD5},Clark's Point,City of Clark's Point | Power Plant,,,58.83531761,-158.5559495,-261987.323,991059.0538,Barge,10200,,,,,,AEA,,False,1996-10-21,2022-12-21T03:55:03Z,CLARKS POINT,true,false,false,0.0,,2025
413,{18D63502-F027-4AAB-BF07-46290071FFC6},440,262,,,,,{EDA4CF54-30B2-4BD0-9587-8C4C2B8F39D3},Clear,Clear Air Force Station,200 A Street Stop 500,99704,64.292893,-149.167801,233495.5021,1600674.488,Road,16000,16000,,,,2,DEC,,False,,2022-12-21T03:55:03Z,CLEAR,false,false,true,,,2025
414,{91739D6D-423C-492C-8F39-4D7FD6DC114F},441,426,139-BF-09,,,,{1F684F46-814E-4675-B09B-A8449105B5E9},Coffman Cove,Coffman Cove DOT&PF Maintenance Station,113 Kodiak Drive,99918,56.0149215,-132.8293678,1296536.254,875601.464,Road,4000,,4000,,,2,DEC,,False,,2022-12-21T03:55:03Z,COFFMAN COVE,false,false,true,0.0,,2025
415,{8BB67B9D-C0EA-4475-BE85-76933EAE09C2},442,624,,,,,{1F684F46-814E-4675-B09B-A8449105B5E9},Coffman Cove,Alaska Power & Telephone - Coffman Cove Power Generation Plant,104 Northeast Coho Drive,99918,56.02,-132.83,1296311.671,876136.3866,Road,6000,,6000,,,1,DEC,,False,,2022-12-21T03:55:03Z,COFFMAN COVE,false,false,true,0.0,,2025
416,{26336E7B-4494-4624-B15D-14BC073F0E91},443,1217,141-BF-05,,,,{1F684F46-814E-4675-B09B-A8449105B5E9},Coffman Cove,Southeast Island School District - Coffman Cove,102 Northwest Fairbanks Avenue,99918,56.013856,-132.827763,1296664.248,875529.065,Road,2000,,2000,,,1,DEC,,False,2015-04-14,2022-12-21T03:55:03Z,COFFMAN COVE,false,false,true,0.0,,2025
417,{9C729250-0809-4D28-8591-7130D402279B},444,,141-BF-06,,3,727,{1F684F46-814E-4675-B09B-A8449105B5E9},Coffman Cove,"Louisiana Pacific Ketchikan PulpCoffman Cove, AK 99918",,,56.01096317,-132.8307075,1296585.421,875173.4508,Road,45842,,,,,,AEA,2015 Assessment,False,1996-07-24,2022-12-21T03:55:03Z,COFFMAN COVE,false,false,true,0.0,,2025
418,{D54CE33A-6C0C-486B-ABA1-2034B64E891D},445,,,,5,729,{1F684F46-814E-4675-B09B-A8449105B5E9},Coffman Cove,R&R Fuels,,,56.01426331,-132.8284598,1296615.347,875555.9162,Road,5000,5000,0,,,2,AEA,2015 Assessment,False,2015-04-14,2022-12-21T03:55:03Z,COFFMAN COVE,false,false,true,0.0,,2025
419,{4B0AE969-B2AA-4C9A-8CDC-8C82BEB37F87},446,21,,,,,{E5A46A8B-30C9-4FDF-A19D-A6A96277A26C},Cold Bay,Cold Bay FOL,Cold Bay Airport Lot 6A,99571,55.202968,-162.719201,-553417.3392,613084.1753,Road,4000,,4000,,,2,DEC,,False,,2022-12-21T03:55:03Z,COLD BAY,false,false,true,0.0,,2025
420,{DE28396A-DEE2-44C9-B2DA-6D1A8CF2EFCE},447,139,,,,,{E5A46A8B-30C9-4FDF-A19D-A6A96277A26C},Cold Bay,Aleutians East Borough School District - Cold Bay,PO Box 67,99571,55.204632,-162.719734,-553425.3093,613290.8984,Road,8000,,8000,,,2,DEC,,False,2015-05-15,2022-12-21T03:55:03Z,COLD BAY,false,false,true,0.0,,2025
421,{EAEFD0BA-2E87-4EE1-AE9D-B356943D2788},448,440,,,,,{E5A46A8B-30C9-4FDF-A19D-A6A96277A26C},Cold Bay,AK DOT&PF Cold Bay,,99571,55.203889,-162.72,-553448.432,613204.8279,Road,10000,1000,9000,,,6,DEC,,False,,2022-12-21T03:55:03Z,COLD BAY,false,false,true,0.0,,2025
422,{8953AD58-33A2-4CD1-9E57-4E6D032987BA},449,769,,,,,{E5A46A8B-30C9-4FDF-A19D-A6A96277A26C},Cold Bay,AT&T - Cold Bay,3.5 Mile St. Louis Road,99571,,,-553579.2795,613756.8589,Road,1000,,1000,,,1,DEC,,False,,2022-12-21T05:01:56Z,COLD BAY,false,false,true,,,2025
423,{A203032F-1412-4EF3-918D-A214669EF4B4},450,1052,,,,,{E5A46A8B-30C9-4FDF-A19D-A6A96277A26C},Cold Bay,Federal Aviation Administration - Cold Bay - CDB BLDG,,99571,55.20515,-162.7244,-553716.5319,613370.5019,Road,1000,,1000,,,1,DEC,,False,,2022-12-21T03:55:03Z,COLD BAY,false,false,true,0.0,,2025
424,{5F66D6A9-1B61-40A5-B639-1546DF189A85},451,1053,,,,,{E5A46A8B-30C9-4FDF-A19D-A6A96277A26C},Cold Bay,Federal Aviation Administration - Cold Bay - CDB Shop,,99571,55.20526,-162.7245,-553716.8221,613397.9633,Road,1000,,1000,,,1,DEC,,False,,2022-12-21T03:55:03Z,COLD BAY,false,false,true,0.0,,2025
425,{919294F2-5937-4637-AEAB-851700C75F7A},452,,,,924,683,{E5A46A8B-30C9-4FDF-A19D-A6A96277A26C},Cold Bay,G & K Electric Inc.,,,55.20590341,-162.7164092,-553192.724,613390.4475,Road,12500,,12500,,,1,AEA,2015 Assessment,False,2015-05-15,2022-12-21T03:55:03Z,COLD BAY,false,false,true,0.0,,2025
426,{4A8981F9-BC70-4F6B-8692-1C3091AC9F2A},453,,141-BF-03,,1064,997,{E5A46A8B-30C9-4FDF-A19D-A6A96277A26C},Cold Bay,Aleutians East Borough,,,55.20251244,-162.7199742,-553468.8987,613049.8499,Road,3500,,3500,,,1,AEA,2015 Assessment,False,2015-05-15,2022-12-21T03:55:03Z,COLD BAY,false,false,true,0.0,,2025
427,{21EE8D6B-9546-4920-A291-30B520F15B15},454,267,,,,,{1210EAEB-20DF-40DD-8BAB-A09C48AE9887},Coldfoot,DOT&PF Coldfoot MS,Milepost 175 Dalton Highway,99701,67.255158,-150.186828,165393.3928,1926668.842,Road,15500,10000,5500,,,3,DEC,,False,,2022-12-21T03:55:03Z,COLDFOOT,false,false,true,0.0,,2025
428,{AEC3F544-FBA6-450A-BA4E-FC337AFB6FCA},455,770,,,,,{1210EAEB-20DF-40DD-8BAB-A09C48AE9887},Coldfoot,AT&T - Coldfoot - Microwave Repeater,Mile 175 Dalton Highway,99701,67.278,-150.269,161692.059,1928987.564,Plane,5000,,5000,,,2,DEC,,False,,2022-12-21T03:55:03Z,COLDFOOT,false,true,false,3.36,,2025
429,{D0D325AD-A296-437B-9213-8A2FD2F3621D},456,772,,,,,{1210EAEB-20DF-40DD-8BAB-A09C48AE9887},Coldfoot,AT&T - Coldtood - ILA Site,"Mile 175.02 Dalton Highway, east side",99709,67.278080,-150.268770,161699.986,1928988.01,Road,4000,,4000,,,1,DEC,,False,,2022-12-21T04:39:10Z,COLDFOOT,false,false,true,3.36,latitude;longitude,2025
430,{9D76FA1D-AF1E-40E9-8EA2-47C4C9B0D071},457,375,,,,,{CB929A5F-AF01-4DE3-8855-87193B97F75F},Cooper Landing,Quartz Creek Highway Station,35340 Quartz Creek Road,99572,60.4816557,-149.7237476,234085.8453,1173702.841,Road,6000,,6000,,,2,DEC,,False,,2022-12-21T03:55:03Z,COOPER LANDING,false,false,true,0.0,,2025
431,{7786B49A-CFD5-4175-B3BC-4F71C71275F3},458,1175,,,,,{609CFD2F-EC75-4F32-BDD7-C33D0C9FECE2},Copper Center,National Park Service - Wrangell-St. Elias,Mile 106.8 Richardson Highway,99573,62.020605,-145.36342,449442.2112,1367553.316,Road,18100,1000,10100,7000,,14,DEC,,False,,2022-12-21T03:55:03Z,COPPER CENTER,false,false,true,0.42,,2025
432,{CE3676FB-5E29-4BA0-ABC8-A95B8EA061B0},459,24,146-BF-08,,,,{3921BE55-50DD-4433-8958-D5D2F2D001AE},Cordova,"AVSUPFAC Cordova, AK",Mile 13 Copper River Hwy,99574,60.496576,-145.480225,465202.6943,1197724.06,Plane,23500,,13500,10000,,4,DEC,,False,,2022-12-21T03:55:03Z,CORDOVA,false,true,false,0.0,,2025
433,{72365B62-C5FD-4862-96DB-CC1CB42EF93F},460,77,,,,,{3921BE55-50DD-4433-8958-D5D2F2D001AE},Cordova,Ocean Beauty Seafoods LLC - Cordova,313 Seafood Lane,99574,60.5520518,-145.7594324,449271.4858,1201951.16,Road,7500,,7500,,,2,DEC,,False,,2022-12-21T03:55:03Z,CORDOVA,false,false,true,0.0,,2025
434,{71EC5B24-7855-441C-A05D-9F2E5682E052},461,126,,,,,{3921BE55-50DD-4433-8958-D5D2F2D001AE},Cordova,Mt. Eccles Elementary,275 Second Avenue,99574,60.543611,-145.757778,449480.7994,1201027.907,Road,5200,,5200,,,1,DEC,,False,,2022-12-21T03:55:03Z,CORDOVA,false,false,true,0.0,,2025
435,{991585AC-A293-4D46-8026-D8384688F8F0},462,127,146-BF-03,,,,{3921BE55-50DD-4433-8958-D5D2F2D001AE},Cordova,Cordova Jr./Sr. High School,100 Fisherman Avenue,99574,60.540278,-145.758889,449461.8894,1200640.299,Road,3000,,3000,,,1,DEC,,False,,2022-12-21T03:55:03Z,CORDOVA,false,false,true,0.0,,2025
436,{287A73F4-6B01-4BC5-9764-647FA3359303},463,195,146-BF-07,,,,{3921BE55-50DD-4433-8958-D5D2F2D001AE},Cordova,City of Cordova,601 First Street,99574,60.5445116,-145.7583011,449436.7008,1201111.838,Road,2000,,2000,,,1,DEC,,False,,2022-12-21T03:55:03Z,CORDOVA,false,false,true,0.0,,2025
437,{A582CD1B-2461-42BC-AD24-4957D48F8D0C},464,880,148-BF-04,,,,{3921BE55-50DD-4433-8958-D5D2F2D001AE},Cordova,Prince William Sound Aquaculture Corporation - Cannery Creek,,99574,61.018044,-147.516204,348762.0784,1243201.511,Barge,32500,2500,30000,,,4,DEC,,False,,2022-12-21T03:55:03Z,CORDOVA,true,false,false,106.59,,2025
438,{5C4B0813-680E-47D6-A697-FE76F3230475},465,881,148-BF-07,,,,{3921BE55-50DD-4433-8958-D5D2F2D001AE},Cordova,Prince William Sound Aquaculture Corporation - Main Bay,,99574,60.519637,-148.093326,322752.0515,1184779.022,Barge,12200,2200,10000,,,3,DEC,,False,,2022-12-21T03:55:03Z,CORDOVA,true,false,false,122.0,,2025
439,{1FF7A1D5-A8B5-49A0-BF91-D7BC0D3F5FB3},466,884,148-BF-03,,,,{3921BE55-50DD-4433-8958-D5D2F2D001AE},Cordova,Prince William Sound Aquaculture Corporation - Wally Noerenberg,,99574,60.799221,-148.08927,320191.9381,1215947.445,Barge,13100,3100,10000,,,3,DEC,,False,,2022-12-21T03:55:03Z,CORDOVA,true,false,false,125.68,,2025
440,{AD383347-C78A-4F0E-84E7-0A07975B206C},467,886,,,,,{3921BE55-50DD-4433-8958-D5D2F2D001AE},Cordova,Trident - Cordova,301 Jim Poor Avenue,99574,60.548976,-145.764208,449054.7089,1201559.522,Road,7000,,7000,,,4,DEC,,False,,2022-12-21T03:55:03Z,CORDOVA,false,false,true,0.0,,2025
441,{73FD0062-5B5A-4BB4-A9C6-33FD2843A69A},468,894,,,,,{3921BE55-50DD-4433-8958-D5D2F2D001AE},Cordova,Alaska Commercial Company - Cordova,106 Nickoloff Way,99574,60.542638,-145.763783,449163.1742,1200878.227,Road,1100,,1100,,,1,DEC,,False,,2022-12-21T03:55:03Z,CORDOVA,false,false,true,0.0,,2025
442,{D7CDBBEC-A81A-4C94-965B-2B315201ED4A},469,984,146-BF-04,,,,{3921BE55-50DD-4433-8958-D5D2F2D001AE},Cordova,Cordova Electric Cooperative,PO Box 20,99574,60.544641,-145.757214,449493.7682,1201139.596,Road,2000,,2000,,,2,DEC,,False,,2022-12-21T03:55:03Z,CORDOVA,false,false,true,0.0,,2025
443,{A01AEC49-0662-40CE-84C2-FF4805EE2D8D},470,1054,146-BF-05,,,,{3921BE55-50DD-4433-8958-D5D2F2D001AE},Cordova,Federal Aviation Administration - Cordova - CDV BLDG,,99574,60.49178,-145.4775,465420.8587,1197208.444,Road,1000,,1000,,,1,DEC,,False,,2022-12-21T03:55:03Z,CORDOVA,false,false,true,0.0,,2025
444,{CDF44668-FCE1-412E-9AED-B6E36850A02B},471,1055,,,,,{3921BE55-50DD-4433-8958-D5D2F2D001AE},Cordova,Federal Aviation Administration - Cordova - CDV FSS,,99574,60.55,-145.75,449809.2109,1201791.243,Road,2000,,2000,,,1,DEC,,False,,2022-12-21T03:55:03Z,CORDOVA,false,false,true,0.0,,2025
445,{AE259A2D-93B6-4E34-AEE3-3F39B37685ED},472,1062,,,,,{3921BE55-50DD-4433-8958-D5D2F2D001AE},Cordova,Federal Aviation Administration - Hinchinbrook Island - JOH PX,,99574,60.48095,-146.5993,404564.6952,1188660.642,Barge,20000,,20000,,,1,DEC,,False,,2022-12-21T03:55:03Z,CORDOVA,true,false,false,40.33,,2025
446,{0FA60D29-5FDB-45C0-8C23-DBEF952F6C70},473,1063,,,,,{3921BE55-50DD-4433-8958-D5D2F2D001AE},Cordova,Federal Aviation Administration - Hinchinbrook Island - JOH PXA,,99574,60.48095,-146.5993,404564.6952,1188660.642,Barge,20000,,20000,,,1,DEC,,False,,2022-12-21T03:55:03Z,CORDOVA,true,false,false,40.33,,2025
447,{68CEEBF4-3767-4E8A-8301-6323FA775299},474,553,,,,,{CAEF7CF3-5B35-45C3-9D11-A9E32B99E79B},Craig,Silver Bay Seafoods - Craig,111 JT Brown Street,99921,55.487721,-133.140937,1296246.76,813682.9912,Road,10000,,10000,,,1,DEC,,False,,2022-12-21T03:55:03Z,CRAIG,false,false,true,0.0,,2025
448,{9AF54278-0AC3-48DB-83EF-B042D108462E},475,625,,,,,{CAEF7CF3-5B35-45C3-9D11-A9E32B99E79B},Craig,Alaska Power & Telephone - Craig Power Generation Station,,99921,55.476917,-133.148722,1296143.25,812391.1521,Road,10000,,10000,,,1,DEC,,False,,2022-12-21T03:55:03Z,CRAIG,false,false,true,0.0,,2025
449,{2454F76D-02D9-4ABB-9E2C-9AE77AE9E9E7},476,626,,,,,{CAEF7CF3-5B35-45C3-9D11-A9E32B99E79B},Craig,Alaska Power & Telephone - Craig False Island Power Generation Station,,99921,55.489278,-133.134111,1296593.423,813988.6537,Road,11000,,11000,,,2,DEC,,False,,2022-12-21T03:55:03Z,CRAIG,false,false,true,0.0,,2025
450,{C27C9D60-E59E-4014-ADA0-9D09317C648F},477,985,149-BF-01,,,,{CAEF7CF3-5B35-45C3-9D11-A9E32B99E79B},Craig,Craig High School,,99921,55.488702,-133.127701,1296999.478,814049.1304,Road,6000,,6000,,,1,DEC,,False,2015-04-13,2022-12-21T03:55:03Z,CRAIG,false,false,true,0.0,,2025
451,{DF11E142-0A1B-4FD7-870D-B2432FB23B38},478,,149-BF-03,,6,774,{CAEF7CF3-5B35-45C3-9D11-A9E32B99E79B},Craig,"Petro Marine Services | Craig, AK 99921",,,55.48881137,-133.1405414,1296223.082,813818.2831,Barge,320010,,,,,,AEA,2015 Assessment,False,1996-07-22,2022-12-21T03:55:03Z,CRAIG,true,false,false,0.0,,2025
452,{A3C5A24A-8CD9-4E80-B046-F4962CD034BE},479,,150-BF-08,,7,775,{CAEF7CF3-5B35-45C3-9D11-A9E32B99E79B},Craig,Ward Cove Packing,,,55.47601078,-133.1368078,1296888.006,812532.9728,Barge,1100,,,,,,AEA,2015 Assessment,False,1996-07-22,2022-12-21T03:55:03Z,CRAIG,true,false,false,0.0,,2025
453,{5CE97A73-0D33-4600-836B-A3E084CE3826},480,,148-BF-02,,8,776,{CAEF7CF3-5B35-45C3-9D11-A9E32B99E79B},Craig,Alaska Power & Telephone,,,56.01717937,-132.8280414,1296528.9,875878.4807,Barge,21900,,21900,,,4,AEA,2015 Assessment,False,2015-04-14,2022-12-21T03:55:03Z,CRAIG,true,false,false,57.65,,2025
454,{21DDAD1B-9C61-47BD-A8C6-33E062CB10ED},481,,,,9,777,{CAEF7CF3-5B35-45C3-9D11-A9E32B99E79B},Craig,City of Craig,,,55.47598342,-133.1368936,1296880.669,812530.589,Barge,998,,,,,,AEA,2015 Assessment,False,1996-07-22,2022-12-21T03:55:03Z,CRAIG,true,false,false,0.0,,2025
455,{5C69DCCA-C3EA-4055-A242-C577155B97AB},482,,,,10,778,{CAEF7CF3-5B35-45C3-9D11-A9E32B99E79B},Craig,"AT&T/Alascom | Craig, AK 99921",,,55.47647138,-133.1473811,1296234.989,812370.9003,Barge,2000,,,,,,AEA,2015 Assessment,False,1996-07-27,2022-12-21T03:55:03Z,CRAIG,true,false,false,0.0,,2025
456,{C0620CC1-EBEF-4F2F-AF56-158342519586},484,,149-BF-02,,12,854,{CAEF7CF3-5B35-45C3-9D11-A9E32B99E79B},Craig,"Senior ApartmentTlingit-Haida Regional Housing Authority5446 Jenkins Dr.Juneau, AK 99801",,,55.47255382,-133.1409277,1296769.829,812072.7819,Barge,1100,,,,,,AEA,2015 Assessment,False,1996-07-27,2022-12-21T03:55:03Z,CRAIG,true,false,false,0.0,,2025
457,{5D38C80C-477A-42F1-83C9-E26877DCD969},485,,,,1117,1105,{CAEF7CF3-5B35-45C3-9D11-A9E32B99E79B},Craig,City of Craig Public Works,,,55.47806749,-133.1406139,1296587.573,812671.2896,Barge,1275,500,775,,,2,AEA,2015 Assessment,False,2015-04-13,2022-12-21T03:55:03Z,CRAIG,true,false,false,0.0,,2025
458,{3EDBC3D9-B754-435F-8C6D-2BA2FDBB9607},486,1162,150-BF-09,,,,{8B69F4F5-9833-40B1-B264-CBE2A5544BC8},Crooked Creek,Kuspuk School District - Crooked Creek,PO Box 20,99575,61.863985,-158.138373,-216913.5457,1327534.364,Barge,21000,,21000,,,2,DEC,,False,,2022-12-21T03:55:03Z,CROOKED CREEK,true,false,false,0.0,,2025
459,{CA46A88C-BFAC-4DAA-87F9-5F98FFA280A8},487,1221,150-BF-07,ANC-C-022,,,{8B69F4F5-9833-40B1-B264-CBE2A5544BC8},Crooked Creek,Middle Kuskokwim Electric Cooperative - Crooked Creek,,99575,61.860528,-158.137361,-216890.6917,1327129.449,Barge,46000,,46000,,,3,DEC,,True,,2022-12-21T03:55:03Z,CROOKED CREEK,true,false,false,0.0,,2025
460,{5C8BA5EB-7A40-4B8F-80DD-58E08A2E84BF},488,,150-BF-02,,151,144,{8B69F4F5-9833-40B1-B264-CBE2A5544BC8},Crooked Creek,Native Village of Crooked Creek,,,61.86505325,-158.1313314,-216538.8969,1327627.266,Barge,7600,,,,,,AEA,,False,1998-07-21,2022-12-21T03:55:03Z,CROOKED CREEK,true,false,false,0.0,,2025
461,{44244771-16B8-40ED-9FF2-2D77E405955A},489,,150-BF-05,ANC-C-023,152,572,{8B69F4F5-9833-40B1-B264-CBE2A5544BC8},Crooked Creek,"Dennis Thomas | Thomas Fuel Sales | General Delivery | Crooked Creek, AK 99575",,,61.86931278,-158.1129743,-215551.2418,1328037.752,Barge,47100,40000,40000,,,2,AEA,,True,1998-07-21,2022-12-21T03:55:03Z,CROOKED CREEK,true,false,false,0.0,,2025
462,{251778BF-3735-4E77-8E9B-5ABB3A33E2AA},490,,150-BF-06,,154,573,{8B69F4F5-9833-40B1-B264-CBE2A5544BC8},Crooked Creek,"New Washeteria-PHS | General Delivery | Crooked Creek, AK 99575",,,61.86048953,-158.1374683,-216890.6917,1327129.449,Barge,9500,,,,,,AEA,,False,1998-07-21,2022-12-21T03:55:03Z,CROOKED CREEK,true,false,false,0.0,,2025
463,{32598407-07A8-463F-A3C6-E55AC9BC9DDD},491,376,,,,,{07E54FE2-DCBE-4AD4-8894-6E012A80DDB1},Crown Point,Crown Point Highway Station,30049 Seward Highway,99664,60.414671,-149.373787,253732.1328,1167509.335,Road,8000,,8000,,,2,DEC,,False,,2022-12-21T03:55:03Z,CROWN POINT,false,false,true,0.0,,2025
464,{4761D598-634E-4003-8E83-42DBC3154C8B},492,,,,,,,Deadhorse,NANA Oilfield Services Tank Farm,,,70.2570941,-148.435388,213504.3337,2261961.619,Road,,,,,,,USCG,,False,,2022-12-21T03:55:03Z,DEADHORSE,false,false,true,,,2025
465,{262CA1C1-4C87-44F2-AE72-4AF7E944AF9C},493,991,,,,,{A2CE0B1C-09FD-4927-A2E9-B20CC0109806},Deering,Deering Tank Farm - Native Village of Deering,PO Box 36089,99736,66.080154,-162.738359,-395261.2366,1817396.683,Barge,96000,27000,69000,,,5,DEC,,False,1998-09-10,2022-12-21T03:55:03Z,DEERING,true,false,false,0.0,,2025
466,{77B9E568-6D73-4FF3-B12F-9E3ED9120891},494,992,,,,,{A2CE0B1C-09FD-4927-A2E9-B20CC0109806},Deering,Deering Tank Farm - Ipnatchiaqec Electric Company,PO Box 36021,99736,66.080099,-162.738219,-395258.4918,1817396.32,Road,74000,,74000,,,4,DEC,,False,1998-09-10,2022-12-21T03:55:03Z,DEERING,false,false,true,0.0,,2025
467,{DD445EE1-3F10-4146-A63C-843325C1AEA0},495,993,,,,,{A2CE0B1C-09FD-4927-A2E9-B20CC0109806},Deering,Deering Tank Farm - City of Deering,PO Box 26049,99736,66.080099,-162.738219,-395258.4918,1817396.32,Barge,25500,,25500,,,2,DEC,,False,1998-09-10,2022-12-21T03:55:03Z,DEERING,true,false,false,0.0,,2025
468,{F3E0843B-7A8E-4A0B-A1D2-E8B831675754},496,994,,ANC-D-007,,,{A2CE0B1C-09FD-4927-A2E9-B20CC0109806},Deering,Deering Tank Farm - Northwest Arctic Borough School District,PO Box 36009,99736,66.080017,-162.73816,-395253.002,1817395.593,Barge,46000,,46000,,,2,DEC,,True,1998-09-10,2022-12-21T03:55:03Z,DEERING,true,false,false,0.0,,2025
469,{BCD651E8-4423-42E9-8590-DAE2B2CE66E6},497,,,,390,749,{A2CE0B1C-09FD-4927-A2E9-B20CC0109806},Deering,City of Deering | PHS Waste Treatment Plant,,,66.08158888,-162.7404423,-395333.2459,1817591.161,Barge,2000,,,,,,AEA,,False,1998-09-10,2022-12-21T03:55:03Z,DEERING,true,false,false,0.0,,2025
470,{149089F2-4FC8-4451-8DA0-29F251F2342A},498,308,,,,,{763EEB4F-118C-4AEA-A931-D707FE999A12},Delta Junction,DOT&PF Delta MS,Milepost 266 Richardson Highway,99737,64.037342,-145.735011,402231.4625,1588724.145,Road,5000,1000,4000,,,3,DEC,,False,,2022-12-21T03:55:03Z,DELTA JUNCTION,false,false,true,0.0,,2025
471,{7038E498-0B28-4CEC-9C24-3F94EE184F85},499,497,153-BF-04,,,,{763EEB4F-118C-4AEA-A931-D707FE999A12},Delta Junction,City of Delta Junction,1325 Delta Avenue,99737,64.033501,-145.729401,402561.2984,1588319.033,Road,4000,,4000,,,4,DEC,,False,,2022-12-21T03:55:03Z,DELTA JUNCTION,false,false,true,0.0,,2025
472,{BA4EE9C3-1152-401B-9F6A-8BEA6C9A7894},500,541,,,,,{763EEB4F-118C-4AEA-A931-D707FE999A12},Delta Junction,State of Alaska Department of Fish and Game - Delta Junction,Milepost 1405.5 Alaska Highway,99737,63.909763,-145.27708,426255.7818,1577453.47,Road,1000,,1000,,,1,DEC,,False,,2022-12-21T03:55:03Z,DELTA JUNCTION,false,false,true,22.36,,2025
473,{08DF0E56-0A7D-4977-AD97-99A7EA583DA8},501,550,,,,,{763EEB4F-118C-4AEA-A931-D707FE999A12},Delta Junction,Pogo Mine,,99737,64.45465,-144.908947,435840.4459,1640111.077,Road,79000,3000,61000,15000,,6,DEC,,False,,2022-12-21T03:55:03Z,DELTA JUNCTION,false,false,true,54.77,,2025
474,{2B4C0A41-A893-4B32-A211-6203CA1A3E7E},502,706,153-BF-03,,,,{763EEB4F-118C-4AEA-A931-D707FE999A12},Delta Junction,Colaska - Delta Sand & Gravel,Mile 257.5 Richardson Highway,99737,64.0648527,-145.7414486,401541.6848,1591721.302,Road,35000,,35000,,,3,DEC,,False,,2022-12-21T03:55:03Z,DELTA JUNCTION,false,false,true,0.0,,2025
475,{23438583-E320-48B3-8C36-733AAA636B53},503,773,153-BF-01,,,,{763EEB4F-118C-4AEA-A931-D707FE999A12},Delta Junction,AT&T - Delta Junction - Nicole Knob,Mile 231.4 Richardson Highway,99737,63.585515,-145.987103,396096.4651,1537114.038,Plane,5000,,5000,,,4,DEC,,False,,2022-12-21T03:55:03Z,DELTA JUNCTION,false,true,false,50.53,,2025
476,{9AB2CBDA-D17F-41F4-8F72-7DAB908CC9D1},504,999,,,,,{763EEB4F-118C-4AEA-A931-D707FE999A12},Delta Junction,Delta/Greely School District - Delta Junction,PO Box 527,99737,64.040156,-145.728699,402496.8895,1589073.266,Road,15500,,15500,,,3,DEC,,False,,2022-12-21T03:55:03Z,DELTA JUNCTION,false,false,true,0.0,,2025
477,{C89E8FC3-B4E0-4B5C-BB68-B3E740D304C5},505,1023,154-BF-11,,,,{763EEB4F-118C-4AEA-A931-D707FE999A12},Delta Junction,Golden Valley Electric Association - Delta Junction,Milepost 264.5 Richardson Highway,99737,64.028035,-145.719372,403121.4055,1587777.974,Road,50000,,,50000,,1,DEC,,False,,2022-12-21T03:55:03Z,DELTA JUNCTION,false,false,true,0.0,,2025
478,{E4CF3B9E-8613-49C3-94A8-E46B9248AE34},506,1197,154-BF-08,,,,{763EEB4F-118C-4AEA-A931-D707FE999A12},Delta Junction,Healy Lake Tribal Transportation,,99737,63.999927,-144.731094,451371.9899,1591014.719,Road,7000,1500,5500,,,3,DEC,,False,,2022-12-21T03:55:03Z,DELTA JUNCTION,false,false,true,44.98,,2025
479,{5B1AEAB7-BC9D-4F53-92E6-5C4E64F4BFD0},507,1166,154-BF-05,,,,{10BA1AD9-39AC-440F-BCE9-40BC75DAD436},Denali National Park,National Park Service - Denali,,99755,63.724475,-148.959571,248348.5751,1538141.212,Road,75200,22000,48000,5200,,15,DEC,,False,,2022-12-21T03:55:03Z,DENALI NATIONAL PARK,false,false,true,,,2025
480,{FAC08AF5-2D55-4F59-A66B-90E72DBC6E90},508,18,155-BF-04,,,,{08E18522-8DAC-4DFC-975E-26751FE81958},Dillingham,Bristol Express,431 D Street,99576,59.0404388,-158.4682893,-255409.2479,1013602.75,Road,1000,,1000,,,1,DEC,,False,,2022-12-21T03:55:03Z,DILLINGHAM,false,false,true,0.0,,2025
481,{52EBE454-0EBE-4C8B-84CF-5CD690AA1A3C},509,73,,,,,{08E18522-8DAC-4DFC-975E-26751FE81958},Dillingham,Vitus Terminal - Dillingham,3745 Aleknagik Lake Road,99576,59.07,-158.58,-261562.7917,1017339.566,Barge,8500,7500,1000,,,2,DEC,,False,,2022-12-21T03:55:03Z,DILLINGHAM,true,false,false,0.0,,2025
482,{91994F4C-CAB8-4660-93FB-52EF7AC9D2BC},510,403,,,,,{08E18522-8DAC-4DFC-975E-26751FE81958},Dillingham,AK DOT&PF Dillingham Maintenance Station,,99576,59.0451,-158.5128,-257920.9526,1014285.756,Road,12000,,12000,,,5,DEC,,False,,2022-12-21T03:55:03Z,DILLINGHAM,false,false,true,0.0,,2025
483,{BDEC4C5C-D118-4F4E-B272-32B64D6613A9},511,542,155-BF-02,,,,{08E18522-8DAC-4DFC-975E-26751FE81958},Dillingham,State of Alaska Department of Fish and Game - Dillingham,546 Kenny Wren Road,99576,59.0426348,-158.4683459,-255399.7005,1013848.299,Road,3000,,3000,,,3,DEC,,False,,2022-12-21T03:55:03Z,DILLINGHAM,false,false,true,0.0,,2025
484,{2AA22D28-8BC1-4219-A165-3D5E10EE9EC5},512,751,,,,,{08E18522-8DAC-4DFC-975E-26751FE81958},Dillingham,University of Alaska Fairbanks - Dillingham,527 Seward Street,99576,59.041506,-158.464625,-255196.3815,1013697.831,Road,1000,,1000,,,1,DEC,,False,,2022-12-21T03:55:03Z,DILLINGHAM,false,false,true,0.0,,2025
485,{B05FDC3E-7883-499D-B81D-800F7708DB3C},513,774,,,,,{08E18522-8DAC-4DFC-975E-26751FE81958},Dillingham,AT&T - Dillingham,620 Lil Larry Road,99576,59.044111,-158.456047,-254685.533,1013957.531,Road,2000,,2000,,,1,DEC,,False,,2022-12-21T03:55:03Z,DILLINGHAM,false,false,true,0.0,,2025
486,{9D9BC94E-DF98-4E24-9001-CA01A8CA56F0},514,863,155-BF-01,,,,{08E18522-8DAC-4DFC-975E-26751FE81958},Dillingham,Icicle - Dillingham - Processing Facility,3700 Yako Road,99576,59.06817,-158.441704,-253689.8603,1016598.813,Road,8000,,8000,,,2,DEC,,False,,2022-12-21T03:55:03Z,DILLINGHAM,false,false,true,0.0,,2025
487,{E784CB11-693E-4ACD-99C8-A9E006782F07},515,864,155-BF-03,ANC-D-019,,,{08E18522-8DAC-4DFC-975E-26751FE81958},Dillingham,Icicle - Dillingham - Office and Bunkhouse,45 A Street,99576,59.067733,-158.438244,-253489.0466,1016516.982,Road,1000,,1000,,,1,DEC,,True,,2022-12-21T03:55:03Z,DILLINGHAM,false,false,true,0.0,,2025
488,{B7885440-B2E6-4B50-8FB3-A4D4295D9536},516,895,,,,,{08E18522-8DAC-4DFC-975E-26751FE81958},Dillingham,Alaska Commercial Company - Dillingham,295 Main Street,99576,59.03969,-158.466416,-255307.6757,1013500.166,Road,1000,,1000,,,1,DEC,,False,,2022-12-21T03:55:03Z,DILLINGHAM,false,false,true,0.0,,2025
489,{8BE7431D-D7DE-4CE3-9A08-EF985487928F},517,19,,ANC-D-016,,,{9E47594D-5392-4A49-8FCD-026556C904AE},Diomede,Diomede Tank Farm,,99762,65.759294,-168.950585,-680471.6346,1832570.053,Barge,157900,7900,150000,,,6,DEC,,True,,2022-12-21T03:55:03Z,DIOMEDE,true,false,false,0.0,,2025
490,{66A8B98E-8DF9-476D-8B05-5CAA90850960},518,133,,,,,{03A313E3-0987-4B72-8EC9-6C92E01A12A2},Dot Lake,Alaska Gateway School District - Dot Lake,PO Box 110,99737,63.65775,-144.058628,489579.1432,1557987.248,Road,10000,,10000,,,1,DEC,,False,,2022-12-21T03:55:03Z,DOT LAKE,false,false,true,0.27,,2025
491,{488BFE21-36C1-4EF2-9D43-1DE0A36534D0},519,163,,,,,{F020D8C7-7FD0-4AFE-85DC-43D1C0A0B5F0},Unalaska,Delta Western - Dutch Harbor Gas Station,2141 Airport Beach Road,99692,53.88725,-166.546839,-821396.9484,508178.421,Road,8218,5155,3063,,,2,DEC,,False,,2022-12-21T03:55:03Z,UNALASKA,false,false,true,0.0,community_name,2025
492,{8911BFBD-59A5-485A-86C4-7EA6C3180F66},520,443,,,,,{F020D8C7-7FD0-4AFE-85DC-43D1C0A0B5F0},Unalaska,AK DOT&PF Unalaska,,99692,53.896944,-166.54,-820751.0563,509159.8249,,1000,,1000,,,1,DEC,,False,,2022-12-21T03:55:03Z,UNALASKA,,,,0.0,community_name,2025
493,{7D987B23-D133-42DE-B929-973C9C816886},521,865,160-BF-02,,,,{F020D8C7-7FD0-4AFE-85DC-43D1C0A0B5F0},Unalaska,Icicle - Dutch Harbor,1829 Ballyhoo Road,99692,53.912423,-166.506715,-818279.733,510428.3006,Road,1000,,1000,,,1,DEC,,False,,2022-12-21T03:55:03Z,UNALASKA,false,false,true,0.0,community_name,2025
494,{F1376769-3624-43A5-9248-CADA5B67B566},522,1049,,,,,{F020D8C7-7FD0-4AFE-85DC-43D1C0A0B5F0},Unalaska,Federal Aviation Administration - Dutch Harbor - DUT NDB SX,,99692,53.90514,-166.5478,-821085.587,510149.117,Road,1000,,1000,,,1,DEC,,False,,2022-12-21T03:55:03Z,UNALASKA,false,false,true,0.0,community_name,2025
495,{AC79B6DF-37F4-4141-A2B0-20447B7A3E1C},523,309,,,,,{99E4149C-E691-4714-88EC-9EDCEF72C195},Eagle,DOT&PF Eagle MS,Milepost 160.2 Taylor Highway,99738,64.789156,-141.2074,604270.3723,1705940.008,Road,6000,1000,5000,,,3,DEC,,False,,2022-12-21T03:55:03Z,EAGLE,false,false,true,0.05,,2025
496,{81F15798-5642-47BA-92D1-9D31759AF769},524,629,,,,,{99E4149C-E691-4714-88EC-9EDCEF72C195},Eagle,Alaska Power & Telephone - Eagle Power Generation Plant,,99738,64.788333,-141.212778,604043.4972,1705784.798,Road,36000,,36000,,,3,DEC,,False,,2022-12-21T03:55:03Z,EAGLE,false,false,true,0.06,,2025
497,{986F0832-D7FF-48D1-A9F4-9AF8CE00BB51},525,775,160-BF-01,,,,{99E4149C-E691-4714-88EC-9EDCEF72C195},Eagle,AT&T - Eagle,Mile 149 Dalton Highway,99721,64.785389,-141.210269,604220.1754,1705500.214,Plane,5000,,5000,,,4,DEC,,False,,2022-12-21T03:55:03Z,EAGLE,false,true,false,0.0,,2025
498,{9F1EAB80-15AC-4B09-9B0B-09F30E3772F1},526,1168,,,,,{99E4149C-E691-4714-88EC-9EDCEF72C195},Eagle,National Park Service - Yukon-Charley Rivers,,99738,64.790278,-141.203139,604448.8247,1706085.79,Plane or Road,14000,3500,4000,6500,,8,DEC,,False,,2022-12-21T03:55:03Z,EAGLE,false,true,true,0.09,,2025
499,{CDFDD706-0D5A-4E70-8BBE-5C6E499DC2C1},527,1249,160-BF-05,,,,{99E4149C-E691-4714-88EC-9EDCEF72C195},Eagle,Eagle Village Tank Farm,PO Box 19,99738,64.783277,-141.198879,604799.6338,1705363.578,Road,6000,,6000,,,1,DEC,,False,,2022-12-21T03:55:03Z,EAGLE,false,false,true,0.0,,2025
500,{ADB712F1-7ED2-48F4-8513-9B6160732903},528,563,164-BF-03,,,,{4B5629C0-F411-485E-B5C2-E5C9EADD9869},Eagle River,Anchorage School District - Gruening Middle School,9601 Lee Street,99577,61.306506,-149.548285,237494.5521,1266381.03,Road,4500,,4500,,,2,DEC,,False,,2022-12-21T03:55:03Z,EAGLE RIVER,false,false,true,,,2025
501,{9DEFD06F-B6FE-479D-9D7A-0EADC169D38B},529,579,,,,,{4B5629C0-F411-485E-B5C2-E5C9EADD9869},Eagle River,Anchorage School District - Alpenglow Elementary School,19201 Driftwood Bay Drive,99577,61.301195,-149.524178,238821.121,1265888.77,Road,1000,,1000,,,1,DEC,,False,,2022-12-21T03:55:03Z,EAGLE RIVER,false,false,true,,,2025
502,{8E477B32-9CAB-4D31-8463-F93B4E3FE70F},530,582,164-BF-02,,,,{4B5629C0-F411-485E-B5C2-E5C9EADD9869},Eagle River,Anchorage School District - Chugiak High School,16525 South Birchwood Loop Road,99577,61.369222,-149.535578,237698.9645,1273434.988,Road,13700,,13700,,,4,DEC,,False,,2022-12-21T03:55:03Z,EAGLE RIVER,false,false,true,,,2025
503,{1E420A2D-EE4F-48E1-AC1D-C325E61CCE7A},531,585,,,,,{4B5629C0-F411-485E-B5C2-E5C9EADD9869},Eagle River,Anchorage School District - Eagle River High School,8701 Yosemite Drive,99577,61.29722,-149.57198,236304.9704,1265268.283,Road,10000,,10000,,,1,DEC,,False,,2022-12-21T03:55:03Z,EAGLE RIVER,false,false,true,,,2025
504,{709D5E3C-6F2B-4AB9-B183-AE95F5889E26},532,596,164-BF-07,,,,{4B5629C0-F411-485E-B5C2-E5C9EADD9869},Eagle River,State of Alaska Department of Corrections - Highland Mountain Correctional Center,9101 Hesterberg Road,99577,61.302667,-149.578619,235907.2513,1265843.807,Road,8500,1000,7500,,,2,DEC,,False,,2022-12-21T03:55:03Z,EAGLE RIVER,false,false,true,,,2025
505,{69EA3EB2-DC90-4B6E-9FB4-5A0E23225411},533,967,164-BF-01,,,,{85B7409D-F9A3-4D1C-8587-BA31448CD26E},Edna Bay,City of Edna Bay,PO Box EDB,99950,55.9636,-133.6212,1251324.229,854978.4717,,32000,20000,12000,,,3,DEC,,False,,2022-12-21T03:55:03Z,EDNA BAY,,,,0.0,,2025
506,{42A88935-54F4-4F69-BCEE-122B4C3D5570},534,1218,164-BF-05,,,,{85B7409D-F9A3-4D1C-8587-BA31448CD26E},Edna Bay,Southeast Island School District - Edna Bay,Box EDB,99950,55.943702,-133.663389,1249486.761,852063.2993,Barge,2500,,2500,,,1,DEC,,False,,2022-12-21T03:55:03Z,EDNA BAY,true,false,false,0.0,,2025
507,{60A14302-A0A8-47DD-8BD2-C6091FA92BC0},535,396,,,,,{59543E82-DA08-4E48-BAA3-B0E7C0FF4767},Eek,Eek Airport Maintenance Station,,99580,60.2145,-162.0404,-442971.9182,1163126.074,Road,3006,,3006,,,2,DEC,,False,,2022-12-21T03:55:03Z,EEK,false,false,true,0.0,,2025
508,{7ADFD434-2937-469D-9454-AB530C9D44EE},536,551,164-BF-06,ANC-E-030,,,{59543E82-DA08-4E48-BAA3-B0E7C0FF4767},Eek,Alaska Native Tribal Health Consortium - Eek Temporary Tank Farm,PO Box 49,99578,60.22,-162.03417,-442554.8168,1163707.984,Plane,25000,5000,20000,,,4,DEC,,True,,2022-12-21T03:55:03Z,EEK,false,true,false,0.0,,2025
509,{73ACA469-578C-476D-86A7-11DD7C982D20},537,909,164-BF-04,,,,{59543E82-DA08-4E48-BAA3-B0E7C0FF4767},Eek,Alaska Village Electric Cooperative - Eek,General Delivery,99578,60.218645,-162.030308,-442356.2872,1163525.697,,80900,,80900,,,10,DEC,,False,,2022-12-21T03:55:03Z,EEK,,,,0.0,,2025
510,{E01A6243-BF36-4B61-A01B-F4A0F8AEA260},538,,165-BF-03,ANC-E-003,778,149,{59543E82-DA08-4E48-BAA3-B0E7C0FF4767},Eek,Iqfijouaq Company - Retail Sales,,,60.21739713,-162.0256441,-442114.294,1163365.65,Barge,95900,44200,51700,,,11,AEA,2015 Assessment,True,2015-04-21,2022-12-21T03:55:03Z,EEK,true,false,false,0.0,,2025
511,{24A96028-6719-465B-9311-C7FBFF278384},539,,,ANC-E-004,779,150,{59543E82-DA08-4E48-BAA3-B0E7C0FF4767},Eek,"Eek School, Lower Kuskokwim School District",,,60.21573973,-162.0250969,-442113.0897,1163179.842,Barge,34000,,34000,,,2,AEA,2015 Assessment,True,2015-06-08,2022-12-21T03:55:03Z,EEK,true,false,false,0.0,,2025
512,{A0E8B87A-66B0-4FAF-AF1E-22BC549E09C6},540,518,165-BF-01,ANC-E-006,,,{F7D03E2F-5588-4343-BE94-44E824B7A836},Egegik,Alaska General Seafoods - Egegik,1 Cannery Row,99579,58.2156,-157.3758,-197712.0027,917848.1888,Barge,13875,5550,8325,,,5,DEC,,True,2012-06-06,2022-12-21T03:55:03Z,EGEGIK,true,false,false,0.0,,2025
513,{0AEF0513-6EE5-4AAE-AC95-75FC279EA120},541,866,,ANC-E-010,,,{F7D03E2F-5588-4343-BE94-44E824B7A836},Egegik,Icicle - Egegik,100 Cannery Road,99579,58.214707,-157.376069,-197735.4052,917740.1258,Barge,78500,,78500,,,6,DEC,,True,2014-06-12,2022-12-21T03:55:03Z,EGEGIK,true,false,false,0.0,,2025
514,{A16F2934-D0B1-4C18-8E5B-9ED57B2C5421},542,1202,,,,,{F7D03E2F-5588-4343-BE94-44E824B7A836},Egegik,Lake and Peninsula School District - Egegik,,99579,58.21232,-157.375756,-197720.6908,917466.2432,Road,2000,,2000,,,1,DEC,,False,1996-11-07,2022-12-21T03:55:03Z,EGEGIK,false,false,true,0.0,,2025
515,{DCEA69CC-0392-4D6B-83AF-6DF819F9F130},543,,,,932,816,{F7D03E2F-5588-4343-BE94-44E824B7A836},Egegik,Egegik Fuel Company,,,58.21396917,-157.3709326,-197435.27,917656.5832,Barge,44400,,,,,,AEA,,False,1996-11-07,2022-12-21T03:55:03Z,EGEGIK,true,false,false,0.0,,2025
516,{D60C23D0-11CC-4BD4-ACD0-86109EA5F37A},544,,,,934,818,{F7D03E2F-5588-4343-BE94-44E824B7A836},Egegik,Woodbine Alaska Fish Company | WAFCO Egegik,,,58.21428564,-157.3766082,-197766.4048,917693.9047,Barge,98000,,,,,,AEA,,False,1996-11-07,2022-12-21T03:55:03Z,EGEGIK,true,false,false,0.0,,2025
517,{0143D47A-7E82-4EB8-866B-68F9FCC0626C},545,,165-BF-04,ANC-E-012,935,819,{F7D03E2F-5588-4343-BE94-44E824B7A836},Egegik,City of Egegik,,,58.20905211,-157.3757499,-197738.7078,917112.0865,Barge,68000,,,,,,AEA,,True,1996-11-07,2022-12-21T03:55:03Z,EGEGIK,true,false,false,0.0,,2025
518,{E96D8287-193E-47D7-B6ED-C714E62819BD},546,,,,936,820,{F7D03E2F-5588-4343-BE94-44E824B7A836},Egegik,"Nelbro Packing Company | #1 Cannery Row | Egegik, AK 99579",,,58.21437606,-157.3772948,-197808.2258,917716.5181,Barge,52000,,,,,,AEA,,False,1996-11-07,2022-12-21T03:55:03Z,EGEGIK,true,false,false,0.0,,2025
519,{A3070A39-1285-484C-AA8A-075CF281AD63},547,,167-BF-01,,937,821,{F7D03E2F-5588-4343-BE94-44E824B7A836},Egegik,Egegik Trading company,,,58.21064599,-157.3595708,-196786.6551,917241.3041,Barge,2000,,,,,,AEA,,False,1996-11-07,2022-12-21T03:55:03Z,EGEGIK,true,false,false,0.0,,2025
520,{E2CFD171-4F72-4EE8-AA24-C3C8C233BAA9},548,,165-BF-02,,938,822,{F7D03E2F-5588-4343-BE94-44E824B7A836},Egegik,Dick Deigh,,,58.21428564,-157.3765868,-197766.4048,917693.9047,Barge,14400,,,,,,AEA,,False,1996-11-13,2022-12-21T03:55:03Z,EGEGIK,true,false,false,0.0,,2025
521,{A4BAA2CF-A008-4738-A346-372CD20F7805},549,220,,,,,{A74F371F-C334-4DC3-88A4-A4FCC1B1E8FD},Eielson Afb,Eielson Airforce Base - Yukon Range,,99702,65.08027,-145.7777,385794.835,1703922.316,Plane,53500,,53500,,,22,DEC,,False,,2022-12-21T03:55:03Z,EIELSON AFB,false,true,false,68.29,,2025
522,{C9E914FB-038D-497D-9C7E-7920E1429211},550,217,,,,,{A74F371F-C334-4DC3-88A4-A4FCC1B1E8FD},Eielson Afb,Eielson Airforce Base - Oklahoma Range,,99702,63.83333,-145.82217,400814.4018,1565575.334,Plane,32075,,32075,,,12,DEC,,False,,2022-12-21T03:55:03Z,EIELSON AFB,false,true,false,104.28,,2025
523,{B15A52C6-6F30-470D-9BA8-5037E9F1F1EC},551,51,167-BF-03,,,,{A74F371F-C334-4DC3-88A4-A4FCC1B1E8FD},Anchorage,Doyon Utilities JBER-R,36010 Arctic Valley Rd,99505,61.2459067,-149.7106913,229279.7014,1259046.259,Road,69000,,69000,,,6,DEC,,False,,2022-12-21T03:55:03Z,ANCHORAGE,false,false,true,,community_name,2025
524,{F9922F7E-63F1-4190-A7B0-695BCB54A77F},552,219,,,,,{A74F371F-C334-4DC3-88A4-A4FCC1B1E8FD},Eielson Afb,Eielson Airforce Base - Taylor Mountain,,99702,64.0264,-142.31425,567457.1877,1612490.403,Plane,40000,,40000,,,4,DEC,,False,,2022-12-21T03:55:03Z,EIELSON AFB,false,true,false,233.55,,2025
525,{86F201C8-8EC4-4EC4-8A63-3339D2F4DC72},553,214,167-BF-02,,,,{A74F371F-C334-4DC3-88A4-A4FCC1B1E8FD},Eielson Afb,Eielson Airforce Base - Fox Relay,,99702,62.97445,-146.81445,362743.8975,1464561.19,Plane,1000,,1000,,,1,DEC,,False,,2022-12-21T03:55:03Z,EIELSON AFB,false,true,false,182.27,,2025
526,{A82B5A6A-FC3F-4B18-8C71-C5DD4E03ECC4},554,215,,,,,{A74F371F-C334-4DC3-88A4-A4FCC1B1E8FD},Eielson Afb,Eielson Airforce Base - Fox Remote 2,,99702,62.56333,-148.33583,290064.4826,1411353.105,Plane,1000,,1000,,,1,DEC,,False,,2022-12-21T03:55:03Z,EIELSON AFB,false,true,false,236.1,,2025
527,{AB04C3B7-730E-44F4-AD27-ADC5B4B13493},555,216,,,,,{A74F371F-C334-4DC3-88A4-A4FCC1B1E8FD},Eielson Afb,Eielson Airforce Base - North Remote 1,,99702,65.2025,-143.83,474457.7805,1730029.246,Plane,1000,,1000,,,1,DEC,,False,,2022-12-21T03:55:03Z,EIELSON AFB,false,true,false,157.56,,2025
528,{CB4253E4-9DE9-4D95-AF37-62AF93235BC4},556,218,,,,,{A74F371F-C334-4DC3-88A4-A4FCC1B1E8FD},Eielson Afb,Eielson Airforce Base - South Remote 7,,99702,64.74017,-141.76533,579223.5235,1695598.942,Plane,1000,,1000,,,1,DEC,,False,,2022-12-21T03:55:03Z,EIELSON AFB,false,true,false,246.73,,2025
529,{666BC5EF-1172-49EF-A5E7-FAF1437217D0},557,677,,,,,{CA7C607D-F2E8-455F-8B9F-08F7B2BB7215},Eklutna,Chugach Electric - Eklutna Hydro Power Plant,Mile 4 Old Glenn Highway,99567,61.185716,-151.037597,158709.3861,1248448.845,Road,1000,1000,,,,1,DEC,,False,,2022-12-21T03:55:03Z,EKLUTNA,false,false,true,,,2025
530,{EFDF3393-228B-44BE-B646-0D8E1DD9AA52},558,404,,,,,{FAF5958B-8A56-4E28-B3B1-66B772A5A166},Ekwok,Ekwok Airport Maintenance Station,,99569,59.3531,-157.4731,-196759.4776,1045097.907,Barge,3500,,3500,,,2,DEC,,False,,2022-12-21T03:55:03Z,EKWOK,true,false,false,0.0,,2025
531,{D2A1D2AB-3C74-4DF2-9B24-C49AF3155E70},559,946,,,,,{FAF5958B-8A56-4E28-B3B1-66B772A5A166},Ekwok,Alaska Village Electric Cooperative - Ekwok,General Delivery,99580,59.346408,-157.480083,-197195.3654,1044382.717,,49000,,49000,,,6,DEC,,False,2015-04-28,2022-12-21T03:55:03Z,EKWOK,,,,0.0,,2025
532,{7DEE60DC-CB05-47C2-A254-58789C9467D2},560,968,,ANC-E-014,,,{FAF5958B-8A56-4E28-B3B1-66B772A5A166},Ekwok,City of Ekwok,101 Main Street,99580,59.346351,-157.479288,-197150.4464,1044380.362,,55000,15000,40000,,,3,DEC,,True,1997-10-17,2022-12-21T03:55:03Z,EKWOK,,,,0.0,,2025
533,{ED76EDD9-CFFA-446D-983F-B066C8D335BD},561,,,,939,153,{FAF5958B-8A56-4E28-B3B1-66B772A5A166},Ekwok,Southwest Region School District,,,59.3496226,-157.4767611,-196983.299,1044726.948,Barge,43700,,43700,,,4,AEA,2017 Letter Report,False,2015-04-28,2022-12-21T03:55:03Z,EKWOK,true,false,false,0.0,,2025
534,{FFFE3140-EE71-41D1-A6C0-CAE8A0D5466C},562,776,,,,,{4BAA8104-672E-401E-88E8-341E10A478B8},Elfin Cove,AT&T - Elfin Cove,"United States Coast Guard Light Reserve, 17 miles west of Elfin Cover",99825,58.1986,-136.6397,1006132.749,1043185.149,Plane,4004,,4004,,,1,DEC,,False,,2022-12-21T03:55:03Z,ELFIN COVE,false,true,false,16.2,,2025
535,{96E5368E-7124-4460-A687-759DC084F019},563,,,,13,625,{4BAA8104-672E-401E-88E8-341E10A478B8},Elfin Cove,Elfin Cove Community Council | Elfin Cove Fuel Co.,,,58.19432977,-136.3464698,1022858.261,1047183.655,Barge,102465,,98000,,,3,AEA,,False,1996-09-04,2022-12-21T03:55:03Z,ELFIN COVE,true,false,false,0.0,,2025
536,{540E628D-EFC5-404A-8464-202C7439F12E},564,260,,ANC-E-016,,,{962DB38D-BABD-43F0-AF8E-6B3C0964C131},Elim,Elim Tank Farm - Bering Strait School District,,99739,64.615949,-162.264699,-394201.1067,1652798.626,Barge,47000,,47000,,,5,DEC,,True,1996-09-18,2022-12-21T03:55:03Z,ELIM,true,false,false,0.0,,2025
537,{78AF0717-CE98-45E5-A347-D7BE6E9C97B8},565,910,,ANC-E-018,,,{962DB38D-BABD-43F0-AF8E-6B3C0964C131},Elim,Alaska Village Electric Cooperative - Elim,General Delivery,99739,64.609819,-162.275172,-394778.9173,1652177.867,,156000,,156000,,,6,DEC,,True,1996-09-18,2022-12-21T03:55:03Z,ELIM,,,,0.0,,2025
538,{88B8198F-E3E4-4060-94E8-60F4A41385FA},566,990,,ANC-E-017,,,{962DB38D-BABD-43F0-AF8E-6B3C0964C131},Elim,Elim Tank Farm - Elim Native Store,PO Box 39070,99739,64.617366,-162.260215,-393967.3624,1652927.222,Barge,143000,73000,70000,,,5,DEC,,True,2014-03-25,2022-12-21T03:55:03Z,ELIM,true,false,false,0.0,,2025
539,{F85C69A4-3110-49AB-8573-452FE30EEAB7},567,1007,,ANC-E-051,,,{962DB38D-BABD-43F0-AF8E-6B3C0964C131},Elim,Elim Tank Farm - City of Elim,PO Box 39009,99739,64.610915,-162.273258,-394675.5821,1652274.722,Road,84000,3000,81000,,,4,DEC,,True,1996-09-18,2022-12-21T03:55:03Z,ELIM,false,false,true,0.0,,2025
540,{08F52340-FE40-4C20-B7D8-2922E0841D71},568,,,,544,782,{962DB38D-BABD-43F0-AF8E-6B3C0964C131},Elim,AK Army National Guard,,,64.61815787,-162.2603344,-393962.1729,1653015.78,Barge,4500,,,,,,AEA,,False,1996-09-18,2022-12-21T03:55:03Z,ELIM,true,false,false,0.0,,2025
541,{C5239287-43F6-4C25-8984-4C975E90503E},569,,,,545,783,{962DB38D-BABD-43F0-AF8E-6B3C0964C131},Elim,ADOT Airport,,,64.61909028,-162.2706475,-394440.5875,1653164.84,Barge,3000,,,,,,AEA,,False,1996-09-18,2022-12-21T03:55:03Z,ELIM,true,false,false,0.0,,2025
542,{9D247D7F-51AC-49F0-89FD-59E47C2F2FC9},570,230,,,,,{6E142FF4-3A51-4D60-9F7A-8B65E66A9133},Emmonak,Alaska Army National Guard - Emmonak Readiness Center,,99501,62.777279,-164.529937,-533860.7951,1465288.686,Road,1500,,1500,,,1,DEC,,False,,2022-12-21T03:55:03Z,EMMONAK,false,false,true,0.0,,2025
543,{27972340-89DF-4B21-B947-C94211050A21},571,332,176-BF-07,,,,{6E142FF4-3A51-4D60-9F7A-8B65E66A9133},Emmonak,DOT&PF Emmonak APT,,99581,62.778194,-164.495286,-532102.6444,1465125.479,Plane,3000,,3000,,,1,DEC,,False,,2022-12-21T03:55:03Z,EMMONAK,false,true,false,0.0,,2025
544,{22A07DE1-5430-4283-9AE0-D92320A0EFA1},572,661,176-BF-05,ANC-E-022,,,{6E142FF4-3A51-4D60-9F7A-8B65E66A9133},Emmonak,Lower Yukon School District - Emmonak,General Delivery,99581,62.778256,-164.528458,-533765.7733,1465390.947,Barge,112000,3000,109000,,,9,DEC,,True,1997-10-02,2022-12-21T03:55:03Z,EMMONAK,true,false,false,0.0,,2025
545,{F7B5D498-D033-4DA4-8410-BF6B12F3DF66},573,1002,,,,,{6E142FF4-3A51-4D60-9F7A-8B65E66A9133},Emmonak,Emmonak Tank Farm - Emmonak Corporation,PO Box 49,99581,62.776588,-164.517854,-533267.0566,1465124.714,Barge,355000,205000,150000,,,8,DEC,,False,,2022-12-21T03:55:03Z,EMMONAK,true,false,false,0.0,,2025
546,{C366C8A6-C327-46CE-AE00-04C0BE38C7E2},574,1003,176-BF-06,,,,{6E142FF4-3A51-4D60-9F7A-8B65E66A9133},Emmonak,Emmonak Tank Farm - City of Emmonak,PO Box 9,99581,62.776454,-164.517181,-533230.3921,1465098.132,Barge,50000,10000,40000,,,3,DEC,,False,,2022-12-21T03:55:03Z,EMMONAK,true,false,false,0.0,,2025
547,{AC024D0B-F6A8-4873-A2E6-17A620B1D007},575,,,ANC-E-020,552,97,{6E142FF4-3A51-4D60-9F7A-8B65E66A9133},Emmonak,"Alaska Village Electric Cooperative | General Delivery | Emmonak, AK 99581",,,62.77781699,-164.5310618,-533905.2544,1465364.886,Barge,172247,,,,,,AEA,,True,1997-10-01,2022-12-21T03:55:03Z,EMMONAK,true,false,false,0.0,,2025
548,{FC5CF6B6-4F4D-419A-9C9C-AF80A016FA7C},576,,176-BF-08,ANC-E-023,555,99,{6E142FF4-3A51-4D60-9F7A-8B65E66A9133},Emmonak,City of Emmonak,,,62.77663909,-164.5181952,-533282.3997,1465127.165,Barge,52200,,,,,,AEA,Best Practice Assessment,True,1997-10-01,2022-12-21T03:55:03Z,EMMONAK,true,false,false,0.0,,2025
549,{748B2C47-6F53-4F18-A713-48B459244BC0},577,,176-BF-09,ANC-E-021,554,100,{6E142FF4-3A51-4D60-9F7A-8B65E66A9133},Emmonak,Emmonak Corporation,,,62.77656547,-164.5177661,-533261.0786,1465103.033,Barge,380000,200000,150000,,,,AEA,Best Practice Assessment,True,1997-10-02,2022-12-21T03:55:03Z,EMMONAK,true,false,false,0.0,,2025
550,{CF53613F-3E89-446F-98A3-CA1D7E676BA7},578,,,,556,871,{6E142FF4-3A51-4D60-9F7A-8B65E66A9133},Emmonak,AC Company Store,,,62.77793478,-164.5457469,-534644.5589,1465503.924,Barge,20000,,,,,,AEA,,False,1997-10-01,2022-12-21T03:55:03Z,EMMONAK,true,false,false,0.0,,2025
551,{150EB6CF-7262-4ABF-AAA4-E58A6587C34C},579,,176-BF-01,ANC-E-025,548,873,{6E142FF4-3A51-4D60-9F7A-8B65E66A9133},Emmonak,Grant Air Services,,,62.77690412,-164.4951067,-532118.1331,1464969.053,Barge,133000,,,,,,AEA,,True,1997-10-02,2022-12-21T03:55:03Z,EMMONAK,true,false,false,0.0,,2025
552,{FC9DA1C8-6339-4597-A442-0F5C02A65B78},580,1022,176-BF-02,,,,{FF9ACB36-15C3-4C3B-831F-7686F69D80ED},Evansville,Evansville Tribal Council,101 Hickle Highway,99726,66.922666,-151.506209,109585.1455,1887069.771,Road,15000,5000,10000,,,2,DEC,,False,,2022-12-21T03:55:03Z,EVANSVILLE,false,false,true,0.0,,2025
553,{960DA580-1D5B-47A0-BE35-1226E5B9AAF0},581,231,177-BF-03,,,,{7102AFBB-6F0A-4C7A-92FF-6F5A6D66AB18},Fairbanks,Alaska Army National Guard - Fairbanks OMS,202 Wien Street,99701,64.841762,-147.75359,295900.958,1667326.193,Road,1500,,1500,,,1,DEC,,False,,2022-12-21T03:55:03Z,FAIRBANKS,false,false,true,0.0,,2025
554,{8DFDEEB4-A8C9-45E0-9A50-01087533E7EA},582,233,177-BF-04,,,,{7102AFBB-6F0A-4C7A-92FF-6F5A6D66AB18},Fairbanks,Alaska Army National Guard - Fairbanks Armory,202 Wien Street,99701,64.842111,-147.753161,295919.5451,1667375.805,Road,1500,,1500,,,1,DEC,,False,,2022-12-21T03:55:03Z,FAIRBANKS,false,false,true,0.0,,2025
555,{FC344191-8F9F-4DF7-84FF-90BA3D492D11},583,15,,,,,{7102AFBB-6F0A-4C7A-92FF-6F5A6D66AB18},Fairbanks,Claire Air LLC,5525 Airport Industrial Rd.,99709,64.810359,-147.881601,290175.1985,1663298.176,Road,2000,,2000,,,1,DEC,,False,,2022-12-21T03:55:03Z,FAIRBANKS,false,false,true,3.95,,2025
556,{BC39EB0F-6814-4625-93FE-8E550E89A942},584,57,,,,,{7102AFBB-6F0A-4C7A-92FF-6F5A6D66AB18},Fairbanks,"Weaver Bros., Inc. Fairbanks Terminal",210 34th Avenue,99701,64.814762,-147.704189,298521.6845,1664572.82,Road,10000,,10000,,,1,DEC,,False,,2022-12-21T03:55:03Z,FAIRBANKS,false,false,true,0.0,,2025
557,{AFA96D1A-F5E6-4F43-B736-7A1701B0E813},585,68,,,,,{7102AFBB-6F0A-4C7A-92FF-6F5A6D66AB18},Fairbanks,Alaska Waste - Interior,3841 Easy Street,99701,64.8028105,-147.6918382,299233.9417,1663300.398,Road,8000,,8000,,,2,DEC,,False,,2022-12-21T03:55:03Z,FAIRBANKS,false,false,true,0.34,,2025
558,{95CEF384-5B51-41F9-868C-ED018C6B3051},586,99,,,,,{7102AFBB-6F0A-4C7A-92FF-6F5A6D66AB18},Fairbanks,Birch Hill Maintenance Building,101 Wilderness Drive,99712,64.8702005,-147.6459649,300686.6073,1670988.261,Road,600,600,,,,1,DEC,,False,,2022-12-21T03:55:03Z,FAIRBANKS,false,false,true,0.0,,2025
559,{71E15B58-4B6E-4550-B046-0061972C68C1},587,115,,,,,{7102AFBB-6F0A-4C7A-92FF-6F5A6D66AB18},Fairbanks,Fairbanks Pioneer Home,2221 Eagan Avenue,99701,64.8338044,-147.7727005,295079.5723,1666380.542,Road,1400,,1400,,,1,DEC,,False,,2022-12-21T03:55:03Z,FAIRBANKS,false,false,true,0.0,,2025
560,{7E123490-F0E5-496F-86D3-91FDF4B5F41F},588,173,176-BF-04,,,,{7102AFBB-6F0A-4C7A-92FF-6F5A6D66AB18},Fairbanks,Alaska Airlines - Fairbanks,6450 Airport Way,99709,64.8176545,-147.8679336,290747.7062,1664157.786,Road,8000,3000,5000,,,2,DEC,,False,,2022-12-21T03:55:03Z,FAIRBANKS,false,false,true,2.92,,2025
561,{98C0B2E1-F078-434C-BF55-6F9EDBAEA7A6},589,209,,,,,{7102AFBB-6F0A-4C7A-92FF-6F5A6D66AB18},Fairbanks,Fort Knox Mine,#1 Fort Knox Road,99712,65.00362,-147.34101,313574.018,1687203.804,Road,4000,4000,,,,1,DEC,,False,,2022-12-21T03:55:03Z,FAIRBANKS,false,false,true,16.47,,2025
562,{84B1808F-27AC-4CA6-8BC7-55D136BFC0C3},590,255,,,,,{7102AFBB-6F0A-4C7A-92FF-6F5A6D66AB18},Fairbanks,City of Fairbanks,2121 Peger Road,99709,64.8292662,-147.7697165,295269.332,1665878.79,Road,60000,20000,40000,,,6,DEC,,False,,2022-12-21T03:55:03Z,FAIRBANKS,false,false,true,0.0,,2025
563,{A2C4E584-2F29-4B2A-BAF5-5D57224E0CE8},591,280,,,,,{7102AFBB-6F0A-4C7A-92FF-6F5A6D66AB18},Fairbanks,DOT&PF Fairbanks Maintenance Station,2301 Peger Road,99709,64.825941,-147.772714,295163.0633,1665492.763,Road,28000,1000,27000,,,14,DEC,,False,,2022-12-21T03:55:03Z,FAIRBANKS,false,false,true,0.0,,2025
564,{5D5D6679-F398-4FC0-A386-A00300F67B5E},592,522,,,,,{7102AFBB-6F0A-4C7A-92FF-6F5A6D66AB18},Fairbanks,Sourdough Fuels - Farmer's Loop Facility,245 Farmer's Loop Road,99712,64.8690223,-147.6743725,299351.9543,1670723.71,Road,22500,10000,12500,,,3,DEC,,False,,2022-12-21T03:55:03Z,FAIRBANKS,false,false,true,0.62,,2025
565,{2FC94A57-252B-464C-AE5D-7FEC48FF42DE},593,523,,,,,{7102AFBB-6F0A-4C7A-92FF-6F5A6D66AB18},Fairbanks,Sourdough Fuels - Hill Top Facility,3711 Elliot Highway,99712,65.0241952,-147.6521783,298751.2885,1688051.853,Road,6000,,6000,,,1,DEC,,False,,2022-12-21T03:55:03Z,FAIRBANKS,false,false,true,16.71,,2025
566,{3AD3B973-0229-490F-8D29-1B8223DDA68E},594,524,,,,,{7102AFBB-6F0A-4C7A-92FF-6F5A6D66AB18},Fairbanks,Sourdough Fuels - Illinois Bulk Plant,418 Illinois Street,99701,64.850195,-147.722508,297283.4466,1668420.96,Road,164000,10000,114000,40000,,14,DEC,,False,,2022-12-21T03:55:03Z,FAIRBANKS,false,false,true,0.0,,2025
567,{B5897603-E5C9-4D4B-9F7C-B66E6EBB82A8},595,525,,,,,{7102AFBB-6F0A-4C7A-92FF-6F5A6D66AB18},Fairbanks,Sourdough Fuels - Van Horn Facility,1561 Van Horn Road,99701,64.812101,-147.743291,296698.7116,1664085.495,Road,24000,12000,12000,,,2,DEC,,False,,2022-12-21T03:55:03Z,FAIRBANKS,false,false,true,0.0,,2025
568,{7BDCCAAA-AE32-4A90-A622-015CBC9E9CBE},596,529,177-BF-02,,,,{7102AFBB-6F0A-4C7A-92FF-6F5A6D66AB18},Fairbanks,Alaska Railroad - Fairbanks,1888 Fox Avenue,99701,64.847949,-147.755086,295767.5454,1668031.483,Road,1000,,1000,,,1,DEC,,False,,2022-12-21T03:55:03Z,FAIRBANKS,false,false,true,0.0,,2025
569,{121E93CF-71BA-4B5B-93E8-A8A301C129CB},597,538,400-BF-01,,,,{7102AFBB-6F0A-4C7A-92FF-6F5A6D66AB18},Fairbanks,ASRC Energy Services - Fairbanks,1420 Van Horn Road,99701,64.814831,-147.7385861,296891.4369,1664418.232,Road,15000,,15000,,,1,DEC,,False,,2022-12-21T03:55:03Z,FAIRBANKS,false,false,true,0.0,,2025
570,{155C8EA1-74BC-42EB-9C4F-1BCE89188BB7},598,543,,,,,{7102AFBB-6F0A-4C7A-92FF-6F5A6D66AB18},Fairbanks,State of Alaska Department of Fish and Game - Fairbanks Complex,1300 College Road,99701,64.862297,-147.7415829,296252.3778,1669670.243,Road,7000,,7000,,,4,DEC,,False,,2022-12-21T03:55:03Z,FAIRBANKS,false,false,true,0.0,,2025
571,{22D8D20B-5B11-4D38-A226-711A10FC53FE},599,544,,,,,{7102AFBB-6F0A-4C7A-92FF-6F5A6D66AB18},Fairbanks,State of Alaska Department of Fish and Game - Fairbanks Hatchery,1150 Wilbur Street,99701,64.8388707,-147.7638971,295442.4825,1666975.318,Road,10000,,10000,,,1,DEC,,False,,2022-12-21T03:55:03Z,FAIRBANKS,false,false,true,0.0,,2025
572,{D6E40633-C0D4-4AF8-9429-3CEC7CADC45F},600,590,,,,,{7102AFBB-6F0A-4C7A-92FF-6F5A6D66AB18},Fairbanks,State of Alaska Department of Corrections - Fairbanks Correctional Facility,1931 Eagan Avenue,99701,64.832317,-147.758947,295748.5195,1666258.926,Road,20000,,20000,,,1,DEC,,False,,2022-12-21T03:55:03Z,FAIRBANKS,false,false,true,0.0,,2025
573,{430A2281-F102-4389-A982-C017D19E885F},601,609,,,,,{7102AFBB-6F0A-4C7A-92FF-6F5A6D66AB18},Fairbanks,Crowley - Fairbanks - Terminal,170 East Van Horn road,99701,64.813443,-147.707206,298389.3455,1664402.972,Road,3000,1000,2000,,,2,DEC,,False,,2022-12-21T03:55:03Z,FAIRBANKS,false,false,true,0.0,,2025
574,{943CE1E4-8EAA-4570-B982-6837734C51BE},602,654,177-BF-05,,,,{7102AFBB-6F0A-4C7A-92FF-6F5A6D66AB18},Fairbanks,Alaska Fuel Sevices - College,3343 College Road,99709,64.856175,-147.802819,293425.1273,1668734.349,Road,2500,2500,,,,1,DEC,,False,,2022-12-21T03:55:03Z,FAIRBANKS,false,false,true,0.98,,2025
575,{80449CC7-A8AC-4CA0-AD2A-2DD0B92CF5B9},603,655,177-BF-01,,,,{7102AFBB-6F0A-4C7A-92FF-6F5A6D66AB18},Fairbanks,Alaska Fuel Services - Van Horn,2090 Van Horn Road,99701,64.813312,-147.76026,295886.5709,1664145.604,Road,2500,2500,,,,1,DEC,,False,,2022-12-21T03:55:03Z,FAIRBANKS,false,false,true,0.0,,2025
576,{BBE5B557-5508-4F7D-AC95-E0CD329CFF20},604,679,176-BF-03,,,,{7102AFBB-6F0A-4C7A-92FF-6F5A6D66AB18},Fairbanks,Air Medical Group Holdings - Fairbanks,5880 Old Airport Road,99709,64.827633,-147.848367,291567.8615,1665354.979,Road,12000,,,12000,,1,DEC,,False,,2022-12-21T03:55:03Z,FAIRBANKS,false,false,true,1.51,,2025
577,{4C8BFD88-B6AA-4374-98D1-F621E2785C88},605,753,,,,,{7102AFBB-6F0A-4C7A-92FF-6F5A6D66AB18},Fairbanks,University of Alaska Fairbanks - Fairbanks,803 Alumni Drive,99775,,,292837.0963,1668494.795,Road,24000,,24000,,,5,DEC,,False,,2022-12-21T05:20:49Z,FAIRBANKS,false,false,true,,,2025
578,{BFC59C95-ABE4-4959-BE52-7F09A5308991},606,754,,,,,{7102AFBB-6F0A-4C7A-92FF-6F5A6D66AB18},Fort Yukon,University of Alaska Fairbanks - Fort Yukon,PO Box 194,99740,66.563958,-145.258792,388329.5381,1870768.197,Barge,3000,,3000,,,1,DEC,,False,,2022-12-21T03:55:03Z,FORT YUKON,true,false,false,214.64,community_name,2025
579,{D4DC4358-AD2A-4F62-A059-4266EFCD6437},607,759,,,,,{7102AFBB-6F0A-4C7A-92FF-6F5A6D66AB18},Fairbanks,University of Alaska Fairbanks - Poker Flat,Mile 30 Steese Highway,99712,65.125844,-147.490665,305219.2262,1700062.036,Road,22000,4000,18000,,,8,DEC,,False,,2022-12-21T03:55:03Z,FAIRBANKS,false,false,true,27.69,,2025
580,{27836AC8-344A-4140-8EBE-9B551A586869},608,761,,,,,{7102AFBB-6F0A-4C7A-92FF-6F5A6D66AB18},Fairbanks,University of Alaska Fairbanks - Toolik,Mile 284.5 Dalton Highway,99775,68.627944,-149.593994,181001.3123,2079830.148,Road,2000,2000,,,,1,DEC,,False,,2022-12-21T03:55:03Z,FAIRBANKS,false,false,true,425.52,,2025
581,{7B696AAD-579A-4E64-8A07-8E8A1EEEB9F2},609,777,180-BF-06,,,,{7102AFBB-6F0A-4C7A-92FF-6F5A6D66AB18},Fairbanks,AT&T - Fairbanks,Mile 0.5 Pedro Dome Road,99701,64.828333,-147.668889,300043.9275,1666222.291,Road,1250,,1250,,,1,DEC,,False,,2022-12-21T03:55:03Z,FAIRBANKS,false,false,true,0.0,,2025
582,{8C45602F-E138-4FFD-8E8B-C5CA68675B72},610,778,,,,,{7102AFBB-6F0A-4C7A-92FF-6F5A6D66AB18},Fairbanks,AT&T - Fairbanks - Aggie Microwave Repeater,Mile 29 Elliot Highway,99701,65.2175,-148.0572,277814.2256,1707741.447,Plane,5000,,5000,,,4,DEC,,False,,2022-12-21T03:55:03Z,FAIRBANKS,false,true,false,41.65,,2025
583,{267D2EF2-63DA-4FEA-ABB6-EB7BFB60BF26},611,779,,,,,{7102AFBB-6F0A-4C7A-92FF-6F5A6D66AB18},Fairbanks,AT&T - Fairbanks - Atigun Microwave Repeater,Mile 250.7 Dalton Highway,99701,68.150225,-149.406443,192346.7192,2027707.248,Plane,5000,,5000,,,2,DEC,,False,,2022-12-21T03:55:03Z,FAIRBANKS,false,true,false,372.31,,2025
584,{14C061AA-262D-4039-AB9A-C4C93FF6ACD2},612,780,,,,,{7102AFBB-6F0A-4C7A-92FF-6F5A6D66AB18},Fairbanks,AT&T - Fairbanks - Buck Microwave Repeater,Mile 300 Richardson Highway,99701,64.3795,-146.3972,365788.6469,1622802.544,Plane,5000,,5000,,,4,DEC,,False,,2022-12-21T03:55:03Z,FAIRBANKS,false,true,false,72.01,,2025
585,{7CF2C4CB-7FFF-4BA5-BCAD-B26DBAECFA39},613,781,180-BF-01,,,,{7102AFBB-6F0A-4C7A-92FF-6F5A6D66AB18},Fairbanks,AT&T - Fairbanks - Toll Center,200 Gaffney Road,99701,64.836492,-147.708511,298086.0029,1666951.907,Road,2000,,2000,,,1,DEC,,False,,2022-12-21T03:55:03Z,FAIRBANKS,false,false,true,0.0,,2025
586,{0C480E12-87D5-45E9-813F-9B396422A9F8},614,782,,,,,{7102AFBB-6F0A-4C7A-92FF-6F5A6D66AB18},Fairbanks,AT&T - Fairbanks - Warehouse,704 30th Avenue,99701,64.819734,-147.717494,297839.9529,1665068.75,Road,1017,,1017,,,1,DEC,,False,,2022-12-21T03:55:03Z,FAIRBANKS,false,false,true,0.0,,2025
587,{ACBD4800-17CA-4F80-8DDE-714558A21D6F},615,837,,,,,{7102AFBB-6F0A-4C7A-92FF-6F5A6D66AB18},Fairbanks,Hot Springs Gas,700 Gold Meadow Drive,99712,64.891897,-147.529808,305925.5646,1673916.377,Road,22000,18000,4000,,,3,DEC,,False,,2022-12-21T03:55:03Z,FAIRBANKS,false,false,true,1.56,,2025
588,{1A2F20D8-0EC8-48FB-BF8A-3CD11F54461A},616,838,,,,,{7102AFBB-6F0A-4C7A-92FF-6F5A6D66AB18},Fairbanks,Ester Gas,3571 Old Nenana Highway,99709,64.844124,-148.010438,283746.3458,1666476.717,Road,4000,,4000,,,1,DEC,,False,,2022-12-21T03:55:03Z,FAIRBANKS,false,false,true,9.04,,2025
589,{4C27052C-C2CF-4508-B7D0-79656E5BD037},617,862,,,,,{7102AFBB-6F0A-4C7A-92FF-6F5A6D66AB18},Fairbanks,Haliburtion - Fairbanks,1429 Minnie Street,99701,64.850115,-147.733732,296752.2358,1668350.131,Road,1000,,1000,,,1,DEC,,False,,2022-12-21T03:55:03Z,FAIRBANKS,false,false,true,0.0,,2025
590,{B1C3993C-E3D4-4232-8551-C55E13B0EA36},618,1000,,,,,{7102AFBB-6F0A-4C7A-92FF-6F5A6D66AB18},Fairbanks,Department of Natural Resources - Fairbanks,3700 Airport Way,99709,64.837869,-147.814497,293063.0567,1666635.919,Road,9000,,3000,6000,,3,DEC,,False,,2022-12-21T03:55:03Z,FAIRBANKS,false,false,true,0.09,,2025
591,{B35105C7-0E6D-4238-ABF1-8D7EF7F936A0},619,1009,,,,,{7102AFBB-6F0A-4C7A-92FF-6F5A6D66AB18},Fairbanks,Enterprise Service Facility (45V9),4960 Dale Rd,99709,64.824332,-147.868898,290633.7619,1664885.53,Road,5000,4000,1000,,,2,DEC,,False,,2022-12-21T03:55:03Z,FAIRBANKS,false,false,true,2.54,,2025
592,{16694921-0732-4982-AD5B-A93BF197F037},620,1024,,,,,{7102AFBB-6F0A-4C7A-92FF-6F5A6D66AB18},Fairbanks,Golden Valley Electric Association - Fairbanks - BESS,901 Bidwill Avenue,99701,64.816694,-147.724035,297561.7862,1664686.819,Road,10000,,10000,,,1,DEC,,False,,2022-12-21T03:55:03Z,FAIRBANKS,false,false,true,0.0,,2025
593,{31AA9173-FC92-45FC-BE99-7FE4ACDC88A9},621,1025,,,,,{7102AFBB-6F0A-4C7A-92FF-6F5A6D66AB18},Fairbanks,Golden Valley Electric Association - Fairbanks - Power Plant,758 Illinois Street,99701,64.853264,-147.719729,297378.7518,1668765.018,Road,112000,,112000,,,3,DEC,,False,,2022-12-21T03:55:03Z,FAIRBANKS,false,false,true,0.0,,2025
594,{C104E278-22E5-4954-A955-C765E7F547CA},622,1026,,,,,{7102AFBB-6F0A-4C7A-92FF-6F5A6D66AB18},Fairbanks,Golden Valley Electric Association - Fairbanks - Headquarters,758 Illinois Street,99701,64.853264,-147.719729,297378.7518,1668765.018,Road,6000,3000,3000,,,2,DEC,,False,,2022-12-21T03:55:03Z,FAIRBANKS,false,false,true,0.0,,2025
595,{A27DE0D0-3E19-44DB-8FE0-4DB5895E4CD2},623,1056,,,,,{7102AFBB-6F0A-4C7A-92FF-6F5A6D66AB18},Fairbanks,Federal Aviation Administration - Fairbanks - FAI ASR SX,,99709,64.81333,-147.583,304260.7701,1664966.531,Road,1000,,1000,,,1,DEC,,False,,2022-12-21T03:55:03Z,FAIRBANKS,false,false,true,0.0,,2025
596,{400DF95A-C142-4FA6-A7F5-4D7D370AF326},624,1057,,,,,{7102AFBB-6F0A-4C7A-92FF-6F5A6D66AB18},Fairbanks,Federal Aviation Administration - Fairbanks - PDQ NXRAD,,99709,65.03511,-147.5011,305717.7392,1689937.845,Road,2000,,2000,,,1,DEC,,False,,2022-12-21T03:55:03Z,FAIRBANKS,false,false,true,17.56,,2025
597,{2B48564F-DF5A-4814-B2B3-21E3157048CA},625,1058,,,,,{7102AFBB-6F0A-4C7A-92FF-6F5A6D66AB18},Fairbanks,Federal Aviation Administration - Fairbanks - FAI Shop,,99709,64.51252,-165.4303,-545884.1186,1663775.906,Road,1000,,1000,,,1,DEC,,False,,2022-12-21T03:55:03Z,FAIRBANKS,false,false,true,838.67,,2025
598,{0FA216D2-7ACC-4EFF-AA2B-EEB5F7C95A78},626,1059,,,,,{7102AFBB-6F0A-4C7A-92FF-6F5A6D66AB18},Fairbanks,Federal Aviation Administration - Fairbanks - FAI ATCT SX/Boiler,,99709,64.81086015,-147.8480595,291755.4393,1663492.432,Road,3500,,3500,,,2,DEC,,False,,2022-12-21T03:55:03Z,FAIRBANKS,false,false,true,2.81,,2025
599,{9D56DBE7-1A09-4398-8622-73AF3113418C},627,1060,,,,,{7102AFBB-6F0A-4C7A-92FF-6F5A6D66AB18},Fairbanks,Federal Aviation Administration - Fairbanks - FAI Butler Building,,99709,64.51252,-165.4303,-545884.1186,1663775.906,Road,1000,,1000,,,1,DEC,,False,,2022-12-21T03:55:03Z,FAIRBANKS,false,false,true,838.67,,2025
600,{8A0AA12B-5E97-4768-80B0-F2E86C50DFDD},628,1061,,,,,{7102AFBB-6F0A-4C7A-92FF-6F5A6D66AB18},Fairbanks,Federal Aviation Administration - Fairbanks - FAI ALSF SX,,99709,64.83076,-147.8375,292050.4118,1665734.82,Road,3000,,3000,,,1,DEC,,False,,2022-12-21T03:55:03Z,FAIRBANKS,false,false,true,0.89,,2025
601,{591FEE4C-4EAA-4F0F-A6EE-B6FA2F107E7B},629,1103,,,,,{7102AFBB-6F0A-4C7A-92FF-6F5A6D66AB18},Fairbanks,Fox General Store,2226 Old Steese Highway,99712,64.957606,-147.617087,301110.3798,1680820.099,Road,29000,17000,12000,,,3,DEC,,False,,2022-12-21T03:55:03Z,FAIRBANKS,false,false,true,9.1,,2025
602,{E4AB4D46-CF85-4C56-9B07-82B5AA1F0492},630,1117,186-BF-02,,,,{7102AFBB-6F0A-4C7A-92FF-6F5A6D66AB18},Fairbanks,GCI Communication Corp. - Van Horn Fairbanks,1300 Van Horn Road,99701,64.813578,-147.73225,297206.5976,1664318.139,Road,3000,,3000,,,1,DEC,,False,,2022-12-21T03:55:03Z,FAIRBANKS,false,false,true,0.0,,2025
603,{4D06EDBB-76ED-4BC8-B6B8-D96FC8B60FD3},631,1118,,,,,{7102AFBB-6F0A-4C7A-92FF-6F5A6D66AB18},Fairbanks,GCI Communication Corp. - ESRO Road Earth Station,2.5 Mile Esro Road,99701,64.930298,-147.496575,307071.9209,1678330.16,Road,1000,,1000,,,1,DEC,,False,,2022-12-21T03:55:03Z,FAIRBANKS,false,false,true,5.98,,2025
604,{EA9FD404-2758-49CB-81A4-82A43AF09848},632,1150,,,,,{7102AFBB-6F0A-4C7A-92FF-6F5A6D66AB18},Fairbanks,Lowe's - Fairbanks #1985,425 Merhar Avenue,99701,64.856032,-147.696556,298449.7806,1669181.307,Road,1500,,1500,,,1,DEC,,False,,2022-12-21T03:55:03Z,FAIRBANKS,false,false,true,0.0,,2025
605,{E32D2921-8176-4468-A0AB-9AE351693922},633,1252,,,,,{7102AFBB-6F0A-4C7A-92FF-6F5A6D66AB18},Fairbanks,Northern Air Cargo Fairbanks Station,5383 Airport Industrial Road,99709,64.812009,-147.880345,290219.5291,1663480.01,Road,2500,,2500,,,1,DEC,,False,,2022-12-21T03:55:03Z,FAIRBANKS,false,false,true,3.78,,2025
606,{4423FEAA-6CA7-48F5-B89D-7EDDC5DFF1F2},634,140,195-BF-03,,,,{223C147A-542C-4057-8AE2-C5C99FC10AB1},False Pass,Aleutians East Borough School District - False Pass,PO Box 69,99583,54.853056,-163.418333,-603003.4297,580590.6736,Road,1200,,1200,,,1,DEC,,False,1996-08-08,2022-12-21T03:55:03Z,FALSE PASS,false,false,true,0.0,,2025
607,{37E9912D-6B47-48B5-A018-C41BFD73CCA0},635,511,195-BF-04,,,,{223C147A-542C-4057-8AE2-C5C99FC10AB1},False Pass,City of False Pass,PO Box 50,99583,54.86318,-163.413476,-602536.519,581669.9907,Barge,65000,,65000,,,4,DEC,,False,,2022-12-21T03:55:03Z,FALSE PASS,true,false,false,0.0,,2025
608,{8036C5D7-767C-4593-A72A-15CA64AC8BD0},636,556,196-BF-04,,,,{223C147A-542C-4057-8AE2-C5C99FC10AB1},False Pass,Silver Bay Seafoods - False Pass,100 Beach Front Road,99583,54.867952,-163.407801,-602103.7344,582150.3529,Road,24000,,24000,,,4,DEC,,False,,2022-12-21T03:55:03Z,FALSE PASS,false,false,true,0.0,,2025
609,{5553F08E-643A-415D-8BA6-6C25914904DC},637,1106,195-BF-02,ANC-F-008,,,{223C147A-542C-4057-8AE2-C5C99FC10AB1},False Pass,False Pass Fuel Services,100 Beach Road,99583,54.862313,-163.414146,-602598.4419,581569.0344,Barge,210000,20000,180000,10000,,6,DEC,,True,2014-08-27,2022-12-21T03:55:03Z,FALSE PASS,true,false,false,0.0,,2025
610,{D01D9DD1-1629-411F-9602-1EBA924BC4D1},638,1107,196-BF-09,,,,{223C147A-542C-4057-8AE2-C5C99FC10AB1},False Pass,False Pass Seafoods LLC,101 Beach Road,99583,54.863273,-163.413459,-602536.519,581669.9907,Barge,64000,,64000,,,5,DEC,,False,,2022-12-21T03:55:03Z,FALSE PASS,true,false,false,0.0,,2025
611,{AB23A4FE-2B44-4EE0-9ECF-0D11705EC96D},639,1192,196-BF-01,,,,{223C147A-542C-4057-8AE2-C5C99FC10AB1},False Pass,Isanotski Grocery Store,Plat 2003-2 Parcel 5B,99583,54.86679,-163.409961,-602258.7252,582035.2185,Road,1000,,1000,,,1,DEC,,False,,2022-12-21T03:55:03Z,FALSE PASS,false,false,true,0.0,,2025
612,{811E6ABE-AD0B-4DE5-BC2B-46B69105F5EF},640,,196-BF-08,,944,725,{223C147A-542C-4057-8AE2-C5C99FC10AB1},False Pass,City of False Pass Power Plant,,,54.85485299,-163.4119292,-602574.8408,580735.3624,Barge,34000,,,,,,AEA,,False,1996-08-08,2022-12-21T03:55:03Z,FALSE PASS,true,false,false,0.0,,2025
613,{D5D3CEB4-1913-4496-9C63-0A9124E8357A},641,49,196-BF-07,,,,{025A0F26-3C9F-4F08-ADB2-F18FEC8DF739},Fort Greely,Doyon Utilities Fort Greely,611 East Fifth St,99731,63.9564028,-145.740064,403110.9997,1579720.64,Road,2000,,2000,,,2,DEC,,False,,2022-12-21T03:55:03Z,FORT GREELY,false,false,true,0.0,,2025
614,{1DC59D11-9BEB-49DC-9CE6-3A8DA28A5E39},642,565,196-BF-06,,,,{3A66DA74-669C-477F-B7DF-732C814AA38A},Fort Richardson,Anchorage School Distric - JFK Data Center,540 Dyea Avenue,99505,61.256018,-149.669655,231394.7665,1260326.138,Road,1000,,1000,,,1,DEC,,False,,2022-12-21T03:55:03Z,FORT RICHARDSON,false,false,true,,,2025
615,{43BB828A-58FF-4DA8-95D6-95845BA0AE0E},643,100,,,,,{3D0376C5-5127-4959-91EA-4BDA2B041AD6},Fort Wainwright,U.S. Army Garrison FWA - Donnelly Training Area,1046 Marks Road,99703,64.8416252,-147.6114257,302617.1809,1667967.023,Road,60000,4000,46000,10000,,32,DEC,,False,,2022-12-21T03:55:03Z,FORT WAINWRIGHT,false,false,true,,,2025
616,{6D77D3CE-1656-4DE0-82E1-B4E58334CEC1},644,101,196-BF-02,,,,{3D0376C5-5127-4959-91EA-4BDA2B041AD6},Fort Wainwright,U.S. Army Garrison FWA,1046 Marks Road,99703,64.8416252,-147.6114257,302617.1809,1667967.023,Road,200000,13000,107000,80000,,26,DEC,,False,,2022-12-21T03:55:03Z,FORT WAINWRIGHT,false,false,true,,,2025
617,{E7D371F4-1EF0-4BEC-B0F0-BDDE7CDEFF07},645,50,196-BF-05,,,,{3D0376C5-5127-4959-91EA-4BDA2B041AD6},Fort Wainwright,Doyon Utilities Fort Wainwright,3564 Neely Road,99703,64.8250929,-147.6554427,300715.656,1665924.178,Road,25170,,25170,,,5,DEC,,False,,2022-12-21T03:55:03Z,FORT WAINWRIGHT,false,false,true,,,2025
618,{F4B5DEE4-6F15-445D-84EB-5A6938C710D8},646,103,196-BF-03,,,,{3D0376C5-5127-4959-91EA-4BDA2B041AD6},Fort Wainwright,U.S. Army Garrison FWA - Black Rapids Training Area,1046 Marks Road,99703,64.8416252,-147.6114257,302617.1809,1667967.023,Road,27000,,27000,,,5,DEC,,False,,2022-12-21T03:55:03Z,FORT WAINWRIGHT,false,false,true,,,2025
619,{06B82250-2AD5-462B-932C-ECBE4564ECC4},647,105,,,,,{3D0376C5-5127-4959-91EA-4BDA2B041AD6},Fort Wainwright,U.S. Army Garrison FWA - Yukon Training Area,1046 Marks Road,99703,64.8416252,-147.6114257,302617.1809,1667967.023,Road,3000,,3000,,,2,DEC,,False,,2022-12-21T03:55:03Z,FORT WAINWRIGHT,false,false,true,,,2025
620,{BDC6AEBD-A6BF-4D0C-929B-36D15018837C},648,104,,,,,{3D0376C5-5127-4959-91EA-4BDA2B041AD6},Seward,U.S. Army Garrison FWA - Seward Military Resort,1046 Marks Road,99703,60.132528,-149.433,252658.6337,1135801.362,Road,1500,,1500,,,1,DEC,,False,,2022-12-21T03:55:03Z,SEWARD,false,false,true,0.0,community_name,2025
621,{78B0D1D5-FF20-4A58-881C-647D1EFDD2B9},649,288,200-BF-02,,,,{641D75DC-10FB-4C68-9F27-A8720C97B6C0},Fort Yukon,DOT&PF Fort Yukon APT,,99740,66.568211,-145.254222,388470.2681,1871258.932,Plane,1000,,1000,,,1,DEC,,False,,2022-12-21T03:55:03Z,FORT YUKON,false,true,false,0.0,,2025
622,{D99D1073-2B1A-442D-A734-E3D9DCEDD425},650,896,,,,,{641D75DC-10FB-4C68-9F27-A8720C97B6C0},Fort Yukon,Alaska Commercial Company - Fort Yukon,155 Main Street,99740,66.56747,-145.249988,388667.8318,1871196.161,Barge,1000,,1000,,,1,DEC,,False,,2022-12-21T03:55:03Z,FORT YUKON,true,false,false,0.0,,2025
623,{911BED9C-EC53-44C9-A650-937BDE34EC0D},651,1011,,,,,{641D75DC-10FB-4C68-9F27-A8720C97B6C0},Fort Yukon,Yukon Flats School District - Fort Yukon,PO Box 250,99740,66.56419,-145.253973,388542.5305,1870816.929,Road,28000,,28000,,,7,DEC,,False,,2022-12-21T03:55:03Z,FORT YUKON,false,false,true,0.0,,2025
624,{50539CE7-AE72-4BE5-B34B-5CFE5FD44568},652,,,,159,19,{641D75DC-10FB-4C68-9F27-A8720C97B6C0},Fort Yukon,"Bureau of Land Management | Fish and Wildlife Service | Fort Yukon, AK 99740",,,66.56566684,-145.2580471,388341.4365,1870947.664,Plane or Barge,2700,,,,,,AEA,2015 Assessment,False,1996-07-25,2022-12-21T03:55:03Z,FORT YUKON,true,true,false,0.0,,2025
625,{CC88A802-1D40-443D-9C55-23F9F8729518},653,,202-BF-01,,160,20,{641D75DC-10FB-4C68-9F27-A8720C97B6C0},Fort Yukon,"Yukon Air Service | Fort Yukon, AK 99740",,,66.56775323,-145.2593346,388255.4529,1871162.066,Plane or Barge,6000,,,,,,AEA,2015 Assessment,False,1996-07-24,2022-12-21T03:55:03Z,FORT YUKON,true,true,false,0.0,,2025
626,{AA4C91F1-4525-4ADD-93A3-F931F44C5C74},654,,202-BF-09,,161,21,{641D75DC-10FB-4C68-9F27-A8720C97B6C0},Fort Yukon,"Sheenjek River Air Service | Fort Yukon, AK 99740",,,66.56785136,-145.2587016,388277.0414,1871185.45,Plane or Barge,4100,,,,,,AEA,2015 Assessment,False,1996-07-24,2022-12-21T03:55:03Z,FORT YUKON,true,true,false,0.0,,2025
627,{6BF83DA9-AFD6-420C-BA70-0BCC46214100},655,,202-BF-02,,165,22,{641D75DC-10FB-4C68-9F27-A8720C97B6C0},Fort Yukon,White Alice,,,66.55937459,-145.2077557,390652.9768,1870563.522,Plane or Barge,19000,,,,,,AEA,2015 Assessment,False,1996-07-24,2022-12-21T03:55:03Z,FORT YUKON,true,true,false,0.3,,2025
628,{D6A3659F-8B2C-4447-BE15-E82D27D62AF2},656,,200-BF-03,,166,23,{641D75DC-10FB-4C68-9F27-A8720C97B6C0},Fort Yukon,"Dan Teager | Trader Dan's Yukon Outpost | Fort Yukon, AK 99740",,,66.5646001,-145.2590663,388307.1573,1870833.654,Plane or Barge,3500,,,,,,AEA,2015 Assessment,False,1996-07-25,2022-12-21T03:55:03Z,FORT YUKON,true,true,false,0.0,,2025
629,{B78D59B6-B929-4BBF-83B0-AFBDE59D3954},657,,201-BF-01,,164,105,{641D75DC-10FB-4C68-9F27-A8720C97B6C0},Fort Yukon,Gwitchyaa Zhee Corporation,,,66.56439529,-145.2583475,388344.8729,1870818.121,Plane or Barge,34000,,34000,,,3,AEA,2015 Assessment,False,2015-05-14,2022-12-21T03:55:03Z,FORT YUKON,true,true,false,0.0,,2025
630,{58EE35A2-3A08-4BA7-BF4C-04E89E4D064C},658,,200-BF-01,,158,575,{641D75DC-10FB-4C68-9F27-A8720C97B6C0},Fort Yukon,Frontier Flying Service,,,66.56796229,-145.25809,388303.9957,1871189.019,Plane or Barge,10500,,,,,,AEA,2015 Assessment,False,1996-07-25,2022-12-21T03:55:03Z,FORT YUKON,true,true,false,0.0,,2025
631,{6EE0E40F-5A4C-4F71-BA4A-EF0463967C3F},659,,,,163,576,{641D75DC-10FB-4C68-9F27-A8720C97B6C0},Fort Yukon,BLM Alaska Fire Service,,,66.56450196,-145.2587552,388326.0025,1870815.623,Plane or Barge,35000,,,,,,AEA,2015 Assessment,False,1996-07-24,2022-12-21T03:55:03Z,FORT YUKON,true,true,false,0.0,,2025
632,{D92BD537-BC5E-45D8-B5D5-467F33E6FB74},660,,203-BF-08,,156,590,{641D75DC-10FB-4C68-9F27-A8720C97B6C0},Fort Yukon,"Yukon Fuel Co. / Yutana Barge Lines Fort Yukon, AK 99740",,,66.56467691,-145.2595062,388288.287,1870831.156,Plane or Barge,73800,,,,,,AEA,2015 Assessment,False,1996-07-25,2022-12-21T03:55:03Z,FORT YUKON,true,true,false,0.0,,2025
633,{881A7E25-6B8E-43C5-872F-FBB1810B9115},661,,,,162,591,{641D75DC-10FB-4C68-9F27-A8720C97B6C0},Fort Yukon,City of Ft. Yukon,,,66.56430141,-145.2580042,388361.9129,1870793.009,Plane or Barge,0,,,,,,AEA,2015 Assessment,False,1994-12-29,2022-12-21T03:55:03Z,FORT YUKON,true,true,false,0.0,,2025
634,{807124A8-0A6D-42E6-98ED-616888004B49},662,,,,157,1051,{641D75DC-10FB-4C68-9F27-A8720C97B6C0},Fort Yukon,Yukon Flats School District,,,66.35966616,-147.3966131,295976.4358,1837180.138,Plane or Barge,42000,,42000,,,4,AEA,2015 Assessment,False,1996-07-23,2022-12-21T03:55:03Z,FORT YUKON,true,true,false,96.19,,2025
635,{B764FB91-117D-48DF-94E6-BD2A0C3925B6},665,,,,1089,1054,{641D75DC-10FB-4C68-9F27-A8720C97B6C0},Fort Yukon,City of Fort Yukon,,,66.56264573,-145.2455802,388932.3327,1870690.692,Plane or Barge,5000,,5000,,,1,AEA,2015 Assessment,False,2015-05-14,2022-12-21T03:55:03Z,FORT YUKON,true,true,false,0.0,,2025
636,{56FA3AE0-76F4-46DF-84EB-F201D2D15CD8},666,,,,1090,1055,{641D75DC-10FB-4C68-9F27-A8720C97B6C0},Fort Yukon,Council of Athabascan Tribal Governments,,,66.56857878,-145.2436812,388933.0151,1871368.159,Plane or Barge,2000,,2000,,,1,AEA,2015 Assessment,False,2015-05-14,2022-12-21T03:55:03Z,FORT YUKON,true,true,false,0.0,,2025
637,{47AEF73D-6FD9-41C6-AA25-FEB3B53DFC9A},667,,202-BF-06,,1091,1056,{641D75DC-10FB-4C68-9F27-A8720C97B6C0},Fort Yukon,University of Alaska Fairbanks,,,66.56617032,-145.2413557,389073.8092,1871113.146,Plane or Barge,3000,,3000,,,1,AEA,2015 Assessment,False,2015-05-14,2022-12-21T03:55:03Z,FORT YUKON,true,true,false,0.0,,2025
638,{24C9FD54-6B5B-4128-A231-C770333A63C0},668,,203-BF-02,ANC-F-006,,,{641D75DC-10FB-4C68-9F27-A8720C97B6C0},Fort Yukon,Crowley Marine Services,,,66.564199,-145.2576394,388378.0877,1870795.151,Barge,,,,,,,USCG,2015 Assessment,True,1899-12-30,2022-12-21T03:55:03Z,FORT YUKON,true,false,false,0.0,,2025
639,{D9A24C50-F9F2-454E-B9C8-750EE585D541},669,,,,,,{641D75DC-10FB-4C68-9F27-A8720C97B6C0},Fort Yukon,Ft. Yukon Bulk Petroleum Storage Facility,,,66.57058174,-145.2763934,387459.8753,1871392.099,Plane or Barge,,,,,,,USCG,2015 Assessment,False,1980-01-01,2022-12-21T03:55:03Z,FORT YUKON,true,true,false,0.0,,2025
640,{D5834F27-2798-4F85-ACD2-68A063A0C5AD},670,66,203-BF-06,,,,{4B339CC2-7B7F-4B2F-8003-C1DE90E459CD},Fritz Creek,Fritz Creek General Store,55770 East End Road,99603,59.7103426,-151.3390921,149174.793,1082886.04,Road,12000,12000,,,,1,DEC,,False,,2022-12-21T03:55:03Z,FRITZ CREEK,false,false,true,0.0,,2025
641,{5DEC0033-91A2-4B58-93E2-945AFDAA8725},671,755,203-BF-10,,,,{ED284F88-6827-4DC4-B028-5F0BFA6CF129},Gakona,University of Alaska Fairbanks - Gakona,Mile 11.3 Tok Cutoff Highway,99586,62.39125,-145.131267,455933.0422,1410214.972,Road,36000,,36000,,,3,DEC,,False,,2022-12-21T03:55:03Z,GAKONA,false,false,true,0.0,,2025
642,{679E2DA1-DC50-426B-B1F2-F6DC8D2DB1AD},672,783,203-BF-03,,,,{ED284F88-6827-4DC4-B028-5F0BFA6CF129},Gakona,AT&T - Gakona,Mile 12 Tok Cutoff Highway,99586,62.339167,-145.248333,450717.0104,1403653.292,Road,1000,,1000,,,1,DEC,,False,,2022-12-21T03:55:03Z,GAKONA,false,false,true,0.0,,2025
643,{A6931EBC-3E8A-4E86-827E-9214C8482A3B},673,46,,ANC-G-003,,,{9CB98028-F75A-4D46-A951-AB787D2CF82E},Galena,City of Galena,Antoski Road,99741,64.743927,-156.876608,-136898.7526,1645460.348,Barge,63000,31000,32000,,,5,DEC,,True,,2022-12-21T03:55:03Z,GALENA,true,false,false,0.0,,2025
644,{925BEAA7-E1AC-43BE-8EBE-8B54D61F439C},674,,,,173,699,{9CB98028-F75A-4D46-A951-AB787D2CF82E},Galena,Galena City School District,,,64.746349,-156.878981,-136997.5564,1645730.383,Barge,3000,,3000,,,1,AEA,2015 Assessment,False,1997-07-15,2022-12-21T03:55:03Z,GALENA,true,false,false,0.0,,2025
645,{A8127B68-83B7-4431-8F66-D91552206E5C},675,289,203-BF-09,,,,{9CB98028-F75A-4D46-A951-AB787D2CF82E},Galena,DOT&PF Galena APT,,99741,64.739344,-156.955567,-140674.8047,1645115.181,Road,8000,,8000,,,1,DEC,,False,,2022-12-21T03:55:03Z,GALENA,false,false,true,0.0,,2025
646,{1FE614D9-633B-49DC-A233-193E56910FE3},676,784,203-BF-01,,,,{9CB98028-F75A-4D46-A951-AB787D2CF82E},Galena,AT&T - Galena,Milepost 0.5 Tiger Freeway,99741,64.7425,-156.860833,-136153.6435,1645271.417,Road,1000,,1000,,,1,DEC,,False,,2022-12-21T03:55:03Z,GALENA,false,false,true,0.0,,2025
647,{59B6F627-42C1-487F-9A00-76D9F63FA010},677,1050,,,,,{9CB98028-F75A-4D46-A951-AB787D2CF82E},Galena,Federal Aviation Administration - Galena - GAL VOR,,99741,64.73812,-156.777,-132188.1222,1644612.393,Road,1000,,1000,,,1,DEC,,False,,2022-12-21T03:55:03Z,GALENA,false,false,true,0.0,,2025
648,{94FF39D9-B453-4A2D-BD74-6A160024C80D},678,,,,171,697,{9CB98028-F75A-4D46-A951-AB787D2CF82E},Galena,Yukon Fuel Company,,,64.73391882,-156.9188094,-138956.578,1644432.65,Barge,100000,,,,,,AEA,2015 Assessment,False,1997-07-16,2022-12-21T03:55:03Z,GALENA,true,false,false,0.0,,2025
649,{60AC36FC-11A2-4126-B20C-4FC3BB51A21A},679,,,,172,698,{9CB98028-F75A-4D46-A951-AB787D2CF82E},Galena,Galena Power Plant | City of Galena,,,64.74394336,-156.8727184,-136712.0843,1645472.705,Barge,630000,,568000,,,2,AEA,2015 Assessment,False,1997-07-15,2022-12-21T03:55:03Z,GALENA,true,false,false,0.0,,2025
650,{7DAF9711-C096-4FF4-9D11-1669A43A122B},680,,,,173,699,{9CB98028-F75A-4D46-A951-AB787D2CF82E},Galena,Galena City School District,,,64.746349,-156.878981,-137029.4854,1645731.768,Barge,3000,,3000,,,1,AEA,2015 Assessment,False,1997-07-15,2022-12-21T03:55:03Z,GALENA,true,false,false,0.0,,2025
651,{8628475F-5F6A-41CC-9E19-59184B52A870},681,,,,167,892,{9CB98028-F75A-4D46-A951-AB787D2CF82E},Galena,Gana A'Yoo/Galena Airport,,,64.74042294,-156.9621968,-140988.3891,1645258.639,Barge,100000,,,,,,AEA,2015 Assessment,False,1997-07-15,2022-12-21T03:55:03Z,GALENA,true,false,false,0.0,,2025
652,{F2783EA8-D735-446B-A993-92559DEB2E11},682,,,,168,893,{9CB98028-F75A-4D46-A951-AB787D2CF82E},Galena,Warbelow's Air Service,,,64.73893041,-156.9441617,-140133.11,1645063.847,Barge,37000,,,,,,AEA,2015 Assessment,False,1997-07-15,2022-12-21T03:55:03Z,GALENA,true,false,false,0.0,,2025
653,{D16B7CA0-CE7A-4D65-864E-5B2599DECFA6},683,,200-BF-01,,158,575,{9CB98028-F75A-4D46-A951-AB787D2CF82E},Galena,Frontier Flying Service,,,66.56796229,-145.25809,388303.9957,1871189.019,Plane or Barge,10500,,,,,,AEA,2015 Assessment,False,1996-07-25,2022-12-21T03:55:03Z,GALENA,true,true,false,564.81,,2025
654,{242DF498-1FE8-4CF2-9961-E0B7533A4355},685,,,,1083,1037,{9CB98028-F75A-4D46-A951-AB787D2CF82E},Galena,Russ Sweetsir,,,64.74129279,-156.8750572,-136835.9462,1645164.618,Barge,9000,6000,3000,,,2,AEA,2015 Assessment,False,2015-05-27,2022-12-21T03:55:03Z,GALENA,true,false,false,0.0,,2025
655,{1FC36070-6859-4383-9040-51DA754947F1},686,,,,1084,1038,{9CB98028-F75A-4D46-A951-AB787D2CF82E},Galena,Patrick Lumba - Galena Liquor Store,,,64.74279893,-156.951983,-140485.6679,1645508.821,Barge,4000,4000,0,,,1,AEA,2015 Assessment,False,2015-05-27,2022-12-21T03:55:03Z,GALENA,true,false,false,0.0,,2025
656,{F0FFCC8F-A5B7-4ADC-8C28-C7FC319FCDDB},687,,203-BF-02,ANC-F-006,,,{9CB98028-F75A-4D46-A951-AB787D2CF82E},Galena,Crowley Marine Services,,,66.564199,-145.2576394,388378.0877,1870795.151,Barge,,,,,,,USCG,2015 Assessment,True,1899-12-30,2022-12-21T03:55:03Z,GALENA,true,false,false,564.71,,2025
657,{450BB183-9E66-4ABC-966A-165BD8839798},688,232,,,,,{961462BD-8155-4FFF-863B-A652CC389066},Gambell,Alaska Army National Guard - Gambell Readiness Center,,99742,63.778368,-171.730334,-862495.4309,1650567.27,Road,3000,,3000,,,2,DEC,,False,1998-08-16,2022-12-21T03:55:03Z,GAMBELL,false,false,true,0.0,,2025
658,{4FECB5C8-1B1B-43E1-809A-82580669F105},689,204,,ANC-G-007,,,{961462BD-8155-4FFF-863B-A652CC389066},Gambell,City of Gambell,,99742,63.776398,-171.718165,-861975.0806,1650191.806,Barge,31500,,31500,,,3,DEC,,True,,2022-12-21T03:55:03Z,GAMBELL,true,false,false,0.0,,2025
659,{0A4DC447-9742-4966-8414-FE0937DE7487},690,911,,ANC-G-006,,,{961462BD-8155-4FFF-863B-A652CC389066},Gambell,Alaska Village Electric Cooperative - Gambell,General Delivery,99742,63.778922,-171.731856,-862555.2965,1650633.112,,234000,,234000,,,9,DEC,,True,,2022-12-21T03:55:03Z,GAMBELL,,,,0.0,,2025
660,{ECBCD8D2-3AC3-4138-99A9-100BBD56D4ED},691,,,,565,92,{961462BD-8155-4FFF-863B-A652CC389066},Gambell,Presbyterian Church,,,63.77911319,-171.7340584,-862654.233,1650681.376,Barge,2700,,,,,,AEA,,False,1998-08-16,2022-12-21T03:55:03Z,GAMBELL,true,false,false,0.0,,2025
661,{EA99F3E6-95C7-4A2D-B594-6959266E71F9},692,,,ANC-G-004,561,106,{961462BD-8155-4FFF-863B-A652CC389066},Gambell,Bering Straits Schools,,,63.7786107,-171.735303,-862727.6841,1650652.003,Barge,51700,,,,,,AEA,,True,1998-08-16,2022-12-21T03:55:03Z,GAMBELL,true,false,false,0.0,,2025
662,{66D787F9-17BE-4A5B-8890-8AC36424CD55},694,,,,563,109,{961462BD-8155-4FFF-863B-A652CC389066},Gambell,"ANICA Native Store | General Delivery Gambell, AK 99684 | Shirley Antoghame - Mgr.",,,63.77796126,-171.7268111,-862342.8181,1650476.067,Barge,332400,,,,,,AEA,,False,1998-08-16,2022-12-21T03:55:03Z,GAMBELL,true,false,false,0.0,,2025
663,{2EEB9F86-9E52-4DB2-8CFB-F76BC37F6086},695,,,,560,161,{961462BD-8155-4FFF-863B-A652CC389066},Gambell,7th Day Adventist Church,,,63.77752275,-171.7302979,-862524.2033,1650462.072,Barge,2300,,,,,,AEA,,False,1998-08-16,2022-12-21T03:55:03Z,GAMBELL,true,false,false,0.0,,2025
664,{1A74BEEC-86F2-496E-BC64-B8298B907F17},696,369,,,,,{CD547D99-6D12-4842-81D6-4087A40EA80A},Girdwood,AK DOT&PF Girdwood Maintenance Station,388 Toadstool Drive,99587,60.94517,-149.174578,260334.4279,1227480.782,Road,4000,,4000,,,1,DEC,,False,,2022-12-21T03:55:03Z,GIRDWOOD,false,false,true,,,2025
665,{78E87343-723A-45F8-9F57-CA9682B01C90},697,560,,,,,{CD547D99-6D12-4842-81D6-4087A40EA80A},Girdwood,Anchorage School District - Girdwood Elementary School,680 Hightower Road,99587,60.96865,-149.127846,262657.2976,1230272.268,Road,3000,,3000,,,1,DEC,,False,,2022-12-21T03:55:03Z,GIRDWOOD,false,false,true,,,2025
666,{8C215872-3DF7-46F5-A5B2-7C694F8BF815},698,36,,,,,{0F6D14AC-19B0-4FFB-87AF-FBC82152C2A8},Glennallen,HUB Of Alaska,Mile 189,99588,62.108517,-145.478592,442225.0958,1376519.472,Road,20000,16000,4000,,,3,DEC,,False,,2022-12-21T03:55:03Z,GLENNALLEN,false,false,true,0.0,,2025
667,{4B9917B3-ECED-4935-AA32-00AE4F9FBAB1},699,197,,,,,{0F6D14AC-19B0-4FFB-87AF-FBC82152C2A8},Glennallen,Copper River School District - Glennallen,1976 Aurora Drive,99588,62.1129799,-145.5262647,439702.8015,1376711.044,Road,19000,,19000,,,4,DEC,,False,,2022-12-21T03:55:03Z,GLENNALLEN,false,false,true,0.0,,2025
668,{FC75D2A6-024E-4C86-8398-DC9589B89F9C},700,610,,,,,{0F6D14AC-19B0-4FFB-87AF-FBC82152C2A8},Glennallen,Crowley - Glennallen,Mile 188.5 Glenn Highway,99588,62.108421,-145.488674,441708.4812,1376452.857,Road,153800,55000,83800,15000,,10,DEC,,False,,2022-12-21T03:55:03Z,GLENNALLEN,false,false,true,0.0,,2025
669,{AA02A331-9867-4BA3-99F7-81F5B4789144},701,785,,,,,{0F6D14AC-19B0-4FFB-87AF-FBC82152C2A8},Glennallen,AT&T - Glennallen Facility,Milepost 186.2 Glenn Highway,99588,62.1096,-145.5482,438614.1781,1376186.247,Road,1017,,1017,,,1,DEC,,False,,2022-12-21T03:55:03Z,GLENNALLEN,false,false,true,0.0,,2025
670,{6E8C9118-7533-452B-9658-1DC4DFD6FA05},702,786,,,,,{0F6D14AC-19B0-4FFB-87AF-FBC82152C2A8},Glennallen,AT&T - Glennallen - Kimball Pass,Milepost 68 Richardson Highway,99588,61.5135,-145.029,474379.5981,1313655.221,,5000,,5000,,,4,DEC,,False,,2022-12-21T03:55:03Z,GLENNALLEN,,,,65.71,,2025
671,{F495099F-BE9E-49DE-BD7B-1C31183F8BDE},703,787,,,,,{0F6D14AC-19B0-4FFB-87AF-FBC82152C2A8},Glennallen,AT&T,Mile 89.2 Richardson Highway,99588,61.47272,-145.15216,468514.3022,1308262.356,Plane,5000,,5000,,,4,DEC,,False,,2022-12-21T03:55:03Z,GLENNALLEN,false,true,false,68.35,,2025
672,{D32C5145-0F7B-4CCD-98DA-4F63C5C70400},704,849,,,,,{0F6D14AC-19B0-4FFB-87AF-FBC82152C2A8},Glennallen,Copper Valley Electric Association - Glennallen,Milepost 187 Glenn Highway,99588,62.109856,-145.525839,439766.8631,1376361.461,Road,51000,,51000,,,2,DEC,,False,,2022-12-21T03:55:03Z,GLENNALLEN,false,false,true,0.0,,2025
673,{17167C82-B94D-4D95-9821-759B8F922368},705,259,,,,,{D18E8CFB-89C1-437A-ADAA-399023E0587C},Golovin,Golovin Tank Farm - Bering Strait School District,,99762,64.542883,-163.035115,-431836.236,1649494.321,Barge,51400,,51400,,,3,DEC,,False,,2022-12-21T03:55:03Z,GOLOVIN,true,false,false,0.0,,2025
674,{931CEEFB-1FB9-4F9D-8D10-D18DBC4CC1DF},706,681,,ANC-G-008,,,{D18E8CFB-89C1-437A-ADAA-399023E0587C},Golovin,Golovin Tank Farm - City of Golovin,PO Box 62056,99762,64.542905,-163.03652,-431902.9171,1649503.45,Barge,356404,28700,327704,,,10,DEC,,True,1996-09-20,2022-12-21T03:55:03Z,GOLOVIN,true,false,false,0.0,,2025
675,{978129B6-FA2A-40BE-8F70-0AC2A6AD42BC},707,397,,,,,{86CBBCFB-1DC1-4C75-A1A2-84F6C19F0635},Goodnews Bay,Goodnews Bay Maintenance Station,,99589,59.1184,-161.5792,-431633.5399,1038384.7,Road,2000,,2000,,,2,DEC,,False,,2022-12-21T03:55:03Z,GOODNEWS BAY,false,false,true,0.0,,2025
676,{9744BE1C-30A9-42EA-BE46-A88FA1F98BF3},708,912,,,,,{86CBBCFB-1DC1-4C75-A1A2-84F6C19F0635},Goodnews Bay,Alaska Village Electric Cooperative - Goodnews Bay,PO Box 154,99589,59.117969,-161.588472,-432165.0266,1038397.581,,91500,,91500,,,11,DEC,,False,,2022-12-21T03:55:03Z,GOODNEWS BAY,,,,0.0,,2025
677,{F842B64F-E61B-446B-B295-990120CE5CA2},709,969,,,,,{86CBBCFB-1DC1-4C75-A1A2-84F6C19F0635},Goodnews Bay,City of Goodnews Bay,PO Box 139,99589,59.11807,-161.588628,-432171.9482,1038398.376,Barge,15100,,15100,,,2,DEC,,False,2015-04-22,2022-12-21T03:55:03Z,GOODNEWS BAY,true,false,false,0.0,,2025
678,{56278046-41C5-406E-AC92-1B6A785FE9A1},710,,,,785,111,{86CBBCFB-1DC1-4C75-A1A2-84F6C19F0635},Goodnews Bay,Goodnews Bay School LKSD,,,59.12221963,-161.5912982,-432270.5221,1038883.603,Barge,43000,,43000,,,2,AEA,2017 Letter Report,False,2015-04-22,2022-12-21T03:55:03Z,GOODNEWS BAY,true,false,false,0.0,,2025
679,{D528E31C-2076-4981-8108-ACAE1377AAB6},711,,,ANC-G-010,789,847,{86CBBCFB-1DC1-4C75-A1A2-84F6C19F0635},Goodnews Bay,Mumtram Pikkai - Retail Sales,,,59.11847525,-161.5826722,-431830.8062,1038407.317,Barge,111000,51000,60000,,,6,AEA,2017 Letter Report & Best Practice Assessment,True,2015-04-22,2022-12-21T03:55:03Z,GOODNEWS BAY,true,false,false,0.0,,2025
680,{6C27264B-0B0D-4D54-8E6E-15F1518AAFC9},712,,,,1061,995,{86CBBCFB-1DC1-4C75-A1A2-84F6C19F0635},Goodnews Bay,ANTHC - WTP,,,59.11865147,-161.5821143,-431793.8661,1038423.685,Barge,8000,,8000,,,1,AEA,2017 Letter Report & Best Practice Assessment,False,2015-04-22,2022-12-21T03:55:03Z,GOODNEWS BAY,true,false,false,0.0,,2025
681,{3ACCCEC3-494E-4C62-BEDC-7721843C1601},713,913,,,,,{DD04D244-B150-4D0C-83D9-26AAE567CC97},Grayling,Alaska Village Electric Cooperative - Grayling,General Delivery,99590,62.907072,-160.064375,-307001.4534,1451413.569,,66300,,66300,,,8,DEC,,False,,2022-12-21T03:55:03Z,GRAYLING,,,,0.0,,2025
682,{ABAD2EE2-9E85-4C4A-B842-A3C00F4B54B7},714,1015,,,,,{DD04D244-B150-4D0C-83D9-26AAE567CC97},Grayling,Iditarod Area School District - Grayling,90 Main Street,99590,62.90558,-160.065558,-307071.2256,1451262.402,Barge,3300,,3300,,,2,DEC,,False,1998-07-15,2022-12-21T03:55:03Z,GRAYLING,true,false,false,0.0,,2025
683,{CAAC5221-829D-4B94-872F-BF7B98979A46},715,1141,,,,,{DD04D244-B150-4D0C-83D9-26AAE567CC97},Grayling,GCI Communication Corp. - Elliott Microwave Repeater,,99590,65.254278,-152.740853,58863.25406,1699956.003,Plane,9000,,9000,,,2,DEC,,False,,2022-12-21T03:55:03Z,GRAYLING,false,true,false,440.44,,2025
684,{AF0B22FA-9863-4EEB-8301-672C0FE42AEB},716,1142,,,,,{DD04D244-B150-4D0C-83D9-26AAE567CC97},Grayling,GCI Communication Corp. - Grayling Repeater,,99590,62.958069,-160.174358,-312023.9569,1457604.841,Plane,9000,,9000,,,2,DEC,,False,,2022-12-21T03:55:03Z,GRAYLING,false,true,false,3.56,,2025
685,{2D7DADDE-8A80-4AA3-B5F5-FC6E61425E86},717,,,ANC-G-014,174,114,{DD04D244-B150-4D0C-83D9-26AAE567CC97},Grayling,"AVEC, ANSCA Village Corps., & City of Grayling, Consolidated | General Delivery | Grayling, AK 99590",,,62.90680426,-160.0654521,-307055.7007,1451397.986,Barge,175300,,,,,,AEA,,True,1998-07-15,2022-12-21T03:55:03Z,GRAYLING,true,false,false,0.0,,2025
686,{C73C3438-575C-42A1-B923-9C7224431065},718,,,,176,116,{DD04D244-B150-4D0C-83D9-26AAE567CC97},Grayling,"Grayling Native Store | General Delivery | Grayling, AK 99590",,,62.90508545,-160.0660019,-307102.0988,1451196.727,Barge,24489,,,,,,AEA,,False,1998-07-15,2022-12-21T03:55:03Z,GRAYLING,true,false,false,0.0,,2025
687,{452B04B0-F1CD-49B3-BBA7-3AABA29C1CB4},719,,,ANC-G-013,177,117,{DD04D244-B150-4D0C-83D9-26AAE567CC97},Grayling,"Hee-Yea-Longde CorporationGeneral DeliveryGrayling, AK 99590",,,62.90704736,-160.0645213,-307007.6158,1451414.134,Barge,20572,,,,,,AEA,,True,1998-07-15,2022-12-21T03:55:03Z,GRAYLING,true,false,false,0.0,,2025
688,{A8B50C02-94E9-4108-AA7E-7EE23CC1EEF2},720,,,,,,{DD04D244-B150-4D0C-83D9-26AAE567CC97},Grayling,Grayling Fuel Co.,,,62.90675662,-160.0645321,-307011.9704,1451366.58,Barge,,,,,,,USCG,,False,2013-08-27,2022-12-21T03:55:03Z,GRAYLING,true,false,false,0.0,,2025
689,{49254AE2-8D43-4937-AF5B-27770C31B4DB},721,302,,,,,{5A851423-1D34-45BF-9EE7-8765E762667F},Gulkana,DOT&PF Gulkana APT,"Block 1, Lot 3",99586,62.158575,-145.460814,442422.3969,1382201.539,Road,4000,,4000,,,2,DEC,,False,,2022-12-21T03:55:03Z,GULKANA,false,false,true,0.0,,2025
690,{F5AD660F-BFB2-45F7-A0DD-3D6376AE81F5},722,123,,,,,{3D5231FD-4F19-414E-A871-FAFF3941FF8F},Gustavus,Chatham School District - Gustavus,12 Gustavus Road,99826,58.418994,-135.71037,1051962.939,1081331.216,Road,1500,,1500,,,1,DEC,,False,,2022-12-21T03:55:03Z,GUSTAVUS,false,false,true,0.0,,2025
691,{B718A85C-8F35-4926-949D-1A17CD92D97A},723,1169,,,,,{3D5231FD-4F19-414E-A871-FAFF3941FF8F},Gustavus,National Park Service - Glacier Bay,PO Box 140,99826,58.453333,-135.873333,1041798.555,1082440.166,Barge,19200,,19200,,,9,DEC,,False,,2022-12-21T03:55:03Z,GUSTAVUS,true,false,false,0.0,,2025
692,{31253619-C27C-45C2-B04C-29DC2F737A49},724,,,,14,663,{3D5231FD-4F19-414E-A871-FAFF3941FF8F},Gustavus,"Dick Levitt | Gustavus Electric Dray, Inc.",,,58.4524901,-135.8874636,1041032.319,1082133.684,Barge,108740,,,,,,AEA,,False,1996-07-19,2022-12-21T03:55:03Z,GUSTAVUS,true,false,false,0.0,,2025
693,{F90B614D-0126-446C-8EA2-D45D46B53701},725,,,,16,664,{3D5231FD-4F19-414E-A871-FAFF3941FF8F},Gustavus,"Dick Levitt | Gustavus Dray, Inc. | Airport location",,,58.42349344,-135.7094454,1051884.133,1081819.258,Barge,9432,,,,,,AEA,,False,1996-07-19,2022-12-21T03:55:03Z,GUSTAVUS,true,false,false,0.0,,2025
694,{2BE14DE6-6F88-4708-9D02-A0D0695E325F},726,,,,17,665,{3D5231FD-4F19-414E-A871-FAFF3941FF8F},Gustavus,"Dick LevittPower Plant GeneratorsGustavus Dray, Inc.",,,58.45258552,-135.8878552,1040999.442,1082145.736,Barge,2938,,,,,,AEA,,False,1996-07-19,2022-12-21T03:55:03Z,GUSTAVUS,true,false,false,0.0,,2025
695,{B057ED6C-AB74-4C0C-A33E-C27C193AC3EA},727,,,,18,666,{3D5231FD-4F19-414E-A871-FAFF3941FF8F},Gustavus,"Dick Levitt | Gas Station | Gustavus Dray, Inc.",,,58.41245794,-135.726456,1051268.507,1080362.548,Barge,7520,,,,,,AEA,,False,1996-07-19,2022-12-21T03:55:03Z,GUSTAVUS,true,false,false,0.0,,2025
696,{375B0BE8-37A8-4560-8FF4-1D5C1841820D},728,,,,15,858,{3D5231FD-4F19-414E-A871-FAFF3941FF8F},Gustavus,"Glacier Bay National Park | Gustavus, AK 99826",,,58.455611,-135.8684146,1042000.452,1082772.929,Barge,7600,,,,,,AEA,,False,1996-07-19,2022-12-21T03:55:03Z,GUSTAVUS,true,false,false,0.0,,2025
697,{8B7B524E-71CF-40B9-BE1E-CAE473BC5CE7},729,,,,19,859,{3D5231FD-4F19-414E-A871-FAFF3941FF8F},Gustavus,"Whalesong Lodge | Box 389-GVA | Gustavus, Alaska",,,58.45467083,-135.8825284,1041239.806,1082446.7,Barge,1000,,,,,,AEA,,False,1996-07-19,2022-12-21T03:55:03Z,GUSTAVUS,true,false,false,0.0,,2025
698,{6EB6FBF9-7227-46E6-9566-9CDFE3039517},730,159,,,,,{EE7CEC95-7451-4BA9-B25F-B1C7F2362518},Haines,Delta Western - Haines II Facility Gas Station,Mission Subtract A Lot 1 Haines II,99827,59.230892,-135.443077,1041917.729,1172814.338,Road,8000,6000,2000,,,4,DEC,,False,,2022-12-21T03:55:03Z,HAINES,false,false,true,0.0,,2025
699,{63499130-C393-4124-906B-08DA99CA5EB8},731,161,,,,,{EE7CEC95-7451-4BA9-B25F-B1C7F2362518},Haines,Delta Western - Haines Tesoro Gas Station,900 Main Street,99827,59.235696,-135.463974,1040621.137,1173003.337,Road,7000,7000,,,,2,DEC,,False,,2022-12-21T03:55:03Z,HAINES,false,false,true,0.0,,2025
700,{532C1372-1D15-4036-9A8B-4ADC4480E152},732,427,,,,,{EE7CEC95-7451-4BA9-B25F-B1C7F2362518},Haines,Haines DOT&PF Maintenance Station,700 Main Street,99827,59.2358441,-135.456496,1041025.951,1173140.674,Road,4000,,4000,,,2,DEC,,False,,2022-12-21T03:55:03Z,HAINES,false,false,true,0.0,,2025
701,{428ABEF1-08E0-4B0F-88D9-94AADA3CE711},733,631,,,,,{EE7CEC95-7451-4BA9-B25F-B1C7F2362518},Haines,Alaska Power & Telephone - Haines power Generation Station,,99827,59.235917,-135.446278,1041583.214,1173300.495,Road,15000,,15000,,,1,DEC,,False,,2022-12-21T03:55:03Z,HAINES,false,false,true,0.0,,2025
702,{7CD62740-2CC2-47F0-B0F9-2C76B695BC47},734,788,,,,,{EE7CEC95-7451-4BA9-B25F-B1C7F2362518},Haines,AT&T - Haines,,99827,59.2508,-135.462,1040263.094,1174668.282,Plane,6000,,6000,,,1,DEC,,False,,2022-12-21T03:55:03Z,HAINES,false,true,false,0.0,,2025
703,{5B6D7E1C-3FCD-4202-88E8-14F202F1FE92},735,852,,,,,{EE7CEC95-7451-4BA9-B25F-B1C7F2362518},Haines,Constantine Metals - Big Nugget Fuel Station,Mile 7.2 Porcupine Road,99827,59.41892,-136.227785,993377.4771,1181025.946,Road,2000,,1000,1000,,2,DEC,,False,,2022-12-21T03:55:03Z,HAINES,false,false,true,43.25,,2025
704,{183A8E95-D80D-4CAE-9F17-F67AC2C20CFE},736,853,,,,,{EE7CEC95-7451-4BA9-B25F-B1C7F2362518},Haines,Constantine Mining - Glacier Creek Fuel Station,Mile 10 Porcupine Road,99827,59.40245,-136.33455,988039.9553,1177671.046,Road,8000,,5000,3000,,2,DEC,,False,,2022-12-21T03:55:03Z,HAINES,false,false,true,48.09,,2025
705,{984C8F00-5900-483B-B4A1-43D255646FAC},737,857,,,,,{EE7CEC95-7451-4BA9-B25F-B1C7F2362518},Haines,GSA - Haines,Mile 42 Haines Highway,99827,59.500427,-136.451343,978795.2938,1186510.942,Road,1000,,1000,,,1,DEC,,False,,2022-12-21T03:55:03Z,HAINES,false,false,true,58.64,,2025
706,{2D742A13-062B-4111-A3EA-AA77C7360838},738,1196,,,,,{EE7CEC95-7451-4BA9-B25F-B1C7F2362518},Haines,Haines Harbor,22 Beach Road,99827,59.232573,-135.441818,1041938.875,1173004.986,Road,15700,3100,12600,,,3,DEC,,False,,2022-12-21T03:55:03Z,HAINES,false,false,true,0.0,,2025
707,{509F4BA3-BB26-4969-8300-CF3DFA06FAC2},739,277,,,,,{8905A89B-A676-4C0A-BEB5-C17AD570F833},Healy,DOT&PF Healy MS,Milepost 18 Healy Road,99743,63.870419,-149.013864,244460.1439,1554198.067,Road,7000,1000,6000,,,2,DEC,,False,,2022-12-21T03:55:03Z,HEALY,false,false,true,0.0,,2025
708,{D76F15DE-85A3-44BE-AE59-2A6533F81512},740,530,,,,,{8905A89B-A676-4C0A-BEB5-C17AD570F833},Healy,Alaska Railroad - Healy,,99743,63.857928,-148.968725,246773.5735,1552964.84,Road,1000,,1000,,,1,DEC,,False,,2022-12-21T03:55:03Z,HEALY,false,false,true,0.0,,2025
709,{996CA338-3112-43BA-964E-BAC877F58828},741,632,,,,,{8905A89B-A676-4C0A-BEB5-C17AD570F833},Healy,Alaska Power & Telephone - Healy Lake Power Generation Plant,,99780,64.000306,-144.734444,451205.8975,1591039.561,Road,14000,,14000,,,1,DEC,,False,,2022-12-21T03:55:03Z,HEALY,false,false,true,170.17,,2025
710,{D2C6A9F9-037C-4AA8-8FDC-6D9CE0A36EEC},742,989,,,,,{8905A89B-A676-4C0A-BEB5-C17AD570F833},Healy,Denali Borough School District - Healy,,99743,63.8725,-149.013611,244452.2324,1554423.024,Road,7000,,7000,,,2,DEC,,False,,2022-12-21T03:55:03Z,HEALY,false,false,true,0.0,,2025
711,{7E320E02-ED16-4013-AA62-D9862E3AEE6F},743,1027,,,,,{8905A89B-A676-4C0A-BEB5-C17AD570F833},Healy,Golden Valley Electric Association - Healy - Eva Creek Operations and Maintenance Building,Milepost 259.2 Parks Highway,99743,64.059764,-148.900105,248401.7977,1575705.751,Road,1000,,1000,,,1,DEC,,False,,2022-12-21T03:55:03Z,HEALY,false,false,true,5.79,,2025
712,{B80B9117-2A48-449E-839A-C42855A531BB},744,1028,,,,,{8905A89B-A676-4C0A-BEB5-C17AD570F833},Healy,Golden Valley Electric Association - Healy - Eva Creek Warm Storage Building,Milepost 259.2 Parks Highway,99743,64.019461,-149.115715,238249.5818,1570417.326,Road,1500,,1500,,,1,DEC,,False,,2022-12-21T03:55:03Z,HEALY,false,false,true,0.57,,2025
713,{2DD74DCA-D8CE-4395-86AB-A9B3B04453A3},745,,,,,,{8905A89B-A676-4C0A-BEB5-C17AD570F833},Healy,Healy Creek Former Tank Farm,,,63.87338173,-149.0033093,244948.7604,1554569.774,Road,,,,,,,USCG,,False,,2022-12-21T03:55:03Z,HEALY,false,false,true,0.0,,2025
714,{7010ACCB-CD36-42F3-B74C-6B7F199CB2DE},746,634,,,,,{6B0D4814-B112-41E9-8F10-11A29507E7CA},Hollis,Alaska Power & Telephone - Hollis Power Generation Station,,99921,55.490556,-132.661389,1324920.865,823441.4525,Road,3000,,3000,,,1,DEC,,False,,2022-12-21T03:55:03Z,HOLLIS,false,false,true,0.0,,2025
715,{AE5F3E72-8390-444C-8C46-BB22FFFF9A8A},747,740,216-BF-11,ANC-H-002,,,{6F84CE74-EDA0-4424-A080-4A7C0F08E5DF},Holy Cross,Holy Cross Tank Farm - Holy Cross Oil,PO Box 228,99602,62.19671,-159.770151,-299032.1557,1370969.331,Barge,90500,46500,44000,,,5,DEC,,True,2015-06-12,2022-12-21T03:55:03Z,HOLY CROSS,true,false,false,0.0,,2025
716,{66EF6F7E-91BA-4537-8B1E-897ADBAE771C},748,741,216-BF-06,,,,{6F84CE74-EDA0-4424-A080-4A7C0F08E5DF},Holy Cross,Holy Cross Tank Farm - City of Holy Cross,PO Box 227,99602,62.19671,-159.770151,-299032.1557,1370969.331,Barge,10000,,10000,,,1,DEC,,False,2015-06-12,2022-12-21T03:55:03Z,HOLY CROSS,true,false,false,0.0,,2025
717,{D41F7208-7E6A-4C09-8B46-B4441F8857CF},749,742,216-BF-08,,,,{6F84CE74-EDA0-4424-A080-4A7C0F08E5DF},Holy Cross,Holy Cross Tank Farm - Alaska Pike Safaris,PO Box 102,99602,62.19671,-159.770151,-299032.1557,1370969.331,Barge,10000,10000,,,,1,DEC,,False,,2022-12-21T03:55:03Z,HOLY CROSS,true,false,false,0.0,,2025
718,{420AC3D5-63CC-4D15-8B27-63AEDD2C02D2},750,1016,216-BF-05,ANC-H-003,,,{6F84CE74-EDA0-4424-A080-4A7C0F08E5DF},Holy Cross,Iditarod Area School District - Holy Cross,210 First Street,99602,62.200931,-159.76945,-298956.5915,1371435.43,Barge,28000,,28000,,,3,DEC,,True,,2022-12-21T03:55:03Z,HOLY CROSS,true,false,false,0.0,,2025
719,{BFB7DB54-CA46-4BD6-9543-C377A3C476CC},751,1145,216-BF-15,,,,{6F84CE74-EDA0-4424-A080-4A7C0F08E5DF},Holy Cross,GCI Communication Corp. - Holy Cross Repeater,,99602,63.313508,-160.957692,-347320.1774,1501009.233,Plane,9000,,9000,,,2,DEC,,False,,2022-12-21T03:55:03Z,HOLY CROSS,false,true,false,132.0,,2025
720,{D288D4AE-A1D2-4647-BFB5-535070CDD4C4},752,,216-BF-03,,178,118,{6F84CE74-EDA0-4424-A080-4A7C0F08E5DF},Holy Cross,Holy Cross School - IASD,,,62.20088466,-159.7696452,-298966.0557,1371436.254,Barge,27000,,27000,,,2,AEA,2016 Letter Report,False,2015-06-12,2022-12-21T03:55:03Z,HOLY CROSS,true,false,false,0.0,,2025
721,{C9AFF599-4CD8-41B4-97E2-04CEFD79683A},753,,,ANC-W-003,179,119,{6F84CE74-EDA0-4424-A080-4A7C0F08E5DF},Holy Cross,Alaska Village Electric Cooperative (AVEC),,,67.08767141,-157.8567222,-168358.097,1908214.339,Barge,74530,,74530,,,10,AEA,2016 Letter Report,True,2015-06-18,2022-12-21T03:55:03Z,HOLY CROSS,true,false,false,549.44,,2025
722,{D0F2748C-7DEB-450F-8C52-E8CB21ECA1B0},754,20,,,,,{74B62695-129C-4E06-A228-C50EFCC9A872},Homer,Tutka Bay Lagoon Hatchery,,99603,59.434992,-151.429035,145328.1501,1051937.168,Road,11000,,11000,,,3,DEC,,False,,2022-12-21T03:55:03Z,HOMER,false,false,true,18.34,,2025
723,{6BFD6489-5B36-4DC3-B14C-F950751A2138},755,377,216-BF-17,,,,{74B62695-129C-4E06-A228-C50EFCC9A872},Homer,Homer Airport,2336 Kachemak Drive,99603,59.642042,-151.47709,141731.8369,1074959.077,Road,5000,1000,4000,,,2,DEC,,False,,2022-12-21T03:55:03Z,HOMER,false,false,true,0.0,,2025
724,{B5257EDF-FE10-458B-9388-8397A316873E},756,378,,,,,{74B62695-129C-4E06-A228-C50EFCC9A872},Homer,Homer Highway Station,3450 Sterling Highway,99603,59.660119,-151.639231,132557.2015,1076636.349,Road,4000,,4000,,,1,DEC,,False,,2022-12-21T03:55:03Z,HOMER,false,false,true,0.0,,2025
725,{45F72F82-F146-48B7-8510-EC81B37616DD},757,495,216-BF-10,,,,{74B62695-129C-4E06-A228-C50EFCC9A872},Homer,City of Homer Public Works,3575 Heath Street,99603,59.642095,-151.532549,138626.7375,1074842.355,Road,7500,,7500,,,5,DEC,,False,,2022-12-21T03:55:03Z,HOMER,false,false,true,0.0,,2025
726,{1B526668-A75F-4655-81E4-CD1636D7B664},758,685,216-BF-18,,,,{74B62695-129C-4E06-A228-C50EFCC9A872},Homer,Kenai Peninsula Borough - West Homer Elementary School,995 Soundview Avenue,99603,59.643771,-151.567842,136631.3779,1074973.605,Road,1000,,1000,,,1,DEC,,False,,2022-12-21T03:55:03Z,HOMER,false,false,true,0.0,,2025
727,{A4DCAADC-7778-42DC-AE34-3DB4F7E5B534},759,686,,,,,{74B62695-129C-4E06-A228-C50EFCC9A872},Homer,Kenai Peninsula Borough - Homer High School,600 East Fairview Avenue,99603,59.652107,-151.528793,138787.3083,1075968.416,Road,1000,,1000,,,1,DEC,,False,,2022-12-21T03:55:03Z,HOMER,false,false,true,0.0,,2025
728,{B05026CD-3A84-439D-A809-4C9614FB88CD},760,687,216-BF-07,,,,{74B62695-129C-4E06-A228-C50EFCC9A872},Homer,Kenai Peninsula Borough - Homer NcNeil Canyon Elementary School,52188 East End Road,99603,59.746088,-151.258425,153530.7549,1087066.238,Road,3000,,3000,,,1,DEC,,False,,2022-12-21T03:55:03Z,HOMER,false,false,true,12.64,,2025
729,{B5302F24-7BC3-4365-B265-9200D736044A},761,691,216-BF-02,,,,{74B62695-129C-4E06-A228-C50EFCC9A872},Homer,Kenai Peninsula Borough - Kachemak Emergency Service Area - Station 1,53048 Ashwood Avenue,99603,59.74515,-151.258929,153507.0875,1086976.456,Road,2000,,2000,,,1,DEC,,False,,2022-12-21T03:55:03Z,HOMER,false,false,true,12.55,,2025
730,{F0E3811E-BDAC-4B95-A047-6232801A109E},762,692,216-BF-04,,,,{74B62695-129C-4E06-A228-C50EFCC9A872},Homer,Kenai Peninsula Borough - South Peninsula Hospital - Homer,4300 Bartlett Street,99603,59.652336,-151.551391,137518.8217,1075941.898,Road,10000,,10000,,,1,DEC,,False,,2022-12-21T03:55:03Z,HOMER,false,false,true,0.0,,2025
731,{7F82FA64-8EC3-41DE-B358-5745EA81032B},763,694,,,,,{74B62695-129C-4E06-A228-C50EFCC9A872},Homer,Kenai Peninsula Borough - Homer Maintenance Facility,638 East Pionner Avenue,99603,59.651758,-151.528337,138816.4962,1075921.694,Road,3500,,3500,,,2,DEC,,False,,2022-12-21T03:55:03Z,HOMER,false,false,true,0.0,,2025
732,{3D4292B1-2476-4370-9C0A-38D9681783E2},764,789,216-BF-12,,,,{74B62695-129C-4E06-A228-C50EFCC9A872},Homer,AT&T - Homer,65655 Diamond Ridge Road,99603,59.681892,-151.62446,133302.4943,1079101.063,Road,1000,,1000,,,1,DEC,,False,,2022-12-21T03:55:03Z,HOMER,false,false,true,2.41,,2025
733,{19C3BA91-EE4F-4E21-89D8-1D3FC0EDF306},765,1005,216-BF-01,,,,{74B62695-129C-4E06-A228-C50EFCC9A872},Homer,Homer Electric Association - Bradley Lake,,99603,59.778581,-150.940139,171175.9148,1091485.651,Barge,16000,5000,11000,,,3,DEC,,False,,2022-12-21T03:55:03Z,HOMER,true,false,false,29.69,,2025
734,{DDBEA947-84DD-4443-88BD-348496D95D9D},766,1051,216-BF-14,,,,{74B62695-129C-4E06-A228-C50EFCC9A872},Homer,Federal Aviation Administration - Homer - HOM VOR,,99603,59.70942,-151.4565,142601.7105,1082532.727,Road,1000,,1000,,,1,DEC,,False,,2022-12-21T03:55:03Z,HOMER,false,false,true,3.46,,2025
735,{D61C075A-5C1A-4E6A-BCE5-D342E1793C3B},767,1182,216-BF-19,,,,{74B62695-129C-4E06-A228-C50EFCC9A872},Homer,Petro 49 - Homer - Petro Marine - Homer Fuel,4607 Freight Dock Road,99603,59.604696,-151.41774,145229.0895,1070906.734,Barge,69000,23000,46000,,,3,DEC,,False,,2022-12-21T03:55:03Z,HOMER,true,false,false,0.0,,2025
736,{7B2C8A93-1209-4F1C-86B4-830CF883B118},768,428,,,,,{67C77481-D454-4AD4-8099-C6A3005285DE},Hoonah,Hoonah DOT&PF Maintenance Station,700 Airport Way,99829,58.1006941,-135.4147427,1078359.693,1051858.75,Road,2100,,2100,,,2,DEC,,False,,2022-12-21T03:55:03Z,HOONAH,false,false,true,0.0,,2025
737,{E0A8AC68-CE38-4642-AC6E-8E5679E9D539},769,872,,,,,{67C77481-D454-4AD4-8099-C6A3005285DE},Hoonah,Inside Passage Electric Cooperative - Hoonah,681 White Alice Road,99829,58.106416,-135.431821,1077208.427,1052202.039,Road,12000,,12000,,,1,DEC,,False,,2022-12-21T03:55:03Z,HOONAH,false,false,true,0.0,,2025
738,{C6F86AE2-7719-442B-88C0-08D0176E33BE},770,970,,,,,{67C77481-D454-4AD4-8099-C6A3005285DE},Hoonah,City of Hoonah/Hoonah Trading Company,,99829,58.114975,-135.452877,1075753.728,1052784.899,Barge,260000,50000,210000,,,8,DEC,,False,,2022-12-21T03:55:03Z,HOONAH,true,false,false,0.0,,2025
739,{6A9CD630-686F-474E-9CE9-6031808EFEC7},771,1102,,,,,{67C77481-D454-4AD4-8099-C6A3005285DE},Hoonah,Hoonah City School District,366 Garteeni Highway,99829,58.109174,-135.441714,1076563.301,1052343.204,Road,3000,,3000,,,1,DEC,,False,1996-08-06,2022-12-21T03:55:03Z,HOONAH,false,false,true,0.0,,2025
740,{173A65EE-29AC-4AA7-AA27-766F4B89A6C3},772,,,,27,18,{67C77481-D454-4AD4-8099-C6A3005285DE},Hoonah,"Hoonah Cold Storage | Hoonah, Alaska 99829",,,58.10950927,-135.4478256,1076212.856,1052263.942,Barge,1971,,,,,,AEA,,False,1996-08-06,2022-12-21T03:55:03Z,HOONAH,true,false,false,0.0,,2025
741,{BB50F72C-CB36-4632-9736-BFCF1FD13E72},773,,,,26,619,{67C77481-D454-4AD4-8099-C6A3005285DE},Hoonah,Hoonah Oil Company/L Kane StoreCorrine Thompson,,,58.1148694,-135.4530425,1075752.472,1052763.257,Barge,101360,,,,,,AEA,,False,1996-08-08,2022-12-21T03:55:03Z,HOONAH,true,false,false,0.0,,2025
742,{1D3152B7-FC9D-4968-B000-12057FAB74D7},774,,223-BF-01,,30,620,{67C77481-D454-4AD4-8099-C6A3005285DE},Hoonah,Ward Cove Packing Company,,,58.11351492,-135.4496522,1075988.778,1052667.87,Barge,6100,,,,,,AEA,,False,1996-07-06,2022-12-21T03:55:03Z,HOONAH,true,false,false,0.0,,2025
743,{473D6546-4125-4228-8C36-95B76AA0FC27},775,,,,32,622,{67C77481-D454-4AD4-8099-C6A3005285DE},Hoonah,Hoonah Public Works,,,58.10987486,-135.4406239,1076606.555,1052426.559,Barge,2000,,,,,,AEA,,False,1996-08-06,2022-12-21T03:55:03Z,HOONAH,true,false,false,0.0,,2025
744,{9BCB41EC-DF28-4A3E-BDB7-216A0745DF9E},776,,223-BF-10,,33,623,{67C77481-D454-4AD4-8099-C6A3005285DE},Hoonah,Whitestone Logging,,,58.09683192,-135.4678376,1075475.659,1050591.302,Barge,71257,,,,,,AEA,,False,1996-08-06,2022-12-21T03:55:03Z,HOONAH,true,false,false,0.0,,2025
745,{1C7E00F7-FF5D-4FA7-8DA7-64B429F2682D},777,,223-BF-09,,34,850,{67C77481-D454-4AD4-8099-C6A3005285DE},Hoonah,"Tlingit-Haida Regional Housing AuthorityHemlock Street and Raven DriveHoonah, Alaska 99829",,,58.11008882,-135.4391433,1076687.109,1052470.959,Barge,1100,,,,,,AEA,,False,1996-08-06,2022-12-21T03:55:03Z,HOONAH,true,false,false,0.0,,2025
746,{EF0093E9-D1F3-42AA-B772-A3A3E6267575},778,,223-BF-11,,35,851,{67C77481-D454-4AD4-8099-C6A3005285DE},Hoonah,"Tom Budd ResidenceFirst StreetHoonah, Alaska 99829",,,58.11129324,-135.4471363,1076197.824,1052472.45,Barge,700,,,,,,AEA,,False,1996-08-06,2022-12-21T03:55:03Z,HOONAH,true,false,false,0.0,,2025
747,{887DB1BB-123E-4376-ADAC-6E12268D877B},779,234,223-BF-06,,,,{8D01840C-135C-49A1-A1FE-5C63881EEF8A},Hooper Bay,Alaska Army National Guard - Hooper Bay Readiness Center,,99604,61.531847,-166.098976,-637817.5207,1341888.738,Road,1500,,1500,,,1,DEC,,False,,2022-12-21T03:55:03Z,HOOPER BAY,false,false,true,0.0,,2025
748,{8ADDB08B-141C-463F-AF0D-00CB11ED85BB},780,398,224-BF-06,,,,{8D01840C-135C-49A1-A1FE-5C63881EEF8A},Hooper Bay,Hooper Bay Maintenance Station,,99589,61.5201,-166.1393,-640158.1665,1340974.047,Barge,2000,,2000,,,2,DEC,,False,,2022-12-21T03:55:03Z,HOOPER BAY,true,false,false,0.0,,2025
749,{20DD3A01-5B0A-472D-A396-C9118EE2DB95},781,611,224-BF-03,,,,{8D01840C-135C-49A1-A1FE-5C63881EEF8A},Hooper Bay,Crowley - Hooper Bay,1 lagoon Road,99604,61.531165,-166.096816,-637715.3377,1341800.505,Road,384047,3192,380855,,,3,DEC,,False,,2022-12-21T03:55:03Z,HOOPER BAY,false,false,true,0.0,,2025
750,{9B6E707C-3648-4486-86B1-87811824DA67},782,662,224-BF-02,,,,{8D01840C-135C-49A1-A1FE-5C63881EEF8A},Hooper Bay,Lower Yukon School District - Hooper Bay,PO Box 249,99604,61.521786,-166.096264,-637873.9329,1340760.807,Barge,151200,1200,150000,,,6,DEC,,False,,2022-12-21T03:55:03Z,HOOPER BAY,true,false,false,0.0,,2025
751,{93566EA2-A919-4717-BB31-81D367FFC7F3},783,897,,,,,{8D01840C-135C-49A1-A1FE-5C63881EEF8A},Hooper Bay,Alaska Commercial Company - Hooper Bay,,99574,61.532198,-166.100836,-637899.1918,1341945.432,Road,1000,,1000,,,1,DEC,,False,,2022-12-21T03:55:03Z,HOOPER BAY,false,false,true,0.0,,2025
752,{3734C771-7E3F-4526-A652-56D9779C6F09},784,914,,ANC-H-004,,,{8D01840C-135C-49A1-A1FE-5C63881EEF8A},Hooper Bay,Alaska Village Electric Cooperative - Hooper Bay,General Delivery,99604,61.530674,-166.102359,-638014.0833,1341786.134,,223200,,223200,,,29,DEC,,True,,2022-12-21T03:55:03Z,HOOPER BAY,,,,0.0,,2025
753,{5283F15A-66DA-4487-8444-EC1A2C43934D},785,,,,171,697,{8D01840C-135C-49A1-A1FE-5C63881EEF8A},Hooper Bay,Yukon Fuel Company,,,64.73391882,-156.9188094,-638103.3526,1341712.351,Barge,100000,,,,,,AEA,2015 Assessment,False,1997-07-16,2025-12-16T09:23:58Z,HOOPER BAY,true,false,false,580.98,,2025
754,{DF0BDB23-DC4E-4D7C-9FBB-24B6A044714B},786,,224-BF-05,,,,{8D01840C-135C-49A1-A1FE-5C63881EEF8A},Hooper Bay,"LYSD, Hooper Bay",,,61.52125398,-166.0974913,-637949.9571,1340705.4,Barge,,,,,,,USCG,,False,2013-08-29,2022-12-21T03:55:03Z,HOOPER BAY,true,false,false,0.0,,2025
755,{9D116191-6B6E-4AD2-B09D-41FE4B38B659},787,,,ANC-H-006,,,{8D01840C-135C-49A1-A1FE-5C63881EEF8A},Hooper Bay,"CPD, Hooper Bay",,,61.5296224,-166.1031561,-638075.2435,1341686.348,Barge,,,,,,,USCG,,True,2015-02-17,2022-12-21T03:55:03Z,HOOPER BAY,true,false,false,0.0,,2025
756,{449628B5-6B03-41F8-92FA-E931C030D353},788,,223-BF-04,,569,123,{8D01840C-135C-49A1-A1FE-5C63881EEF8A},Hooper Bay,"Alaska Village Electric Cooperative | General Delivery | Hooper Bay, AK 99604",,,61.53062482,-166.1023407,-638014.0833,1341786.134,Barge,160900,,,,,,AEA,,False,1997-09-16,2022-12-21T03:55:03Z,HOOPER BAY,true,false,false,0.0,,2025
757,{57CBFD5A-B0B9-4C1D-A73B-1CED62471744},789,,223-BF-03,ANC-H-010,570,124,{8D01840C-135C-49A1-A1FE-5C63881EEF8A},Hooper Bay,City of Hooper Bay,,,61.52997018,-166.1031346,-638067.8206,1341726.626,Barge,20000,,,,,,AEA,,True,1997-09-16,2022-12-21T03:55:03Z,HOOPER BAY,true,false,false,0.0,,2025
758,{A27942C2-FA2F-492A-A3C3-0F16D8FB9618},790,,224-BF-08,,572,125,{8D01840C-135C-49A1-A1FE-5C63881EEF8A},Hooper Bay,Yukon Fuel Company (Cemetary North),,,61.53402054,-166.1004095,-637846.1761,1342143.895,Barge,126995,,,,,,AEA,,False,1997-09-16,2022-12-21T03:55:03Z,HOOPER BAY,true,false,false,0.0,,2025
759,{47D2944D-42AD-431F-975F-E10C14A3CAC9},791,,224-BF-01,,573,126,{8D01840C-135C-49A1-A1FE-5C63881EEF8A},Hooper Bay,Yukon Fuel Company (Cemetary South),,,61.53320233,-166.1029415,-637992.7062,1342080.662,Barge,96208,,,,,,AEA,,False,1997-09-16,2022-12-21T03:55:03Z,HOOPER BAY,true,false,false,0.0,,2025
760,{88A5A8CE-033C-48C5-B537-5CDF4ED67B25},792,,,,575,127,{8D01840C-135C-49A1-A1FE-5C63881EEF8A},Hooper Bay,Little Flower of Jesus Parish,,,61.52994972,-166.1041861,-638125.0971,1341737.182,Barge,2519,,,,,,AEA,,False,1997-09-16,2022-12-21T03:55:03Z,HOOPER BAY,true,false,false,0.0,,2025
761,{38E82315-8B3C-44A8-8C51-723335301BFB},793,370,,,,,{B94A5304-F56C-49FE-A615-8E72E73F6255},Hope,AK DOT&PF Silvertip Maintenance Station,35200 Hope Highway,99605,60.785,-149.430222,247795.2711,1208627.5,Road,7000,1000,6000,,,3,DEC,,False,,2022-12-21T03:55:03Z,HOPE,false,false,true,6.8,,2025
762,{E02F82E9-0CBA-4960-8280-19B03E874280},794,652,,,,,{15846556-C6AB-448D-B51D-2DE0E8727969},Houston,Three Bears #37 Houston,17119 West Parks Highway,99694,61.631242,-149.81115,221203.1832,1301718.973,Road,30000,15000,15000,,,2,DEC,,False,,2022-12-21T03:55:03Z,HOUSTON,false,false,true,0.0,,2025
763,{7A15F83D-F6C9-40A8-ACC1-4D1B644A5224},795,290,,,,,{9D089209-6790-456D-85A0-4D3282C8B989},Hughes,DOT&PF Hughes APT,,99745,66.045139,-154.258728,-11752.00879,1787507.173,Plane,1000,,1000,,,1,DEC,,False,,2022-12-21T03:55:03Z,HUGHES,false,true,false,0.0,,2025
764,{88AED113-8FB3-4795-8643-8390D01668AE},796,487,,ANC-H-014,,,{9D089209-6790-456D-85A0-4D3282C8B989},Hughes,Yukon Koyukuk School District - Hughes,PO Box 30,99745,66.045514,-154.257592,-11696.48299,1787527.331,Plane,12000,,12000,,,2,DEC,,True,2015-05-29,2022-12-21T03:55:03Z,HUGHES,false,true,false,0.0,,2025
765,{E21C4E02-36BA-461C-B1E8-98CFECCDF0C8},797,,,,184,1039,{9D089209-6790-456D-85A0-4D3282C8B989},Hughes,City of Hughes,,,66.04323385,-154.2574051,-11691.88588,1787282.827,Plane,6000,,6000,,,1,AEA,2015 Assessment,False,2015-05-29,2022-12-21T03:55:03Z,HUGHES,false,true,false,0.0,,2025
766,{0A397502-B97C-4DFF-B1D7-BD80D81BAC33},799,295,,,,,{049CEFC6-7BD3-4DA4-98C6-3D0DBE9942E3},Huslia,DOT&PF Huslia APT,,99746,65.695953,-156.363511,-108717.9368,1750531.567,Road,1000,,1000,,,1,DEC,,False,,2022-12-21T03:55:03Z,HUSLIA,false,false,true,0.0,,2025
767,{AABB804C-6713-48DB-8B61-4A5A582D0DE5},800,488,231-BF-02,,,,{049CEFC6-7BD3-4DA4-98C6-3D0DBE9942E3},Huslia,Yukon Koyukuk School District - Huslia,PO Box 110,99746,65.701808,-156.389319,-109878.24,1751239.559,Barge,23000,,23000,,,4,DEC,,False,,2022-12-21T03:55:03Z,HUSLIA,true,false,false,0.0,,2025
768,{A081B9F8-3FE6-48E7-981D-D43D941BC8FF},801,702,,,,,{049CEFC6-7BD3-4DA4-98C6-3D0DBE9942E3},Huslia,City of Huslia,58 Dakli Street,99746,65.701646,-156.385131,-109682.5748,1751212.121,Barge,7000,,7000,,,1,DEC,,False,,2022-12-21T03:55:03Z,HUSLIA,true,false,false,0.0,,2025
769,{F29B8DDC-91DB-4ACC-8F34-04F488ED7F05},802,703,231-BF-01,ANC-H-008,,,{049CEFC6-7BD3-4DA4-98C6-3D0DBE9942E3},Huslia,Huslia Gas & Oil,70 New Airport Road,99746,65.69702,-156.381861,-109552.393,1750690.603,Barge,142000,68000,74000,,,11,DEC,,True,2001-01-01,2022-12-21T03:55:03Z,HUSLIA,true,false,false,0.0,,2025
770,{41752EEE-403A-4394-8AF1-3D255A7A8F9F},803,915,,ANC-H-007,,,{049CEFC6-7BD3-4DA4-98C6-3D0DBE9942E3},Huslia,Alaska Village Electric Cooperative - Huslia,General Delivery,99746,65.696541,-156.380731,-109504.3176,1750620.872,,118200,,118200,,,10,DEC,,True,1997-09-11,2022-12-21T03:55:03Z,HUSLIA,,,,0.0,,2025
771,{AB994952-3C53-44E5-816D-B6C2A1A9012A},804,,,,187,165,{049CEFC6-7BD3-4DA4-98C6-3D0DBE9942E3},Huslia,Yukon Koyukuk School district,,,65.70198602,-156.3885676,-109841.0332,1751258.622,Barge,39874,,,,,,AEA,,False,1997-09-11,2022-12-21T03:55:03Z,HUSLIA,true,false,false,0.0,,2025
772,{A7EBAE89-F17F-40AC-8D9F-B0C83C6758D0},805,635,232-BF-04,,,,{BDF65BBA-7D3D-4EFD-8DC7-59E48EA68082},Hydaburg,Alaska Power & Telephone - Hydaburg Power Generation Station,,99922,55.214444,-132.825,1324745.262,790997.2778,Road,11000,,11000,,,2,DEC,,False,,2022-12-21T03:55:03Z,HYDABURG,false,false,true,0.24,,2025
773,{92136E75-35E2-441E-86C7-EB3CFA08A9C6},806,,232-BF-03,,36,670,{BDF65BBA-7D3D-4EFD-8DC7-59E48EA68082},Hydaburg,Haida Oil Products,,,55.20481861,-132.8274997,1324928.509,789934.046,Barge,100000,,,,,,AEA,2015 Assessment,False,1996-07-26,2022-12-21T03:55:03Z,HYDABURG,true,false,false,0.07,,2025
774,{FAFA9E0C-DDE5-4987-8789-2B08C79EA31C},807,,232-BF-02,,38,855,{BDF65BBA-7D3D-4EFD-8DC7-59E48EA68082},Hydaburg,Haida Apartment BuildingTlingit-Haida Regional Housing Authority,,,55.20599409,-132.8224571,1325195.778,790165.4237,Barge,1000,,,,,,AEA,2015 Assessment,False,1996-07-26,2022-12-21T03:55:03Z,HYDABURG,true,false,false,0.0,,2025
775,{B8B70286-B51A-4677-91C7-E04F9EB3A1E5},808,,232-BF-05,,1114,1107,{BDF65BBA-7D3D-4EFD-8DC7-59E48EA68082},Hydaburg,Hydaburg Cooperative Association,,,55.20548594,-132.8188093,1325434.736,790172.7478,Barge,14000,7000,7000,,,2,AEA,2015 Assessment,False,2015-04-14,2022-12-21T03:55:03Z,HYDABURG,true,false,false,0.0,,2025
776,{C3CF8123-C2E0-4D7E-B1D7-DC3226B21876},809,447,232-BF-01,,,,{729C1584-C0E2-49D1-B9B4-275E3D55B9D1},Igiugig,AK DOT&PF Igiugig,,99613,59.325833,-155.898056,-107648.5255,1038453.405,,1000,,1000,,,1,DEC,,False,,2022-12-21T03:55:03Z,IGIUGIG,,,,0.0,,2025
777,{659310D0-09A0-45D3-AF45-AA1F2A9E1F62},810,1203,,,,,{729C1584-C0E2-49D1-B9B4-275E3D55B9D1},Igiugig,Lake and Peninsula School District - Igiugig,PO Box 4010,99613,59.325604,-155.903878,-107978.0796,1038435.533,Road,6000,,6000,,,2,DEC,,False,,2022-12-21T03:55:03Z,IGIUGIG,false,false,true,0.0,,2025
778,{465146AD-FB3B-45ED-AE32-8A6CC9625813},811,,233-BF-01,,193,365,{729C1584-C0E2-49D1-B9B4-275E3D55B9D1},Igiugig,Igiugig Village Council,,,59.326737,-155.8978439,-107635.6084,1038541.786,Plane or Barge,3500,,,,,,AEA,,False,1998-05-19,2022-12-21T03:55:03Z,IGIUGIG,true,true,false,0.0,,2025
779,{61BCB350-6C68-42DC-BA7E-44DD28C4B1C4},813,419,233-BF-04,,,,{5ADEA6FC-9615-4F6E-9B68-F73ADD743B06},Iliamna,AK DOT&PF Iliamna Maintenance Station,,99609,59.7538,-154.9044,-50649.18941,1085115.295,,8000,1000,7000,,,4,DEC,,False,,2022-12-21T03:55:03Z,ILIAMNA,,,,0.0,,2025
780,{DEF25DC7-2502-4A06-BE1A-12930080D395},814,,235-BF-02,,204,83,{5ADEA6FC-9615-4F6E-9B68-F73ADD743B06},Iliamna,John Swenko,,,59.75558238,-154.9031776,-50578.14006,1085312.281,Plane or Barge,7000,,,,,,AEA,,False,1899-12-31,2022-12-21T03:55:03Z,ILIAMNA,true,true,false,0.0,,2025
781,{6F583D81-6839-467F-9E95-2BFB4381CCB2},815,,235-BF-05,,206,84,{5ADEA6FC-9615-4F6E-9B68-F73ADD743B06},Iliamna,Iliaska Lodge,,,59.74880507,-154.8154265,-45672.75685,1084491.13,Plane or Barge,10900,,,,,,AEA,,False,1899-12-31,2022-12-21T03:55:03Z,ILIAMNA,true,true,false,0.0,,2025
782,{A1ACAD7B-9BE0-491A-951F-BE7A6A70D642},816,,233-BF-03,,207,85,{5ADEA6FC-9615-4F6E-9B68-F73ADD743B06},Iliamna,Iliamna Air Taxi,,,59.75575531,-154.907437,-50813.96078,1085315.496,Plane or Barge,1000,,,,,,AEA,,False,1899-12-31,2022-12-21T03:55:03Z,ILIAMNA,true,true,false,0.0,,2025
783,{A4C680D0-130E-4F05-9998-29522329BAF6},817,,235-BF-03,,194,382,{5ADEA6FC-9615-4F6E-9B68-F73ADD743B06},Iliamna,Moody's Fuel,,,59.75241279,-154.8287195,-46406.11635,1084902.933,Plane or Barge,86000,,,,,,AEA,,False,1998-05-22,2022-12-21T03:55:03Z,ILIAMNA,true,true,false,0.0,,2025
784,{1339630D-DD58-4DA8-BE58-827A4869D20E},818,,233-BF-05,,205,383,{5ADEA6FC-9615-4F6E-9B68-F73ADD743B06},Iliamna,Iliamna Airport Hotel | LEM Batch Eldec,,,59.75344233,-154.9080056,-50851.49713,1085070.274,Plane or Barge,2500,,,,,,AEA,,False,1998-05-22,2022-12-21T03:55:03Z,ILIAMNA,true,true,false,0.0,,2025
785,{8353797D-296E-4920-83C7-1E71CB31BC64},819,,233-BF-02,,208,384,{5ADEA6FC-9615-4F6E-9B68-F73ADD743B06},Iliamna,Iliamna Air | Pike Lake,,,59.7557337,-154.9217171,-51613.69908,1085326.51,Plane or Barge,10000,,,,,,AEA,,False,1998-05-22,2022-12-21T03:55:03Z,ILIAMNA,true,true,false,0.0,,2025
786,{EB39FAA6-2449-4158-A5F0-0D771F933278},820,,,,209,385,{5ADEA6FC-9615-4F6E-9B68-F73ADD743B06},Iliamna,Thomas Hedlund,,,59.75555266,-154.9026412,-50543.96313,1085311.816,Plane or Barge,4700,,,,,,AEA,,False,1998-05-22,2022-12-21T03:55:03Z,ILIAMNA,true,true,false,0.0,,2025
787,{B82BCD44-0AB9-477F-AB04-130B254298CD},821,,235-BF-04,,211,387,{5ADEA6FC-9615-4F6E-9B68-F73ADD743B06},Iliamna,Rainbow King Lodge,,,59.75193718,-154.8305971,-46519.51017,1084856.568,Plane or Barge,19000,,,,,,AEA,,False,1998-05-22,2022-12-21T03:55:03Z,ILIAMNA,true,true,false,0.0,,2025
788,{4C820FFA-B9B8-45FD-8186-606B829A7418},822,,,,212,388,{5ADEA6FC-9615-4F6E-9B68-F73ADD743B06},Iliamna,U.S. Postal Service,,,59.75445833,-154.8725146,-48860.7388,1085159.627,Plane or Barge,2000,,,,,,AEA,,False,1998-05-23,2022-12-21T03:55:03Z,ILIAMNA,true,true,false,0.0,,2025
789,{0791B938-8883-46B3-BF0D-A325ED762DC1},823,,235-BF-01,,214,390,{5ADEA6FC-9615-4F6E-9B68-F73ADD743B06},Iliamna,Roadhouse Inn B&B,,,59.75486094,-154.8444346,-47288.01045,1085180.251,Plane or Barge,2000,,,,,,AEA,,False,1998-05-24,2022-12-21T03:55:03Z,ILIAMNA,true,true,false,0.0,,2025
790,{22013382-A10C-4076-B29A-822BB4B68ECA},824,,,,195,391,{5ADEA6FC-9615-4F6E-9B68-F73ADD743B06},Iliamna,US DOT FAA,,,59.7542854,-154.9061817,-50747.74896,1085157.594,Plane or Barge,3000,,,,,,AEA,,False,1998-05-24,2022-12-21T03:55:03Z,ILIAMNA,true,true,false,0.0,,2025
791,{A8C51656-470A-4DE2-9586-AAE7535B2919},825,,235-BF-06,,196,392,{5ADEA6FC-9615-4F6E-9B68-F73ADD743B06},Iliamna,Iliamna Village Council,,,59.7540314,-154.8518992,-47709.53952,1085096.898,Plane or Barge,3000,,,,,,AEA,,False,1998-05-24,2022-12-21T03:55:03Z,ILIAMNA,true,true,false,0.0,,2025
792,{FC332169-1A4B-42A4-BB5F-E595065D2DED},826,,,,197,393,{5ADEA6FC-9615-4F6E-9B68-F73ADD743B06},Iliamna,Iliamna Baptist Chapel,,,59.75902591,-154.8200479,-45915.06666,1085634.031,Plane or Barge,2500,,,,,,AEA,,False,1998-05-24,2022-12-21T03:55:03Z,ILIAMNA,true,true,false,0.0,,2025
793,{E6B99EC5-748C-4D83-97F7-7E5E958EB571},827,,236-BF-04,,198,394,{5ADEA6FC-9615-4F6E-9B68-F73ADD743B06},Iliamna,Royal AK Lodges,,,59.75588501,-154.9026841,-50550.42743,1085339.208,Plane or Barge,2000,,,,,,AEA,,False,1998-05-24,2022-12-21T03:55:03Z,ILIAMNA,true,true,false,0.0,,2025
794,{1DC2552B-7FE7-4148-A95D-24CE7E9B7ABB},828,,,,199,395,{5ADEA6FC-9615-4F6E-9B68-F73ADD743B06},Iliamna,Iliamna Lake Lodge | John Baechler,,,59.75589582,-154.9032098,-50577.76877,1085339.58,Plane or Barge,3300,,,,,,AEA,,False,1998-05-24,2022-12-21T03:55:03Z,ILIAMNA,true,true,false,0.0,,2025
795,{0A9A2F3F-4A66-4DB9-95B5-EF76EEBA63F2},829,,,,200,396,{5ADEA6FC-9615-4F6E-9B68-F73ADD743B06},Iliamna,Iliamna Trading General Store,,,59.75213986,-154.8292613,-46444.3117,1084855.629,Plane or Barge,11855,,,,,,AEA,,False,1998-05-24,2022-12-21T03:55:03Z,ILIAMNA,true,true,false,0.0,,2025
796,{27EE94C1-0090-43B3-BBF7-F9034AE6B955},830,,,,201,397,{5ADEA6FC-9615-4F6E-9B68-F73ADD743B06},Iliamna,Village Council Clinic,,,59.75397736,-154.8517972,-47702.70374,1085096.811,Plane or Barge,2000,,,,,,AEA,,False,1998-05-24,2022-12-21T03:55:03Z,ILIAMNA,true,true,false,0.0,,2025
797,{6640F7BB-49A4-49F4-A25C-85DF1B38168B},831,,,,202,398,{5ADEA6FC-9615-4F6E-9B68-F73ADD743B06},Iliamna,Aero Maintenance Service,,,59.75616601,-154.9085206,-50874.54551,1085384.584,Plane or Barge,2500,,,,,,AEA,,False,1998-05-24,2022-12-21T03:55:03Z,ILIAMNA,true,true,false,0.0,,2025
798,{06185C17-CBAF-4E61-89A3-B934B49C0168},832,,,,203,399,{5ADEA6FC-9615-4F6E-9B68-F73ADD743B06},Iliamna,Telarik Creek Lodge,,,59.75083193,-154.8114461,-45444.38738,1084713.585,Plane or Barge,5000,,,,,,AEA,,False,1998-05-24,2022-12-21T03:55:03Z,ILIAMNA,true,true,false,0.0,,2025
799,{7C4C1CA2-B985-4749-9FD0-D2D21DBC3867},833,1204,,,,,{1D96F2EA-F1A3-4CC9-868D-090FD22E1CD6},Ivanof Bay,Lake and Peninsula School District - Ivanof Bay,,99502,55.903721,-159.484697,-342284.1997,668922.3179,Barge,20000,,20000,,,4,DEC,,False,,2022-12-21T03:55:03Z,IVANOF BAY,true,false,false,0.0,,2025
800,{279DD612-28E0-4868-B801-AFCF16AE85B6},834,,,ANC-I-002,947,808,{1D96F2EA-F1A3-4CC9-868D-090FD22E1CD6},Ivanof Bay,Ivanof Bay Village Council,,,55.90151744,-159.4865611,-342418.4214,668687.6765,Barge,22600,,,,,,AEA,,True,1996-08-25,2022-12-21T03:55:03Z,IVANOF BAY,true,false,false,0.0,,2025
801,{32EFC37E-347F-4AB4-B724-D1533B96A091},835,,,,948,809,{1D96F2EA-F1A3-4CC9-868D-090FD22E1CD6},Ivanof Bay,"PTI Communications | 3940 Arctic Blvd. | Anchorage, AK 99503",,,55.90151744,-159.486547,-342418.4214,668687.6765,Barge,4500,,,,,,AEA,,False,1996-08-25,2022-12-21T03:55:03Z,IVANOF BAY,true,false,false,0.0,,2025
802,{2F376614-6B0B-4D87-B112-D5A784EEF8CB},836,235,,,,,{E5B6208B-DD7F-4DBA-951C-0C5D616E79BF},Juneau,Alaska Army National Guard - Juneau Readiness Center,12300 Mendenhall Loop Road,99801,58.390087,-134.645424,1112457.111,1095569.344,Road,3600,,3600,,,2,DEC,,False,,2022-12-21T03:55:03Z,JUNEAU,false,false,true,,,2025
803,{CC97B0FE-5F7B-484B-BCA6-F6A7AEC05666},837,27,,,,,{E5B6208B-DD7F-4DBA-951C-0C5D616E79BF},Juneau,CG Station Juneau,345 Egan Drive,99801,58.2985971,-134.4127791,1128406.972,1089719.507,Road,1500,,1500,,,1,DEC,,False,,2022-12-21T03:55:03Z,JUNEAU,false,false,true,,,2025
804,{CB050A66-FBE4-4B19-A6CB-68222A86FE8B},838,236,,,,,{E5B6208B-DD7F-4DBA-951C-0C5D616E79BF},Juneau,Alaska Army National Guard - Juneau AAOF,8425 Livingston Wa,99801,58.357881,-134.567943,1117825.029,1093429.808,Road,6000,,6000,,,1,DEC,,False,,2022-12-21T03:55:03Z,JUNEAU,false,false,true,,,2025
805,{9EEEFD45-9229-41CC-9C88-B8BAF8D02172},839,1,,,,,{E5B6208B-DD7F-4DBA-951C-0C5D616E79BF},Juneau,Aero Services Juneau,Parcel 3-B16-0-100-008-0 Lot 8 Block J,99801,58.36222222,-134.5891667,1116493.306,1093541.69,Road,20000,,,20000,,1,DEC,,False,,2022-12-21T03:55:03Z,JUNEAU,false,false,true,,,2025
806,{FD9A149F-BACE-4BFC-8875-99A90D1FC7C9},840,120,,,,,{E5B6208B-DD7F-4DBA-951C-0C5D616E79BF},Juneau,Riverbend Elementary School,2901 Riverside Drive,99801,58.3751293,-134.5918254,1115930.622,1094868.081,Road,8000,,8000,,,1,DEC,,False,,2022-12-21T03:55:03Z,JUNEAU,false,false,true,,,2025
807,{FF7AD52D-4ED4-4440-8BE8-F4F4F99CAB0E},841,164,,,,,{E5B6208B-DD7F-4DBA-951C-0C5D616E79BF},Juneau,Delta Western - Juneau Airport,1873 Shell Simmons Drive,99801,58.362458,-134.589075,1116494.231,1093563.335,Road,90000,,,90000,,3,DEC,,False,,2022-12-21T03:55:03Z,JUNEAU,false,false,true,,,2025
808,{BC94FCDF-0AAC-4F61-B6A6-1F6A6D21D34F},842,174,,,,,{E5B6208B-DD7F-4DBA-951C-0C5D616E79BF},Juneau,Alaska Airlines - Juneau,1873 Shell Simmons Drive,99801,58.3591713,-134.5837874,1116886.304,1093310.962,Road,1000,,1000,,,1,DEC,,False,,2022-12-21T03:55:03Z,JUNEAU,false,false,true,,,2025
809,{6EE1A097-EE5D-483C-B97B-60235650AA97},843,429,,,,,{E5B6208B-DD7F-4DBA-951C-0C5D616E79BF},Juneau,Juneau DOT&PF 7-Mile Office Complex,6860 Glacier Highway,99801,58.3602109,-134.5265674,1120056.657,1094380.671,Road,3000,,3000,,,1,DEC,,False,,2022-12-21T03:55:03Z,JUNEAU,false,false,true,,,2025
810,{30444699-5371-436C-A9D1-539FB28CFDBF},844,512,242-BF-01,,,,{E5B6208B-DD7F-4DBA-951C-0C5D616E79BF},Juneau,Alaska Electric Light and Power - Juneau - Industrial Power Plant,2500 Barrett Avenue,99801,58.3675,-134.608056,1115276.056,1093780.98,Road,100000,,100000,,,2,DEC,,False,,2022-12-21T03:55:03Z,JUNEAU,false,false,true,,,2025
811,{B81A6E58-57B2-4A7D-980B-3DA6129191C0},845,514,245-BF-01,,,,{E5B6208B-DD7F-4DBA-951C-0C5D616E79BF},Juneau,Alaska Electric Light and Power - Lake Dorothy,,99801,58.232547,-134.054065,1150641.493,1088800.235,,2000,,2000,,,1,DEC,,False,,2022-12-21T03:55:03Z,JUNEAU,,,,,,2025
812,{9A09CCA7-74E0-41A4-A6D8-9D72251E909D},846,515,246-BF-01,,,,{E5B6208B-DD7F-4DBA-951C-0C5D616E79BF},Juneau,Alaska Electric Light and Power - Snettisham,,99801,58.207199,-134.149395,1146136.259,1084460.657,,16000,5000,11000,,,3,DEC,,False,,2022-12-21T03:55:03Z,JUNEAU,,,,,,2025
813,{BCBAA36E-1FD6-4388-B636-77F2EFC7E596},847,589,,,,,{E5B6208B-DD7F-4DBA-951C-0C5D616E79BF},Juneau,State of Alaska Department of Corrections - Lemon Creek Correctional Center,2000 Lemon Creek Road,99801,58.362222,-134.482664,1122442.544,1095337.031,Road,19000,1000,18000,,,3,DEC,,False,,2022-12-21T03:55:03Z,JUNEAU,false,false,true,,,2025
814,{5A94EA96-3E72-4421-86AE-82D2C8836A97},848,601,246-BF-02,,,,{E5B6208B-DD7F-4DBA-951C-0C5D616E79BF},Juneau,"Coastal Fuel, Inc",Juneau International Airport,99801,58.358056,-134.580833,1117092.73,1093230.648,Road,6000,,,6000,,1,DEC,,False,,2022-12-21T03:55:03Z,JUNEAU,false,false,true,,,2025
815,{8B6EF195-8E41-4B4A-A704-BC446DAE2FBC},849,620,,,,,{E5B6208B-DD7F-4DBA-951C-0C5D616E79BF},Juneau,Alaska Power & Telephone - Auke Mountain Microwave Tower,,99801,58.393611,-134.715139,1108449.041,1094789.358,Plane,6000,,6000,,,2,DEC,,False,,2022-12-21T03:55:03Z,JUNEAU,false,true,false,,,2025
816,{E8EBA337-4E99-462B-B598-48ACEC1CF721},850,709,246-BF-03,,,,{E5B6208B-DD7F-4DBA-951C-0C5D616E79BF},Juneau,Colaska - Secon/AggPro Juneau,5771 Concrete Way,99801,58.354281,-134.502114,1121613.752,1094152.893,Road,2000,,2000,,,2,DEC,,False,,2022-12-21T03:55:03Z,JUNEAU,false,false,true,,,2025
817,{CB681F0F-2520-4EDD-ADBB-7F514E5CB705},851,737,,,,,{E5B6208B-DD7F-4DBA-951C-0C5D616E79BF},Juneau,Alaska Electric Light and Power - Auke Bay Generation Station,12480 Mendenhall Loop Rd,99801,58.387778,-134.644444,1112582.196,1095350.523,Road,125000,,125000,,,1,DEC,,False,,2022-12-21T03:55:03Z,JUNEAU,false,false,true,,,2025
818,{E4218125-2B99-44D5-8CFD-349D1CAA389F},852,738,,,,,{E5B6208B-DD7F-4DBA-951C-0C5D616E79BF},Juneau,Alaska Electric Light and Power - Gold Creek,,99801,58.301806,-134.417361,1128051.296,1089982.105,Road,15000,,15000,,,1,DEC,,False,,2022-12-21T03:55:03Z,JUNEAU,false,false,true,,,2025
819,{655E73A8-FE86-45FD-98CC-00AD1AE0EB19},853,739,,,,,{E5B6208B-DD7F-4DBA-951C-0C5D616E79BF},Juneau,Alaska Electric Light and Power - Lemon Creek,5601 Tonsgard Court,99801,58.353611,-134.495556,1122001.723,1094198.957,Road,200000,,200000,,,2,DEC,,False,,2022-12-21T03:55:03Z,JUNEAU,false,false,true,,,2025
820,{902C403F-FA1A-4FCC-8980-CD8418AD8F61},854,749,,,,,{E5B6208B-DD7F-4DBA-951C-0C5D616E79BF},Juneau,University of Alaska - Southeast,12300 Mendenhall Loop Road,99801,58.391218,-134.646361,1112366.795,1095684.665,Road,2500,,2500,,,1,DEC,,False,,2022-12-21T03:55:03Z,JUNEAU,false,false,true,,,2025
821,{6C1F0595-0E71-4B73-93E4-3141333E00A4},855,791,,,,,{E5B6208B-DD7F-4DBA-951C-0C5D616E79BF},Juneau,AT&T - Juneau - Lena Point,17103 Lena Loop Road,99801,58.39214,-134.768254,1105527.667,1093753.918,Road,1000,,1000,,,1,DEC,,False,,2022-12-21T03:55:03Z,JUNEAU,false,false,true,,,2025
822,{AC577471-586A-4960-BE1D-80611DE3D2C9},856,982,,,,,{E5B6208B-DD7F-4DBA-951C-0C5D616E79BF},Juneau,Kensington Gold Mine,"3031 Clinton Drive, Suite 202",99801,58.840829,-135.044064,1075991.202,1137303.551,Barge,44200,,44200,,,6,DEC,,False,,2022-12-21T03:55:03Z,JUNEAU,true,false,false,,,2025
823,{9AF340FB-79A0-4D54-9807-CA77612ABF42},857,1048,,,,,{E5B6208B-DD7F-4DBA-951C-0C5D616E79BF},Juneau,Federal Aviation Administration - Coghlan Island - CGL NDB PX,,99801,58.35936,-134.6994,1110419.564,1091392.043,Barge,10000,,10000,,,1,DEC,,False,,2022-12-21T03:55:03Z,JUNEAU,true,false,false,,,2025
824,{73E14F94-CC4A-4023-8BB4-D48EE37FA854},858,1064,,,,,{E5B6208B-DD7F-4DBA-951C-0C5D616E79BF},Juneau,Federal Aviation Administration - Juneau - JDL LDA SX,,99801,58.35861,-134.6361,1113982.9,1092367.1,Road,1000,,1000,,,1,DEC,,False,,2022-12-21T03:55:03Z,JUNEAU,false,false,true,,,2025
825,{B1155E19-CC5E-4A58-978B-634BB0EF5F61},859,1065,,,,,{E5B6208B-DD7F-4DBA-951C-0C5D616E79BF},Juneau,Federal Aviation Administration - Juneau - JNU LDIN 1,,99801,58.35474,-134.5746,1117550.717,1092969.673,Road,1000,,1000,,,1,DEC,,False,,2022-12-21T03:55:03Z,JUNEAU,false,false,true,,,2025
826,{4F5A3756-C467-4F7F-BE1D-773559BD5A00},860,1066,,,,,{E5B6208B-DD7F-4DBA-951C-0C5D616E79BF},Juneau,Federal Aviation Administration - Juneau - JNU LDIN 2 SX,,99801,58.35474,-134.5746,1117550.717,1092969.673,Road,1000,,1000,,,1,DEC,,False,,2022-12-21T03:55:03Z,JUNEAU,false,false,true,,,2025
827,{6FE55817-54F1-4D23-9AA5-C0E1D138A819},861,1067,,,,,{E5B6208B-DD7F-4DBA-951C-0C5D616E79BF},Juneau,Federal Aviation Administration - Juneau - JNU LDIN 3,,99801,58.35861,-134.6361,1113982.9,1092367.1,Road,1000,,1000,,,1,DEC,,False,,2022-12-21T03:55:03Z,JUNEAU,false,false,true,,,2025
828,{B8EB3AD2-B5B7-4B0B-A66C-A6BF78D8D867},862,1119,,,,,{E5B6208B-DD7F-4DBA-951C-0C5D616E79BF},Juneau,GCI Communication Corp. - JUN - DC & ES,1580 Thane Road,99801,58.286475,-134.382658,1130490.273,1088927.291,Road,1000,,1000,,,1,DEC,,False,,2022-12-21T03:55:03Z,JUNEAU,false,false,true,,,2025
829,{973EB153-3564-4267-A075-6C6E8D0F454D},863,1183,,,,,{E5B6208B-DD7F-4DBA-951C-0C5D616E79BF},Juneau,Petro 49 - Juneau - Auke Bay Marina,11739 Glacier Highway,99802,58.38617,-134.644565,1112622.925,1095177.603,Road,20000,10000,10000,,,2,DEC,,False,,2022-12-21T03:55:03Z,JUNEAU,false,false,true,,,2025
830,{F7C0D388-EB07-4DCE-80C9-FF3BB5BD234F},864,1184,,,,,{E5B6208B-DD7F-4DBA-951C-0C5D616E79BF},Juneau,Petro 49 - Juneau - Petro Marine Goldbelt Marina,76 Egan Drive,99802,58.299298,-134.409833,1128554.412,1089835.581,Road,5000,,5000,,,1,DEC,,False,,2022-12-21T03:55:03Z,JUNEAU,false,false,true,,,2025
831,{313FC53D-9310-4320-BE69-18364F32B047},865,1253,,,,,{E5B6208B-DD7F-4DBA-951C-0C5D616E79BF},Juneau,NorthStar Helicopters North Douglas Helibase,6910 North Douglas Highway,99801,58.331926,-134.498313,1122549.637,1091820.948,Road,2000,,2000,,,2,DEC,,False,,2022-12-21T03:55:03Z,JUNEAU,false,false,true,,,2025
832,{DAEC5650-5C4C-492E-B977-651DB9917A01},866,516,248-BF-06,,,,{2F5F6904-B47C-439D-9AC1-64135C4403A6},Kake,Kake Tribal Fuels,,99830,56.962769,-133.921182,1200287.694,955762.8715,Barge,182000,64000,118000,,,8,DEC,,False,,2022-12-21T03:55:03Z,KAKE,true,false,false,0.0,,2025
833,{5D38D34D-5AB2-45F5-AA22-BE25817C0538},867,796,248-BF-07,,,,{2F5F6904-B47C-439D-9AC1-64135C4403A6},Kake,AT&T - Kake,,99830,56.9811,-133.806097,1206348.429,959785.9434,Plane,6000,,6000,,,1,DEC,,False,,2022-12-21T03:55:03Z,KAKE,false,true,false,4.68,,2025
834,{759C64F5-DB1B-455D-85C0-2F0F02803E51},868,873,248-BF-05,,,,{2F5F6904-B47C-439D-9AC1-64135C4403A6},Kake,Inside Passage Electric Cooperative - Kake,Mile 1.2 Keku Road; PO Box 246,99830,56.968435,-133.927279,1199747.469,956250.8499,Barge,63000,,63000,,,4,DEC,,False,,2022-12-21T03:55:03Z,KAKE,true,false,false,0.0,,2025
835,{240D7405-12A0-4369-8158-75A6C0E0136D},869,1227,248-BF-03,,,,{2F5F6904-B47C-439D-9AC1-64135C4403A6},Kake,Kake City School District,175 Library Place,99830,56.97739,-133.946142,1198360.443,956867.425,Road,2450,,2450,,,1,DEC,,False,,2022-12-21T03:55:03Z,KAKE,false,false,true,0.0,,2025
836,{39ED9F42-2893-4AB7-B3C0-318A6CD5E318},870,,248-BF-04,,1029,881,{2F5F6904-B47C-439D-9AC1-64135C4403A6},Kake,"SOS Value-Mart | Kake, AK 99830",,,56.96023036,-133.9140522,1200790.239,955619.9558,Barge,5000,,,,,,AEA,,False,1997-09-04,2022-12-21T03:55:03Z,KAKE,true,false,false,0.0,,2025
837,{21A977B8-BC7C-4CEF-BB22-B9EE62F3B91B},871,,248-BF-02,,1030,882,{2F5F6904-B47C-439D-9AC1-64135C4403A6},Kake,"Tlingit-Haida Senior Center | Kake, AK 99830",,,56.97640095,-133.9477032,1198300.924,956734.7319,Barge,1000,,,,,,AEA,,False,1997-09-04,2022-12-21T03:55:03Z,KAKE,true,false,false,0.0,,2025
838,{E762FF48-E51C-4FF1-BB99-94DA3D5D0CB4},872,,,,1031,883,{2F5F6904-B47C-439D-9AC1-64135C4403A6},Kake,City of Kake,,,56.97443483,-133.9449969,1198523.357,956568.5736,Barge,3563,,,,,,AEA,,False,1997-09-04,2022-12-21T03:55:03Z,KAKE,true,false,false,0.0,,2025
839,{A8BBF513-E14C-4B7B-82CC-147958FFDAD0},873,,248-BF-09,,1032,884,{2F5F6904-B47C-439D-9AC1-64135C4403A6},Kake,Kake Hatchery,,,56.97378869,-133.9319694,1199303.849,956740.4403,Barge,2200,,,,,,AEA,,False,1997-09-04,2022-12-21T03:55:03Z,KAKE,true,false,false,0.0,,2025
840,{C668154A-D1ED-4408-B774-186E91D7BC7E},874,,248-BF-08,,1033,885,{2F5F6904-B47C-439D-9AC1-64135C4403A6},Kake,"Temsco Helicopters | Kake, AK 99830",,,56.96428682,-133.9130598,1200711.405,956059.1743,Barge,1000,,,,,,AEA,,False,1997-09-04,2022-12-21T03:55:03Z,KAKE,true,false,false,0.0,,2025
841,{4D4F9FAC-94B3-4589-A30B-47466C3D493F},875,470,,,,,{9B8441F9-AEFE-4E1D-BD2C-725FCCBB0299},Kaktovik,North Slope Borough School District - Kaktovik,2001 Barter Avenue,99747,70.127643,-143.616287,399452.8706,2270124.598,Road,5000,,5000,,,2,DEC,,False,,2022-12-21T03:55:03Z,KAKTOVIK,false,false,true,0.0,,2025
842,{F1134CBD-470B-4F6C-9283-B5D4F61D0DF3},876,,249-BF-07,,396,1042,{9B8441F9-AEFE-4E1D-BD2C-725FCCBB0299},Kaktovik,North Slope Borough - Fuel Division & Energy Management Kaktovik Inupiat Corp. Fuel Station,,,70.12982663,-143.6213628,399222.0912,2270332.06,Barge,20000,10000,10000,,,2,AEA,2015 Assessment,False,2015-06-04,2022-12-21T03:55:03Z,KAKTOVIK,true,false,false,0.1,,2025
843,{80B22708-BF6D-46B9-AEB3-1AF02C2A7D4F},877,,249-BF-03,ANC-K-001,397,928,{9B8441F9-AEFE-4E1D-BD2C-725FCCBB0299},Kaktovik,North Slope Borough - Dept. of Municipal Services Bldg.,,,70.12919302,-143.6095718,399681.9297,2270336.824,Barge,4000,,4000,,,1,AEA,2015 Assessment,True,1998-08-19,2022-12-21T03:55:03Z,KAKTOVIK,true,false,false,0.0,,2025
844,{09939AF9-7257-4724-BC0B-9F4C389518C1},878,,,,398,929,{9B8441F9-AEFE-4E1D-BD2C-725FCCBB0299},Kaktovik,"U.S. Air Force-Defense Early Warning Site | General Delivery | Kaktovik, AK 99747",,,70.13045475,-143.6361579,398645.8329,2270309.057,Barge,29000,,,,,,AEA,2015 Assessment,False,1998-08-19,2022-12-21T03:55:03Z,KAKTOVIK,true,false,false,0.41,,2025
845,{11F1668C-4A0E-4ABC-AA8D-6FCBE49F48B1},879,,,,399,930,{9B8441F9-AEFE-4E1D-BD2C-725FCCBB0299},Kaktovik,Waldo Arms Hotel & U.S. Fish & Wildlife Service,,,70.1288794,-143.6183426,399352.8585,2270244.297,Barge,33000,,,,,,AEA,2015 Assessment,False,1998-08-19,2022-12-21T03:55:03Z,KAKTOVIK,true,false,false,0.0,,2025
846,{8B8C1349-1A6E-4941-81A5-24E96C455522},880,,249-BF-05,,400,931,{9B8441F9-AEFE-4E1D-BD2C-725FCCBB0299},Kaktovik,North Slope BoroughFuel Division & Energy ManagementKaktovik Inupiat Corp. Fuel Station,,,70.13254774,-143.6186162,399276.6354,2270652.216,Barge,950000,,,,,,AEA,2015 Assessment,False,1998-08-19,2022-12-21T03:55:03Z,KAKTOVIK,true,false,false,0.0,,2025
847,{55F0B751-1B5E-452C-A8ED-BDF068920FE9},881,,248-BF-01,,401,932,{9B8441F9-AEFE-4E1D-BD2C-725FCCBB0299},Kaktovik,Kaktovik Inupiat Corporation | Fuel Storage,,,70.13219771,-143.6180905,399301.5117,2270615.498,Barge,60000,,,,,,AEA,2015 Assessment,False,1998-08-19,2022-12-21T03:55:03Z,KAKTOVIK,true,false,false,0.0,,2025
848,{B27809F4-1A92-40D2-B92B-31644CA598B4},882,,,,402,933,{9B8441F9-AEFE-4E1D-BD2C-725FCCBB0299},Kaktovik,"U.S. Fish & Wildlife/Barter Island1011 E. TudorAnchorage, AK 99503",,,70.13209379,-143.6201826,399226.5137,2270576.587,Barge,35000,,,,,,AEA,2015 Assessment,False,1998-08-19,2022-12-21T03:55:03Z,KAKTOVIK,true,false,false,0.05,,2025
849,{EEFF47E2-0593-4707-A88F-5C25BC48F5D0},883,,249-BF-02,,403,934,{9B8441F9-AEFE-4E1D-BD2C-725FCCBB0299},Kaktovik,"SKW/Eskimos, Inc.",,,70.12871985,-143.6220736,399213.9322,2270202.086,Barge,200000,,,,,,AEA,2015 Assessment,False,1998-08-20,2022-12-21T03:55:03Z,KAKTOVIK,true,false,false,0.03,,2025
850,{F060B769-BCA9-4B91-A1E7-E936A99285B7},885,,249-BF-04,,404,1043,{9B8441F9-AEFE-4E1D-BD2C-725FCCBB0299},Kaktovik,North Slope Borough School District - Harold Kaveolook School,,,70.12703039,-143.6161808,399463.2892,2270058.508,Barge,2000,,2000,,,1,AEA,2015 Assessment,False,,2022-12-21T03:55:03Z,KAKTOVIK,true,false,false,0.0,,2025
851,{F40348F2-5021-4CCE-92F5-0C245CCF8E63},886,,249-BF-06,,405,1044,{9B8441F9-AEFE-4E1D-BD2C-725FCCBB0299},Kaktovik,North Slope Borough - Kaktovik Power Plant,,,70.12576845,-143.6195496,399357.3201,2269913.113,Barge,10000,,10000,,,1,AEA,2015 Assessment,False,1998-08-19,2022-12-21T03:55:03Z,KAKTOVIK,true,false,false,0.0,,2025
852,{8B741A03-8655-4FDD-999F-F92837F2B6E8},887,,249-BF-08,,406,1045,{9B8441F9-AEFE-4E1D-BD2C-725FCCBB0299},Kaktovik,North Slope Borough - Kaktovik Fire Station & Health Clinic,,,70.12611859,-143.6153654,399514.8933,2269958.271,Barge,10000,,10000,,,1,AEA,2015 Assessment,False,2015-06-04,2022-12-21T03:55:03Z,KAKTOVIK,true,false,false,0.0,,2025
853,{DBA4C5BF-0B56-42B8-8DE2-271388AAFF3D},888,,,,407,1046,{9B8441F9-AEFE-4E1D-BD2C-725FCCBB0299},Kaktovik,North Slope Borough - HEMF Duel Dispensing,,,70.12937535,-143.6102585,399649.8168,2270358.852,Barge,5000,,5000,,,1,AEA,2015 Assessment,False,1998-08-19,2022-12-21T03:55:03Z,KAKTOVIK,true,false,false,0.0,,2025
854,{C39D8402-2AA1-4195-A7AF-F5576A67671A},891,,249-BF-09,,1086,1049,{9B8441F9-AEFE-4E1D-BD2C-725FCCBB0299},Kaktovik,North Slope Borough - Sewage Treatment Plant,,,70.12883928,-143.6077908,399753.3864,2270307.457,Barge,2000,,2000,,,1,AEA,2015 Assessment,False,2015-06-04,2022-12-21T03:55:03Z,KAKTOVIK,true,false,false,0.0,,2025
855,{29A9858B-A138-476A-942F-BA787BE7179B},892,,249-BF-10,,1087,1050,{9B8441F9-AEFE-4E1D-BD2C-725FCCBB0299},Kaktovik,North Slope Borough - Vacuum Building,,,70.48153169,-157.4250802,-130242.4435,2280939.245,Barge,2000,,2000,,,1,AEA,2015 Assessment,False,2015-06-02,2022-12-21T03:55:03Z,KAKTOVIK,true,false,false,528.26,,2025
856,{114FF0DE-E8A1-487F-8505-67999F6000EC},893,464,252-BF-02,,,,{50BD3072-1166-4F66-BB42-2E68C28DE654},Upper Kalskag,Kalskag Tank Farm - Morgan Fuel Service,,99607,61.526121,-160.348529,-336079.7156,1299054.981,Barge,140000,59000,81000,,,6,DEC,,False,,2022-12-21T03:55:03Z,UPPER KALSKAG,true,false,false,0.12,community_name,2025
857,{013ABDFD-DB31-4E01-B9E3-9FF760C2BB05},894,465,252-BF-01,,,,{50BD3072-1166-4F66-BB42-2E68C28DE654},Upper Kalskag,Kalskag Tank Farm - City of Kalskag,,99607,61.526216,-160.348395,-336071.3185,1299074.748,Barge,88000,37000,51000,,,6,DEC,,False,,2022-12-21T03:55:03Z,UPPER KALSKAG,true,false,false,0.11,community_name,2025
858,{6B2DF7B5-09D6-4DC1-81C3-144F567B9178},895,916,,ANC-K-008,,,{50BD3072-1166-4F66-BB42-2E68C28DE654},Upper Kalskag,Alaska Village Electric Cooperative - Kalskag,General Delivery,99629,61.526748,-160.347688,-336031.9761,1299112.12,,189000,,189000,,,7,DEC,,True,,2022-12-21T03:55:03Z,UPPER KALSKAG,,,,0.05,community_name,2025
859,{41C39C16-6197-4AF1-A699-E8B804A72331},896,1163,,,,,{50BD3072-1166-4F66-BB42-2E68C28DE654},Upper Kalskag,Kuspuk School District - Kalskag,PO Box 30/209 Airport Way,99626,61.538659,-160.338443,-335410.9788,1300403.534,Barge,49000,,49000,,,6,DEC,,False,,2022-12-21T03:55:03Z,UPPER KALSKAG,true,false,false,0.0,community_name,2025
860,{499800EC-20F2-45F2-AFC1-7AAB952DCA55},897,291,253-BF-01,,,,{5790AC9E-408E-42C0-BDC7-490DB0451EAD},Kaltag,DOT&PF Kaltag APT,,99748,64.319572,-158.735311,-228607.0571,1603320,Plane,1500,,1500,,,1,DEC,,False,,2022-12-21T03:55:03Z,KALTAG,false,true,false,0.0,,2025
861,{7C0A5075-DEE5-4F29-B64A-0D729DA587AC},898,484,254-BF-01,ANC-K-102,,,{5790AC9E-408E-42C0-BDC7-490DB0451EAD},Kaltag,Kaltag Tank Farm - Yukon Koyukuk School District,PO Box 30,99748,64.324547,-158.723536,-228001.0783,1603816.278,Barge,41000,,41000,,,5,DEC,,True,1998-07-08,2022-12-21T03:55:03Z,KALTAG,true,false,false,0.0,,2025
862,{141859AB-9A88-4E21-AFB2-06797206FEC1},899,485,254-BF-04,,,,{5790AC9E-408E-42C0-BDC7-490DB0451EAD},Kaltag,Kaltag Tank Farm - Kaltag Cooperative Industries,PO Box 29,99748,64.329153,-158.729306,-228242.6829,1604366.173,Barge,87280,45480,41800,,,8,DEC,,False,,2022-12-21T03:55:03Z,KALTAG,true,false,false,0.0,,2025
863,{FB1215D5-A0E0-4889-8D27-2E9CE4564801},900,486,,ANC-K-012,,,{5790AC9E-408E-42C0-BDC7-490DB0451EAD},Kaltag,Kaltag Tank Farm - City of Kaltag,PO Box 9,99748,64.329153,-158.729306,-228242.6829,1604366.173,Barge,35900,,35900,,,4,DEC,,True,1998-07-08,2022-12-21T03:55:03Z,KALTAG,true,false,false,0.0,,2025
864,{315BB5AA-A0D8-4C55-AE93-3B532A903517},901,918,,ANC-K-002,,,{5790AC9E-408E-42C0-BDC7-490DB0451EAD},Kaltag,Alaska Village Electric Cooperative - Kaltag,General Delivery,99748,64.322762,-158.723566,-228014.1487,1603632.823,,112000,,112000,,,4,DEC,,True,,2022-12-21T03:55:03Z,KALTAG,,,,0.0,,2025
865,{4EB90598-665E-44BF-BABD-1D75C638BCF2},902,,254-BF-03,,219,171,{5790AC9E-408E-42C0-BDC7-490DB0451EAD},Kaltag,State of Alaska DOT&PF,,,64.87964972,-157.7186676,-176090.1857,1662572.036,Barge,1000,,,,,,AEA,,False,1998-07-08,2022-12-21T03:55:03Z,KALTAG,true,false,false,73.16,,2025
866,{17383E1F-DD0F-48AC-80E4-1826186772F5},903,,253-BF-05,,222,400,{5790AC9E-408E-42C0-BDC7-490DB0451EAD},Kaltag,Kaltag Armory | Alaska National Guard,,,64.3245756,-158.7283879,-228234.9169,1603853.434,Barge,3000,,,,,,AEA,,False,1998-07-08,2022-12-21T03:55:03Z,KALTAG,true,false,false,0.0,,2025
867,{0499C749-EF7C-49B6-B569-A3CC570BC16C},904,,253-BF-02,,217,577,{5790AC9E-408E-42C0-BDC7-490DB0451EAD},Kaltag,"Kaltag Cooperative IndustriesP. O. Box 29Kaltag, Alaska 99748Dale Arkell, Manager",,,64.32471971,-158.7283665,-228234.9169,1603853.434,Barge,108000,,,,,,AEA,,False,1998-07-08,2022-12-21T03:55:03Z,KALTAG,true,false,false,0.0,,2025
868,{8736694E-B515-4A19-AB80-2C87B923D457},905,,253-BF-04,,221,579,{5790AC9E-408E-42C0-BDC7-490DB0451EAD},Kaltag,"Kaltag Catholic Church | General Delivery | Kaltag, Alaska 99748",,,64.32558199,-158.7229269,-227962.4703,1603943.281,Barge,9000,,,,,,AEA,,False,1998-07-08,2022-12-21T03:55:03Z,KALTAG,true,false,false,0.0,,2025
869,{AA7002E5-8CA3-4134-810A-4979F830E599},906,61,,,,,{BF30433A-BCB7-443D-A9C4-767CA6C76820},Karluk,Alutiiq Power Co.,,99608,57.56786,-154.453783,-27083.45833,840551.0555,Barge,50000,,50000,,,1,DEC,,False,,2022-12-21T03:55:03Z,KARLUK,true,false,false,0.0,,2025
870,{E01B3F6B-7D46-4185-BC28-80C76DB7851D},907,500,256-BF-02,,,,{BF30433A-BCB7-443D-A9C4-767CA6C76820},Karluk,Kodiak Island Borough School District - Karluk,Subdivision Tract F,99608,57.562664,-154.436581,-26060.0412,839964.8374,Road,8000,,8000,,,1,DEC,,False,,2022-12-21T03:55:03Z,KARLUK,false,false,true,0.0,,2025
871,{43AF95F7-DBE3-4585-87E8-E416FF06342B},908,,256-BF-01,,72,173,{BF30433A-BCB7-443D-A9C4-767CA6C76820},Karluk,Native Village of Karluk,,,57.56395815,-154.4356655,-26000.72207,840121.2148,Barge,50000,,,,,,AEA,,False,1996-11-24,2022-12-21T03:55:03Z,KARLUK,true,false,false,0.0,,2025
872,{CA25E36E-8FCA-45E3-AB5A-0B05B3A26097},909,64,,,,,{559A9BCF-E97B-4506-925E-E21FB8E9FED9},Kasaan,City of Kasaan,,99950,55.536509,-132.395969,1339178.247,833625.6989,Road,10000,5000,5000,,,2,DEC,,False,,2022-12-21T03:55:03Z,KASAAN,false,false,true,0.0,,2025
873,{946D5691-F5D6-4C5E-9205-073F89821A7D},910,636,256-BF-03,,,,{559A9BCF-E97B-4506-925E-E21FB8E9FED9},Kasaan,Alaska Power & Telephone - Kasaan Power Generation Plant,,99950,55.535917,-132.396583,1339163.489,833548.9587,Road,1000,,1000,,,1,DEC,,False,,2022-12-21T03:55:03Z,KASAAN,false,false,true,0.0,,2025
874,{B180DDDE-3929-4A7B-8974-8163ACFD6C3A},911,1198,257-BF-21,,,,{559A9BCF-E97B-4506-925E-E21FB8E9FED9},Kasaan,Organized Village of Kasaaan,"Lot 28, Block 3",99950,55.5451,-132.4133,1337842.989,834187.3359,Road,5000,,5000,,,2,DEC,,False,,2022-12-21T03:55:03Z,KASAAN,false,false,true,0.0,,2025
875,{3585D40E-898B-4939-9239-5E8763D652DB},912,,257-BF-18,,39,672,{559A9BCF-E97B-4506-925E-E21FB8E9FED9},Kasaan,Kasaan Power | Tlingit-Haida Regional Electric Association,,,55.53590733,-132.3965077,1339170.787,833551.4202,Barge,19992,,,,,,AEA,,False,1996-07-25,2022-12-21T03:55:03Z,KASAAN,true,false,false,0.0,,2025
876,{7A634204-0D42-424E-B19E-058E52FB63DB},913,,257-BF-16,,40,673,{559A9BCF-E97B-4506-925E-E21FB8E9FED9},Kasaan,Kasaan Bulk Fuel | City of Kasaan,,,55.53649321,-132.395923,1339189.194,833629.3912,Barge,10208,,,,,,AEA,,False,1996-07-26,2022-12-21T03:55:03Z,KASAAN,true,false,false,0.0,,2025
877,{D1E9B280-33D0-4584-B779-96F3378A1E4B},914,,257-BF-01,,41,856,{559A9BCF-E97B-4506-925E-E21FB8E9FED9},Kasaan,Norpex Lumber | Jim Ensley,,,55.53773779,-132.3960625,1339134.782,833754.5638,Barge,10000,,,,,,AEA,,False,1996-07-25,2022-12-21T03:55:03Z,KASAAN,true,false,false,0.0,,2025
878,{2815501C-6816-45E9-9738-4E61188D06E4},915,3,257-BF-12,,,,{3816D857-92C5-45BF-B884-7D2529E878D4},Kasigluk,Kasigluk Tank Farm,,99609,60.872051,-162.518062,-459736.4388,1239350.366,Barge,283000,156000,127000,,,7,DEC,,False,,2022-12-21T03:55:03Z,KASIGLUK,true,false,false,0.0,,2025
879,{D6060993-C880-4CFD-9A13-0D44D3A81F53},916,10,257-BF-20,,,,{3816D857-92C5-45BF-B884-7D2529E878D4},Kasigluk,Kasigluk Traditional Council,,99609,60.871082,-162.517157,-459701.2666,1239235.7,Barge,40000,,40000,,,2,DEC,,False,,2022-12-21T03:55:03Z,KASIGLUK,true,false,false,0.0,,2025
880,{73C63010-C645-41DF-8242-C6D3424317F8},917,82,257-BF-10,,,,{3816D857-92C5-45BF-B884-7D2529E878D4},Kasigluk,Lower Kuskokwim School District - Kasigluk - Akiuk,,99609,60.894598,-162.519437,-459487.7796,1241871.959,Barge,63000,,63000,,,5,DEC,,False,,2022-12-21T03:55:03Z,KASIGLUK,true,false,false,0.0,,2025
881,{82F478F7-CC16-44C5-85B8-F5BB3B1201BA},918,97,257-BF-09,ANC-K-014,,,{3816D857-92C5-45BF-B884-7D2529E878D4},Kasigluk,Lower Kuskokwim School District - Akula,,99609,60.872908,-162.516059,-459616.1046,1239431.213,Barge,4000,,4000,,,1,DEC,,True,2001-01-23,2022-12-21T03:55:03Z,KASIGLUK,true,false,false,0.0,,2025
882,{F0234DED-3087-44A2-B87A-59E8A8561D5E},919,919,257-BF-17,ANC-K-062,,,{3816D857-92C5-45BF-B884-7D2529E878D4},Kasigluk,Alaska Village Electric Cooperative - Kasigluk,General Delivery,99609,60.872001,-162.517606,-459713.506,1239347.409,,310000,,310000,,,7,DEC,,True,,2022-12-21T03:55:03Z,KASIGLUK,,,,0.0,,2025
883,{4E912B7F-3F82-42E3-94E4-B403A00103B9},920,,257-BF-03,ANC-K-013,792,36,{3816D857-92C5-45BF-B884-7D2529E878D4},Kasigluk,"Kasigluk, Inc.",,,60.8745599,-162.518243,-459708.7188,1239642.768,Barge,136500,,,,,,AEA,,True,1998-10-08,2022-12-21T03:55:03Z,KASIGLUK,true,false,false,0.0,,2025
884,{775F9BF3-A84A-4D16-99F8-0FD90EB06CE5},921,,257-BF-02,,795,78,{3816D857-92C5-45BF-B884-7D2529E878D4},Kasigluk,Kasigluk Traditional Council,,,60.87401681,-162.5163976,-459622.4492,1239562.811,Barge,2500,,,,,,AEA,,False,1998-10-05,2022-12-21T03:55:03Z,KASIGLUK,true,false,false,0.0,,2025
885,{82DB30CE-DB64-49B3-872D-4EB71DD98B99},922,,257-BF-06,,796,79,{3816D857-92C5-45BF-B884-7D2529E878D4},Kasigluk,"Alaska Army National Guard | General Delivery | Kasigluk, AK 99609",,,60.89411803,-162.5196216,-459506.3346,1241805.52,Barge,2000,,,,,,AEA,,False,1998-10-08,2022-12-21T03:55:03Z,KASIGLUK,true,false,false,0.0,,2025
886,{CC464040-DC6C-40F1-8945-651DE5EAB4F4},923,147,257-BF-04,,,,{CB8D5160-2521-4803-9207-2BBA48832C17},Kasilof,"North Pacific Seafoods, Inc. - Kasilof",52444 Skein Avenue,99610,60.383995,-151.284605,149148.6639,1158297.782,Road,8000,4000,4000,,,2,DEC,,False,,2022-12-21T03:55:03Z,KASILOF,false,false,true,3.37,,2025
887,{8DD95CDF-8767-4EB6-B07F-09F075FC7FEB},924,867,257-BF-07,,,,{CB8D5160-2521-4803-9207-2BBA48832C17},Kasilof,Icicle - Kasilof,52367 Skein Avenue,99610,60.383435,-151.28357,149211.7664,1158232.043,Road,7000,1050,5950,,,3,DEC,,False,,2022-12-21T03:55:03Z,KASILOF,false,false,true,3.3,,2025
888,{3D2816B2-1E4C-4829-8327-9D3E324174AF},925,54,257-BF-08,,,,{C4939227-7B0D-42C1-9C0D-69118EE45B96},Kenai,Crowley - Kenai Terminal,401 North Willow Street #1,99611,60.5666344,-151.2440875,150526.1004,1178796.717,Road,16000,6000,,10000,,2,DEC,,False,,2022-12-21T03:55:03Z,KENAI,false,false,true,0.0,,2025
889,{3A004E0D-AF41-4BAE-8AC7-D2B77DBE62FD},926,59,,,,,{C4939227-7B0D-42C1-9C0D-69118EE45B96},Kenai,"Weaver Bros., Inc. Kenai Terminal",14223 Kenai Spur Highway,99611,60.5774993,-151.3185187,146415.7968,1179837.669,Road,53600,10000,16800,26800,,4,DEC,,False,,2022-12-21T03:55:03Z,KENAI,false,false,true,0.0,,2025
890,{C42E7D33-D740-4F3C-88CE-CDCB54F1E1C1},927,94,,,,,{C4939227-7B0D-42C1-9C0D-69118EE45B96},Kenai,NRC Alaska - Kenai,44066 Kenai Spur Highway,99611,60.61927,-151.32805,145708.095,1184489.129,Road,2500,,2500,,,1,DEC,,False,,2022-12-21T03:55:03Z,KENAI,false,false,true,3.4,,2025
891,{3AE11B7A-9B95-4700-8C9A-FA09FF447888},928,149,,,,,{C4939227-7B0D-42C1-9C0D-69118EE45B96},Kenai,"North Pacific Seafoods, Inc. - Kenai",2000 Columbia Street,99611,60.536269,-151.256861,149973.4754,1175371.292,Road,6000,2000,4000,,,2,DEC,,False,,2022-12-21T03:55:03Z,KENAI,false,false,true,0.0,,2025
892,{DEB163BB-3EFE-46BC-8642-B72714A3D58C},929,379,,,,,{C4939227-7B0D-42C1-9C0D-69118EE45B96},Kenai,North Kenai Highway Station,,99611,60.714203,-151.319408,145748.5009,1195121.581,Road,2000,,2000,,,1,DEC,,False,,2022-12-21T03:55:03Z,KENAI,false,false,true,12.99,,2025
893,{9D2D53BE-A6BE-4C90-B542-326627B0F06A},930,559,257-BF-05,,,,{C4939227-7B0D-42C1-9C0D-69118EE45B96},Kenai,ConocoPhillips Kenai LNG Facility,48237 Kenai Spur Highway,99611,60.678519,-151.383179,142439.9951,1190985.977,Road,7624,1000,6624,,,4,DEC,,False,,2022-12-21T03:55:03Z,KENAI,false,false,true,10.02,,2025
894,{AE3A12BF-C938-4998-B176-94765EAE7B73},931,588,,,,,{C4939227-7B0D-42C1-9C0D-69118EE45B96},Kenai,State of Alaska Department of Corrections - Wildwood Correctional Complex,10 Chugach Avenue,99611,60.583189,-151.302881,147245.4815,1180520.341,Road,2000,1000,1000,,,2,DEC,,False,,2022-12-21T03:55:03Z,KENAI,false,false,true,0.17,,2025
895,{F93EBEDC-66D5-4E8B-82A0-9F5BDB091DD5},932,700,,,,,{C4939227-7B0D-42C1-9C0D-69118EE45B96},Kenai,Kenai Peninsula Borough - Nikiski Fire Station 1,4800 Kenai Spur Highway,99611,60.6293,-151.341665,144918.417,1185571.051,Road,1000,,1000,,,1,DEC,,False,,2022-12-21T03:55:03Z,KENAI,false,false,true,4.52,,2025
896,{C253B60F-62F5-4774-B931-D13375BD8265},933,701,,,,,{C4939227-7B0D-42C1-9C0D-69118EE45B96},Kenai,Kenai Peninsula Borough - Nikiski Fire Station 2,51698 Kenai Spur Highway,99611,60.728862,-151.303059,146574.467,1196787.941,Road,2010,,2010,,,1,DEC,,False,,2022-12-21T03:55:03Z,KENAI,false,false,true,14.35,,2025
897,{835A9532-B50F-4307-8766-44E644F988D9},934,902,257-BF-11,,,,{C4939227-7B0D-42C1-9C0D-69118EE45B96},Kenai,Andeavor Kenai LNG Facility,48237 Kenai Spur Highway,99611,60.678540,-151.380010,293436.3088,1668708.05,Road,1000,1000,,,,1,DEC,,False,,2022-12-21T03:55:03Z,KENAI,false,false,true,10.03,latitude;longitude,2025
898,{A2AD11A6-2429-4E57-BB30-097D389AED9F},935,971,257-BF-19,,,,{C4939227-7B0D-42C1-9C0D-69118EE45B96},Kenai,City of Kenai,1591 Boat Launch Road,99611,60.544152,-151.219604,151967.8486,1176328.831,Road,15000,7500,7500,,,2,DEC,,False,,2022-12-21T03:55:03Z,KENAI,false,false,true,0.0,,2025
899,{7ADDFF04-A12F-4F20-9F36-FAD9B1F27C15},936,1006,,,,,{C4939227-7B0D-42C1-9C0D-69118EE45B96},Kenai,Homer Electric Association - Kenai Service Center,280 Airport Way,99611,60.563403,-151.237349,150910.9736,1178450.598,Road,10000,5000,5000,,,2,DEC,,False,,2022-12-21T03:55:03Z,KENAI,false,false,true,0.0,,2025
900,{D5BCC064-B7B2-4BA0-8911-B9BB258591BB},937,1068,257-BF-14,,,,{C4939227-7B0D-42C1-9C0D-69118EE45B96},Kenai,Federal Aviation Administration - Kenai - ENA ARSR,,99611,60.61556,-151.283,148177.3148,1184158.939,Road,3000,,3000,,,1,DEC,,False,,2022-12-21T03:55:03Z,KENAI,false,false,true,2.33,,2025
901,{697E1F9D-6660-4785-A1A5-3883D9ED9847},938,1069,258-BF-02,,,,{C4939227-7B0D-42C1-9C0D-69118EE45B96},Kenai,Federal Aviation Administration - Kenai - ENA NXRAD,,99611,60.72583,-151.3513,143962.0949,1196347.969,Road,2000,,2000,,,1,DEC,,False,,2022-12-21T03:55:03Z,KENAI,false,false,true,14.8,,2025
902,{1C49E7B5-4A11-4F71-8688-C1B006050B00},939,1154,258-BF-03,,,,{C4939227-7B0D-42C1-9C0D-69118EE45B96},Kenai,Hilcorp - Kenai Gas Field - Pad 41-18,35350 Kalifornsky Beach Road,99611,60.474677,-151.274396,149292.5669,1168442.622,Road,1000,,1000,,,1,DEC,,False,,2022-12-21T03:55:03Z,KENAI,false,false,true,4.74,,2025
903,{683F0B16-0349-48D4-94B5-27C2D5DCB65B},940,1156,258-BF-01,,,,{C4939227-7B0D-42C1-9C0D-69118EE45B96},Kenai,Hilcorp - Kenai Hanger,441 GeeBee Avenue,99611,60.568528,-151.241889,150637.8247,1178999.499,Road,4000,,,4000,,1,DEC,,False,,2022-12-21T03:55:03Z,KENAI,false,false,true,0.0,,2025
904,{9A56C5FE-510A-412C-9FCD-D1552C51E820},941,198,,,,,{FF44E793-74FE-4F17-9EB7-78D774DF5F63},Kenny Lake,Copper River School District - Kenny Lake,,99573,61.7266,-145.0071,472312.3631,1337436.864,Road,4000,,4000,,,2,DEC,,False,,2022-12-21T03:55:03Z,KENNY LAKE,false,false,true,0.0,,2025
905,{44D5A7BD-3E91-4753-9077-7934F7745FB4},942,28,,,,,{081D88E7-5D78-4E36-AC3C-F753262F026C},Ketchikan,US Coast Guard Base Ketchikan,1300 Stedman St.,99901,55.3321757,-131.6214365,1392917.193,828045.4014,Road,20767,,20767,,,7,DEC,,False,,2022-12-21T03:55:03Z,KETCHIKAN,false,false,true,0.0,,2025
906,{B2361FF5-97F3-44BE-B463-E1BEA5098719},943,237,,,,,{081D88E7-5D78-4E36-AC3C-F753262F026C},Ketchikan,Alaska Army National Guard - Ketchikan Readiness Center,645 Jackson Street,99901,55.353746,-131.681719,1388512.734,829054.127,Road,1500,,1500,,,1,DEC,,False,,2022-12-21T03:55:03Z,KETCHIKAN,false,false,true,0.0,,2025
907,{CBC48C5B-1B5E-410F-97DE-D67332C3B6DD},944,2,,,,,{081D88E7-5D78-4E36-AC3C-F753262F026C},Ketchikan,Aero Services Ketchikan,Lot 3 Block 700 Ketchikan Airport,99901,55.352797,-131.703193,1387262.569,828502.4455,Road,50000,,,50000,,3,DEC,,False,,2022-12-21T03:55:03Z,KETCHIKAN,false,false,true,0.29,,2025
908,{C26441CB-9315-4F5F-A109-D3725C17B586},945,431,,,,,{081D88E7-5D78-4E36-AC3C-F753262F026C},Ketchikan,Ketchikan Court and Office Building,415 Main Street,99901,55.3432496,-131.6482262,1390906.564,828645.1345,Road,10000,,10000,,,1,DEC,,False,,2022-12-21T03:55:03Z,KETCHIKAN,false,false,true,0.0,,2025
909,{A9D42BE2-8741-44EB-9D76-C45071496923},946,432,,,,,{081D88E7-5D78-4E36-AC3C-F753262F026C},Ketchikan,Ketchikan DOT&PF Maintenance Station,5418 North Tongass Highway,99901,55.3829317,-131.7351224,1384253.284,830988.2123,Road,2000,,2000,,,1,DEC,,False,,2022-12-21T03:55:03Z,KETCHIKAN,false,false,true,0.0,,2025
910,{A6438E8E-EC86-43B8-A939-ECCBB039056D},947,519,,,,,{081D88E7-5D78-4E36-AC3C-F753262F026C},Ketchikan,Alaska General Seafoods - Ketchikan,980 Stedman Street,99901,55.336598,-131.631776,1392131.971,828296.1899,Road,10000,,10000,,,1,DEC,,False,,2022-12-21T03:55:03Z,KETCHIKAN,false,false,true,0.0,,2025
911,{DF7DE3EA-8366-4CB9-8D57-C492F2B43793},948,633,,,,,{081D88E7-5D78-4E36-AC3C-F753262F026C},Ketchikan,Alaska Power & Telephone - High Mountain Microwave Tower,,99901,55.360889,-131.795861,1381426.299,827413.4337,Plane,5000,,5000,,,1,DEC,,False,,2022-12-21T03:55:03Z,KETCHIKAN,false,true,false,4.16,,2025
912,{6C13BFD5-738C-446F-9571-94F911FE6187},949,639,,,,,{081D88E7-5D78-4E36-AC3C-F753262F026C},Ketchikan,Alaska Power & Telephone - Lidenburg Peak Microwave Tower,,99901,56.743611,-133.0775,1256656.665,948067.1817,Plane,5000,,5000,,,1,DEC,,False,,2022-12-21T03:55:03Z,KETCHIKAN,false,true,false,171.98,,2025
913,{25B5D119-20BE-4211-91E4-E75BF7969171},950,710,,,,,{081D88E7-5D78-4E36-AC3C-F753262F026C},Ketchikan,Colaska - Secon -Ketchikan,4418 North Tongass Highway,99901,55.362861,-131.705246,1386774.704,829513.0381,Road,7000,,7000,,,2,DEC,,False,,2022-12-21T03:55:03Z,KETCHIKAN,false,false,true,0.0,,2025
914,{EF799C7C-48D8-475B-816B-6D08F25BBB08},951,720,,,,,{081D88E7-5D78-4E36-AC3C-F753262F026C},Ketchikan,Ward Cove Deli & Liquor,7196 North Tongass Highway,99901,55.410868,-131.722042,1384011.033,834208.4115,Road,1200,1200,,,,1,DEC,,False,,2022-12-21T03:55:03Z,KETCHIKAN,false,false,true,2.05,,2025
915,{FA4C73B2-596D-48AE-A49A-70B70258ED8D},952,727,,,,,{081D88E7-5D78-4E36-AC3C-F753262F026C},Ketchikan,Crowley - Ketchikan - Town Station,4161 Tongass Avenue,99901,55.358611,-131.699722,1387258.018,829184.8798,Barge,40000,18000,22000,,,4,DEC,,False,,2022-12-21T03:55:03Z,KETCHIKAN,true,false,false,0.0,,2025
916,{B82A34CB-3CD0-4A7F-BFEE-BA349A32E157},953,728,,,,,{081D88E7-5D78-4E36-AC3C-F753262F026C},Ketchikan,Crowley - Ketchikan - North Station,11860 North Tongass Highway,99901,55.442886,-131.800563,1378149.305,835940.8208,Barge,5700,5700,,,,1,DEC,,False,,2022-12-21T03:55:03Z,KETCHIKAN,true,false,false,6.72,,2025
917,{BFF9DB9E-CA56-440D-B966-058492E9DF73},954,797,,,,,{081D88E7-5D78-4E36-AC3C-F753262F026C},Ketchikan,AT&T - Ketchikan,2900 Tongass Avenue,99901,58.37542,-134.574986,1116856.237,1095189.423,Road,2000,,2000,,,1,DEC,,False,,2022-12-21T03:55:03Z,KETCHIKAN,false,false,true,374.71,,2025
918,{7E331BCD-38FC-45CA-B676-38CFC2492CC6},955,858,,,,,{081D88E7-5D78-4E36-AC3C-F753262F026C},Ketchikan,GSA - Ketchikan,"648 Mission Street, Suite 100",99901,55.341699,-131.642662,1391303.32,828589.51,Road,2000,,2000,,,1,DEC,,False,,2022-12-21T03:55:03Z,KETCHIKAN,false,false,true,0.0,,2025
919,{876E6B25-489C-4734-9FED-335A8FEA21D0},956,888,,,,,{081D88E7-5D78-4E36-AC3C-F753262F026C},Ketchikan,Trident - Ketchikan,720 Stedman Street,99901,55.338023,-131.636118,1391823.125,828346.5137,Road,5100,,5100,,,2,DEC,,False,,2022-12-21T03:55:03Z,KETCHIKAN,false,false,true,0.0,,2025
920,{6E5C4B48-52F2-45E9-BFA5-C7CCE180C9F9},957,972,,,,,{081D88E7-5D78-4E36-AC3C-F753262F026C},Ketchikan,Ketchikan Medical Center,3100 Tongass Avenue,99901,55.353018,-131.686665,1388249.612,828868.6143,Road,30000,,30000,,,2,DEC,,False,,2022-12-21T03:55:03Z,KETCHIKAN,false,false,true,0.0,,2025
921,{F9A3F8E4-4D4A-4EC2-9917-B3464DC4BC42},958,1105,,,,,{081D88E7-5D78-4E36-AC3C-F753262F026C},Ketchikan,Ketchikan Gateway Borough School District,333 Schoenbar Road,99901,55.346502,-131.638757,1391363.372,829179.5199,Road,16000,,16000,,,4,DEC,,False,,2022-12-21T03:55:03Z,KETCHIKAN,false,false,true,0.0,,2025
922,{434E09F8-0BC0-4400-9C37-090E2AC9AC89},959,89,,,,,{A1701483-F114-4FB2-A478-D0F6039C3EA8},Kiana,CRUZ Construction - Kiana Airport Improvement,,99762,66.975,-160.441,-282099.0143,1904516.407,Barge,85000,5000,80000,,,6,DEC,,False,,2022-12-21T03:55:03Z,KIANA,true,false,false,0.07,,2025
923,{DC804955-7654-4EBB-AC92-0A0266163C08},960,947,,,,,{A1701483-F114-4FB2-A478-D0F6039C3EA8},Kiana,Kiana Tank Farm - City of Kiana,PO Box 150,99749,66.970222,-160.443081,-282238.8006,1903992.22,,204600,81700,122900,,,13,DEC,,False,,2022-12-21T03:55:03Z,KIANA,,,,0.05,,2025
924,{6A6FAD87-D981-43FB-B310-DD4E6D7E5005},961,948,263-BF-05,,,,{A1701483-F114-4FB2-A478-D0F6039C3EA8},Kiana,Kiana Tank Farm - Northwest Arctic Borough School District,PO Box 190,99749,66.970066,-160.442807,-282232.7736,1903971.21,Barge,87000,,87000,,,9,DEC,,False,,2022-12-21T03:55:03Z,KIANA,true,false,false,0.05,,2025
925,{8165CCA3-56E8-47A2-8CFE-A8EAD7AB657B},962,949,,,,,{A1701483-F114-4FB2-A478-D0F6039C3EA8},Kiana,Kiana Tank Farm - Alaska Village Electric Cooperative,General Delivery,99749,66.969917,-160.442499,-282221.4159,1903949.683,Barge,144000,,144000,,,7,DEC,,False,,2022-12-21T03:55:03Z,KIANA,true,false,false,0.05,,2025
926,{A5155750-38EC-47C7-B827-7975F4A90D3E},963,1139,,,,,{A1701483-F114-4FB2-A478-D0F6039C3EA8},Kiana,GCI Communication Corp. - Three Rivers Microwave Repeater,,99749,66.96075,-160.490972,-284432.7972,1903158.135,Plane,9000,,9000,,,2,DEC,,False,,2022-12-21T03:55:03Z,KIANA,false,true,false,2.38,,2025
927,{7F9C4747-8957-4871-8E6F-F1ED7917FB36},964,,,ANC-K-016,410,41,{A1701483-F114-4FB2-A478-D0F6039C3EA8},Kiana,"Alaska Village Electric Cooperative | 4831 Eagle Street | Anchorage, AK 99503",,,66.97392587,-160.4291164,-281592.471,1904331.023,Barge,120300,,,,,,AEA,,True,1998-09-03,2022-12-21T03:55:03Z,KIANA,true,false,false,0.0,,2025
928,{79DEAD08-49F9-444F-9111-EFAC1EBFCDD1},965,,263-BF-01,,412,752,{A1701483-F114-4FB2-A478-D0F6039C3EA8},Kiana,Margaret & Donald Dorsey | Kiana Trading Post,,,66.97528552,-160.4340302,-281793.2591,1904507.098,Barge,51400,,,,,,AEA,,False,1998-09-03,2022-12-21T03:55:03Z,KIANA,true,false,false,0.06,,2025
929,{DF0D091B-FBBB-4517-AA45-0BAA2F320FDE},966,,,ANC-K-017,413,753,{A1701483-F114-4FB2-A478-D0F6039C3EA8},Kiana,"Blankenship Trading Post | General Delivery | Kiana, AK 99749",,,66.97530231,-160.4337727,-281782.5998,1904506.062,Barge,7100,,,,,,AEA,,True,1998-09-03,2022-12-21T03:55:03Z,KIANA,true,false,false,0.06,,2025
930,{A4C45CB7-78AE-4218-B7EC-684EAC385193},967,,,,414,754,{A1701483-F114-4FB2-A478-D0F6039C3EA8},Kiana,City of Kiana Firehouse,,,66.97275709,-160.4367875,-281936.0814,1904255.494,Barge,2200,,,,,,AEA,,False,1998-09-04,2022-12-21T03:55:03Z,KIANA,true,false,false,0.0,,2025
931,{E3EF8439-0613-41E1-B9C0-DC105BB3B3C0},968,,,,415,755,{A1701483-F114-4FB2-A478-D0F6039C3EA8},Kiana,Alaska DOT&PF,,,65.98050676,-161.1384531,-324393.3157,1797729.384,Barge,2900,,,,,,AEA,,False,1998-06-24,2022-12-21T03:55:03Z,KIANA,true,false,false,114.18,,2025
932,{E77A8666-C3DB-4AE5-ABD7-A169FFB122E7},969,,263-BF-04,,408,39,{A1701483-F114-4FB2-A478-D0F6039C3EA8},Kiana,Northwest Arctic Borough School District,,,66.97150852,-160.4382573,-282012.4609,1904106.35,Barge,54600,,,,,,AEA,,False,1998-09-02,2022-12-21T03:55:03Z,KIANA,true,false,false,0.0,,2025
933,{AB061DFF-3825-4970-BD3B-DCD11F9B692B},970,141,263-BF-02,,,,{E3FB0AD1-05D8-4D22-919A-F24830556C1F},King Cove,Aleutians East Borough School District - King Cove,PO Box 69,99612,55.047159,-162.295213,-528810.4893,592448.9296,,2000,,2000,,,1,DEC,,False,1998-08-18,2022-12-21T03:55:03Z,KING COVE,,,,0.0,,2025
934,{BACAEA02-40B4-467A-B3B9-39C3197CF50D},971,898,263-BF-03,,,,{E3FB0AD1-05D8-4D22-919A-F24830556C1F},King Salmon,Alaska Commercial Company - King Salmon,100 Eskimo Creek Road,99613,58.683749,-156.672126,-154420.0437,968250.5955,Road,4000,4000,,,,1,DEC,,False,,2022-12-21T03:55:03Z,KING SALMON,false,false,true,520.88,community_name,2025
935,{7B159976-97D0-498B-8D9A-99A0BDC3D898},972,,264-BF-16,ANC-K-999,949,410,{E3FB0AD1-05D8-4D22-919A-F24830556C1F},King Cove,Peter Pan Seafoods,,,55.06114904,-162.3199348,-530179.7628,594189.4701,Barge,522515,,,,,,AEA,,True,1998-08-18,2022-12-21T03:55:03Z,KING COVE,true,false,false,0.0,,2025
936,{87CD167B-6282-4F43-A82E-3D0636CC1156},973,,264-BF-02,ANC-K-021,950,411,{E3FB0AD1-05D8-4D22-919A-F24830556C1F},King Cove,"City of King Cove Power Plant | Earnest Mack, Public Works",,,55.06035488,-162.3290098,-530767.2978,594174.4671,Barge,127800,,,,,,AEA,,True,1998-08-18,2022-12-21T03:55:03Z,KING COVE,true,false,false,0.0,,2025
937,{8BF97F0B-2103-496C-8E65-620939823407},974,,,,952,413,{E3FB0AD1-05D8-4D22-919A-F24830556C1F},King Cove,"Gould & Sons, Inc. | General Delivery | King Cove, Alaska 99612 | John Gould, Owner",,,55.06029697,-162.3147479,-529864.4679,594040.1925,Barge,2800,,,,,,AEA,,False,1998-08-20,2022-12-21T03:55:03Z,KING COVE,true,false,false,0.0,,2025
938,{6C1A4CF5-8F39-4798-9B02-FF6DDAE8AD0A},975,,,,953,414,{E3FB0AD1-05D8-4D22-919A-F24830556C1F},King Cove,King Cove Corporation,,,55.0595359,-162.3138628,-529817.4598,593945.2413,Barge,5000,,,,,,AEA,,False,1998-08-18,2022-12-21T03:55:03Z,KING COVE,true,false,false,0.0,,2025
939,{9D8422E9-699D-4E93-870C-660389356C64},976,86,264-BF-19,,,,{DEFFD70D-72D8-4A79-B7DF-81586E965AFF},King Salmon,Bristol Bay Express - King Salmon,Mile 15 Alaska Peninsula Highway,99613,58.683722,-156.670361,-154315.1079,968225.8906,Barge,4000,4000,,,,1,DEC,,False,,2022-12-21T03:55:03Z,KING SALMON,true,false,false,0.0,,2025
940,{1973D7CD-DCB2-4263-84C7-FC0656D1FEEE},977,441,264-BF-17,,,,{DEFFD70D-72D8-4A79-B7DF-81586E965AFF},King Salmon,AK DOT&PF King Salmon,,99613,58.675833,-156.655833,-153514.5177,967319.8839,,7000,,7000,,,2,DEC,,False,,2022-12-21T03:55:03Z,KING SALMON,,,,0.0,,2025
941,{4BAF775A-D866-4D12-81DE-CE93DE008CF2},978,545,264-BF-01,,,,{DEFFD70D-72D8-4A79-B7DF-81586E965AFF},King Salmon,State of Alaska Department of Fish and Game - King Salmon,1 Fish and Game Road,99613,58.6883251,-156.661351,-153779.0947,968736.8901,Road,11000,2000,9000,,,4,DEC,,False,,2022-12-21T03:55:03Z,KING SALMON,false,false,true,0.0,,2025
942,{E1382C04-8BCB-4CB3-8640-A3678801E8F8},979,798,264-BF-21,,,,{DEFFD70D-72D8-4A79-B7DF-81586E965AFF},King Salmon,AT&T - King Salmon,State Airport AK0344,99613,58.755,-156.548611,-146979.1741,975925.3028,Road,1000,,1000,,,1,DEC,,False,,2022-12-21T03:55:03Z,KING SALMON,false,false,true,0.0,,2025
943,{7468E915-540F-4DD3-9191-E29646D8AD4F},980,1070,264-BF-18,,,,{DEFFD70D-72D8-4A79-B7DF-81586E965AFF},King Salmon,Federal Aviation Administration - King Salmon - AKN NXRAD,,99613,58.67944,-156.6294,-151971.7583,967661.2638,Road,2000,,2000,,,1,DEC,,False,,2022-12-21T03:55:03Z,KING SALMON,false,false,true,0.0,,2025
944,{2252CEB0-6807-417D-BB44-607C323ACE41},981,1171,,,,,{DEFFD70D-72D8-4A79-B7DF-81586E965AFF},King Salmon,National Park Service - Katmai - King Salmon Facilities,PO Box 7,99613,58.681572,-156.668078,-154197.2387,967995.8506,Road,9500,,9500,,,3,DEC,,False,,2022-12-21T03:55:03Z,KING SALMON,false,false,true,0.0,,2025
945,{902FD68A-9632-42F4-9216-EA07E1A8598E},982,1215,264-BF-20,,,,{DEFFD70D-72D8-4A79-B7DF-81586E965AFF},King Salmon,Katmailand/Katmai Air Docking and Re-Fueling Facility,,99613,58.672699,-156.659731,-153754.393,966974.4749,Road,2000,,2000,,,1,DEC,,False,,2022-12-21T03:55:03Z,KING SALMON,false,false,true,0.02,,2025
946,{77011D21-7ADA-4557-BF17-0EA44E8DD280},983,238,264-BF-12,,,,{6A1D2CBB-7422-4993-9496-87DE4AB29609},Kipnuk,Alaska Army National Guard - Kipnuk Readiness Center,,99614,59.93404,-164.038355,-557003.9796,1147096.042,Road,1500,,1500,,,1,DEC,,False,,2022-12-21T03:55:03Z,KIPNUK,false,false,true,0.0,,2025
947,{645417DA-4F8B-4031-A517-C48025BF221B},984,193,264-BF-08,ANC-K-069,,,{6A1D2CBB-7422-4993-9496-87DE4AB29609},Kipnuk,Kipnuk Tank Farm - Kipnuk Light Plant,101 Council Drive,99614,59.940821,-164.036921,-556818.301,1147841.06,Barge,220500,,220500,,,4,DEC,,True,,2022-12-21T03:55:03Z,KIPNUK,true,false,false,0.0,,2025
948,{CAC8C78D-3D19-4C6F-A779-DE02FB53C120},985,221,264-BF-04,,,,{6A1D2CBB-7422-4993-9496-87DE4AB29609},Kipnuk,Lower Kuskokwim School District - Kipnuk,,99614,59.94058333,-164.0362667,-556782.0887,1147807.927,Barge,185000,,185000,,,6,DEC,,False,,2022-12-21T03:55:03Z,KIPNUK,true,false,false,0.0,,2025
949,{A3B3F429-09A4-455B-893A-2952BC47D69B},986,463,,ANC-K-028,,,{6A1D2CBB-7422-4993-9496-87DE4AB29609},Kipnuk,"Kipnuk Tank Farm - Kugkaktlik, Limited",,99614,59.940821,-164.036921,-556818.301,1147841.06,Barge,360500,146000,214500,,,6,DEC,,True,,2022-12-21T03:55:03Z,KIPNUK,true,false,false,0.0,,2025
950,{72E67206-F008-47E9-AE98-4C85EAD98765},987,,436-BF-04,ANC-C-028,710,515,{6A1D2CBB-7422-4993-9496-87DE4AB29609},Kipnuk,Lower Kuskokwim School District,,,60.85685837,-162.2765278,-446981.0982,1236015.375,Barge,24700,,,,,,AEA,,True,1996-08-25,2022-12-21T03:55:03Z,KIPNUK,true,false,false,136.88,,2025
951,{1C4C49F2-17CB-4764-9E37-D5AA272237CB},988,,,ANC-K-025,799,903,{6A1D2CBB-7422-4993-9496-87DE4AB29609},Kipnuk,Kugkaktlik Limited,,,59.937735,-164.0399801,-557040.7949,1147509.013,Barge,324500,,,,,,AEA,Best Practice Assessment,True,1998-06-10,2022-12-21T03:55:03Z,KIPNUK,true,false,false,0.0,,2025
952,{B9A277E6-8FA2-412D-B000-F529103122C0},989,,264-BF-11,,800,904,{6A1D2CBB-7422-4993-9496-87DE4AB29609},Kipnuk,Kashatok Brothers Store,,,59.93819989,-164.0370887,-556872.5725,1147552.434,Barge,13800,,,,,,AEA,,False,1998-06-10,2022-12-21T03:55:03Z,KIPNUK,true,false,false,0.0,,2025
953,{5FCBFA7A-738A-4726-A6FC-375ADA4BD577},990,338,,,,,{88062838-37F6-4578-9FDD-4DBF5CACD276},Kivalina,DOT&PF Kivalina APT,,99750,67.73045,-164.546706,-447454.9473,2010196.255,Plane,3000,,3000,,,1,DEC,,False,,2022-12-21T03:55:03Z,KIVALINA,false,true,false,0.0,,2025
954,{8A31306C-D494-4731-9E1B-923BC30C4942},991,920,,ANC-K-030,,,{88062838-37F6-4578-9FDD-4DBF5CACD276},Kivalina,Alaska Village Electric Cooperative - Kivalina,General Delivery,99750,67.725044,-164.533012,-446974.7992,2009510.118,,131600,,131600,,,16,DEC,,True,,2022-12-21T03:55:03Z,KIVALINA,,,,0.0,,2025
955,{25C41539-EFB9-4782-8641-837493BF05AF},992,1234,266-BF-03,ANC-K-065,,,{88062838-37F6-4578-9FDD-4DBF5CACD276},Kivalina,Northwest Arctic Borough School District - Kivalina,,99750,67.725167,-164.533278,-446979.3011,2009531.376,Barge,49100,,49100,,,5,DEC,,True,2015-06-09,2022-12-21T03:55:03Z,KIVALINA,true,false,false,0.0,,2025
956,{12B0F97A-7477-4F96-8DB3-E0011D684287},993,1240,266-BF-08,,,,{88062838-37F6-4578-9FDD-4DBF5CACD276},Kivalina,Kivalina Waterplant,,99750,67.726823,-164.537547,-447130.2415,2009740.363,Barge,10000,,10000,,,1,DEC,,False,,2022-12-21T03:55:03Z,KIVALINA,true,false,false,0.0,,2025
957,{C8717693-9691-48EF-828D-267CFD4347C9},994,,,ANC-K-029,417,44,{88062838-37F6-4578-9FDD-4DBF5CACD276},Kivalina,Kivalina Native Store,,,67.72580815,-164.5331724,-446963.4878,2009597.305,Barge,128800,44400,84400,,,7,AEA,2015 Assessment,True,2015-06-09,2022-12-21T03:55:03Z,KIVALINA,true,false,false,0.0,,2025
958,{5491897A-FF63-4987-8BF9-8F41FF9B65A8},995,,,,418,45,{88062838-37F6-4578-9FDD-4DBF5CACD276},Kivalina,City of Kivalina,,,67.72678311,-164.5373566,-447122.5372,2009739.13,Barge,8400,,8400,,,1,AEA,2015 Assessment,False,2015-06-09,2022-12-21T03:55:03Z,KIVALINA,true,false,false,0.0,,2025
959,{94DBEDF4-75CF-44C4-9181-226982180808},996,,,,419,46,{88062838-37F6-4578-9FDD-4DBF5CACD276},Kivalina,AVEC - Remote Tank Farm,,,67.72498769,-164.5330114,-446974.7992,2009510.118,Barge,87500,,87500,,,11,AEA,2015 Assessment,False,2015-06-09,2022-12-21T03:55:03Z,KIVALINA,true,false,false,0.0,,2025
960,{7FE51A83-103F-4C96-A750-59C5C1860B52},997,,,,420,756,{88062838-37F6-4578-9FDD-4DBF5CACD276},Kivalina,AVEC - Powerhouse Tank Farm,,,67.72642729,-164.5386655,-447181.3765,2009700.624,Barge,23100,,23100,,,3,AEA,2015 Assessment,False,2015-06-09,2022-12-21T03:55:03Z,KIVALINA,true,false,false,0.0,,2025
961,{83F44065-C39A-46E4-ABDF-30950D435ED3},998,,,ANC-K-057,,,{88062838-37F6-4578-9FDD-4DBF5CACD276},Kivalina,"Red Dog Mine, Kivilina",,,67.72485145,-164.5325501,-446952.3189,2009485.985,Barge,,,,,,,USCG,2015 Assessment,True,2014-07-26,2022-12-21T03:55:03Z,KIVALINA,true,false,false,0.0,,2025
962,{587A9516-FAF3-407A-88FB-213E57091443},999,430,,,,,{F3CDD092-3609-4B82-9B09-D35DB0E7375F},Klawock,Klawock DOT&PF Maintenance Station,0.25 Mile Airport Road,99925,55.5792164,-133.0710241,1297277.915,824751.9817,Road,4500,,4500,,,2,DEC,,False,,2022-12-21T03:55:03Z,KLAWOCK,false,false,true,2.05,,2025
963,{A24C50F8-2F52-4515-9587-E777B549DF91},1000,637,,,,,{F3CDD092-3609-4B82-9B09-D35DB0E7375F},Klawock,Alaska Power & Telephone - Klawock Office and Warehouse,6174 Klawock Hollis Highway,99925,55.551742,-133.070053,1298282.842,821868.1728,Road,6000,,6000,,,1,DEC,,False,,2022-12-21T03:55:03Z,KLAWOCK,false,false,true,0.0,,2025
964,{F7CD73E8-FFE8-4CCA-9375-B27B2CEE2101},1001,638,,,,,{F3CDD092-3609-4B82-9B09-D35DB0E7375F},Klawock,Alaska Power & Telephone - Klawock Power Generation Station,,99925,55.553167,-133.085333,1297315.75,821717.4972,Road,3000,,3000,,,1,DEC,,False,,2022-12-21T03:55:03Z,KLAWOCK,false,false,true,0.0,,2025
965,{0B7A618A-4185-4D5C-8B45-57361B2432E2},1002,,,,42,674,{F3CDD092-3609-4B82-9B09-D35DB0E7375F},Klawock,Klawock Island Fuels,,,55.55235749,-133.0816553,1297566.391,821706.1825,Barge,120000,,,,,,AEA,2015 Assessment,False,1996-07-26,2022-12-21T03:55:03Z,KLAWOCK,true,false,false,0.0,,2025
966,{3B7A4949-DC0C-4487-A692-3A82A1E0208D},1003,,268-BF-01,,43,675,{F3CDD092-3609-4B82-9B09-D35DB0E7375F},Klawock,"Tlingit-Haida Regional Electric Authority12480 Mendenhall Loop RoadJuneau, AK 99803",,,55.55422512,-133.095997,1296639.452,821618.8173,Barge,1000,,,,,,AEA,2015 Assessment,False,1996-07-26,2022-12-21T03:55:03Z,KLAWOCK,true,false,false,0.0,,2025
967,{596974D7-F780-4D0D-AD2B-2F58BAC71571},1004,,,,44,676,{F3CDD092-3609-4B82-9B09-D35DB0E7375F},Klawock,"Viking Lumber Co. | | Klawock, AK 99925",,,55.54120905,-133.1022761,1296710.748,820118.8151,Barge,19984,,,,,,AEA,2015 Assessment,False,1996-07-29,2022-12-21T03:55:03Z,KLAWOCK,true,false,false,0.46,,2025
968,{6D4B4A33-4BA6-4F24-B682-8F598BC19947},1005,,,,1110,1101,{F3CDD092-3609-4B82-9B09-D35DB0E7375F},Klawock,Alaska Power and Telephone,,,55.550680,-133.096710,60948.15754,1844160.683,Barge,15600,,15600,,,4,AEA,2015 Assessment,False,,2022-12-21T03:55:03Z,KLAWOCK,true,false,false,0.0,latitude;longitude,2025
969,{23971D5E-A473-4A82-921B-EA3545F06790},1006,,266-BF-04,,1111,1106,{F3CDD092-3609-4B82-9B09-D35DB0E7375F},Klawock,Klawock City School District,,,55.55338159,-133.0990816,1296487.474,821476.3706,Barge,3000,,3000,,,3,AEA,2015 Assessment,False,2015-04-13,2022-12-21T03:55:03Z,KLAWOCK,true,false,false,0.0,,2025
970,{B9AACFC4-FEA7-440D-9A2F-69CBCDAB04A1},1007,124,269-BF-03,,,,{F28EF005-C4A1-4868-9B6A-826AD9633025},Klukwan,Chatham School District - Klukwan,315 Church Hill way,99827,59.4005798,-135.896582,1011979.684,1184066.134,Road,3000,,3000,,,1,DEC,,False,,2022-12-21T03:55:03Z,KLUKWAN,false,false,true,0.0,,2025
971,{78FF04C4-4FF5-44FB-9845-D1752F0F23FE},1008,1235,,,,,{319107E2-FB9A-474B-8237-6A8CFF382E09},Kobuk,Northwest Arctic Borough School District - Kobuk,PO box 40,99751,66.908291,-156.882892,-126740.2219,1886164.014,Barge,27500,,27500,,,4,DEC,,False,2015-06-10,2022-12-21T03:55:03Z,KOBUK,true,false,false,0.0,,2025
972,{DECC4CB4-9217-4FA6-A6F1-FB5AF9F5A76D},1009,,,ANC-K-100,422,47,{319107E2-FB9A-474B-8237-6A8CFF382E09},Kobuk,City of Kobuk - Fuel Depot,,,66.90653141,-156.8820585,-126715.9799,1885979.818,Plane,16900,4000,12900,,,3,AEA,2015 Assessment,True,2015-06-10,2022-12-21T03:55:03Z,KOBUK,false,true,false,0.0,,2025
973,{5AEE4579-120C-418C-965A-911EFB7A4873},1010,239,269-BF-02,,,,{98F61372-E8BA-41BD-8291-B2318BB0C9F0},Kodiak,Alaska Army National Guard - Kodiak Readiness Center,125 Powell Avenue,99615,57.794680,-152.392880,95294.34149,866941.8446,Road,3000,,3000,,,1,DEC,,False,,2022-12-21T04:56:11Z,KODIAK,false,false,true,0.0,latitude;longitude,2025
974,{19F9BC71-4564-4B4E-A915-5CB5DC25D415},1011,79,,,,,{98F61372-E8BA-41BD-8291-B2318BB0C9F0},Kodiak,Ocean Beauty Seafoods LLC - Kodiak,621 Shelikof Street,99615,57.784976,-152.421045,93651.70159,865831.8281,Road,4700,,4700,,,3,DEC,,False,,2022-12-21T03:55:03Z,KODIAK,false,false,true,0.0,,2025
975,{332D3B7F-3381-46AA-8D87-8B750D32974D},1012,150,,,,,{98F61372-E8BA-41BD-8291-B2318BB0C9F0},Kodiak,"North Pacific Seafoods, Inc. - Kodiak",627 Shelikof Street,99615,57.784675,-152.42332,93518.7545,865787.7543,Road,1550,,1550,,,1,DEC,,False,,2022-12-21T03:55:03Z,KODIAK,false,false,true,0.0,,2025
976,{A1B0FDAC-70EF-4983-B621-720E37481700},1013,177,,,,,{98F61372-E8BA-41BD-8291-B2318BB0C9F0},Kodiak,Kodiak Electric Association - Generating Station,615 Sargent Road,99615,57.789722,-152.396667,95087.11489,866377.6611,Road,40000,,40000,,,2,DEC,,False,,2022-12-21T03:55:03Z,KODIAK,false,false,true,0.0,,2025
977,{110EF110-7B9A-4124-8FD4-03B28B4DBDF1},1014,180,270-BF-03,,,,{98F61372-E8BA-41BD-8291-B2318BB0C9F0},Kodiak,Kodiak Electric Association - Swampy Acres Generating Station,,99615,57.775556,-152.480278,90161.24257,864700.2588,Road,11100,,11100,,,2,DEC,,False,,2022-12-21T03:55:03Z,KODIAK,false,false,true,1.44,,2025
978,{576E8567-E85B-419E-9B43-1C4C0B1093F8},1015,181,270-BF-06,,,,{98F61372-E8BA-41BD-8291-B2318BB0C9F0},Kodiak,Kodiak Electric Association - Nyman Power Plant,"Seafarer Drive, Building 12 Annex",99615,57.73111111,-152.5083333,88611.37088,859680.6291,Road,27000,,27000,,,1,DEC,,False,,2022-12-21T03:55:03Z,KODIAK,false,false,true,5.68,,2025
979,{B46ED03F-5DB4-4255-A1AC-59B085DBF727},1016,420,270-BF-07,,,,{98F61372-E8BA-41BD-8291-B2318BB0C9F0},Kodiak,Kodiak DOT&PF Maintenance Station,1500 Anton Larsen Road,99615,57.759841,-152.515949,88093.58547,862887.4203,,5000,,5000,,,2,DEC,,False,,2022-12-21T03:55:03Z,KODIAK,,,,3.93,,2025
980,{B46E79C4-84C1-4A2D-87CF-4831E82CA4A9},1017,421,,,,,{98F61372-E8BA-41BD-8291-B2318BB0C9F0},Kodiak,Kodiak Regional Office Building,211 Mission Road,99615,57.7889083,-152.4030342,94709.26032,866279.9058,Road,1000,,1000,,,1,DEC,,False,,2022-12-21T03:55:03Z,KODIAK,false,false,true,0.0,,2025
981,{6280955D-A73E-4167-B155-9FE66EA27BEF},1018,422,,,,,{98F61372-E8BA-41BD-8291-B2318BB0C9F0},Kodiak,Kodiak State Airport,500 Taxiway Street Critern,99615,57.748889,-152.494167,89410.87492,861689.7141,Road,8000,,8000,,,4,DEC,,False,,2022-12-21T03:55:03Z,KODIAK,false,false,true,3.65,,2025
982,{0283A5A4-459A-49DA-B8ED-DEF2FCEC9908},1019,423,270-BF-04,,,,{98F61372-E8BA-41BD-8291-B2318BB0C9F0},Kodiak,Kodiak Court Building,202 Marine Way,99615,57.7872831,-152.4063473,94518.08751,866098.0149,Road,1000,,1000,,,1,DEC,,False,,2022-12-21T03:55:03Z,KODIAK,false,false,true,0.0,,2025
983,{6CE5C5C5-1A21-4866-8D92-163EB710A180},1020,424,270-BF-01,,,,{98F61372-E8BA-41BD-8291-B2318BB0C9F0},Kodiak,Kodiak Griffin Memorial Building,316 Mission Road,99615,57.7886659,-152.4006792,94847.27454,866262.7702,Road,1000,,1000,,,1,DEC,,False,,2022-12-21T03:55:03Z,KODIAK,false,false,true,0.0,,2025
984,{D5803C6E-27CF-4FEB-A024-8178DC9ED46E},1021,425,,,,,{98F61372-E8BA-41BD-8291-B2318BB0C9F0},Kodiak,Kalsin Maintenance Station,Milepost 31.5 Chiniak Highway,99615,57.588947,-152.435519,93309.97216,843909.1589,Road,3000,,3000,,,2,DEC,,False,,2022-12-21T03:55:03Z,KODIAK,false,false,true,20.05,,2025
985,{CEFEF0C0-D1C6-4A0B-ABF5-66311BFEFFF9},1022,501,,,,,{98F61372-E8BA-41BD-8291-B2318BB0C9F0},Kodiak,Kodiak Island Borough School District - Kodiak East Elementary School,220 Benny Benson Drive,99615,57.804922,-152.368071,96742.66175,868115.9898,,3000,,3000,,,1,DEC,,False,,2022-12-21T03:55:03Z,KODIAK,,,,0.0,,2025
986,{1FFEB283-7638-4BB4-A7B7-A262F90CC0BA},1023,502,,,,,{98F61372-E8BA-41BD-8291-B2318BB0C9F0},Kodiak,Kodiak Island Borough School District - Kodiak High School,917 East Rezonof Drive,99615,57.7932898,-152.3935982,95254.71313,866784.044,Road,8000,,8000,,,1,DEC,,False,,2022-12-21T03:55:03Z,KODIAK,false,false,true,0.0,,2025
987,{9E27F54B-1C0A-4D44-BDBA-3BA09D587DC3},1024,503,,,,,{98F61372-E8BA-41BD-8291-B2318BB0C9F0},Kodiak,Kodiak Island Borough School District - Kodiak Main Elementary School,128 Powell Avenue,99615,57.795436,-152.3912709,95386.27295,867032.7206,Road,2000,,2000,,,1,DEC,,False,,2022-12-21T03:55:03Z,KODIAK,false,false,true,0.0,,2025
988,{E6878C9C-E636-4C33-A5F5-14420473C72B},1025,504,,,,,{98F61372-E8BA-41BD-8291-B2318BB0C9F0},Kodiak,Kodiak Island Borough School District - Kodiak Middle School,1017 East Rezanof Drive,99615,57.7938011,-152.392207,95336.28907,866854.2104,Road,3000,,3000,,,1,DEC,,False,,2022-12-21T03:55:03Z,KODIAK,false,false,true,0.0,,2025
989,{920525BE-F98F-41CE-AB7F-DBCC02C15A72},1026,505,,,,,{98F61372-E8BA-41BD-8291-B2318BB0C9F0},Kodiak,Kodiak Island Borough School District - Kodiak North Star Elementary School,961 Mallard Way,99615,57.821299,-152.365537,96845.84056,869952.9417,Road,5000,,5000,,,1,DEC,,False,,2022-12-21T03:55:03Z,KODIAK,false,false,true,0.92,,2025
990,{0616261B-5C6C-4C13-A78B-D76C3F4C4780},1027,506,,,,,{98F61372-E8BA-41BD-8291-B2318BB0C9F0},Kodiak,Kodiak Island Borough School District - Kodiak Peterson Elementary School,Avenue G Building 550,99615,57.747064,-152.495672,89324.92684,861483.2052,Road,4000,,4000,,,1,DEC,,False,,2022-12-21T03:55:03Z,KODIAK,false,false,true,3.86,,2025
991,{919C5058-0CBA-459E-8F22-C9D6305E556C},1028,546,,,,,{98F61372-E8BA-41BD-8291-B2318BB0C9F0},Kodiak,State of Alaska Department of Fish and Game - Kodiak,351 Research Court,99615,57.7807939,-152.397271,95070.99564,865395.3154,Road,7000,,7000,,,2,DEC,,False,,2022-12-21T03:55:03Z,KODIAK,false,false,true,0.0,,2025
992,{C7184088-386E-4C35-A4AB-2D0D9F2B3A77},1029,747,,,,,{98F61372-E8BA-41BD-8291-B2318BB0C9F0},Kodiak,University of Alaska Anchorage - Kodiak,117 Benny Benson Drive,99615,57.807192,-152.36294,97036.17662,868395.9893,Road,7000,,7000,,,2,DEC,,False,,2022-12-21T03:55:03Z,KODIAK,false,false,true,0.0,,2025
993,{D6DCE4DB-5CDA-4A88-843D-D8ACEF31E2C5},1030,757,,,,,{98F61372-E8BA-41BD-8291-B2318BB0C9F0},Kodiak,University of Alaska Fairbanks - Kodiak,301 Research Court,99615,57.780543,-152.397763,95046.64374,865353.8129,Road,5200,,5200,,,1,DEC,,False,,2022-12-21T03:55:03Z,KODIAK,false,false,true,0.0,,2025
994,{707557AC-2FD8-459E-93CE-C5109AF191DD},1031,887,,,,,{98F61372-E8BA-41BD-8291-B2318BB0C9F0},Kodiak,Trident - Kodiak,521 Shelilkof Street,99615,57.785881,-152.417983,93834.18019,865924.8199,Road,17000,,17000,,,2,DEC,,False,,2022-12-21T03:55:03Z,KODIAK,false,false,true,0.0,,2025
995,{8D76DC1E-DDFB-4491-9559-92EF69C41AAA},1032,1071,269-BF-01,,,,{98F61372-E8BA-41BD-8291-B2318BB0C9F0},Kodiak,Federal Aviation Administration - Kodiak - ADQ ATCT,USCG Station,99615,57.7499,-152.4938,89430.14054,861799.2503,Road,1000,,1000,,,1,DEC,,False,,2022-12-21T03:55:03Z,KODIAK,false,false,true,3.55,,2025
996,{248652B4-D9D2-4A72-90D6-67D7D8F1B4FB},1033,1097,,,,,{98F61372-E8BA-41BD-8291-B2318BB0C9F0},Kodiak,Federal Aviation Administration - Woody Island - ODK - VOR,,99615,57.77503,-152.3398,98497.00709,864831.6753,Road,2000,,2000,,,1,DEC,,False,,2022-12-21T03:55:03Z,KODIAK,false,false,true,2.8,,2025
997,{75270031-386E-446D-8718-2254299400DD},1034,448,,,,,{89EB5E58-676F-4DA4-9449-8BD556A1E98C},Kokhanok,AK DOT&PF Kokhanok,,99606,59.435,-154.7975,-45089.05709,1049394.484,,2000,,2000,,,2,DEC,,False,,2022-12-21T03:55:03Z,KOKHANOK,,,,0.0,,2025
998,{EB7C0400-4008-4293-A2E5-5436D5F383E3},1035,1205,,,,,{89EB5E58-676F-4DA4-9449-8BD556A1E98C},Kokhanok,Lake and Peninsula School District - Kokhanok,700 School Road,99606,59.440265,-154.747762,-42266.7401,1049941.772,Road,45000,,45000,,,3,DEC,,False,1998-05-19,2022-12-21T03:55:03Z,KOKHANOK,false,false,true,0.0,,2025
999,{02C430B2-B9D2-4141-B9BE-FBFCB517E885},1036,,,,224,360,{89EB5E58-676F-4DA4-9449-8BD556A1E98C},Kokhanok,Kokhanok Village,,,59.44125148,-154.7514383,-42475.96683,1050053.333,Plane or Barge,56600,,,,,,AEA,,False,1998-05-18,2022-12-21T03:55:03Z,KOKHANOK,true,true,false,0.0,,2025
1000,{215BE7CB-672B-465B-A6A9-E47D982AE06E},1037,,,,225,361,{89EB5E58-676F-4DA4-9449-8BD556A1E98C},Kokhanok,"Danny's RoehlRoehl's EnterpriseGeneral DeliveryKoknahok, AK 99606",,,59.43945136,-154.7553758,-42699.02386,1049857.939,Plane or Barge,3800,,,,,,AEA,,False,1998-05-18,2022-12-21T03:55:03Z,KOKHANOK,true,true,false,0.0,,2025
1001,{0F6E52E2-A85E-4BB6-92EA-34C3232C9855},1038,,,,226,362,{89EB5E58-676F-4DA4-9449-8BD556A1E98C},Kokhanok,Kokhanok Village,,,59.44128967,-154.7517173,-42493.21732,1050053.528,Plane or Barge,2300,,,,,,AEA,,False,1998-05-18,2022-12-21T03:55:03Z,KOKHANOK,true,true,false,0.0,,2025
1002,{95DF95A0-6956-4D5C-9D73-51AD61ADE160},1039,107,,,,,{BF86DFB1-D998-4FF0-A370-8AF716F5C4BE},Koliganek,Southwest Region School District - Koliganek,5052 Nushagak Way,99576,59.726844,-157.28584,-184092.4466,1086308.732,Barge,50000,,50000,,,4,DEC,,False,,2022-12-21T03:55:03Z,KOLIGANEK,true,false,false,0.0,,2025
1003,{7D5A8BD8-2EC3-4F0D-B29C-8A0C58165A4B},1040,405,,,,,{BF86DFB1-D998-4FF0-A370-8AF716F5C4BE},Koliganek,Koliganek Airport Maintenance Station,,99576,59.7263,-157.267,-183043.4281,1086188.6,Barge,2000,,2000,,,2,DEC,,False,,2022-12-21T03:55:03Z,KOLIGANEK,true,false,false,0.0,,2025
1004,{4EA87B2D-C068-44CC-970C-0D53111ACA7E},1041,,,ANC-K-099,955,50,{BF86DFB1-D998-4FF0-A370-8AF716F5C4BE},Koliganek,New Koliganek Village Council,,,59.72611931,-157.2842345,-184004.9169,1086208.727,Barge,20000,35000,140000,,,2,AEA,,True,1997-10-17,2022-12-21T03:55:03Z,KOLIGANEK,true,false,false,0.0,,2025
1005,{E6F89934-850D-4A9A-ACEE-2DD093C349F2},1042,,,,956,712,{BF86DFB1-D998-4FF0-A370-8AF716F5C4BE},Koliganek,"Original owner: Alaska Power Systems8300 King StreetAnchorage, AK 99518",,,59.72658987,-157.2842077,-184001.5431,1086276.897,Barge,60000,,,,,,AEA,,False,1997-10-17,2022-12-21T03:55:03Z,KOLIGANEK,true,false,false,0.0,,2025
1006,{6B8B493B-8184-4051-A68A-5E838AE19317},1043,222,,,,,{833744EB-91EC-4A96-AD90-A5E91FAB1250},Kongiganak,Lower Kuskokwim School District - Kongiganak,,99545,59.962557,-162.871853,-492267.9884,1141050.598,Barge,14500,,14500,,,2,DEC,,False,,2022-12-21T03:55:03Z,KONGIGANAK,true,false,false,0.0,,2025
1007,{721F79AC-0E90-4CB1-85AC-8A9BE73E51DE},1044,223,,,,,{833744EB-91EC-4A96-AD90-A5E91FAB1250},Kongiganak,Kongiganak Tank Farm - Lower Kuskokwim School District,,99545,59.961144,-162.884409,-492985.1427,1140967.978,Barge,48000,,48000,,,1,DEC,,False,,2022-12-21T03:55:03Z,KONGIGANAK,true,false,false,0.0,,2025
1008,{72FC3FC4-C253-4EB8-92A4-8219876AD426},1045,224,,ANC-K-060,,,{833744EB-91EC-4A96-AD90-A5E91FAB1250},Kongiganak,Kongiganak Tank Farm - Qemirtalek Coast Corporation,,99545,59.961144,-162.884409,-492985.1427,1140967.978,Barge,198000,102000,96000,,,5,DEC,,True,1998-06-26,2022-12-21T03:55:03Z,KONGIGANAK,true,false,false,0.0,,2025
1009,{5EEAAC19-79D9-4423-BAAC-E8C448C4BBD1},1046,225,,,,,{833744EB-91EC-4A96-AD90-A5E91FAB1250},Kongiganak,Kongiganak Tank Farm - Kongiganak Traditional Council,,99545,59.961144,-162.884409,-492985.1427,1140967.978,Barge,96000,,96000,,,2,DEC,,False,,2022-12-21T03:55:03Z,KONGIGANAK,true,false,false,0.0,,2025
1010,{2D94CADD-0758-4D2E-8ED4-C1BB651EDDDA},1047,226,,ANC-K-036,,,{833744EB-91EC-4A96-AD90-A5E91FAB1250},Kongiganak,Kongiganak Traditional Council,PO Box 5069,99545,59.958889,-162.887647,-493189.6225,1140747.558,Barge,64000,,64000,,,4,DEC,,True,2013-08-23,2022-12-21T03:55:03Z,KONGIGANAK,true,false,false,0.0,,2025
1011,{1CB3B2C8-5A1C-47C2-9944-447BF7AF404F},1048,399,,,,,{833744EB-91EC-4A96-AD90-A5E91FAB1250},Kongiganak,Kongiganak Airport Maintenance Station,,99545,59.9587,-162.8854,-493075.4283,1140704.636,Road,2000,,2000,,,2,DEC,,False,,2022-12-21T03:55:03Z,KONGIGANAK,false,false,true,0.0,,2025
1012,{353A5042-21AD-4457-BA26-5213430A7E03},1049,,,,804,53,{833744EB-91EC-4A96-AD90-A5E91FAB1250},Kongiganak,"Moravian Church (Bluff) | General Delivery | Kongiganak, AK 99559",,,59.95891035,-162.889262,-493287.258,1140760.704,Barge,2200,,,,,,AEA,,False,1998-06-26,2022-12-21T03:55:03Z,KONGIGANAK,true,false,false,0.0,,2025
1013,{1F3E5119-0B67-402E-BCC6-A6FB3D649C1A},1050,,,,809,54,{833744EB-91EC-4A96-AD90-A5E91FAB1250},Kongiganak,Puvurnaq Power Company,,,59.95891572,-162.8877063,-493199.7228,1140748.918,Barge,74500,,60000,,,1,AEA,,False,1998-06-26,2022-12-21T03:55:03Z,KONGIGANAK,true,false,false,0.0,,2025
1014,{5966569A-E364-492E-AF3E-4EE7DCE3828B},1051,,121-BF-02,,385,744,{833744EB-91EC-4A96-AD90-A5E91FAB1250},Kongiganak,Alaska Army National Guard,,,65.97994995,-161.131753,-324099.4331,1797629.372,Barge,4600,,,,,,AEA,,False,1998-06-24,2022-12-21T03:55:03Z,KONGIGANAK,true,false,false,676.96,,2025
1015,{4CEE5FA2-FBE0-425C-A4B0-4AF20625DC4C},1052,,,,806,588,{833744EB-91EC-4A96-AD90-A5E91FAB1250},Kongiganak,"Moravian Church | General Delivery | Kongiganak, AK 99559",,,59.95891035,-162.889262,-493287.258,1140760.704,Barge,800,,,,,,AEA,,False,1998-06-26,2022-12-21T03:55:03Z,KONGIGANAK,true,false,false,0.0,,2025
1016,{A1715C2D-0EE2-43E1-A0EE-B1F07DFECCB7},1053,,,,807,589,{833744EB-91EC-4A96-AD90-A5E91FAB1250},Kongiganak,Puvurnq Power Company,,,59.95883516,-162.8874166,-493182.889,1140746.651,Barge,2000,,,,,,AEA,,False,1998-06-26,2022-12-21T03:55:03Z,KONGIGANAK,true,false,false,0.0,,2025
1017,{CEBF6A18-6725-4A8C-8A3A-A21D32473D23},1054,,,,808,592,{833744EB-91EC-4A96-AD90-A5E91FAB1250},Kongiganak,A&L Variety Shop,,,59.95969989,-162.8908713,-493359.5822,1140859.98,Barge,8900,,,,,,AEA,,False,1998-06-26,2022-12-21T03:55:03Z,KONGIGANAK,true,false,false,0.0,,2025
1018,{D7037064-2B6C-4EB3-8145-FF0C714AEA24},1055,657,,ANC-K-040,,,{9A6475BE-BEC0-49DA-8979-2C6E5FFF39CB},Kotlik,Kotlik Tank Farm - Kotlik Yupik Corporation,PO Box 20207,99620,63.03688,-163.528244,-479292.8896,1486337.804,Barge,198000,6000,192000,,,5,DEC,,True,1997-10-02,2022-12-21T03:55:03Z,KOTLIK,true,false,false,0.0,,2025
1019,{4B38321E-ED50-4C94-A6BF-B66BFE86FB86},1056,658,,ANC-K-066,,,{9A6475BE-BEC0-49DA-8979-2C6E5FFF39CB},Kotlik,Kotlik Tank Farm - Alaska Village Electric Cooperative,,99620,63.03688,-163.528244,-479292.8896,1486337.804,Barge,252000,,252000,,,6,DEC,,True,1997-10-02,2022-12-21T03:55:03Z,KOTLIK,true,false,false,0.0,,2025
1020,{398E44E8-E70B-4752-9C5D-72E9B35CFE48},1057,659,277-BF-07,,,,{9A6475BE-BEC0-49DA-8979-2C6E5FFF39CB},Kotlik,Lower Yukon School District - Kotlik,PO Box 201219,99620,63.031592,-163.554996,-480715.5277,1485950.899,Barge,9000,,9000,,,2,DEC,,False,,2022-12-21T03:55:03Z,KOTLIK,true,false,false,0.0,,2025
1021,{97961562-1051-4566-8A91-2EBDE3E2B851},1058,,,,579,60,{9A6475BE-BEC0-49DA-8979-2C6E5FFF39CB},Kotlik,City of Kotlik,,,63.0327958,-163.5547783,-480680.7206,1486083.703,Barge,18100,,,,,,AEA,,False,1997-10-02,2022-12-21T03:55:03Z,KOTLIK,true,false,false,0.0,,2025
1022,{2A23D579-10CA-4A9D-BB28-767301C1B066},1059,,,,580,713,{9A6475BE-BEC0-49DA-8979-2C6E5FFF39CB},Kotlik,"Alaska Commercial Store | Kotlik, AK",,,63.03435023,-163.5423195,-480036.2967,1486169.602,Barge,15000,,,,,,AEA,,False,1997-10-02,2022-12-21T03:55:03Z,KOTLIK,true,false,false,0.0,,2025
1023,{2678E393-F35F-445F-9255-1156CDCA6C7C},1060,240,277-BF-04,,,,{209A76C3-F9A4-4015-987C-78C5A44BE669},Kotzebue,Alaska Army National Guard - Kotzebue Armory,605 Third Avenue,99752,66.900993,-162.581699,-376459.8628,1906970.346,Road,3000,,3000,,,1,DEC,,False,,2022-12-21T03:55:03Z,KOTZEBUE,false,false,true,0.0,,2025
1024,{00AFD389-4C3E-4212-91BE-EFC91119FCDF},1061,241,277-BF-08,,,,{209A76C3-F9A4-4015-987C-78C5A44BE669},Kotzebue,Alaska Army National Guard - Kotzebue AAOF,Air Force Road,99752,66.882315,-162.606661,-377818.5711,1905042.252,Road,1500,,1500,,,1,DEC,,False,,2022-12-21T03:55:03Z,KOTZEBUE,false,false,true,0.0,,2025
1025,{C1443882-281A-4530-989F-8E2696B6131E},1062,74,,,,,{209A76C3-F9A4-4015-987C-78C5A44BE669},Kotzebue,Vitus Terminal - Kotzebue,"Lot 10A, Block 11, Tract A, U.S. Survey 2863",99752,66.89,-162.6,-377414.3493,1905857.555,Barge,10000,5000,5000,,,2,DEC,,False,,2022-12-21T03:55:03Z,KOTZEBUE,true,false,false,0.0,,2025
1026,{470F1396-C8AE-477E-848A-7BE1F18CBBC7},1063,175,,,,,{209A76C3-F9A4-4015-987C-78C5A44BE669},Kotzebue,Alaska Airlines - Kotzebue,100 Airport Road,99752,66.8913694,-162.6024888,-377503.4213,1906026.343,Road,1200,,,1200,,1,DEC,,False,,2022-12-21T03:55:03Z,KOTZEBUE,false,false,true,0.0,,2025
1027,{EA033FEC-60D8-448B-A49A-6DCACE5AB189},1064,341,,,,,{209A76C3-F9A4-4015-987C-78C5A44BE669},Kotzebue,DOT&PF Kotzebue APT,,99752,66.891428,-162.606489,-377679.206,1906049.247,Barge,8600,1100,7500,,,4,DEC,,False,,2022-12-21T03:55:03Z,KOTZEBUE,true,false,false,0.0,,2025
1028,{20D927A8-361D-43C0-BD76-C7A27D0A4DC0},1065,799,277-BF-03,,,,{209A76C3-F9A4-4015-987C-78C5A44BE669},Kotzebue,AT&T - Kotzebue,318 A Tundra Way,99752,66.898529,-162.598568,-377229.6752,1906776.62,Road,2000,,2000,,,2,DEC,,False,,2022-12-21T03:55:03Z,KOTZEBUE,false,false,true,0.0,,2025
1029,{3F306805-C39B-439C-8FAB-996948D604C0},1066,973,277-BF-01,<Null>,,,{209A76C3-F9A4-4015-987C-78C5A44BE669},Kotzebue,City of Kotzebue,PO Box 46,99752,66.896714,-162.592873,-377010.0611,1906549.848,Road,21000,,21000,,,12,DEC,,False,,2022-12-21T03:55:03Z,KOTZEBUE,false,false,true,0.0,,2025
1030,{D044CE70-F602-4D76-8E80-C741490CDEC2},1067,1176,277-BF-05,,,,{209A76C3-F9A4-4015-987C-78C5A44BE669},Kotzebue,National Park Service - Western Arctic,"171 3rd Avenue, PO Box 1029",99752,66.893687,-162.601627,-377434.6224,1906263.413,Road,3000,,3000,,,2,DEC,,False,,2022-12-21T03:55:03Z,KOTZEBUE,false,false,true,0.0,,2025
1031,{DCE1573C-EE52-4563-81A1-532110C2CE26},1068,1236,,ANC-K-022,,,{209A76C3-F9A4-4015-987C-78C5A44BE669},Kotzebue,Northwest Arctic Borough School District - Kotzebue,PO Box 51,99752,66.902984,-162.573055,-376051.1989,1907135.948,Barge,235300,,235300,,,9,DEC,,True,,2022-12-21T03:55:03Z,KOTZEBUE,true,false,false,0.0,,2025
1032,{B5C82EF4-79DB-417C-9A44-A90C8CBCF6EC},1069,242,278-BF-04,,,,{DF841D28-31A1-4978-A650-B56C189E60FD},Koyuk,Alaska Army National Guard - Koyuk Readiness Center,,99753,64.931267,-161.158783,-337891.5818,1681621.002,Road,1500,,1500,,,1,DEC,,False,,2022-12-21T03:55:03Z,KOYUK,false,false,true,0.0,,2025
1033,{D4FB8AB8-618F-4FBA-BDDC-292B669758E6},1070,261,,ANC-K-045,,,{DF841D28-31A1-4978-A650-B56C189E60FD},Koyuk,Koyuk Tank Farm - Bering Strait School District,,99753,64.93198,-161.157151,-337800.9829,1681707.035,Barge,83000,,83000,,,4,DEC,,True,,2022-12-21T03:55:03Z,KOYUK,true,false,false,0.0,,2025
1034,{63F62819-A90B-4541-A5A3-05D54AEF64DC},1071,950,,ANC-K-046,,,{DF841D28-31A1-4978-A650-B56C189E60FD},Koyuk,Koyuk Tank Farm - City of Koyuk,PO Box 53029,99753,64.931876,-161.168137,-338320.4345,1681735.896,,120000,,120000,,,5,DEC,,True,1996-09-18,2022-12-21T03:55:03Z,KOYUK,,,,0.0,,2025
1035,{2D4608DF-39F1-4BF7-A6E8-1204529443BC},1072,951,,,,,{DF841D28-31A1-4978-A650-B56C189E60FD},Koyuk,Koyuk Tank Farm - Koyuk Native Corporation,PO Box 53050,99752,64.931933,-161.167829,-338306.0867,1681734.341,,94500,94500,,,,5,DEC,,False,1996-09-18,2022-12-21T03:55:03Z,KOYUK,,,,0.0,,2025
1036,{B70644C4-0854-45E2-B80A-F541CEB000BF},1073,952,,,,,{DF841D28-31A1-4978-A650-B56C189E60FD},Koyuk,Koyuk Tank Farm - Alaska Village Electric Cooperative,General Delivery,99753,64.931991,-161.167454,-338288.8066,1681759.851,,135000,,135000,,,5,DEC,,False,,2022-12-21T03:55:03Z,KOYUK,,,,0.0,,2025
1037,{29891D9C-5E68-4937-B0ED-CB59B250A0D8},1074,,278-BF-01,ANC-K-044,582,62,{DF841D28-31A1-4978-A650-B56C189E60FD},Koyuk,"Alaska Village Electric Cooperative | General Delivery | Koyuk, AK 99753",,,64.93204614,-161.1572049,-337806.722,1681707.656,Barge,71250,,,,,,AEA,,True,1996-09-18,2022-12-21T03:55:03Z,KOYUK,true,false,false,0.0,,2025
1038,{A711DDDE-1999-4493-A3CD-A603CD67B3FF},1075,,278-BF-02,,585,784,{DF841D28-31A1-4978-A650-B56C189E60FD},Koyuk,Beach (unknown),,,64.93204614,-161.1572049,-337806.722,1681707.656,Barge,6500,,,,,,AEA,,False,1996-09-18,2022-12-21T03:55:03Z,KOYUK,true,false,false,0.0,,2025
1039,{646135BE-4BDA-41E6-BB75-8D7817C4BD00},1076,,278-BF-05,,588,787,{DF841D28-31A1-4978-A650-B56C189E60FD},Koyuk,"ADOT, Airport",,,64.93204614,-161.1572049,-337806.722,1681707.656,Barge,3000,,,,,,AEA,,False,1996-09-18,2022-12-21T03:55:03Z,KOYUK,true,false,false,0.0,,2025
1040,{A8DD319B-5CCE-40D5-ACBC-8E90A95348B9},1077,292,,,,,{25A4F514-7ADF-4F62-873B-6D2F16141D13},Koyukuk,DOT&PF Koyukuk APT,,99754,64.879703,-157.718494,-176081.5242,1662571.551,Plane,1000,,1000,,,1,DEC,,False,,2022-12-21T03:55:03Z,KOYUKUK,false,true,false,0.0,,2025
1041,{7A3D0B3B-5FC9-4B1B-A087-222C99BD5703},1078,482,281-BF-06,ANC-K-047,,,{25A4F514-7ADF-4F62-873B-6D2F16141D13},Koyukuk,Koyukuk Tank Farm - Yukon Koyukuk School District,PO Box 70,99754,64.881628,-157.704498,-175402.0637,1662758.498,Barge,17000,,17000,,,2,DEC,,True,1998-07-07,2022-12-21T03:55:03Z,KOYUKUK,true,false,false,0.0,,2025
1042,{05CC38AB-A05B-4F94-A85B-F972828E21CA},1079,483,,ANC-K-048,,,{25A4F514-7ADF-4F62-873B-6D2F16141D13},Koyukuk,Koyukuk Tank Farm - City of Koyukuk,PO Box 49,99754,64.881575,-157.705701,-175462.6904,1662761.884,Barge,95000,33000,62000,,,5,DEC,,True,1998-07-07,2022-12-21T03:55:03Z,KOYUKUK,true,false,false,0.0,,2025
1043,{63C660C1-0960-4011-81E0-33F443CB730D},1080,,121-BF-02,,385,744,{25A4F514-7ADF-4F62-873B-6D2F16141D13},Koyukuk,Alaska Army National Guard,,,65.97994995,-161.131753,-324099.4331,1797629.372,Barge,4600,,,,,,AEA,,False,1998-06-24,2022-12-21T03:55:03Z,KOYUKUK,true,false,false,196.66,,2025
1044,{267923CC-B079-457C-AE8E-665ECAC1C97E},1081,,254-BF-03,,219,171,{25A4F514-7ADF-4F62-873B-6D2F16141D13},Koyukuk,State of Alaska DOT&PF,,,64.87964972,-157.7186676,-176090.1857,1662572.036,Barge,1000,,,,,,AEA,,False,1998-07-08,2022-12-21T03:55:03Z,KOYUKUK,true,false,false,0.0,,2025
1045,{F05FA2FA-A821-4D39-B9E0-CC3DD65848FD},1082,243,,,,,{FF083E35-08C8-468F-B328-F69992F18FB7},Kwethluk,Alaska Army National Guard - Kwethluk Readiness Center,,99621,60.810956,-161.435136,-402314.8295,1225551.082,Road,1500,,1500,,,1,DEC,,False,1998-10-13,2022-12-21T03:55:03Z,KWETHLUK,false,false,true,0.0,,2025
1046,{A1EC74F9-781B-4035-B9D3-8CD0AC3E7511},1083,400,281-BF-05,,,,{FF083E35-08C8-468F-B328-F69992F18FB7},Kwethluk,Kwethluk Airport Maintenance Station,,99621,60.7938,-161.4387,-402724.0503,1223659.853,Road,2000,,2000,,,2,DEC,,False,,2022-12-21T03:55:03Z,KWETHLUK,false,false,true,0.0,,2025
1047,{A588F617-E750-41C4-86BE-2B7559AFFFFE},1084,670,,,,,{FF083E35-08C8-468F-B328-F69992F18FB7},Kwethluk,City of Kwethluk,PO Box 50,99621,60.810684,-161.440566,-402608.8226,1225542.928,Barge,22000,,22000,,,3,DEC,,False,,2022-12-21T03:55:03Z,KWETHLUK,true,false,false,0.0,,2025
1048,{238D30F6-758B-4499-8535-0CED8540916F},1085,671,,,,,{FF083E35-08C8-468F-B328-F69992F18FB7},Kwethluk,Kwethluk Tank Farm - Kuiggluum Kallugvia,PO Box 110,99621,60.810119,-161.418736,-401442.3045,1225343.183,Barge,143000,,143000,,,7,DEC,,False,,2022-12-21T03:55:03Z,KWETHLUK,true,false,false,0.0,,2025
1049,{22B4264A-345B-409D-A28D-70E9EFBA5DEE},1086,672,,ANC-K-053,,,{FF083E35-08C8-468F-B328-F69992F18FB7},Kwethluk,"Kwethluk Tank Farm - Kwethluk, Inc.",PO Box 110,99621,60.810119,-161.418736,-401442.3045,1225343.183,Barge,208750,116750,92000,,,10,DEC,,True,1998-10-13,2022-12-21T03:55:03Z,KWETHLUK,true,false,false,0.0,,2025
1050,{37BF6ABF-D9BD-4081-B9B2-BBE31A214D2A},1087,673,,,,,{FF083E35-08C8-468F-B328-F69992F18FB7},Kwethluk,Kwethluk Tank Farm - Lower Kuskokwim School District,PO Box 150,99621,60.807204,-161.421239,-401612.1714,1225046.246,,46000,,46000,,,2,DEC,,False,,2022-12-21T03:55:03Z,KWETHLUK,,,,0.0,,2025
1051,{16ECC698-F851-4017-8C0C-19961D441BDC},1088,674,,ANC-K-052,,,{FF083E35-08C8-468F-B328-F69992F18FB7},Kwethluk,Lower Kuskokwim School District - Kwethluk,PO Box 150,99621,60.807466,-161.422853,-401695.408,1225076.195,Barge,78000,,78000,,,5,DEC,,True,,2022-12-21T03:55:03Z,KWETHLUK,true,false,false,0.0,,2025
1052,{123EF56C-C6EF-4645-B929-EF11B578B022},1089,,281-BF-01,ANC-K-050,815,71,{FF083E35-08C8-468F-B328-F69992F18FB7},Kwethluk,"Kwethluk Electric Utility | General Delivery | Kwethluk, AK 99621",,,60.81138782,-161.4339733,-402243.7154,1225591.175,Barge,25000,,,,,,AEA,,True,1998-10-13,2022-12-21T03:55:03Z,KWETHLUK,true,false,false,0.0,,2025
1053,{3B823603-BB28-48C8-93C3-8622DFC647EC},1090,,281-BF-03,,812,175,{FF083E35-08C8-468F-B328-F69992F18FB7},Kwethluk,"City of Kwethluk | General Delivery | Kwethluk, AK 99621",,,60.81118899,-161.4339733,-402246.7656,1225564.039,Barge,17000,,,,,,AEA,,False,1998-10-13,2022-12-21T03:55:03Z,KWETHLUK,true,false,false,0.0,,2025
1054,{1FCCD80E-981C-4337-B5CA-6CECAEAC8D74},1091,712,282-BF-01,ANC-K-054,,,{67C5F12A-3F7F-4EAB-88E0-136D880F8DD0},Kwigillingok,Kwigillingok Tank Farm - Kwik Incorporated,PO Box 110,99622,59.881841,-163.151609,-508936.8725,1134205.433,Barge,148900,49900,99000,,,12,DEC,,True,,2022-12-21T03:55:03Z,KWIGILLINGOK,true,false,false,0.0,,2025
1055,{3E008AE5-2D53-4204-ABED-2229B0816697},1092,713,282-BF-04,,,,{67C5F12A-3F7F-4EAB-88E0-136D880F8DD0},Kwigillingok,Kwigillingok Tank Farm - Native Village of Kwillingok,PO Box 90,99622,59.881832,-163.151631,-508936.8725,1134205.433,Barge,93100,,93100,,,5,DEC,,False,,2022-12-21T03:55:03Z,KWIGILLINGOK,true,false,false,0.0,,2025
1056,{B4C2906B-6DF1-4DA7-BA8F-6C9D0CEF2F20},1093,714,282-BF-02,,,,{67C5F12A-3F7F-4EAB-88E0-136D880F8DD0},Kwigillingok,Lower Kuskokwim School District - Kwigillingok,PO Box 109,99622,59.877083,-163.157631,-509341.5202,1133717.181,Barge,76000,,76000,,,4,DEC,,False,,2022-12-21T03:55:03Z,KWIGILLINGOK,true,false,false,0.0,,2025
1057,{BA9A56A1-5224-45F0-B0DD-070DBFFB2559},1094,,121-BF-02,,385,744,{67C5F12A-3F7F-4EAB-88E0-136D880F8DD0},Kwigillingok,Alaska Army National Guard,,,65.97994995,-161.131753,-324099.4331,1797629.372,Barge,4600,,,,,,AEA,,False,1998-06-24,2022-12-21T03:55:03Z,KWIGILLINGOK,true,false,false,685.27,,2025
1058,{BA85C1A4-F6AC-4ED4-82F8-22E205D1445F},1095,293,282-BF-06,,,,{3087F3EA-5475-4180-9982-992F736DFD19},Lake Minchumina,DOT&PF Minchumina APT,,99757,63.884247,-152.309953,82891.96901,1547611.764,Plane,1000,,1000,,,1,DEC,,False,,2022-12-21T03:55:03Z,LAKE MINCHUMINA,false,true,false,0.0,,2025
1059,{B83E08B4-8B8B-4C46-992F-3376059CFB8E},1096,1072,,,,,{3087F3EA-5475-4180-9982-992F736DFD19},Lake Minchumina,Federal Aviation Administration - Lake Minchumina - MHM SX,,99757,63.886,-152.3018,83281.79234,1547826.244,Road,2000,,2000,,,1,DEC,,False,,2022-12-21T03:55:03Z,LAKE MINCHUMINA,false,false,true,0.0,,2025
1060,{6FFCF56E-AE3D-44CF-A8C6-62083A75AD34},1097,264,,,,,{9F0EF727-1805-4199-AD1B-40C49AF1B61C},Larsen Bay,City of Larsen Bay,,99624,57.530428,-154.000487,-29.17247789,836287.304,Barge,121500,41500,80000,,,7,DEC,,False,,2022-12-21T03:55:03Z,LARSEN BAY,true,false,false,0.0,,2025
1061,{31AFC5F9-52E9-4580-9502-B9A75D6096CC},1098,507,283-BF-05,,,,{9F0EF727-1805-4199-AD1B-40C49AF1B61C},Larsen Bay,Kodiak Island Borough School District - Larsen Bay,Tract A Block 11 Lot 2,99624,57.537738,-153.981291,1122.912728,837091.7062,Road,1000,,1000,,,1,DEC,,False,,2022-12-21T03:55:03Z,LARSEN BAY,false,false,true,0.0,,2025
1062,{05940B17-A438-4A05-A779-1DA030BFADD7},1099,868,283-BF-03,,,,{9F0EF727-1805-4199-AD1B-40C49AF1B61C},Larsen Bay,Icicle - Larsen Bay,Country Road,99624,57.537745,-153.990879,543.227267,837091.5844,Barge,122500,20000,102500,,,10,DEC,,False,,2022-12-21T03:55:03Z,LARSEN BAY,true,false,false,0.0,,2025
1063,{FC7172A9-1AD9-4D0C-A042-488D9BE77C44},1100,,283-BF-01,,73,63,{9F0EF727-1805-4199-AD1B-40C49AF1B61C},Larsen Bay,"Kodiak Salmon Packers | 20520 Brown Road | Monroe, WA 98272",,,57.53766997,-153.9902772,579.6854726,837091.5896,Barge,128900,,,,,,AEA,,False,1996-11-24,2022-12-21T03:55:03Z,LARSEN BAY,true,false,false,0.0,,2025
1064,{B809753A-7350-4257-8302-029E3DAC7A41},1101,450,283-BF-04,,,,{C99D0CCC-0034-4A9E-8A97-37B371CDC3CF},Levelock,AK DOT&PF Levelock,,99625,59.126667,-156.863056,-163309.7239,1018162.67,,2000,,2000,,,2,DEC,,False,,2022-12-21T03:55:03Z,LEVELOCK,,,,0.62,,2025
1065,{3DF22722-8282-47E1-8E71-78EB77A66857},1102,1206,112-BF-02,,,,{C99D0CCC-0034-4A9E-8A97-37B371CDC3CF},Levelock,Lake and Peninsula School District - Levelock,,99625,59.11284,-156.857789,-163080.313,1016609.244,Road,12000,,12000,,,1,DEC,,False,1996-11-09,2022-12-21T03:55:03Z,LEVELOCK,false,false,true,0.0,,2025
1066,{268070AA-D83E-449C-BB0D-3A25985D3464},1103,,283-BF-02,ANC-L-001,957,823,{C99D0CCC-0034-4A9E-8A97-37B371CDC3CF},Levelock,Levelock Village Council,,,59.11079984,-156.8609758,-163267.5325,1016391.927,Barge,124900,,120000,,,1,AEA,,True,1996-11-09,2022-12-21T03:55:03Z,LEVELOCK,true,false,false,0.0,,2025
1067,{364570AC-CE66-4B24-A88F-55A73DA9A405},1106,,,,234,70,{A4767A4D-9554-40BC-9D6F-F4FDD3C05647},Lime Village,Lime Village Traditional Council,,,61.3551369,-155.4354715,-76515.15844,1264699.352,Plane or Barge,7200,,,,,,AEA,,False,2000-10-13,2022-12-21T03:55:03Z,LIME VILLAGE,true,true,false,0.0,,2025
1068,{75D73E2E-6972-443E-B451-01F8EC0448D5},1107,,,,235,102,{A4767A4D-9554-40BC-9D6F-F4FDD3C05647},Lime Village,lime Village Electric Utility,,,61.35600094,-155.4365551,-76571.78981,1264789.34,Plane or Barge,3000,,,,,,AEA,,False,2000-10-13,2022-12-21T03:55:03Z,LIME VILLAGE,true,true,false,0.0,,2025
1069,{875DCE4F-F3F0-4D9C-9E0D-2F07D38F6400},1108,,,,236,103,{A4767A4D-9554-40BC-9D6F-F4FDD3C05647},Lime Village,"United Utilities, Inc. | 5450 A Street | Anchorage, AK",,,61.35493632,-155.4357719,-76532.30801,1264658.755,Plane or Barge,1000,,,,,,AEA,,False,2000-10-13,2022-12-21T03:55:03Z,LIME VILLAGE,true,true,false,0.0,,2025
1070,{5E5BAF5F-E77E-438F-A387-FBAE0D5613C7},1109,,,,233,538,{A4767A4D-9554-40BC-9D6F-F4FDD3C05647},Lime Village,"Iditarod Area SchoolsBox 90McGrath, AK 99627Attn: Dave Shelborne",,,61.35543006,-155.4372579,-76605.6467,1264728.621,Plane or Barge,1000,,,,,,AEA,,False,2000-10-13,2022-12-21T03:55:03Z,LIME VILLAGE,true,true,false,0.0,,2025
1071,{CEDEBA38-2030-4837-8FFD-E164080B8CC2},1110,,287-BF-01,,232,980,{A4767A4D-9554-40BC-9D6F-F4FDD3C05647},Lime Village,"Iditarod Area Schools | Box 90 | McGrath, AK 99627 | Attn: Dave Shelborne",,,61.35546606,-155.437274,-76605.6467,1264728.621,Plane or Barge,7000,,,,,,AEA,,False,2000-10-13,2022-12-21T03:55:03Z,LIME VILLAGE,true,true,false,0.0,,2025
1072,{97A8BEAA-FAAE-41E6-A071-70852AC87F76},1112,270,,,,,{0A72A6CB-FAC9-4A65-9C48-A47E796CCA85},Livengood,DOT&PF Livengood MS,Milepost 68 Elliot Highway,99790,65.522654,-148.549261,252080.3398,1739656.453,Road,16000,3000,13000,,,5,DEC,,False,,2022-12-21T03:55:03Z,LIVENGOOD,false,false,true,0.0,,2025
1073,{2B46951B-0771-4DA5-B85E-08528246F05C},1113,800,,,,,{0A72A6CB-FAC9-4A65-9C48-A47E796CCA85},Livengood,AT&T - Livengood,Milepost 64.5 Dalton Highway,99712,66.014481,-149.814301,190218.2589,1790057.97,Plane,5000,,5000,,,4,DEC,,False,,2022-12-21T03:55:03Z,LIVENGOOD,false,true,false,70.81,,2025
1074,{A168E5AD-EFD4-408B-8604-155ACC08560E},1114,801,,,,,{0A72A6CB-FAC9-4A65-9C48-A47E796CCA85},Livengood,AT&T - Livengood - Microwave Repeater,,99701,65.58798,-148.478742,254728.426,1747181.434,Plane,3900,,3900,,,4,DEC,,False,,2022-12-21T03:55:03Z,LIVENGOOD,false,true,false,0.0,,2025
1075,{92D9A297-0605-4AF5-938B-9B434117412A},1115,1121,,,,,{0A72A6CB-FAC9-4A65-9C48-A47E796CCA85},Livengood,GCI Communication Corp. - Livengood,,99790,65.472675,-148.649504,247900.9803,1733729.061,Road,2000,,2000,,,1,DEC,,False,,2022-12-21T03:55:03Z,LIVENGOOD,false,false,true,0.0,,2025
1076,{D0E49797-847C-4472-A8D7-96DC9775EAFE},1116,65,,,,,{511EBD11-DE52-4BAB-8C3E-D2E9F870E1EC},Lower Kalskag,Lower Kalskag Fuel Sales,,99626,61.509898,-160.36211,-336971.7301,1297316.499,Barge,33000,27000,6000,,,2,DEC,,False,,2022-12-21T03:55:03Z,LOWER KALSKAG,true,false,false,0.0,,2025
1077,{1D57EE39-37F0-4F10-BC87-F3FFB32C5B2B},1117,,,,237,184,{511EBD11-DE52-4BAB-8C3E-D2E9F870E1EC},Lower Kalskag,"Alaska Village Electric Cooperative | General Delivery | Lower Kalskag, AK 99607",,,61.51295756,-160.3631583,-336991.2966,1297654.403,Barge,103500,,,,,,AEA,,False,1997-10-27,2022-12-21T03:55:03Z,LOWER KALSKAG,true,false,false,0.0,,2025
1078,{3EDD2A9C-65E1-4B69-95C6-B86EF44C2A59},1118,,115-BF-07,,108,137,{511EBD11-DE52-4BAB-8C3E-D2E9F870E1EC},Lower Kalskag,Kuspuk School District,,,61.58083535,-159.5510516,-277593.6629,1299211.206,Barge,142100,,,,,,AEA,,True,1998-07-20,2022-12-21T03:55:03Z,LOWER KALSKAG,true,false,false,41.85,,2025
1079,{18E7D5C9-193D-44BC-B51F-F737E1FE5C33},1119,,,,239,186,{511EBD11-DE52-4BAB-8C3E-D2E9F870E1EC},Lower Kalskag,City of Lower Kalskag,,,61.51267611,-160.3641239,-337044.8166,1297638.974,Barge,74770,,,,,,AEA,,False,1997-10-28,2022-12-21T03:55:03Z,LOWER KALSKAG,true,false,false,0.0,,2025
1080,{27B88589-90C2-450B-9FDE-9781E9220650},1120,271,,,,,{DFE91156-E4B0-4DC7-B3F9-6A61A37FF0D4},Manley Hot Springs,DOT&PF Manley APT,,99756,64.998414,-150.638044,158544.9847,1674898.41,Road,3000,,3000,,,1,DEC,,False,,2022-12-21T03:55:03Z,MANLEY HOT SPRINGS,false,false,true,0.0,,2025
1081,{ACE4A6F5-F863-43EC-A3D7-F3D44ED62F64},1121,272,,,,,{DFE91156-E4B0-4DC7-B3F9-6A61A37FF0D4},Manley Hot Springs,DOT&PF Manley MS,Milepost 150.2,99756,65.007292,-150.612375,159705.3871,1675945.42,Road,9000,1000,8000,,,3,DEC,,False,,2022-12-21T03:55:03Z,MANLEY HOT SPRINGS,false,false,true,0.0,,2025
1082,{553EA5B8-F7A2-4B10-AC7C-2CE7F6E2B7DD},1122,489,,,,,{DFE91156-E4B0-4DC7-B3F9-6A61A37FF0D4},Manley Hot Springs,Yukon Koyukuk School District - Manley,PO Box 29,99756,64.995878,-150.636964,158611.2171,1674615.589,Road,8000,,8000,,,1,DEC,,False,,2022-12-21T03:55:03Z,MANLEY HOT SPRINGS,false,false,true,0.0,,2025
1083,{18521C94-5BEA-4B54-9043-F330F2BBC359},1123,1229,,,,,{DFE91156-E4B0-4DC7-B3F9-6A61A37FF0D4},Manley Hot Springs,TDX Power - Manley,150 Power Plant Way,99756,64.994409,-150.633592,158774.4564,1674467.15,Road,10000,,10000,,,1,DEC,,False,,2022-12-21T03:55:03Z,MANLEY HOT SPRINGS,false,false,true,0.0,,2025
1084,{436C8E35-D254-4FBA-8564-6DE2E2BAAD3C},1124,111,291-BF-02,,,,{3DF92237-DB7B-4CEB-88DE-A1481F4072AD},Manokotak,Southwest Region School District - Manokotak,130 Heights Road,99628,58.988649,-159.049226,-288999.4182,1010206.129,Barge,53500,,53500,,,5,DEC,,False,,2022-12-21T03:55:03Z,MANOKOTAK,true,false,false,0.0,,2025
1085,{12AB835A-E2CA-498A-B5EB-BA0FDA8EBD71},1125,406,,,,,{3DF92237-DB7B-4CEB-88DE-A1481F4072AD},Manokotak,Manokotak Airport Maintenance Station,,99628,58.9376,-158.8995,-280866.1954,1003875.808,Barge,5500,,5500,,,2,DEC,,False,,2022-12-21T03:55:03Z,MANOKOTAK,true,false,false,2.07,,2025
1086,{2884A5C2-BA00-4DBF-BC7C-C793B3D0CBD7},1126,,,,826,188,{3DF92237-DB7B-4CEB-88DE-A1481F4072AD},Manokotak,Manokotak Natives Ltd.,,,58.98093762,-159.0579003,-289562.9093,1009393.743,Plane or Barge,89100,,,,,,AEA,,False,1996-10-21,2022-12-21T03:55:03Z,MANOKOTAK,true,true,false,0.0,,2025
1087,{91083E3A-19D1-4D6F-B057-A329E9283F1F},1127,,,ANC-M-001,825,189,{3DF92237-DB7B-4CEB-88DE-A1481F4072AD},Manokotak,Manokotak Power Company | Manokotak Natives Ltd.,,,58.98110902,-159.0578895,-289555.9344,1009393.21,Plane or Barge,21400,,,,,,AEA,,True,1996-10-21,2022-12-21T03:55:03Z,MANOKOTAK,true,true,false,0.0,,2025
1088,{FAD572FC-11B2-4DE4-B16A-D59A71D55896},1128,,,,823,593,{3DF92237-DB7B-4CEB-88DE-A1481F4072AD},Manokotak,Manokotak Natives Limited Corp.,,,58.98096527,-159.0581041,-289573.3717,1009394.541,Plane or Barge,1000,,,,,,AEA,,False,1996-10-21,2022-12-21T03:55:03Z,MANOKOTAK,true,true,false,0.0,,2025
1089,{D9FE15B2-31C8-46BC-9A6D-F66958E9E233},1130,,,,827,595,{3DF92237-DB7B-4CEB-88DE-A1481F4072AD},Manokotak,"Alaska Army National Guard | Manokotak, AK 99576",,,58.9846362,-159.0524929,-289221.9274,1009771.462,Plane or Barge,1500,,,,,,AEA,,False,1996-10-21,2022-12-21T03:55:03Z,MANOKOTAK,true,true,false,0.0,,2025
1090,{558AB51A-7628-4CB4-B3E5-7A6B1532B027},1131,,,,828,659,{3DF92237-DB7B-4CEB-88DE-A1481F4072AD},Manokotak,"Moravian Church | General Delivery | Manokotak, AK 99628",,,58.98292241,-159.0547674,-289362.509,1009583.739,Plane or Barge,2700,,,,,,AEA,,False,1996-10-21,2022-12-21T03:55:03Z,MANOKOTAK,true,true,false,0.0,,2025
1091,{5080792E-6BE2-4D7A-BD57-AF8BF71FFF30},1132,,,,829,660,{3DF92237-DB7B-4CEB-88DE-A1481F4072AD},Manokotak,"Manukutaag Trading Co. Store | General Delivery | Manokotak, AK 99628",,,58.98026863,-159.0569347,-289510.3698,1009300.777,Plane or Barge,1450,,,,,,AEA,,False,1996-10-21,2022-12-21T03:55:03Z,MANOKOTAK,true,true,false,0.0,,2025
1092,{8D84338F-249C-4902-A550-4DE848EDC2B5},1133,663,291-BF-01,ANC-M-005,,,{2F8EE675-06A4-4B7A-9275-369FEB17B896},Marshall,Lower Yukon School District - Marshall,PO Box 89,99585,61.877472,-162.081647,-422652.1622,1348023.652,Barge,88400,3000,85400,,,8,DEC,,True,2015-04-23,2022-12-21T03:55:03Z,MARSHALL,true,false,false,0.0,,2025
1093,{7A04FB3B-C9C5-4C98-B74F-393C46715566},1134,921,291-BF-04,ANC-M-003,,,{2F8EE675-06A4-4B7A-9275-369FEB17B896},Marshall,Alaska Village Electric Cooperative - Marshall,General Delivery,99585,61.878331,-162.085019,-422816.7692,1348153.809,,146500,,146500,,,16,DEC,,True,,2022-12-21T03:55:03Z,MARSHALL,,,,0.0,,2025
1094,{7E0F11B3-4341-4BBB-BAD4-E3A3F00A110A},1135,,,ANC-M-002,590,191,{2F8EE675-06A4-4B7A-9275-369FEB17B896},Marshall,Maserculiq - Retail Sales,,,61.87806478,-162.0842599,-422783.6286,1348108.496,Barge,108400,53000,55400,,,7,AEA,2017 Letter Report & Best Practice Assessment,True,2015-04-23,2022-12-21T03:55:03Z,MARSHALL,true,false,false,0.0,,2025
1095,{32EC90DB-A78A-4F44-A541-6F8413A60FA1},1136,,291-BF-03,,591,192,{2F8EE675-06A4-4B7A-9275-369FEB17B896},Marshall,City of Marshall - WTP,,,61.87798892,-162.0846462,-422799.5094,1348110.439,Barge,15000,,15000,,,2,AEA,2017 Letter Report & Best Practice Assessment,False,2015-04-23,2022-12-21T03:55:03Z,MARSHALL,true,false,false,0.0,,2025
1096,{235636AE-E29E-4AAC-8696-5F02D103CDE8},1137,60,,ANC-M-009,,,{44BA33DB-984D-44E1-BF2D-7E1A353E586D},McGrath,"McGrath Light & Power, LLC",10 McGuire's Drive,99627,62.956742,-155.594446,-80686.75846,1443901.348,Barge,392500,,392500,,,4,DEC,,True,2015-04-22,2022-12-21T03:55:03Z,MCGRATH,true,false,false,0.0,,2025
1097,{DE51C970-B898-40CE-AADC-9FA47BA4D7DB},1138,192,292-BF-01,ANC-M-007,,,{44BA33DB-984D-44E1-BF2D-7E1A353E586D},McGrath,City of McGrath,30 Takotna Avenue,99627,62.9501,-155.5886,-80411.17035,1443150.985,Barge,41000,5000,36000,,,4,DEC,,True,2015-04-22,2022-12-21T03:55:03Z,MCGRATH,true,false,false,0.0,,2025
1098,{9942D7E8-9989-4E76-8408-2E10FCB167C8},1139,385,,,,,{44BA33DB-984D-44E1-BF2D-7E1A353E586D},McGrath,McGrath Airport,21 DNR Road,99627,62.951054,-155.600047,-80982.89629,1443280.712,Barge,16000,,16000,,,3,DEC,,False,,2022-12-21T03:55:03Z,MCGRATH,true,false,false,0.0,,2025
1099,{8F1DAEF7-4CF1-4340-9398-68F4645A1F18},1140,805,,,,,{44BA33DB-984D-44E1-BF2D-7E1A353E586D},McGrath,AT&T - McGrath,Takotna Avenue and F Street,99627,62.950158,-155.588115,-80380.28214,1443150.246,Road,1000,,1000,,,1,DEC,,False,,2022-12-21T03:55:03Z,MCGRATH,false,false,true,0.0,,2025
1100,{F7BC2F70-DEB3-4539-8EB4-8CE743DC31AB},1141,1017,,ANC-M-008,,,{44BA33DB-984D-44E1-BF2D-7E1A353E586D},McGrath,Iditarod Area School District - McGrath,90 Chinana Avenue,99627,62.953393,-155.59657,-80800.44532,1443542.436,Road,10000,,10000,,,1,DEC,,True,2015-04-22,2022-12-21T03:55:03Z,MCGRATH,false,false,true,0.0,,2025
1101,{E24B5472-872F-4239-A116-FC23CC2087AB},1142,1076,292-BF-03,,,,{44BA33DB-984D-44E1-BF2D-7E1A353E586D},McGrath,Federal Aviation Administration - McGrath - MCG,,99627,62.57034,-155.3641,-69918.79868,1400458.126,Road,10000,,10000,,,1,DEC,,False,,2022-12-21T03:55:03Z,MCGRATH,false,false,true,36.93,,2025
1102,{8EB99286-AF2B-44D9-8E66-3E5984C63B97},1143,244,,,,,{06A5691A-049B-426D-85BC-73439735D4DB},Mekoryuk,Alaska Army National Guard - Mekoryuk Readiness Center,,99630,60.387726,-166.187506,-665781.125,1216934.244,Road,1500,,1500,,,1,DEC,,False,,2022-12-21T03:55:03Z,MEKORYUK,false,false,true,0.0,,2025
1103,{DF8A51FF-9743-44F6-9433-B5029478C477},1144,718,293-BF-07,,,,{06A5691A-049B-426D-85BC-73439735D4DB},Mekoryuk,Lower Kuskokwim School District - Mekoryuk,PO Box 49,99630,60.386446,-166.189137,-665895.4953,1216795.784,Barge,56500,,56500,,,3,DEC,,False,,2022-12-21T03:55:03Z,MEKORYUK,true,false,false,0.0,,2025
1104,{C7AFD7D7-F9B4-4937-A4B4-AEDADCEAD51A},1145,922,,ANC-M-014,,,{06A5691A-049B-426D-85BC-73439735D4DB},Mekoryuk,Alaska Village Electric Cooperative - Mekoryuk,PO Box 76,99630,60.389192,-166.18791,-665775.5492,1217092.898,,108000,,108000,,,4,DEC,,True,,2022-12-21T03:55:03Z,MEKORYUK,,,,0.0,,2025
1105,{FDF3F3FC-28C1-46DD-AF3B-029C231E2328},1146,974,,,,,{06A5691A-049B-426D-85BC-73439735D4DB},Mekoryuk,Mekoryuk Tank Farm - City of Mekoryuk,PO Box 29,99630,60.38885,-166.187486,-665759.9475,1217048.344,Barge,29500,,29500,,,2,DEC,,False,,2022-12-21T03:55:03Z,MEKORYUK,true,false,false,0.0,,2025
1106,{29B2013B-4675-4DBE-83DB-FE0BE549E55E},1147,975,293-BF-01,,,,{06A5691A-049B-426D-85BC-73439735D4DB},Mekoryuk,Mekoryuk Tank Farm - Nunivak Island Mekoryuk Alaska,PO Box 9,99630,60.389149,-166.1874,-665745.8799,1217087.391,Barge,167000,59000,108000,,,7,DEC,,False,,2022-12-21T03:55:03Z,MEKORYUK,true,false,false,0.0,,2025
1107,{F0A479C4-125F-4C07-90E6-6C5B434E39C3},1148,,293-BF-03,ANC-M-016,597,194,{06A5691A-049B-426D-85BC-73439735D4DB},Mekoryuk,NIMA Corporation,,,60.38812995,-166.1853687,-665657.4605,1216939.065,Barge,34700,,,,,,AEA,,True,1996-08-23,2022-12-21T03:55:03Z,MEKORYUK,true,false,false,0.0,,2025
1108,{DE0B34DB-8C02-4D9D-94E1-A19418FBBABD},1150,,,,602,198,{06A5691A-049B-426D-85BC-73439735D4DB},Mekoryuk,"Alaska Village Electric Cooperative | General Delivery | Mekoryuk, AK 99630",,,60.38858454,-166.1881153,-665797.8969,1217027.616,Barge,84900,,,,,,AEA,,False,1996-08-23,2022-12-21T03:55:03Z,MEKORYUK,true,false,false,0.0,,2025
1109,{014FC20F-A187-4730-9063-3A6FD183BF0F},1151,,293-BF-04,,594,597,{06A5691A-049B-426D-85BC-73439735D4DB},Mekoryuk,Bering Sea Reindeer Products,,,60.38075493,-166.2171824,-667527.3204,1216439.442,Barge,15900,,,,,,AEA,,False,1996-08-23,2022-12-21T03:55:03Z,MEKORYUK,true,false,false,0.0,,2025
1110,{F28E3A63-4862-46AA-A43E-F021AEEE73F2},1152,,294-BF-05,,596,640,{06A5691A-049B-426D-85BC-73439735D4DB},Mekoryuk,"NIMA Corporation | Mekoryuk, AK 99630",,,60.38845201,-166.1878041,-665785.151,1217004.421,Barge,43800,,,,,,AEA,,False,1996-08-23,2022-12-21T03:55:03Z,MEKORYUK,true,false,false,0.0,,2025
1111,{85A8FB35-A2EF-4BA5-BF8F-C4766AD36804},1153,134,,,,,{138A74FA-943C-4AC3-B538-9484C09C2AD1},Mentasta Lake,Alaska Gateway School District - Mentasta Lake,PO Box 6039,99586,62.929358,-143.798639,514736.5284,1479502.622,Road,10000,,10000,,,1,DEC,,False,,2022-12-21T03:55:03Z,MENTASTA LAKE,false,false,true,0.0,,2025
1112,{1737C177-FB89-49A7-AC6E-857178178F6D},1154,117,294-BF-02,,,,{179D4B3A-A5AC-43B1-9AE0-6F7B6B7A3CB3},Metlakatla,Annette Island School District,352 8th Avenue #7,99926,55.125096,-131.575724,1403296.019,807239.0554,Road,10000,,10000,,,4,DEC,,False,2015-04-10,2022-12-21T03:55:03Z,METLAKATLA,false,false,true,0.0,,2025
1113,{7AC691F0-663D-4947-B5B2-783A7B0ADA02},1155,806,294-BF-01,,,,{179D4B3A-A5AC-43B1-9AE0-6F7B6B7A3CB3},Metlakatla,AT&T - Metlakatla,,99926,54.9175,-130.8422,1455249.373,801255.9179,Plane,6000,,6000,,,1,DEC,,False,,2022-12-21T03:55:03Z,METLAKATLA,false,true,false,48.95,,2025
1114,{4299A108-428F-4C46-BB6C-90DD2E681FD9},1156,1077,,,,,{179D4B3A-A5AC-43B1-9AE0-6F7B6B7A3CB3},Metlakatla,Federal Aviation Administration - Metlakatla - Annette Island SX,,99926,55.0604,-131.578,1405540.257,800399.8133,Road,1000,,1000,,,1,DEC,,False,,2022-12-21T03:55:03Z,METLAKATLA,false,false,true,5.61,,2025
1115,{3F596E2B-A780-43C1-A340-4B36328A1F83},1157,,,,45,886,{179D4B3A-A5AC-43B1-9AE0-6F7B6B7A3CB3},Metlakatla,Guthrie Fuel Service,,,55.12124604,-131.5606758,1404345.203,807153.7819,Barge,117000,,,,,,AEA,2015 Assessment,False,1997-10-02,2022-12-21T03:55:03Z,METLAKATLA,true,false,false,0.0,,2025
1116,{A1945276-60BA-4DE2-8B03-D3ED2EAEBA26},1158,,,,46,887,{179D4B3A-A5AC-43B1-9AE0-6F7B6B7A3CB3},Metlakatla,Louisiana Pacific Ketchikan/Annette Hemlock Mill,,,55.12472915,-131.5639186,1404013.945,807462.3835,Barge,11300,,,,,,AEA,2015 Assessment,False,1997-10-02,2022-12-21T03:55:03Z,METLAKATLA,true,false,false,0.0,,2025
1117,{ED4F5011-31F9-4D8C-88A0-EED50DDE9C4C},1159,,294-BF-03,,47,888,{179D4B3A-A5AC-43B1-9AE0-6F7B6B7A3CB3},Metlakatla,Annette Island Gas Service,,,55.12359882,-131.5576449,1404435.072,807473.4894,Barge,77400,30000,45600,,,7,AEA,2015 Assessment,False,2015-04-10,2022-12-21T03:55:03Z,METLAKATLA,true,false,false,0.0,,2025
1118,{93B075DF-FD65-4374-83EE-F837CEB612AA},1160,,,,48,889,{179D4B3A-A5AC-43B1-9AE0-6F7B6B7A3CB3},Metlakatla,Metlakatla Power and Light,,,55.11697572,-131.5460846,1405372.707,807025.1012,Barge,411800,,410000,,1800,10,AEA,2015 Assessment,False,2015-04-10,2022-12-21T03:55:03Z,METLAKATLA,true,false,false,0.0,,2025
1119,{C34CCB22-D514-4F25-9E87-638161362114},1161,273,,,,,{D3D709DB-0DF6-43DD-ACE0-FAF53A544273},Minto,DOT&PF Minto APT,,99758,65.146297,-149.366194,217287.0658,1694947.687,Plane,3000,,3000,,,1,DEC,,False,,2022-12-21T03:55:03Z,MINTO,false,true,false,0.0,,2025
1120,{E2861BD3-C905-4D5D-B58F-B62EF99C0B2D},1162,490,,,,,{D3D709DB-0DF6-43DD-ACE0-FAF53A544273},Minto,Yukon Koyukuk School District - Minto,PO Box 81,99758,65.152056,-149.347811,218104.7562,1695652.839,Road,19000,,19000,,,5,DEC,,False,2015-05-05,2022-12-21T03:55:03Z,MINTO,false,false,true,0.0,,2025
1121,{1E4F5A63-4728-4AB5-B065-D3C091AC8E28},1163,617,295-BF-03,,,,{D3D709DB-0DF6-43DD-ACE0-FAF53A544273},Minto,Minto Northfork Store,PO Box 58056,99758,65.153243,-149.338409,218535.1519,1695819.468,Road,20000,10000,10000,,,3,DEC,,False,,2022-12-21T03:55:03Z,MINTO,false,false,true,0.0,,2025
1122,{366F32F8-C6B1-4774-BC82-2D10FA4CDEA5},1164,953,,,,,{D3D709DB-0DF6-43DD-ACE0-FAF53A544273},Minto,Alaska Village Electric Cooperative - Minto,General Delivery,99758,65.147951,-149.35402,217846.1791,1695164.132,,42000,,42000,,,7,DEC,,False,2015-05-05,2022-12-21T03:55:03Z,MINTO,,,,0.0,,2025
1123,{D09AC76A-E60F-4EFE-915F-BDE854349BA0},1165,1232,,,,,{D3D709DB-0DF6-43DD-ACE0-FAF53A544273},Minto,Native Village of Minto,,99758,65.147966,-149.354024,217846.1791,1695164.132,Road,12000,,12000,,,2,DEC,,False,,2022-12-21T03:55:03Z,MINTO,false,false,true,0.0,,2025
1124,{FB4DD9E6-3392-4E3E-A574-C2E4FF9A0CE0},1166,,,,1092,1059,{D3D709DB-0DF6-43DD-ACE0-FAF53A544273},Minto,Seth-De-Ya-Ah Corporation,,,65.15319348,-149.3384534,218535.1519,1695819.468,Road,20000,10000,10000,,,3,AEA,2017 Letter Report & Best Practice Assessment,False,2015-05-05,2022-12-21T03:55:03Z,MINTO,false,false,true,0.0,,2025
1125,{559D9A9C-9221-48BD-8906-31B25B07DCD5},1167,16,296-BF-01,,,,{9A5F6C32-F2B9-425E-86F6-1C856BB6FFA8},Moose Pass,Trail Lakes Hatchery,,99631,60.50189,-149.142878,265661.1076,1178142.422,Road,20000,,20000,,,2,DEC,,False,,2022-12-21T03:55:03Z,MOOSE PASS,false,false,true,12.22,,2025
1126,{9137545A-6738-4180-947F-18EF2B5F7BF9},1168,664,,,,,{EDB9EEBA-7A73-42DB-9658-44DA2280EBE3},Mountain Village,Lower Yukon School District - Mountain Village,PO Box 99632,99632,62.089522,-163.7273,-504695.2642,1383007.264,Barge,142200,12000,130200,,,14,DEC,,False,2015-05-05,2022-12-21T03:55:03Z,MOUNTAIN VILLAGE,true,false,false,0.0,,2025
1127,{68FC80A6-76F3-461C-B2C9-691F86D13882},1169,833,296-BF-03,ANC-M-018,,,{EDB9EEBA-7A73-42DB-9658-44DA2280EBE3},Mountain Village,Azachorok Tank Farm,,99632,62.086842,-163.720747,-504397.5067,1382673.604,Barge,246450,106900,139550,,,21,DEC,,True,,2022-12-21T03:55:03Z,MOUNTAIN VILLAGE,true,false,false,0.0,,2025
1128,{BFBBB1DE-3035-4277-A6A1-635A35EF1A6C},1170,923,296-BF-05,,,,{EDB9EEBA-7A73-42DB-9658-44DA2280EBE3},Mountain Village,Alaska Village Electric Cooperative - Mountain Village,General Delivery,99632,62.085866,-163.7294,-504857.8002,1382624.214,,305900,,305900,,,29,DEC,,False,,2022-12-21T03:55:03Z,MOUNTAIN VILLAGE,,,,0.0,,2025
1129,{B5F8918F-A855-4169-9042-2A713EF776E9},1171,,,,609,206,{EDB9EEBA-7A73-42DB-9658-44DA2280EBE3},Mountain Village,"Azachorok, Incorporated - Retail Sales",,,62.08695408,-163.7207634,-504394.5204,1382693.859,Barge,286450,106900,139550,,40000,23,AEA,2015 Assessment,False,2015-05-05,2022-12-21T03:55:03Z,MOUNTAIN VILLAGE,true,false,false,0.0,,2025
1130,{90C4118D-4186-4481-B51A-59065E6E841C},1172,80,299-BF-06,,,,{BECA4B02-6040-43FA-93A9-D551AD5AB86B},Naknek,Ocean Beauty Seafoods LLC - Naknek,Mile 0.5 peninsula Highway,99633,58.729012,-157.001169,-173190.9672,974112.4433,Road,4000,1000,3000,,,2,DEC,,False,,2022-12-21T03:55:03Z,NAKNEK,false,false,true,0.0,,2025
1131,{F454630A-16D4-4DA7-8F38-7F966AF61A9F},1173,87,297-BF-05,,,,{BECA4B02-6040-43FA-93A9-D551AD5AB86B},Naknek,Bristol Bay Express - Naknek,241 Frontier Drive,99633,58.7454078,-156.9579453,-170617.444,975827.0421,Barge,3000,3000,,,,1,DEC,,False,,2022-12-21T03:55:03Z,NAKNEK,true,false,false,0.0,,2025
1132,{AFF28455-DC30-427A-8DD4-AEA794FA40B2},1174,148,,ANC-N-008,,,{BECA4B02-6040-43FA-93A9-D551AD5AB86B},Naknek,"North Pacific Seafoods, Inc. - Naknek - Red Salmon",Mile 1.5 Alaska Peninsula Highway,99633,58.737694,-156.978022,-171817.6243,975006.6244,Road,38220,1000,37220,,,12,DEC,,True,2014-06-19,2022-12-21T03:55:03Z,NAKNEK,false,false,true,0.0,,2025
1133,{F23482A5-67DC-4289-8D90-2F5BB44CD164},1175,151,,,,,{BECA4B02-6040-43FA-93A9-D551AD5AB86B},Naknek,"North Pacific Seafoods, Inc. - Naknek - Pederson Point",3.5 Mile North Beach Road,99633,58.761347,-157.062434,-176558.1953,977885.7132,Barge,263300,9700,253600,,,8,DEC,,False,,2022-12-21T03:55:03Z,NAKNEK,true,false,false,0.0,,2025
1134,{E2BF956B-CE4D-4E04-954E-9B2D99151089},1176,460,,,,,{BECA4B02-6040-43FA-93A9-D551AD5AB86B},Naknek,AK DOT&PF Naknek,,99633,58.731111,-157.004722,-173388.767,974339.9195,,1000,,1000,,,1,DEC,,False,,2022-12-21T03:55:03Z,NAKNEK,,,,0.0,,2025
1135,{5CE63EE1-AE92-409F-8DF0-21A5339183C7},1177,462,297-BF-01,,,,{BECA4B02-6040-43FA-93A9-D551AD5AB86B},Naknek,Delta Western - Naknek,Mile 0,99633,58.727506,-157.014314,-173959.6176,973962.8967,Barge,5000,5000,,,,1,DEC,,False,2014-06-25,2022-12-21T03:55:03Z,NAKNEK,true,false,false,0.0,,2025
1136,{A9C92D12-FAE6-4509-996E-95FCD6FDAEA8},1178,520,,,,,{BECA4B02-6040-43FA-93A9-D551AD5AB86B},Naknek,Alaska General Seafoods - Naknek Main Plant,Mile 1 Peninsula Highway,99633,58.72999,-156.996642,-172925.5714,974209.7138,Road,20000,,20000,,,4,DEC,,False,,2022-12-21T03:55:03Z,NAKNEK,false,false,true,0.0,,2025
1137,{1C2508B3-735C-43E0-9062-C168E05E150F},1179,521,296-BF-02,,,,{BECA4B02-6040-43FA-93A9-D551AD5AB86B},Naknek,Alaska General Seafoods - Naknek Freezer Plant,Mile 1.5 Alaska Peninsula Highway,99633,58.731858,-156.993665,-172744.1861,974399.5663,Road,1100,,1100,,,1,DEC,,False,,2022-12-21T03:55:03Z,NAKNEK,false,false,true,0.0,,2025
1138,{FDBC58AD-8866-43BC-880C-54DBF59C43F6},1180,640,297-BF-03,,,,{D95D0788-C59A-4F16-AB72-3A049B1E1AFC},Naukati Bay,Alaska Power & Telephone - Naukati Power Generation Station,,99901,55.868611,-133.215556,1278680.843,852623.4312,Road,4000,,4000,,,1,DEC,,False,,2022-12-29T07:57:32Z,NAUKATI BAY,false,false,true,0.0,,2025
1139,{0411680E-36BE-42E5-838F-43ACC390DB99},1181,804,,,,,{BECA4B02-6040-43FA-93A9-D551AD5AB86B},Naknek,D & D Restaurant,1 Main Street,99633,58.727246,-157.019345,-174249.1896,973955.5728,Road,1000,,1000,,,1,DEC,,False,,2022-12-21T03:55:03Z,NAKNEK,false,false,true,0.0,,2025
1140,{295FD225-B6F2-4408-B6BB-01783A2C272A},1182,875,299-BF-01,,,,{BECA4B02-6040-43FA-93A9-D551AD5AB86B},Naknek,Leader Creek Fisheries Inc.,Mile 3.5 Alaska Peninsula Highway,99633,58.746161,-156.948804,-170089.2768,975892.3129,Road,22000,1000,21000,,,3,DEC,,False,,2022-12-21T03:55:03Z,NAKNEK,false,false,true,0.0,,2025
1141,{B247D73E-FA98-4ADA-B5A2-DF5D34CAB83B},1183,877,,,,,{BECA4B02-6040-43FA-93A9-D551AD5AB86B},Naknek,Naknek Engine Sales & SRV,107 Main Street,99633,58.728328,-157.013427,-173906.3144,974049.2528,,7000,6000,1000,,,3,DEC,,False,2015-04-29,2022-12-21T03:55:03Z,NAKNEK,,,,0.0,,2025
1142,{A4713C99-5157-4572-A54F-A37EA3C662B9},1184,889,299-BF-03,ANC-N-010,,,{BECA4B02-6040-43FA-93A9-D551AD5AB86B},Naknek,Trident - Naknek,Milepost 0.5 Peninsula Highway,99633,58.728584,-157.009042,-173643.6749,974085.1391,Road,57000,1000,56000,,,7,DEC,,True,,2022-12-21T03:55:03Z,NAKNEK,false,false,true,0.0,,2025
1143,{5552FD2D-2175-4D63-B47E-37AD4AFE647F},1185,,299-BF-05,,965,829,{BECA4B02-6040-43FA-93A9-D551AD5AB86B},Naknek,Peninsula Automotive (Currently Closed),,,58.73307693,-157.0051766,-173406.7407,974566.0891,Barge,4000,4000,0,,,1,AEA,2015 Assessment,False,2015-04-29,2022-12-21T03:55:03Z,NAKNEK,true,false,false,0.0,,2025
1144,{6553CDC8-80FA-4178-8880-C3D596370C35},1186,409,300-BF-02,,,,{16F1264E-DF67-4828-9E72-1AB821AB3F99},Napakiak,Napakiak Airport Maintenance Station,,99634,60.6938,-161.9775,-433096.1029,1215943.279,Road,2100,,2100,,,2,DEC,,False,,2022-12-21T03:55:03Z,NAPAKIAK,false,false,true,0.0,,2025
1145,{E4EE10B6-0678-4598-BDAB-CF65C3FE1ABD},1187,,300-BF-04,ANC-N-014,831,210,{16F1264E-DF67-4828-9E72-1AB821AB3F99},Napakiak,Napakiak Corporation,,,60.69617189,-161.9820292,-433308.2047,1216237.06,Barge,59000,,,,,,AEA,,True,1998-10-13,2022-12-21T03:55:03Z,NAPAKIAK,true,false,false,0.0,,2025
1146,{E8C7FE98-2833-47DB-A566-8D25750D48D2},1188,,299-BF-02,ANC-N-013,830,209,{16F1264E-DF67-4828-9E72-1AB821AB3F99},Kwethluk,Lower Kuskokwim Schools,,,60.8107704,-161.4225578,-401636.3235,1225454.256,Barge,76156,,,,,,AEA,,True,1899-12-30,2022-12-21T03:55:03Z,KWETHLUK,true,false,false,30.63,community_name,2025
1147,{3C1D37EC-8ACF-4B66-9712-5053F5C05C7A},1191,,,,833,212,{16F1264E-DF67-4828-9E72-1AB821AB3F99},Napakiak,"Napakiak Marina | General Delivery | Napakiak, AK 99634",,,60.69605111,-161.9786711,-433132.6009,1216195.227,Barge,3200,,,,,,AEA,,False,1998-10-13,2022-12-21T03:55:03Z,NAPAKIAK,true,false,false,0.0,,2025
1148,{D33E9F72-38F5-4436-A633-27A623F29032},1192,,299-BF-04,,834,213,{16F1264E-DF67-4828-9E72-1AB821AB3F99},Napakiak,Jung's Trading Post,,,60.69351471,-161.9726308,-432838.0138,1215864.004,Barge,1530,,,,,,AEA,,False,1998-10-13,2022-12-21T03:55:03Z,NAPAKIAK,true,false,false,0.0,,2025
1149,{3D59252C-9203-4025-9B29-73D718F93C7D},1193,715,,ANC-N-067,,,{6D864316-582B-4749-A178-D9BAD04003D1},Napaskiak,Napaskiak Tank Farm - Napaskiak Incorporated,PO Box 6069,99559,60.705571,-161.764451,-421428.1564,1215880.743,Road,45500,20200,25300,,,4,DEC,,True,,2022-12-21T03:55:03Z,NAPASKIAK,false,false,true,0.0,,2025
1150,{89DA62E0-9930-40F0-B0CD-EFE4FCB70133},1194,716,,ANC-N-019,,,{6D864316-582B-4749-A178-D9BAD04003D1},Napaskiak,Napaskiak Tank Farm - Napaskiak Utility,PO Box 6078,99559,60.705571,-161.764451,-421428.1564,1215880.743,Barge,89200,,89200,,,4,DEC,,True,,2022-12-21T03:55:03Z,NAPASKIAK,true,false,false,0.0,,2025
1151,{15C391A6-C587-4419-BEA9-7C324886C14D},1195,717,305-BF-01,,,,{6D864316-582B-4749-A178-D9BAD04003D1},Napaskiak,Napaskiak Tank Farm - Lower Kuskokwim School District,PO Box 6089,99559,60.707824,-161.760834,-421204.9378,1216101.979,Barge,34300,,34300,,,2,DEC,,False,,2022-12-21T03:55:03Z,NAPASKIAK,true,false,false,0.0,,2025
1152,{11278BDC-1003-43CC-AC1A-EF01CB28FBE5},1196,,,,840,81,{6D864316-582B-4749-A178-D9BAD04003D1},Napaskiak,"Alaska Army National Guard | General Delivery | Napaskiak, AK 99599",,,60.70731858,-161.7634127,-421354.6917,1216050.827,Barge,1500,,,,,,AEA,,False,1998-10-12,2022-12-21T03:55:03Z,NAPASKIAK,true,false,false,0.0,,2025
1153,{A530462C-BE7E-4917-B358-72FCC00AFB68},1197,1219,305-BF-03,,,,{D95D0788-C59A-4F16-AB72-3A049B1E1AFC},Naukati Bay,Southeast Island School District - Naukati,PO Box NKI,99921,55.868903,-133.202584,1279448.051,852893.2349,Road,2000,,2000,,,1,DEC,,False,,2022-12-21T03:55:03Z,NAUKATI BAY,false,false,true,0.0,community_name,2025
1154,{228185AD-273F-4302-A688-10350338C49D},1198,303,,,,,{53719238-336A-4B67-82E2-32339DE9CD8E},Nelchina,DOT&PF Nelchina MS,Milepost 142.5 Glenn Highway,99588,61.982711,-146.840883,373341.1035,1354184.983,Road,4500,2500,2000,,,2,DEC,,False,,2022-12-21T03:55:03Z,NELCHINA,false,false,true,0.0,,2025
1155,{7D8DADC6-63EA-4BF0-A33B-AF25CB5B3CBF},1199,517,,,,,{AFAD8F2B-A3E7-42E7-A5D7-3AC28A5988D4},Nelson Lagoon,Nelson Lagoon Enterprises,General Delivery,99571,56.005184,-161.177219,-446324.2167,690249.4071,Barge,201000,58000,143000,,,10,DEC,,False,2000-10-26,2022-12-21T03:55:03Z,NELSON LAGOON,true,false,false,0.0,,2025
1156,{5EFE5B88-520E-45A1-A234-AB53C41E434B},1200,,307-BF-03,,970,545,{AFAD8F2B-A3E7-42E7-A5D7-3AC28A5988D4},Nelson Lagoon,Aleutians East Borough Schools,,,56.00120636,-161.2018693,-447896.4418,689968.5654,Barge,1500,,,,,,AEA,,False,2000-10-26,2022-12-21T03:55:03Z,NELSON LAGOON,true,false,false,0.0,,2025
1157,{9989BDD2-2643-43C7-ADC1-42F7C69E5601},1201,,307-BF-04,,971,991,{AFAD8F2B-A3E7-42E7-A5D7-3AC28A5988D4},Nelson Lagoon,Harold Thompson,,,56.00090039,-161.2049914,-448101.2564,689949.8027,Barge,3000,,,,,,AEA,,False,2000-10-26,2022-12-21T03:55:03Z,NELSON LAGOON,true,false,false,0.0,,2025
1158,{7232E8F4-5E65-4714-8708-386B0CA2CA09},1202,278,,,,,{3AC29D09-E0DD-4840-9E31-13F575B4BFF4},Nenana,DOT&PF Nenana MS,6th and D Street,99760,64.558967,-149.085353,235276.6494,1630587.922,Road,4000,3000,1000,,,2,DEC,,False,,2022-12-21T03:55:03Z,NENANA,false,false,true,0.0,,2025
1159,{39D39C45-2B34-4C54-9DE9-165016D302D5},1203,1085,308-BF-06,,,,{3AC29D09-E0DD-4840-9E31-13F575B4BFF4},Nenana,Federal Aviation Administration - Nenana - ENN VOr,,99760,64.59,-149.0728,235618.1279,1634082.004,Road,1000,,1000,,,1,DEC,,False,,2022-12-21T03:55:03Z,NENANA,false,false,true,2.63,,2025
1160,{63033420-1BE9-4793-99BA-20FB95E2F16F},1204,108,308-BF-02,ANC-N-026,,,{0C233779-E987-4620-A2DB-33C5FF299964},New Stuyahok,Southwest Region School District - New Stuyahok,29 Airport Way,99636,59.450033,-157.323225,-187731.9565,1055493.761,Barge,111600,,111600,,,6,DEC,,True,,2022-12-21T03:55:03Z,NEW STUYAHOK,true,false,false,0.0,,2025
1161,{978F2CF3-F873-42E9-A4F4-4744D455FBA9},1205,407,308-BF-04,ANC-N-025,,,{0C233779-E987-4620-A2DB-33C5FF299964},New Stuyahok,New Stuyahok Maintenance Station,,99636,59.457100,-157.374800,-303364.0296,1063863.31,Barge,2000,,2000,,,2,DEC,,True,,2022-12-21T03:55:03Z,NEW STUYAHOK,true,false,false,1.06,latitude;longitude,2025
1162,{3E41E641-35DA-4E24-B24E-1FD9B7F0881D},1206,924,308-BF-03,ANC-N-023,,,{0C233779-E987-4620-A2DB-33C5FF299964},New Stuyahok,Alaska Village Electric Cooperative - New Stuyahok,General Delivery,99636,59.448257,-157.325182,-187855.5499,1055301.793,,216000,,216000,,,8,DEC,,True,,2022-12-21T03:55:03Z,NEW STUYAHOK,,,,0.0,,2025
1163,{7F2075CE-6833-4592-BBDB-EDAFAFC5045D},1207,,308-BF-01,,973,219,{0C233779-E987-4620-A2DB-33C5FF299964},New Stuyahok,"Alaska Village Electric Cooperative | General Delivery | New Stuyahok, AK 99636",,,59.44966869,-157.3142811,-187227.568,1055427.536,Barge,84400,,,,,,AEA,,False,1997-10-17,2022-12-21T03:55:03Z,NEW STUYAHOK,true,false,false,0.0,,2025
1164,{01C203B4-DBFF-4226-80A5-9FC0219681DA},1208,,308-BF-05,,974,220,{0C233779-E987-4620-A2DB-33C5FF299964},New Stuyahok,"Stuyahok, Ltd.",,,59.44943692,-157.3145225,-187245.8152,1055407.949,Barge,41000,,,,,,AEA,,False,1997-10-17,2022-12-21T03:55:03Z,NEW STUYAHOK,true,false,false,0.0,,2025
1165,{1515E810-A497-476A-AFB4-632BA14A6973},1209,1207,,,,,{510DC86B-4E8B-482F-9372-E63914E50E7D},Newhalen,Lake and Peninsula School District - Newhalen,PO Box 89,99606,59.720032,-154.895808,-50218.27169,1081327.89,Road,5000,,5000,,,1,DEC,,False,1998-05-23,2022-12-21T03:55:03Z,NEWHALEN,false,false,true,0.0,,2025
1166,{18BC4EB8-ECA2-4EBA-91BF-FA7BF073AD23},1210,,,,261,371,{510DC86B-4E8B-482F-9372-E63914E50E7D},Newhalen,City of Newhalen/INNEC,,,59.71951385,-154.8914355,-49972.85014,1081256.329,Plane or Barge,191700,,,,,,AEA,,False,1998-05-23,2022-12-21T03:55:03Z,NEWHALEN,true,true,false,0.0,,2025
1167,{E09E2D7A-3D9D-4BC8-8FB4-8E2A425B1C82},1211,,,,262,372,{510DC86B-4E8B-482F-9372-E63914E50E7D},Newhalen,"Nondalton Village Corp.General DeliveryNondalton, AK 99640",,,59.72039023,-154.8955125,-50200.5207,1081375.432,Plane or Barge,165000,,,,,,AEA,,False,1998-05-23,2022-12-21T03:55:03Z,NEWHALEN,true,true,false,0.0,,2025
1168,{DAC83E96-633B-4414-8CEC-1D32B57B3ED9},1212,,,,263,373,{510DC86B-4E8B-482F-9372-E63914E50E7D},Newhalen,City of Newhalen | Clinic HF,,,59.72071346,-154.8967812,-50272.09173,1081396.876,Plane or Barge,3500,,,,,,AEA,,False,1998-05-23,2022-12-21T03:55:03Z,NEWHALEN,true,true,false,0.0,,2025
1169,{8536A199-0B19-4F30-9F38-76088DDD4D1B},1213,,311-BF-01,ANC-N-028,612,221,{258C640B-3DF8-425C-8445-188CD6A6A660},Newtok,Newtok School (LKSD),,,60.93687748,-164.6285897,-571618.2459,1262915.983,Barge,84700,,84700,,,4,AEA,2016 Letter Report,True,2015-05-28,2022-12-21T03:55:03Z,NEWTOK,true,false,false,0.0,,2025
1170,{1B7ADC5D-27C3-4015-B623-9E74C855045C},1214,,311-BF-03,ANC-N-030,614,223,{258C640B-3DF8-425C-8445-188CD6A6A660},Newtok,Newtok Native Corporation - Retail Sales,,,60.94080692,-164.6319908,-571728.6712,1263390.203,Barge,45900,21900,24000,,,6,AEA,2016 Letter Report & Best Practice Assessment,True,2015-05-28,2022-12-21T03:55:03Z,NEWTOK,true,false,false,0.0,,2025
1171,{892AE18F-C639-4A7B-919E-5536BD309E88},1215,,,ANC-N-033,616,225,{258C640B-3DF8-425C-8445-188CD6A6A660},Newtok,Ungusraq Power Company,,,60.93972819,-164.6301454,-571646.2929,1263259.347,Barge,61800,,61800,,,6,AEA,2016 Letter Report & Best Practice Assessment,True,2015-05-28,2022-12-21T03:55:03Z,NEWTOK,true,false,false,0.0,,2025
1172,{4BB48263-7E3B-4C23-AFB4-7F080EE47448},1216,,311-BF-02,,617,226,{258C640B-3DF8-425C-8445-188CD6A6A660},Newtok,Newtok Village,,,60.9419794,-164.6342975,-571828.3891,1263537.694,Barge,3000,,3000,,,1,AEA,2016 Letter Report,False,2015-05-28,2022-12-21T03:55:03Z,NEWTOK,true,false,false,0.0,,2025
1173,{FE1C1D96-F623-4694-ADA9-82D02F405415},1217,,,,,,{258C640B-3DF8-425C-8445-188CD6A6A660},Newtok,National Guard Armory,,,59.93413657,-164.0381938,-557003.9796,1147096.042,Barge,,,,,,,USCG,2016 Letter Report,False,2006-07-10,2022-12-21T03:55:03Z,NEWTOK,true,false,false,115.36,,2025
1174,{CF093664-3A16-4A3C-9347-0A6A8D6A81B2},1218,,,,,,{258C640B-3DF8-425C-8445-188CD6A6A660},Newtok,Tom's Store,,,60.94046819,-164.6310145,-571680.9696,1263334.096,Barge,,,,,,,USCG,2016 Letter Report,False,2007-06-05,2022-12-21T03:55:03Z,NEWTOK,true,false,false,0.0,,2025
1175,{B121A7B4-DF9E-473A-AA2E-5B54FF74D1E3},1219,410,,,,,{A83F4C9F-FA93-4FC6-974A-39BA917BA023},Nightmute,Nightmute Airport Maintenance Station,,99690,60.4727,-164.6996,-583731.0333,1212285.047,Road,2000,,2000,,,2,DEC,,False,,2022-12-21T03:55:03Z,NIGHTMUTE,false,false,true,0.0,,2025
1176,{0B072B69-6A65-4BF2-A67F-BDC7BC3573A5},1220,,,,620,227,{A83F4C9F-FA93-4FC6-974A-39BA917BA023},Nightmute,"Chinuruk, Inc. (Store)",,,60.4806953,-164.7350153,-585501.6044,1213479.327,Barge,40400,,,,,,AEA,,False,1996-08-25,2022-12-21T03:55:03Z,NIGHTMUTE,true,false,false,0.0,,2025
1177,{3AF5B78A-D633-4C80-AE00-103C435D22D2},1221,,314-BF-02,,622,228,{A83F4C9F-FA93-4FC6-974A-39BA917BA023},Nightmute,"Nightmute Power Co. Plant | General Delivery | Nightmute, AK 99690",,,60.47936313,-164.7254452,-585005.4677,1213260.128,Barge,42900,,,,,,AEA,,False,1996-08-25,2022-12-21T03:55:03Z,NIGHTMUTE,true,false,false,0.0,,2025
1178,{51E9D9BB-4D2D-4E8E-8793-49B295C1AA4D},1222,,314-BF-01,ANC-N-037,624,229,{A83F4C9F-FA93-4FC6-974A-39BA917BA023},Nightmute,"Nightmute Power Company Plant | General Delivery | Nightmute, AK 99690",,,60.47927326,-164.7255095,-585015.361,1213240.991,Barge,40000,,,,,,AEA,,True,1996-08-25,2022-12-21T03:55:03Z,NIGHTMUTE,true,false,false,0.0,,2025
1179,{AE061686-3F3E-4156-A901-5DDB6E3F0237},1223,,436-BF-04,ANC-C-028,710,515,{A83F4C9F-FA93-4FC6-974A-39BA917BA023},Nightmute,Lower Kuskokwim School District,,,60.85685837,-162.2765278,-446981.0982,1236015.375,Barge,24700,,,,,,AEA,,True,1996-08-25,2022-12-21T03:55:03Z,NIGHTMUTE,true,false,false,133.32,,2025
1180,{4DE683E4-9661-425B-927E-86B2F7AFB3DF},1224,,314-BF-06,,627,240,{A83F4C9F-FA93-4FC6-974A-39BA917BA023},Nightmute,"Nightmute Power Co. | General Delivery | Nightmute, AK 99690",,,60.47936313,-164.7256383,-585015.368,1213261.741,Barge,7000,,,,,,AEA,,False,1996-08-25,2022-12-21T03:55:03Z,NIGHTMUTE,true,false,false,0.0,,2025
1181,{6EF0C04D-FA10-46F4-A9C4-91EC73504366},1225,,120-BF-02,,377,537,{A83F4C9F-FA93-4FC6-974A-39BA917BA023},Nightmute,Alaska Army National Guard,,,65.33271165,-166.4942242,-579014.1444,1762765.314,Barge,4750,,,,,,AEA,,False,1996-09-20,2022-12-21T03:55:03Z,NIGHTMUTE,true,false,false,538.49,,2025
1182,{37AB6F34-681B-4D19-B653-CE206E88FC2C},1226,,,,626,600,{A83F4C9F-FA93-4FC6-974A-39BA917BA023},Nightmute,"Our Lady of Perpetual Help Church (Catholic)Nightmute, AK 99690",,,60.47922832,-164.7276821,-585127.5648,1213259.273,Barge,1650,,,,,,AEA,,False,1996-08-25,2022-12-21T03:55:03Z,NIGHTMUTE,true,false,false,0.0,,2025
1183,{39943186-EB34-4A7C-B510-E1F60F6E5B77},1227,,314-BF-04,,621,641,{A83F4C9F-FA93-4FC6-974A-39BA917BA023},Iliamna,Unknown,,,59.75552294,-154.9021745,-50516.89971,1085290.971,Barge,2700,,,,,,AEA,,False,1998-05-22,2022-12-21T03:55:03Z,ILIAMNA,true,false,false,543.34,community_name,2025
1184,{827B291B-0875-400B-B99C-BAB1F97A5A3F},1228,1157,314-BF-05,,,,{18EF53D7-2321-4285-A7D2-2F20CC22AEE6},Nikiski,Hilcorp - Nikiski OSK Dock and Helipoprt,52300 Nikiski Beach Road,99635,60.739404,-151.30896,146204.768,1197961.747,Road,9500,,,9500,,1,DEC,,False,,2022-12-21T03:55:03Z,NIKISKI,false,false,true,0.0,,2025
1185,{EB324C93-9396-4768-B372-5073A1FBE274},1229,1019,315-BF-02,,,,{A9A591D6-DAB0-4694-9B95-1A56A7F5914D},Nikolai,Iditarod Area School District - Nikolai,9190 Airport Way,99691,63.013611,-154.373267,-18856.5833,1449350.034,Plane,1500,,1500,,,1,DEC,,False,1998-09-23,2022-12-21T03:55:03Z,NIKOLAI,false,true,false,0.0,,2025
1186,{0DEA1588-048C-4EEB-BAB6-F885D02F870F},1230,,314-BF-03,,264,315,{A9A591D6-DAB0-4694-9B95-1A56A7F5914D},Nikolai,City of Nikolai,,,63.01392347,-154.3693965,-18659.11159,1449376.215,Barge,72200,,,,,,AEA,,False,1998-09-23,2022-12-21T03:55:03Z,NIKOLAI,true,false,false,0.0,,2025
1187,{B4946844-727D-478C-B06B-3C7EC55D583C},1231,,,,977,24,{4B756DDD-55AC-49E9-AD29-8868DF25D4E3},Nikolski,"Aleutian School District | General Delivery | Nikolski, AK 99638",,,52.93869927,-168.8615,-993969.6012,436710.6758,Barge,6000,,,,,,AEA,,False,1997-08-27,2022-12-21T03:55:03Z,NIKOLSKI,true,false,false,0.0,,2025
1188,{DB8F47BD-14D1-4503-BECA-6523E2C003B7},1232,,315-BF-03,,978,56,{4B756DDD-55AC-49E9-AD29-8868DF25D4E3},Nikolski,"Chaluka Corporation Ranch | General Delivery | Nikolski, AK 99638",,,52.93490694,-168.8699369,-994610.1849,436419.0229,Barge,6300,,,,,,AEA,,False,1997-08-27,2022-12-21T03:55:03Z,NIKOLSKI,true,false,false,0.0,,2025
1189,{7D5A2F92-603F-4A0C-A125-C4F4103E475E},1233,,315-BF-01,,975,89,{4B756DDD-55AC-49E9-AD29-8868DF25D4E3},Nikolski,"Nikolski Native Store | Native Village of Nikolski (IRA) | General Deliver | Nikolski, AK 99638",,,52.9402642,-168.86004,-993830.1922,436859.4971,Barge,24900,,,,,,AEA,,False,1997-08-27,2022-12-21T03:55:03Z,NIKOLSKI,true,false,false,0.0,,2025
1190,{4999327D-B23E-4564-B1CE-95ED4317DEBD},1234,,319-BF-03,,976,90,{4B756DDD-55AC-49E9-AD29-8868DF25D4E3},Nikolski,"Umnak Power Company | Native Village of Nikolski | General Delivery | Nikolski, AK 99638",,,52.93987594,-168.8580705,-993716.2844,436784.9682,Barge,29000,,,,,,AEA,,False,1997-08-27,2022-12-21T03:55:03Z,NIKOLSKI,true,false,false,0.0,,2025
1191,{853920D1-6D8A-4C73-B673-398EF4E1A137},1235,374,319-BF-02,,,,{95A8CBA5-6323-4734-AA72-89B097FBD56F},Ninilchik,AK DOT&PF Ninilchik Maintenance Station,15630 Sterling Highway,99639,60.0456145,-151.6684863,129406.0116,1119675.702,Road,4000,,4000,,,1,DEC,,False,,2022-12-21T03:55:03Z,NINILCHIK,false,false,true,0.0,,2025
1192,{1C4700D7-8EB2-4516-9DE8-4074B1D1A203},1236,688,,,,,{95A8CBA5-6323-4734-AA72-89B097FBD56F},Ninilchik,Kenai Peninsula Borough - Ninilchik School,15735 Sterling Highway,99639,60.04331,-151.675213,129043.0952,1119389.769,Road,1000,,1000,,,1,DEC,,False,,2022-12-21T03:55:03Z,NINILCHIK,false,false,true,0.0,,2025
1193,{4C46574A-2B37-44A1-87E2-4C1A17B2A4D1},1237,1158,,,,,{95A8CBA5-6323-4734-AA72-89B097FBD56F},Ninilchik,Hilcorp - Ninilchik Happy Valley Production Facility,,99639,59.985211,-151.487614,139690.7672,1113288.844,Road,3800,,3800,,,1,DEC,,False,,2022-12-21T03:55:03Z,NINILCHIK,false,false,true,0.0,,2025
1194,{C03E703A-17F5-454E-AF91-23C2A4AAD5D1},1238,925,319-BF-01,,,,{03C93982-6D21-4D8C-B2D5-1090F45A812A},Noatak,Alaska Village Electric Cooperative - Noatak,General Delivery,99761,67.570747,-162.966317,-383233.2895,1982792.722,,95100,,95100,,,12,DEC,,False,,2022-12-21T03:55:03Z,NOATAK,,,,0.0,,2025
1195,{4B5EFC28-233C-4089-A53B-8CFE817994BA},1239,1104,,,,,{03C93982-6D21-4D8C-B2D5-1090F45A812A},Noatak,Noatak Native Store,PO Box 89,99761,67.570985,-162.966419,-383226.9169,1982839.635,Plane,46000,23000,23000,,,2,DEC,,False,2015-06-08,2022-12-21T03:55:03Z,NOATAK,false,true,false,0.0,,2025
1196,{A47A5CD5-7E81-47E9-8195-533AEBF62CEA},1240,1237,,,,,{03C93982-6D21-4D8C-B2D5-1090F45A812A},Noatak,Northwest Arctic Borough School District - Noatak,PO Box 49,99761,67.568298,-162.97041,-383442.531,1982554.957,Barge,99700,,99700,,,16,DEC,,False,2015-06-08,2022-12-21T03:55:03Z,NOATAK,true,false,false,0.0,,2025
1197,{E7B9AC7C-E3C6-4313-A350-5414BFE26A53},1241,,,,427,233,{03C93982-6D21-4D8C-B2D5-1090F45A812A},Noatak,AVEC Power Plant,,,61.87844406,-162.084732,-422800.8885,1348151.866,Plane,95300,,95300,,,12,AEA,2016 Letter Report,False,2015-05-26,2022-12-21T03:55:03Z,NOATAK,false,true,false,630.48,,2025
1198,{244CDA16-C245-4007-ABC2-3A8251B00F31},1242,,322-BF-02,,428,234,{03C93982-6D21-4D8C-B2D5-1090F45A812A},Noatak,Noatak IRA WTP,,,67.5712682,-162.9676399,-383278.6346,1982867.137,Plane,10000,,10000,,,1,AEA,2016 Letter Report & Best Practice Assessment,False,2015-06-08,2022-12-21T03:55:03Z,NOATAK,false,true,false,0.0,,2025
1199,{1B58621C-9C3B-44AE-87C8-600ED9975067},1243,,322-BF-10,,430,759,{03C93982-6D21-4D8C-B2D5-1090F45A812A},Noatak,Noatak IRA Native Store (Temporary Aircraft Storage),,,67.56679572,-162.9770008,-383743.5452,1982438.89,Plane,20000,10000,10000,,,2,AEA,2016 Letter Report & Best Practice Assessment,False,2015-06-08,2022-12-21T03:55:03Z,NOATAK,false,true,false,0.0,,2025
1200,{44B0BB3F-E0E5-4C98-9CB6-BBE0C8E54750},1244,246,322-BF-05,,,,{72E9842F-ABE0-4390-9A93-917EDB1CF17B},Nome,Alaska Army National Guard - Nome AAOF,Prospect Street,99762,64.52,-165.43,-545725.0673,1664605.367,Road,10000,,10000,,,1,DEC,,False,,2022-12-21T03:55:03Z,NOME,false,false,true,0.0,,2025
1201,{F9454094-3027-4D64-990B-DC14F65AD11C},1245,247,322-BF-07,,,,{72E9842F-ABE0-4390-9A93-917EDB1CF17B},Nome,Alaska Army National Guard - Nome Armory,433 East Front Street,99762,64.5,-165.4,-544688.7256,1662165.25,Road,1500,,1500,,,1,DEC,,False,,2022-12-21T03:55:03Z,NOME,false,false,true,0.0,,2025
1202,{8C88A626-EDAA-4193-BD47-880E50DFC931},1246,248,322-BF-09,,,,{72E9842F-ABE0-4390-9A93-917EDB1CF17B},Nome,Alaska Army National Guard - Nome OMS,433 East Front Street,99762,64.5,-165.4,-544688.7256,1662165.25,Road,1500,,1500,,,1,DEC,,False,,2022-12-21T03:55:03Z,NOME,false,false,true,0.0,,2025
1203,{BC2E8F21-077A-42DF-8F52-DE001B0C90B7},1247,176,,,,,{72E9842F-ABE0-4390-9A93-917EDB1CF17B},Nome,Alaska Airlines - Nome,227 Airport Road,99762,64.507653,-165.442267,-546539.1264,1663343.754,Road,2200,1000,1200,,,2,DEC,,False,,2022-12-21T03:55:03Z,NOME,false,false,true,0.0,,2025
1204,{5E4E7BC6-A837-44F6-8087-8D9B8D2BD86B},1248,346,,,,,{72E9842F-ABE0-4390-9A93-917EDB1CF17B},Nome,DOT&PF Nome APT,,99762,64.511936,-165.435494,-546137.5996,1663771.594,Barge,11000,,11000,,,3,DEC,,False,,2022-12-21T03:55:03Z,NOME,true,false,false,0.0,,2025
1205,{5398334A-0C02-4F38-A0B1-92FE564CB5BB},1249,347,,ANC-N-044,,,{72E9842F-ABE0-4390-9A93-917EDB1CF17B},Nome,DOT&PF Nome MS,,99763,64.536942,-165.404697,-544209.3285,1666249.847,Road,5000,,5000,,,1,DEC,,True,,2022-12-21T03:55:03Z,NOME,false,false,true,0.0,,2025
1206,{83BF471D-E5BB-4A9E-B610-9B332CDCCFA5},1250,493,,,,,{72E9842F-ABE0-4390-9A93-917EDB1CF17B},Nome,Norton Sound Economic Development Council,1212 West 5th Avenue,99762,64.505833,-165.425556,-545782.0309,1663011.645,Road,3000,,,3000,,2,DEC,,False,,2022-12-21T03:55:03Z,NOME,false,false,true,0.0,,2025
1207,{C0A918AD-D63C-470D-8B6E-750AAAA6A2B9},1251,591,,,,,{72E9842F-ABE0-4390-9A93-917EDB1CF17B},Nome,State of Alaska Department of Corrections - Anvil Mountain Correctional Center,1810 Center Creek Road,99762,64.538161,-165.413611,-544602.4609,1666449.378,Road,151000,,151000,,,2,DEC,,False,,2022-12-21T03:55:03Z,NOME,false,false,true,0.0,,2025
1208,{AF91A6A4-0D88-461C-A1B2-664558EEBACB},1252,656,325-BF-02,,,,{72E9842F-ABE0-4390-9A93-917EDB1CF17B},Nome,City of Nome,102 Division Street,99762,64.498247,-165.409893,-545191.4293,1662045.083,Road,7600,,7600,,,7,DEC,,False,,2022-12-21T03:55:03Z,NOME,false,false,true,0.0,,2025
1209,{69EE33D2-8A4D-4652-A816-1E3DE66C69A4},1253,752,328-BF-03,,,,{72E9842F-ABE0-4390-9A93-917EDB1CF17B},Nome,University of Alaska Fairbanks - Nome,623 East Front Street,99762,64.496094,-165.3955,-544551.7944,1661685.339,Road,2000,,2000,,,2,DEC,,False,,2022-12-21T03:55:03Z,NOME,false,false,true,0.0,,2025
1210,{E7F7C72E-3C31-4C85-AC61-D685DE531E55},1254,810,322-BF-08,,,,{72E9842F-ABE0-4390-9A93-917EDB1CF17B},Nome,AT&T - Nome,105 Front Street,99762,64.496888,-165.404063,-544938.0906,1661842.161,Road,2000,,2000,,,1,DEC,,False,,2022-12-21T03:55:03Z,NOME,false,false,true,0.0,,2025
1211,{E854004D-0A4D-48A9-A6FE-DEC878FA235C},1255,899,322-BF-04,,,,{72E9842F-ABE0-4390-9A93-917EDB1CF17B},Nome,Alaska Commercial Company - Nome,Mile 1 Teller Highway,99762,64.505564,-165.405369,-544836.918,1662819.922,Road,5000,,5000,,,1,DEC,,False,,2022-12-21T03:55:03Z,NOME,false,false,true,0.0,,2025
1212,{2330F1A6-65BB-416F-B313-08A7AE8D495D},1256,960,,,,,{72E9842F-ABE0-4390-9A93-917EDB1CF17B},Nome,Bering Straits Regional Housing Authority,1008 East Front Street,99762,64.494426,-165.383081,-543989.9507,1661408.326,Road,1000,,1000,,,1,DEC,,False,,2022-12-21T03:55:03Z,NOME,false,false,true,0.0,,2025
1213,{9A01FD57-CBD2-4F5D-ABAD-0A5CC6F78CCA},1257,1086,325-BF-04,,,,{72E9842F-ABE0-4390-9A93-917EDB1CF17B},Nome,Federal Aviation Administration - Nome - OME NXRAD,,99762,64.49611,-165.3183,-540898.1367,1661054.367,Road,2000,,2000,,,1,DEC,,False,,2022-12-21T03:55:03Z,NOME,false,false,true,0.2,,2025
1214,{0382E721-45D3-49C3-AA1A-07F5088F21E7},1258,1122,325-BF-01,,,,{72E9842F-ABE0-4390-9A93-917EDB1CF17B},Nome,GCI Communication Corp. - Cape Nome Microwave Repeater,,99762,64.452517,-164.996342,-526453.2939,1653672.401,Plane,9000,,9000,,,2,DEC,,False,,2022-12-21T03:55:03Z,NOME,false,true,false,16.37,,2025
1215,{ADA92A6C-1168-4113-9B0F-A9E279CD5BC0},1259,1231,325-BF-05,,,,{72E9842F-ABE0-4390-9A93-917EDB1CF17B},Nome,Nome Public Schools,3.5 Mile Noem-Teller Highway,99762,64.543278,-165.404917,-544096.9525,1666949.15,Road,30000,,30000,,,3,DEC,,False,,2022-12-21T03:55:03Z,NOME,false,false,true,0.0,,2025
1216,{C0D0ADB5-AA69-4FA8-9D2A-B8FD8003517D},1260,1250,325-BF-03,,,,{72E9842F-ABE0-4390-9A93-917EDB1CF17B},Nome,Icyview Pumphouse,,99762,64.523669,-165.376667,-543131.767,1664563.435,Road,1100,,1100,,,1,DEC,,False,,2022-12-21T03:55:03Z,NOME,false,false,true,0.0,,2025
1217,{40ECB6D0-1843-4EA2-85DA-4B150AB646AA},1261,1251,328-BF-01,,,,{72E9842F-ABE0-4390-9A93-917EDB1CF17B},Nome,Norton Sound Health Corporation,PO Box 966,99762,64.49937,-165.377818,-543649.2427,1661916.104,Road,44500,,44500,,,6,DEC,,False,,2022-12-21T03:55:03Z,NOME,false,false,true,0.0,,2025
1218,{CD097E8A-4E3A-4726-A8A1-A9E1F06AE093},1262,446,,,,,{C36AA39B-6B83-4B74-A7C0-A5500A611AFB},Nondalton,AK DOT&PF Nondalton,,99640,59.979167,-154.837222,-46568.31951,1110270.824,,2000,,2000,,,2,DEC,,False,,2022-12-21T03:55:03Z,NONDALTON,,,,0.0,,2025
1219,{7811C706-626D-4B66-9F85-1F802EFF04D4},1263,1208,332-BF-02,,,,{C36AA39B-6B83-4B74-A7C0-A5500A611AFB},Nondalton,Lake and Peninsula School District - Nondalton,1000 School Road,99640,59.966814,-154.857428,-47709.87043,1108899.639,Plane,13400,,13400,,,3,DEC,,False,2015-03-02,2022-12-21T03:55:03Z,NONDALTON,false,true,false,0.0,,2025
1220,{80173C7B-A7CB-4EA6-B291-FCB452208371},1264,,328-BF-02,,269,287,{C36AA39B-6B83-4B74-A7C0-A5500A611AFB},Nondalton,City Retail Dispensing Facility,,,59.97887455,-154.8361181,-46507.81547,1110222.277,Plane,2800,1200,1600,,,2,AEA,2015 Assessment,False,2015-03-02,2022-12-21T03:55:03Z,NONDALTON,false,true,false,0.0,,2025
1221,{AF0ABF99-24F8-4E84-AB63-AA9019770C31},1265,,,,270,288,{C36AA39B-6B83-4B74-A7C0-A5500A611AFB},Nondalton,City Water Treatment Plant,,,59.97048355,-154.850771,-47331.14991,1109297.523,Plane,3000,,3000,,,1,AEA,2015 Assessment,False,2015-03-02,2022-12-21T03:55:03Z,NONDALTON,false,true,false,0.0,,2025
1222,{D5406CE7-E5F0-4CD2-9308-D182C109FBFF},1266,,,,272,290,{C36AA39B-6B83-4B74-A7C0-A5500A611AFB},Nondalton,School Teacher Housing Tank Farm,,,59.96682961,-154.8574202,-47709.87043,1108899.639,Plane,5400,,5400,,,3,AEA,2015 Assessment,False,2015-03-02,2022-12-21T03:55:03Z,NONDALTON,false,true,false,0.0,,2025
1223,{F121AA8F-FCE6-469A-AD26-98BD7D63BAEA},1267,926,332-BF-03,ANC-N-049,,,{E4853413-2729-4F25-AE7D-845D797872A7},Noorvik,Alaska Village Electric Cooperative - Noorvik,General Delivery,99763,66.8343,-161.038392,-309824.1548,1891625.147,,216000,,216000,,,8,DEC,,True,,2022-12-21T03:55:03Z,NOORVIK,,,,0.0,,2025
1224,{B15585A9-81DC-44FE-B56A-EDA5807B30C5},1268,1098,,,,,{E4853413-2729-4F25-AE7D-845D797872A7},Noorvik,Noorvik Tank Farm - Northweat Arctic Borough School District,PO Box 165,99763,66.833746,-161.039,-309858.092,1891560.594,Barge,100400,,100400,,,9,DEC,,False,,2022-12-21T03:55:03Z,NOORVIK,true,false,false,0.0,,2025
1225,{A88A4221-EFB5-4D98-BE34-4E1A9CA8C2A3},1269,1099,,,,,{E4853413-2729-4F25-AE7D-845D797872A7},Noorvik,Noorvik Tank Farm - Morris Trading Post,PO Box 99,99763,66.833746,-161.039,-309858.092,1891560.594,Barge,68100,32300,35800,,,4,DEC,,False,,2022-12-21T03:55:03Z,NOORVIK,true,false,false,0.0,,2025
1226,{4DBA97A7-7784-44F2-9ECF-001A573B6035},1270,1100,,,,,{E4853413-2729-4F25-AE7D-845D797872A7},Noorvik,Noorvik Tank Farm - Noorvik Native Store,PO Box 209,99763,66.833746,-161.039,-309858.092,1891560.594,Barge,143400,72300,71100,,,7,DEC,,False,,2022-12-21T03:55:03Z,NOORVIK,true,false,false,0.0,,2025
1227,{1F236E12-D209-41AD-B142-115193CFD5C5},1271,1101,,,,,{E4853413-2729-4F25-AE7D-845D797872A7},Noorvik,Noorvik Tank Farm - City of Noorvik,PO Box 146,99763,66.833746,-161.039,-309858.092,1891560.594,Barge,50600,,50600,,,3,DEC,,False,,2022-12-21T03:55:03Z,NOORVIK,true,false,false,0.0,,2025
1228,{056D0E34-0F8F-4089-8FD4-38E6687C1E94},1272,,332-BF-04,,432,236,{E4853413-2729-4F25-AE7D-845D797872A7},Noorvik,"Alaska Village Electric Cooperative | 4831 Eagle Street | Anchorage, Alaska 99503",,,64.32290209,-158.7240535,-228037.6793,1603634.5,Barge,145700,,,,,,AEA,,False,1998-09-01,2022-12-21T03:55:03Z,NOORVIK,true,false,false,297.51,,2025
1229,{41F25397-8168-4A24-BE43-C7E6935BB5AB},1273,,263-BF-04,,408,39,{E4853413-2729-4F25-AE7D-845D797872A7},Noorvik,Northwest Arctic Borough School District,,,66.97150852,-160.4382573,-310100.2936,1891497.759,Barge,54600,,,,,,AEA,,False,1998-09-02,2025-12-16T11:43:08Z,NOORVIK,true,false,false,29.89,,2025
1230,{B1E2DF31-83AC-4972-AEB7-DBBB326D649D},1274,,,,434,238,{E4853413-2729-4F25-AE7D-845D797872A7},Noorvik,City of Noorvik,,,66.83373586,-161.0390772,-309858.092,1891560.594,Barge,30900,,,,,,AEA,,False,1998-09-02,2022-12-21T03:55:03Z,NOORVIK,true,false,false,0.0,,2025
1231,{14C297C3-2167-4D23-8B3D-FDD12520BFB1},1275,,,,436,239,{E4853413-2729-4F25-AE7D-845D797872A7},Noorvik,Morris Trading Post,,,66.8325097,-161.0484247,-310283.9446,1891476.42,Barge,59000,,,,,,AEA,,False,1998-09-02,2022-12-21T03:55:03Z,NOORVIK,true,false,false,0.0,,2025
1232,{8C665C51-6648-478E-81D5-2AA3D18973DE},1277,,,,437,761,{E4853413-2729-4F25-AE7D-845D797872A7},Noorvik,Noorvik Native Store,,,66.83652138,-161.0402573,-309881.3117,1891876.614,Barge,130500,,,,,,AEA,,False,1998-09-01,2022-12-21T03:55:03Z,NOORVIK,true,false,false,0.0,,2025
1233,{D4480803-987D-48DA-80DF-D4C7F0E68FE3},1278,169,,,,,{CD260976-029D-40A9-8CC4-1ECF3F63EEFC},North Pole,Chena River Lakes Flood Control Project,3800 Laurance Road,99705,64.7341778,-147.266703,320100.7776,1657667.268,Road,7000,,7000,,,2,DEC,,False,,2022-12-21T03:55:03Z,NORTH POLE,false,false,true,2.01,,2025
1234,{18E12583-BE85-4409-BB78-FE88AF66E31D},1279,707,,,,,{CD260976-029D-40A9-8CC4-1ECF3F63EEFC},North Pole,Colaska - North Pole - Southside,1625 Cobb Lane,99705,64.794104,-147.569191,305121.3904,1662882.047,Road,5000,,5000,,,3,DEC,,False,,2022-12-21T03:55:03Z,NORTH POLE,false,false,true,7.03,,2025
1235,{AAB281BB-64C6-44DD-AE7A-FBCC90EE0783},1280,708,,,,,{CD260976-029D-40A9-8CC4-1ECF3F63EEFC},North Pole,Colaska - North Pole - Twin Rich,1570 Richardson Highway,99705,64.797669,-147.536443,306635.4653,1663433.022,Road,13500,5000,8500,,,4,DEC,,False,,2022-12-21T03:55:03Z,NORTH POLE,false,false,true,5.7,,2025
1236,{9FCB9E11-BCB9-4736-AB12-985E5D526459},1281,836,,,,,{CD260976-029D-40A9-8CC4-1ECF3F63EEFC},North Pole,Badger Gas,2004 Badger Road,99705,64.820541,-147.441508,310868.2205,1666421.149,Road,2000,,2000,,,1,DEC,,False,,2022-12-21T03:55:03Z,NORTH POLE,false,false,true,4.92,,2025
1237,{06020A2C-EF28-4F96-B0C9-5E1ACFDCCE87},1282,1030,,,,,{CD260976-029D-40A9-8CC4-1ECF3F63EEFC},North Pole,Golden Valley Electric Association - North Pole,1150 H&H Lane,99705,64.73711,-147.342761,316469.1004,1657614.651,Road,53500,,51000,2500,,3,DEC,,False,,2022-12-21T03:55:03Z,NORTH POLE,false,false,true,0.0,,2025
1238,{AA03A04C-1699-4D6B-9606-784F5118684C},1283,1113,334-BF-01,,,,{CD260976-029D-40A9-8CC4-1ECF3F63EEFC},North Pole,GCI Communication Corp. - North OTN Fairbanks (North Pole Hub),910 Runamuck Avenue,99705,64.819916,-147.561082,305227.2659,1665778.467,Road,3000,,3000,,,1,DEC,,False,,2022-12-21T03:55:03Z,NORTH POLE,false,false,true,7.98,,2025
1239,{4145B20F-484E-433C-A165-E475386E2DF1},1284,37,,,,,{F89998A2-A9FA-47B5-9FAB-810B69A3E21F},Northway,Northway Village Council,,99764,62.984072,-141.949469,605993.1001,1501127.044,Road,10000,,10000,,,1,DEC,,False,,2022-12-21T03:55:03Z,NORTHWAY,false,false,true,0.0,,2025
1240,{23D2D90A-3907-4924-B37C-86BB9044A895},1285,44,337-BF-03,,,,{F89998A2-A9FA-47B5-9FAB-810B69A3E21F},Northway,Northway Village Council Firehall,,99764,62.962896,-141.930784,607347.9561,1498962.284,Road,1000,,1000,,,1,DEC,,False,,2022-12-21T03:55:03Z,NORTHWAY,false,false,true,0.0,,2025
1241,{FA53E1C8-0845-4954-BE87-36058654B230},1286,45,337-BF-01,,,,{F89998A2-A9FA-47B5-9FAB-810B69A3E21F},Northway,Northway Village Council Water and Sewer Garage,,99764,62.983567,-141.946667,606141.3532,1501105.701,Road,10000,,10000,,,1,DEC,,False,,2022-12-21T03:55:03Z,NORTHWAY,false,false,true,0.0,,2025
1242,{94C938BE-1557-4311-AE6C-B8BB0565343E},1287,135,337-BF-04,,,,{F89998A2-A9FA-47B5-9FAB-810B69A3E21F},Northway,Alaska Gateway School District - Northway,PO Box 159,99764,62.9685,-141.892069,609159.8604,1499933.906,Road,30000,,30000,,,3,DEC,,False,,2022-12-21T03:55:03Z,NORTHWAY,false,false,true,0.0,,2025
1243,{0B8943D5-9AE2-4E8E-AF73-D41B884F6BE4},1288,311,,,,,{F89998A2-A9FA-47B5-9FAB-810B69A3E21F},Northway,DOT&PF Northway MS,Milepost 266 Richardson Highway,99764,62.958817,-141.633025,622243.9897,1501283.151,Road,6000,1000,5000,,,2,DEC,,False,,2022-12-21T03:55:03Z,NORTHWAY,false,false,true,0.0,,2025
1244,{61F5A0C8-0096-477F-A2EB-4D9F39B59FA2},1289,641,,,,,{F89998A2-A9FA-47B5-9FAB-810B69A3E21F},Northway,Alaska Power & Telephone - Northway Power Generation Plant,,99764,63.016667,-141.8,612757.1604,1506080.054,,10000,,10000,,,1,DEC,,False,,2022-12-21T03:55:03Z,NORTHWAY,,,,0.0,,2025
1245,{03F321AF-CAA8-4847-90D5-81CA044AF4AA},1290,471,345-BF-02,,,,{E24B0E44-1B59-4C79-8A8F-F7A2113EFF2F},Nuiqsut,North Slope Borough School District - Nuiqsut,2210 Third Street,99789,70.219782,-150.995015,115574.7984,2251554.557,Road,2500,,2500,,,1,DEC,,False,,2022-12-21T03:55:03Z,NUIQSUT,false,false,true,0.0,,2025
1246,{004D8597-2D52-4BB0-AB89-AC4CF13F28D8},1291,,341-BF-02,,438,939,{E24B0E44-1B59-4C79-8A8F-F7A2113EFF2F},Nuiqsut,North Slope Borough - Nuiqsut Power Plant,,,70.22034024,-150.9962173,115526.0671,2251592.515,Plane,160000,,160000,,,4,AEA,2015 Assessment,False,2015-05-28,2022-12-21T03:55:03Z,NUIQSUT,false,true,false,0.0,,2025
1247,{15BD4EB8-C4BB-4C12-82E1-C88B6BBF46BE},1292,,346-BF-04,,439,940,{E24B0E44-1B59-4C79-8A8F-F7A2113EFF2F},Nuiqsut,North Slope Borough | Nuiqsut Teachers Apartment,,,70.22212283,-151.000761,115348.1101,2251785.288,Plane,750,,,,,,AEA,2015 Assessment,False,1998-08-18,2022-12-21T03:55:03Z,NUIQSUT,false,true,false,0.0,,2025
1248,{F9448E88-297B-4A3D-9C04-D55A61CA4E0B},1293,,338-BF-05,,440,941,{E24B0E44-1B59-4C79-8A8F-F7A2113EFF2F},Nuiqsut,Kuukpik Presbyterian Church,,,70.21607012,-150.9979768,115478.587,2251135.164,Plane,2000,,,,,,AEA,2015 Assessment,False,1998-08-18,2022-12-21T03:55:03Z,NUIQSUT,false,true,false,0.0,,2025
1249,{733759D7-CB44-4A5E-A706-DE653583CF62},1294,,338-BF-01,,441,942,{E24B0E44-1B59-4C79-8A8F-F7A2113EFF2F},Nuiqsut,North Slope Borough - Nuiqsut Dept. of Municipal Services Bldg.,,,70.21364055,-150.9982021,115481.2887,2250867.516,Plane,11000,,11000,,,1,AEA,2015 Assessment,False,1998-08-18,2022-12-21T03:55:03Z,NUIQSUT,false,true,false,0.0,,2025
1250,{E53E0A9F-D574-4511-81AC-AF770008F760},1295,,345-BF-04,,442,943,{E24B0E44-1B59-4C79-8A8F-F7A2113EFF2F},Nuiqsut,North Slope Borough | Nuiqsut Fuel Station,,,70.21382578,-150.9970971,115527.0093,2250896.361,Plane,468000,,,,,,AEA,2015 Assessment,False,1998-08-18,2022-12-21T03:55:03Z,NUIQSUT,false,true,false,0.0,,2025
1251,{1E567F40-129D-48E5-AF98-68298F01439F},1296,,344-BF-02,,443,1061,{E24B0E44-1B59-4C79-8A8F-F7A2113EFF2F},Nuiqsut,North Slope Borough - Nuiqsut Trapper School,,,70.21811633,-151.0005625,115372.729,2251344.592,Plane,2000,,2000,,,1,AEA,2015 Assessment,False,1998-08-18,2022-12-21T03:55:03Z,NUIQSUT,false,true,false,0.0,,2025
1252,{547B1211-2230-4412-9DDA-A428F900442B},1297,,345-BF-01,,444,945,{E24B0E44-1B59-4C79-8A8F-F7A2113EFF2F},Nuiqsut,North Slope Borough | Nuiqsut Search & Rescue,,,70.2199681,-150.9989692,115423.7571,2251567.805,Plane,1000,,,,,,AEA,2015 Assessment,False,1998-08-18,2022-12-21T03:55:03Z,NUIQSUT,false,true,false,0.0,,2025
1253,{A205A972-EE54-419C-A784-22F6C5EFBEA2},1298,,,,445,946,{E24B0E44-1B59-4C79-8A8F-F7A2113EFF2F},Nuiqsut,North Slope Borough - Nuiqsut Fire Dept.,,,70.21666567,-151.0009595,115360.904,2251190.092,Plane,7000,,7000,,,1,AEA,2015 Assessment,False,2015-05-28,2022-12-21T03:55:03Z,NUIQSUT,false,true,false,0.0,,2025
1254,{DDD6686D-1B80-4635-9915-CF8C6D9CC472},1299,,,,446,947,{E24B0E44-1B59-4C79-8A8F-F7A2113EFF2F},Nuiqsut,City of Nuiqsut,,,70.21357518,-150.9980949,115485.9817,2250867.728,Plane,10000,,,,,,AEA,2015 Assessment,False,1998-08-18,2022-12-21T03:55:03Z,NUIQSUT,false,true,false,0.0,,2025
1255,{3933D80F-39D4-48E4-B969-6CF6060FD916},1300,,341-BF-01,,447,1063,{E24B0E44-1B59-4C79-8A8F-F7A2113EFF2F},Nuiqsut,North Slope Borough - Nuiqsut Health Clinic,,,70.21522761,-151.0000368,115405.3888,2251038.135,Plane,6500,,6500,,,1,AEA,2015 Assessment,False,2015-05-28,2022-12-21T03:55:03Z,NUIQSUT,false,true,false,0.0,,2025
1256,{A0835329-AF65-4E84-84CE-7747EB08843C},1301,,345-BF-03,,448,949,{E24B0E44-1B59-4C79-8A8F-F7A2113EFF2F},Nuiqsut,North Slope Borough | Nuiqsut Police Station,,,70.21422527,-150.9989424,115452.4563,2250933.155,Plane,1100,,,,,,AEA,2015 Assessment,False,1998-08-18,2022-12-21T03:55:03Z,NUIQSUT,false,true,false,0.0,,2025
1257,{0B585140-BD0B-4D35-80CF-331764B7BBFE},1302,,346-BF-02,,449,950,{E24B0E44-1B59-4C79-8A8F-F7A2113EFF2F},Nuiqsut,North Slope BoroughNuiqsut Old Public Safety Building,,,70.21426885,-150.9990068,115447.7635,2250932.943,Plane,2000,,,,,,AEA,2015 Assessment,False,1998-08-18,2022-12-21T03:55:03Z,NUIQSUT,false,true,false,0.0,,2025
1258,{BDA7F567-7CCB-440D-B865-2323652B61EB},1303,,346-BF-03,,450,951,{E24B0E44-1B59-4C79-8A8F-F7A2113EFF2F},Nuiqsut,"Nuiqsut Assembly of God Church | General Delivery | Nuiqsut, AK 99789",,,70.21481361,-150.9948655,115606.6417,2251007.075,Plane,1100,,,,,,AEA,2015 Assessment,False,1998-08-18,2022-12-21T03:55:03Z,NUIQSUT,false,true,false,0.0,,2025
1259,{32E46B3B-A68A-4AED-A995-44AABFBA609D},1309,,249-BF-10,,1087,1050,{E24B0E44-1B59-4C79-8A8F-F7A2113EFF2F},Nuiqsut,North Slope Borough - Vacuum Building,,,70.48153169,-157.4250802,-130242.4435,2280939.245,Barge,2000,,2000,,,1,AEA,2015 Assessment,False,2015-06-02,2022-12-21T03:55:03Z,NUIQSUT,true,false,false,245.1,,2025
1260,{EE035FC2-70D9-42A6-B940-D1F97F642616},1311,,344-BF-03,,1095,1067,{E24B0E44-1B59-4C79-8A8F-F7A2113EFF2F},Nuiqsut,North Slope Borough - Wastewater Treatment Plant,,,70.48240452,-157.4253055,-130243.8921,2281046.3,Plane,2000,,2000,,,1,AEA,2015 Assessment,False,2015-06-02,2022-12-21T03:55:03Z,NUIQSUT,false,true,false,245.12,,2025
1261,{4D256757-A50A-438F-B0F5-270751D24162},1312,,,,1096,1068,{E24B0E44-1B59-4C79-8A8F-F7A2113EFF2F},Nuiqsut,North Slope Borough - Power Plant Intermediate Tank,,,70.22026037,-150.9943934,115596.4417,2251595.702,Plane,3000,,3000,,,1,AEA,2015 Assessment,False,2015-05-28,2022-12-21T03:55:03Z,NUIQSUT,false,true,false,0.0,,2025
1262,{8A2972AB-84F2-46F0-A771-6C8C7C0AD31B},1313,206,,ANC-N-057,,,{95F04BB3-8B3B-4FFF-841A-95C8338ED9C6},Nulato,City of Nulato,,99765,64.721885,-158.101173,-195266.9834,1646075.421,Barge,88000,50000,38000,,,5,DEC,,True,2015-04-12,2022-12-21T03:55:03Z,NULATO,true,false,false,0.0,,2025
1263,{63D13EF4-A0F0-4895-B5BD-141FD7541375},1314,294,346-BF-06,,,,{95F04BB3-8B3B-4FFF-841A-95C8338ED9C6},Nulato,DOT&PF Nulato APT,,99765,64.721608,-158.105783,-195483.4373,1646061.528,Plane,3000,,3000,,,1,DEC,,False,,2022-12-21T03:55:03Z,NULATO,false,true,false,0.0,,2025
1264,{A07FF7A6-29DD-4F0C-8ED2-992C6C8DC2A6},1315,491,,ANC-N-056,,,{95F04BB3-8B3B-4FFF-841A-95C8338ED9C6},Nulato,Yukon Koyukuk School District - Nulato,PO Box 65029,99765,64.717797,-158.10895,-195660.4572,1645649.585,Barge,37000,,37000,,,4,DEC,,True,2015-05-12,2022-12-21T03:55:03Z,NULATO,true,false,false,0.0,,2025
1265,{8F92D9EF-EF82-4775-BCB3-DF53797AF5C0},1316,927,346-BF-01,ANC-N-055,,,{95F04BB3-8B3B-4FFF-841A-95C8338ED9C6},Nulato,Alaska Village Electric Cooperative - Nulato,General Delivery,99765,64.721495,-158.097827,-195107.3917,1646017.81,,109800,,109800,,,14,DEC,,True,,2022-12-21T03:55:03Z,NULATO,,,,0.0,,2025
1266,{FDD95CA1-7593-453A-B389-E07884735185},1317,665,347-BF-08,ANC-N-069,,,{9E739177-0E1D-4131-A1AD-63F6A6F5E677},Nunam Iqua,Lower Yukon School District - Nunam Iqua,PO Box 32,99666,62.526064,-164.851528,-554589.5219,1440210.706,Barge,45000,,45000,,,5,DEC,,True,,2022-12-21T03:55:03Z,NUNAM IQUA,true,false,false,0.0,,2025
1267,{F9070B81-4310-41C8-A97D-D03C967F42A9},1318,976,347-BF-07,ANC-N-012,,,{9E739177-0E1D-4131-A1AD-63F6A6F5E677},Nunam Iqua,City of Nunam Iqua,PO Box 26,99666,62.532542,-164.85086,-554433.9018,1440904.266,Barge,217000,36000,181000,,,11,DEC,,True,,2022-12-21T03:55:03Z,NUNAM IQUA,true,false,false,0.0,,2025
1268,{2B8CA0EE-A6A3-426A-B347-A135F7B81054},1319,,347-BF-05,,660,348,{9E739177-0E1D-4131-A1AD-63F6A6F5E677},Nunam Iqua,Swan Lake Corporation,,,62.52949103,-164.8487554,-554386.2777,1440557.556,Barge,95423,,,,,,AEA,,False,1997-09-30,2022-12-21T03:55:03Z,NUNAM IQUA,true,false,false,0.0,,2025
1269,{96591F9F-54A5-4054-B859-E0A7C8852D5A},1320,,,,661,349,{9E739177-0E1D-4131-A1AD-63F6A6F5E677},Nunam Iqua,"State of Alaska, DOT",,,62.52975829,-164.8480687,-554347.5981,1440599.589,Barge,3000,,,,,,AEA,,False,1997-09-30,2022-12-21T03:55:03Z,NUNAM IQUA,true,false,false,0.0,,2025
1270,{C7474B3B-DBB9-4CAF-B697-A0283730EE6B},1321,96,347-BF-01,ANC-N-061,,,{8D2790CB-3234-4141-9014-F2DED1D38D0C},Nunapitchuk,Lower Kuskokwim School District - Nunapitchuk,,99641,60.895926,-162.456011,-456069.6148,1241563.477,Barge,40800,,40800,,,4,DEC,,True,2015-04-07,2022-12-21T03:55:03Z,NUNAPITCHUK,true,false,false,0.0,,2025
1271,{356DC4A7-68DF-460C-9CDC-D6F6F2ACCC75},1322,411,,,,,{8D2790CB-3234-4141-9014-F2DED1D38D0C},Nunapitchuk,Nunapitchuk Airport Maintenance Station,,99901,60.9042,-162.4434,-455275.692,1242411.669,Road,2000,,2000,,,2,DEC,,False,,2022-12-21T03:55:03Z,NUNAPITCHUK,false,false,true,0.0,,2025
1272,{CA9377E2-F045-4E12-899E-A00B06C00908},1323,928,347-BF-04,,,,{8D2790CB-3234-4141-9014-F2DED1D38D0C},Nunapitchuk,Alaska Village Electric Cooperative - Nunapitchuk,General Delivery,99641,60.895894,-162.459985,-456279.1558,1241590.309,,27000,,27000,,,1,DEC,,False,,2022-12-21T03:55:03Z,NUNAPITCHUK,,,,0.0,,2025
1273,{5071DA87-0E0C-4F44-A6F1-39C4A054DAC1},1324,,,,841,249,{8D2790CB-3234-4141-9014-F2DED1D38D0C},Nunapitchuk,City of Nunapitchuk - WTP,,,60.90075976,-162.4648218,-456469.9224,1242179.11,Barge,15750,,15750,,,2,AEA,2015 Assessment,False,2015-04-07,2022-12-21T03:55:03Z,NUNAPITCHUK,true,false,false,0.0,,2025
1274,{D8ACD98E-7DEB-42E9-A3B7-80BBD2D3E1C8},1325,,,ANC-N-062,842,250,{8D2790CB-3234-4141-9014-F2DED1D38D0C},Nunapitchuk,Nunapitchuk Limited - Retail Sales,,,60.90226502,-162.4502762,-455667.6145,1242234.674,Barge,167000,57500,109500,,,14,AEA,2015 Assessment & Best Practice Assessment,True,2015-04-07,2022-12-21T03:55:03Z,NUNAPITCHUK,true,false,false,0.0,,2025
1275,{09FFCC6F-D44E-4B62-B7B4-EEA2D70056F3},1326,,350-BF-01,,845,253,{8D2790CB-3234-4141-9014-F2DED1D38D0C},Nunapitchuk,Teacher Housing & AVEC Backup Power (LKSD ),,,60.89635311,-162.4602219,-456286.853,1241660.119,Barge,27000,,27000,,,1,AEA,2015 Assessment,False,2015-04-07,2022-12-21T03:55:03Z,NUNAPITCHUK,true,false,false,0.0,,2025
1276,{29EDFCE9-CDDB-4679-B507-BF60F8DA6E24},1327,929,350-BF-02,,,,{126AE679-2933-4FD0-B985-FB1844FFBCA3},Old Harbor,Alaska Village Electric Cooperative - Old Harbor,General Delivery,99643,57.208693,-153.304118,41953.8504,800573.9845,,39300,,39300,,,4,DEC,,False,1999-11-30,2022-12-21T03:55:03Z,OLD HARBOR,,,,0.0,,2025
1277,{801CC974-B897-41D3-A9FB-A3B7C883E0FA},1328,,351-BF-01,,77,646,{126AE679-2933-4FD0-B985-FB1844FFBCA3},Old Harbor,Old Harbor Fuel Company,,,57.20433212,-153.3059631,41848.59599,800082.2867,Barge,76400,,,,,,AEA,,False,1999-11-30,2022-12-21T03:55:03Z,OLD HARBOR,true,false,false,0.0,,2025
1278,{0491888E-6920-4836-8099-4A0EE9529B8A},1329,,351-BF-02,,79,648,{126AE679-2933-4FD0-B985-FB1844FFBCA3},Old Harbor,Old Harbor Native Corporation,,,57.20429387,-153.3059434,41848.59599,800082.2867,Barge,5300,,,,,,AEA,,False,1999-11-30,2022-12-21T03:55:03Z,OLD HARBOR,true,false,false,0.0,,2025
1279,{CBB7DC3E-0AF5-41C6-A7B3-5C65F6397177},1330,,351-BF-04,ANC-O-001,846,72,{EADA3236-1E4C-4F64-8A35-0630C3D630AE},Oscarville,Oscarville School (LKSD),,,60.72287293,-161.7724976,-421641.9526,1217844.22,Barge,27800,,27800,,,5,AEA,2015 Assessment,True,2015-05-26,2022-12-21T03:55:03Z,OSCARVILLE,true,false,false,0.0,,2025
1280,{DCB13A71-B53D-45F9-928A-929F2BF933C1},1331,,351-BF-03,ANC-O-002,847,73,{EADA3236-1E4C-4F64-8A35-0630C3D630AE},Oscarville,Oscarville Native Corporation - Retail Sales,,,60.72277586,-161.7695955,-421483.7495,1217825.623,Barge,17300,7300,10000,,,2,AEA,2015 Assessment,True,2015-05-26,2022-12-21T03:55:03Z,OSCARVILLE,true,false,false,0.0,,2025
1281,{CCE658EB-BACB-4015-9254-BEC151035E99},1332,146,353-BF-04,,,,{758654AC-720A-4314-AC3E-4F1FC39187C4},Ouzinkie,Spruce Island Fuel Tank Farm,,99644,57.920739,-152.502169,88496.19661,880865.0408,Barge,80000,,80000,,,4,DEC,,False,,2022-12-21T03:55:03Z,OUZINKIE,true,false,false,0.0,,2025
1282,{AB75DEC6-BE12-4BD6-8039-6FCBEFD315E7},1333,433,353-BF-06,,,,{758654AC-720A-4314-AC3E-4F1FC39187C4},Ouzinkie,Ouzinkie State Airport SREB,,99644,57.941156,-152.472408,90202.86955,883202.1834,Road,3000,,3000,,,2,DEC,,False,,2022-12-21T03:55:03Z,OUZINKIE,false,false,true,0.07,,2025
1283,{07D80506-7548-4842-9341-A037E3C35474},1334,508,,,,,{758654AC-720A-4314-AC3E-4F1FC39187C4},Ouzinkie,Kodiak Island Borough School District - Ouzinkie,USS 4871 Block 2 Tract C,99644,57.922346,-152.507821,88160.03977,881055.2427,Road,5500,,5500,,,1,DEC,,False,1996-11-14,2022-12-21T03:55:03Z,OUZINKIE,false,false,true,0.0,,2025
1284,{3EBA99FF-2688-434F-B811-41CC22EBD898},1335,977,,,,,{758654AC-720A-4314-AC3E-4F1FC39187C4},Ouzinkie,City of Ouzinkie,PO Box 109,99644,57.926649,-152.501945,88499.15342,881533.4373,Road,2000,,2000,,,2,DEC,,False,1996-11-14,2022-12-21T03:55:03Z,OUZINKIE,false,false,true,0.0,,2025
1285,{D98885C5-A822-4810-810F-CB8B2F5DFDB0},1336,,,,80,649,{758654AC-720A-4314-AC3E-4F1FC39187C4},Ouzinkie,Ouzinkie Native Corp. Fuel Facility,,,57.92104259,-152.4872052,89382.23783,880926.0459,Barge,71600,,,,,,AEA,,False,1996-11-14,2022-12-21T03:55:03Z,OUZINKIE,true,false,false,0.0,,2025
1286,{DF6648FB-7E01-4D97-AD35-9477293F4C57},1337,12,,,,,{EDA8ED1A-C25C-4FF0-8681-021AAF1072C9},Palmer,Matanuska Telephone Association,1740 South Chugach Street,99645,61.588158,-149.111569,258439.5824,1299423.708,Road,1100,,1100,,,1,DEC,,False,,2022-12-21T03:55:03Z,PALMER,false,false,true,0.0,,2025
1287,{0DE678C6-4B7C-4C87-95F2-EF1B81C0A3C4},1338,13,,,,,{EDA8ED1A-C25C-4FF0-8681-021AAF1072C9},Palmer,Matanuska Telephone Association - Byers,,99645,62.688429,-150.232928,192252.0432,1418403.499,Road,3000,,3000,,,1,DEC,,False,,2022-12-21T03:55:03Z,PALMER,false,false,true,131.93,,2025
1288,{9527986F-DC3A-486F-B81A-AC989BA9B5F2},1339,14,,,,,{EDA8ED1A-C25C-4FF0-8681-021AAF1072C9},Palmer,Matanuska Telephone Association - Hono,,99501,63.094331,-149.507401,226159.5511,1465980.625,Road,3000,,3000,,,1,DEC,,False,,2022-12-21T03:55:03Z,PALMER,false,false,true,165.13,,2025
1289,{7FAAB439-FAD9-4983-9F0D-8B67F366F7BA},1340,95,,,,,{EDA8ED1A-C25C-4FF0-8681-021AAF1072C9},Palmer,NRC Alaska - Palmer,425 Outer Springer Loop Road,99645,61.5863062,-149.1143993,258302.7489,1299215.128,Road,19964,,19964,,,1,DEC,,False,,2022-12-21T03:55:03Z,PALMER,false,false,true,0.0,,2025
1290,{1357CE94-8168-435D-90F7-C00A036EE70A},1341,386,,,,,{EDA8ED1A-C25C-4FF0-8681-021AAF1072C9},Palmer,Palmer Highway Station,289 Inner Springer Loop,99645,61.5855,-149.1209,257964.603,1299101.245,Road,8000,,8000,,,2,DEC,,False,,2022-12-21T03:55:03Z,PALMER,false,false,true,0.0,,2025
1291,{8CD94505-4EC1-4C3E-A3F9-4648A47F56CC},1342,593,,,,,{EDA8ED1A-C25C-4FF0-8681-021AAF1072C9},Palmer,State of Alaska Department of Corrections - Mat-Su Pretrial Facility,339 East Dogwood Avenue,99645,61.602136,-149.109133,258456.1187,1300999.183,Road,3000,,3000,,,1,DEC,,False,,2022-12-21T03:55:03Z,PALMER,false,false,true,0.0,,2025
1292,{E97E7FA3-5A3B-497A-9EFF-6E3E1832C369},1343,612,353-BF-03,,,,{EDA8ED1A-C25C-4FF0-8681-021AAF1072C9},Palmer,Crowley - Palmer,523 South Valley Way,99645,61.600992,-149.112083,258306.8979,1300871.819,Road,5000,,5000,,,2,DEC,,False,,2022-12-21T03:55:03Z,PALMER,false,false,true,0.0,,2025
1293,{96C86C0C-2A57-4A26-94E5-72600F5A5FCC},1344,758,,,,,{EDA8ED1A-C25C-4FF0-8681-021AAF1072C9},Palmer,University of Alaska Fairbanks - Palmer,1509 South Truck Road,99645,61.566172,-149.249664,251330.7111,1296463.568,Road,2000,1000,1000,,,2,DEC,,False,,2022-12-21T03:55:03Z,PALMER,false,false,true,5.02,,2025
1294,{8CC32BC7-7206-4A37-AD96-8E8D803BE4FA},1345,811,353-BF-05,,,,{EDA8ED1A-C25C-4FF0-8681-021AAF1072C9},Palmer,AT&T - Palmer - Nek Lake,3500 North Engstrom Road,99645,61.6198,-149.256574,250529.0629,1302414.781,Road,2000,,2000,,,1,DEC,,False,,2022-12-21T03:55:03Z,PALMER,false,false,true,5.92,,2025
1295,{E6AB9F80-923B-43FA-B7E0-74FB0874B59A},1346,812,315-BF-04,,,,{EDA8ED1A-C25C-4FF0-8681-021AAF1072C9},Palmer,AT&T - Palmer - Sheep Mountain,27650 West Glenn Highway,99645,61.788126,-147.675583,332021.5374,1328097.345,Road,3000,,3000,,,1,DEC,,False,,2022-12-21T03:55:03Z,PALMER,false,false,true,76.36,,2025
1296,{844A9392-863B-4FA8-889B-0947AB68248D},1347,978,353-BF-01,,,,{EDA8ED1A-C25C-4FF0-8681-021AAF1072C9},Palmer,City of Palmer,1316 South Bonanza Street,99645,61.59018,-149.113524,258315.2272,1299660.945,Road,8000,4000,4000,,,2,DEC,,False,,2022-12-21T03:55:03Z,PALMER,false,false,true,0.0,,2025
1297,{E2092758-6B1B-4406-9634-61C15D25036D},1348,304,,,,,{6A728042-64AA-46F0-A81D-FDE32F20CFCB},Paxson,DOT&PF Paxson MS,Milepost 185 Richardson Highway,99737,63.033631,-145.496278,428104.4084,1478980.584,Road,8000,2500,5500,,,4,DEC,,False,,2022-12-21T03:55:03Z,PAXSON,false,false,true,0.0,,2025
1298,{B50C3F10-1576-41B3-84F8-FA0CA4542BC6},1349,813,,,,,{6A728042-64AA-46F0-A81D-FDE32F20CFCB},Paxson,AT&T - Paxson - Yost,Milepost 204 Richardson Highway,99737,63.256544,-145.650167,417279.7694,1502703.005,Plane,5000,,5000,,,4,DEC,,False,,2022-12-21T03:55:03Z,PAXSON,false,true,false,9.57,,2025
1299,{5D6D86C0-354F-48E0-A12F-CD12687033EC},1350,821,,,,,{6A728042-64AA-46F0-A81D-FDE32F20CFCB},Paxson,AT&T - Paxson - Round Top,Milepost 170 Richardson Highway,99583,62.80367,-145.317799,440389.1155,1454658.3,Plane,5000,,5000,,,4,DEC,,False,,2022-12-21T03:55:03Z,PAXSON,false,true,false,11.65,,2025
1300,{941478E6-074B-4359-9A54-28CA2129D36F},1351,883,,,,,{6A728042-64AA-46F0-A81D-FDE32F20CFCB},Paxson,Prince William Sound Aquaculture Corporation - Gulkana,Milepost 189 Richardson Highway,99586,63.066962,-145.514075,426736.6163,1482566.487,Road,6000,1000,5000,,,2,DEC,,False,,2022-12-21T03:55:03Z,PAXSON,false,false,true,0.0,,2025
1301,{2CF279D7-7465-4DE6-B7F7-C8078D9808C0},1352,17,,,,,{EC18C954-9E22-45E3-BD54-DD7AF4302791},Pedro Bay,Pedro Bay Village Council,,99647,59.788617,-154.104093,-5818.502462,1088665.429,Plane,65000,20000,45000,,,7,DEC,,False,,2022-12-21T03:55:03Z,PEDRO BAY,false,true,false,0.0,,2025
1302,{CFEEF21E-22F1-43C9-9C18-375689F362A6},1353,449,,,,,{EC18C954-9E22-45E3-BD54-DD7AF4302791},Pedro Bay,AK DOT&PF Pedro Bay,,99647,59.796389,-154.131667,-7360.175113,1089541.819,,1000,,1000,,,1,DEC,,False,,2022-12-21T03:55:03Z,PEDRO BAY,,,,0.0,,2025
1303,{8E9C13BE-51FB-4A86-A897-0DC38BB3C6A4},1354,1209,,,,,{EC18C954-9E22-45E3-BD54-DD7AF4302791},Pedro Bay,Lake and Peninsula School District - Pedro Bay,Tract A Big Hill Subdivision (Plat 93-8),99647,59.787326,-154.09918,-5548.952021,1088528.508,Road,20000,,20000,,,2,DEC,,False,,2022-12-21T03:55:03Z,PEDRO BAY,false,false,true,0.0,,2025
1304,{76B6513B-5CFF-4872-96F9-6D2907D54615},1355,121,,,,,{ED8A6F74-E397-4BA1-8052-EEF92A6C4F8B},Pelican,City of Pelican,14 Chum Way,99832,57.961429,-136.231809,1036219.824,1023873.975,Plane,86000,32000,54000,,,8,DEC,,False,,2022-12-21T03:55:03Z,PELICAN,false,true,false,0.0,,2025
1305,{ABC8D56B-A787-4CE7-A688-D7B9AAD7DE8B},1356,,,,54,626,{ED8A6F74-E397-4BA1-8052-EEF92A6C4F8B},Pelican,"Pelican SeafoodsKake Tribal CorporationBox 263Kake, AK",,,57.9599457,-136.2319275,1036261.282,1023722.737,Barge,145185,,,,,,AEA,,False,1996-09-03,2022-12-21T03:55:03Z,PELICAN,true,false,false,0.0,,2025
1306,{9E08B983-031B-412A-99CF-E3CD28560FC4},1357,,,,55,852,{ED8A6F74-E397-4BA1-8052-EEF92A6C4F8B},Pelican,Pelican City Schools,,,57.9568165,-136.2219094,1036917.888,1023535.148,Barge,2000,,,,,,AEA,,False,1996-09-03,2022-12-21T03:55:03Z,PELICAN,true,false,false,0.0,,2025
1307,{3727BA95-7C2C-449A-BE09-8E3FA65E6C0D},1358,455,,,,,{4C04DC5F-DBC0-42D6-BFF7-62C40E838EAA},Perryville,AK DOT&PF Perryville,,99648,55.908889,-159.160833,-322070.5182,667878.8778,,1000,,1000,,,1,DEC,,False,,2022-12-21T03:55:03Z,PERRYVILLE,,,,0.0,,2025
1308,{0603769B-74B3-4779-9406-0C322B1770A9},1359,1210,,,,,{4C04DC5F-DBC0-42D6-BFF7-62C40E838EAA},Perryville,Lake and Peninsula School District - Perryville,PO Box 103,99648,55.91166,-159.144418,-321023.7311,668111.3928,Barge,23400,,23400,,,3,DEC,,False,1996-08-25,2022-12-21T03:55:03Z,PERRYVILLE,true,false,false,0.0,,2025
1309,{3B87C0C1-1E1C-4249-B3A5-9446F600ABB9},1360,,355-BF-04,ANC-P-003,984,255,{4C04DC5F-DBC0-42D6-BFF7-62C40E838EAA},Perryville,Native Village of Perryville,,,55.91043068,-159.1461351,-321140.1688,667990.7806,Barge,72500,,,,,,AEA,,True,1996-08-26,2022-12-21T03:55:03Z,PERRYVILLE,true,false,false,0.0,,2025
1310,{4533136B-B178-4EEB-8F4E-1BBF21C03ABE},1361,,314-BF-04,,621,641,{4C04DC5F-DBC0-42D6-BFF7-62C40E838EAA},Perryville,Unknown,,,59.75552294,-154.9021745,-50516.89971,1085290.971,Barge,2700,,,,,,AEA,,False,1998-05-22,2022-12-21T03:55:03Z,PERRYVILLE,true,false,false,491.82,,2025
1311,{0C8FE23A-EFDE-4FF0-8A74-D3F9F8D2A0F7},1362,547,356-BF-05,,,,{BCB15849-7466-46EB-920C-2A9FAE9E93C5},Petersburg,State of Alaska Department of Fish and Game - Petersburg,Mile 17 Mitkof Highway,99833,56.612645,-132.821937,1276072.569,939049.44,Road,1000,1000,,,,1,DEC,,False,,2022-12-21T03:55:03Z,PETERSBURG,false,false,true,10.85,,2025
1312,{855FBE7C-9B33-45BC-8C4D-2394A0C95208},1363,814,355-BF-02,,,,{BCB15849-7466-46EB-920C-2A9FAE9E93C5},Petersburg,AT&T - Petersburg - Duncan Canal,,99833,56.7564,-133.1795,1250292.396,947502.2659,Plane,6000,,6000,,,1,DEC,,False,,2022-12-21T03:55:03Z,PETERSBURG,false,true,false,12.68,,2025
1313,{0F01BB32-5A29-4652-976C-10E724180102},1364,815,355-BF-03,,,,{BCB15849-7466-46EB-920C-2A9FAE9E93C5},Petersburg,AT&T - Petersburg - Kashevarof,,99833,56.236042,-132.981428,1279860.038,896079.3009,Plane,6000,,6000,,,1,DEC,,False,,2022-12-21T03:55:03Z,PETERSBURG,false,true,false,52.95,,2025
1314,{43B781A0-2BFF-47EF-A784-555A71603EA7},1365,856,356-BF-06,,,,{BCB15849-7466-46EB-920C-2A9FAE9E93C5},Petersburg,GSA - Petersburg,12 North Nordic Drive,99833,56.811433,-132.957022,1261299.634,957545.3497,Road,1500,,1500,,,1,DEC,,False,,2022-12-21T03:55:03Z,PETERSBURG,false,false,true,0.0,,2025
1315,{38E7CF68-F312-4AC0-8AC0-8200B684215A},1366,869,356-BF-02,,,,{BCB15849-7466-46EB-920C-2A9FAE9E93C5},Petersburg,Icicle - Petersburg,411 North Nordic Drive,99833,56.814383,-132.958213,1261121.419,957838.1176,Road,15000,,15000,,,1,DEC,,False,,2022-12-21T03:55:03Z,PETERSBURG,false,false,true,0.0,,2025
1316,{1DFE0049-CD5E-4363-8E45-9C1BD35E298B},1367,1257,356-BF-04,,,,{BCB15849-7466-46EB-920C-2A9FAE9E93C5},Petersburg,Petersburg School District - Stedman Elementary,303 Dolphin Street,99833,56.814111,-132.951769,1261507.431,957914.534,Road,1100,,1100,,,1,DEC,,False,,2022-12-21T03:55:03Z,PETERSBURG,false,false,true,0.0,,2025
1317,{32574618-B703-4A8E-85F9-35EC4E4EA4A9},1368,452,,,,,{6C3B7B41-3AE1-40AB-AA91-33A20E34131E},Pilot Point,AK DOT&PF Pilot Point,,99649,57.578333,-157.053889,-182145.9982,845812.7407,,1000,,1000,,,1,DEC,,False,,2022-12-21T03:55:03Z,PILOT POINT,,,,27.57,,2025
1318,{09A5DE30-C78A-449E-9D21-B18DF6D8A5C0},1369,1211,,,,,{6C3B7B41-3AE1-40AB-AA91-33A20E34131E},Pilot Point,Lake and Peninsula School District - Pilot Point,PO Box 467,99649,57.564096,-157.57428,-213241.4484,845775.7137,Road,6000,,6000,,,2,DEC,,False,,2022-12-21T03:55:03Z,PILOT POINT,false,false,true,0.0,,2025
1319,{7EA59D7C-879D-4AD7-BC92-953B56AC58C1},1370,,266-BF-07,ANC-P-005,986,535,{6C3B7B41-3AE1-40AB-AA91-33A20E34131E},Pilot Point,City of Pilot Point,,,57.56421298,-157.5777929,-213451.3418,845807.5039,Barge,18400,,,,,,AEA,,True,1996-11-06,2022-12-21T03:55:03Z,PILOT POINT,true,false,false,0.0,,2025
1320,{D54EFE07-2827-4A72-B381-179D181BB4F4},1373,666,,,,,{E1D5467A-F8D6-443B-B722-DE5C4F46B5F8},Pilot Station,Lower Yukon School District - Pilot Station,PO Box 5090,99650,61.935939,-162.890664,-463852.2554,1359902.616,Barge,65000,3000,62000,,,4,DEC,,False,,2022-12-21T03:55:03Z,PILOT STATION,true,false,false,0.0,,2025
1321,{3D022116-FC74-4A74-85B7-3FF086A4E087},1374,930,,ANC-P-006,,,{E1D5467A-F8D6-443B-B722-DE5C4F46B5F8},Pilot Station,Alaska Village Electric Cooperative - Pilot Station,General Delivery,99650,61.937616,-162.891048,-463841.662,1360100.912,,189000,,189000,,,7,DEC,,True,1998-08-11,2022-12-21T03:55:03Z,PILOT STATION,,,,0.0,,2025
1322,{41B1DA99-9DED-42C1-A3BD-E191A86BAEE9},1375,,,,630,258,{E1D5467A-F8D6-443B-B722-DE5C4F46B5F8},Pilot Station,ANCSA Village Corporation/City of Pilot Station,,,61.93694028,-162.8836715,-463467.779,1359981.708,Barge,102800,,,,,,AEA,Best Practice Assessment,False,1998-08-11,2022-12-21T03:55:03Z,PILOT STATION,true,false,false,0.0,,2025
1323,{D2806126-38C8-426E-99E5-86A20E20DD7E},1376,,,ANC-P-007,632,260,{E1D5467A-F8D6-443B-B722-DE5C4F46B5F8},Pilot Station,City of Pilot Station,,,61.93688475,-162.8810858,-463340.7332,1359943.953,Barge,5260,,,,,,AEA,Best Practice Assessment,True,1998-08-11,2022-12-21T03:55:03Z,PILOT STATION,true,false,false,0.0,,2025
1324,{4AF313D9-947D-4640-8D44-71F6891E9724},1377,,,ANC-P-008,633,261,{E1D5467A-F8D6-443B-B722-DE5C4F46B5F8},Pilot Station,"Village Native Store | General Delivery | Pilot Station, AK 99650",,,61.93634469,-162.8817188,-463381.487,1359880.568,Barge,5000,,,,,,AEA,,True,1998-08-11,2022-12-21T03:55:03Z,PILOT STATION,true,false,false,0.0,,2025
1325,{E77A942D-7D0A-45CD-8F29-13F7F85F71A3},1378,412,,,,,{B31B12CB-15A8-477A-A113-F6ACBD1D3120},Platinum,Platinum Airport Maintenance Station,,99651,59.0169,-161.823,-446788.2929,1028712.404,,2000,,2000,,,2,DEC,,False,,2022-12-21T03:55:03Z,PLATINUM,,,,0.0,,2025
1326,{4597868B-DAB9-43AA-A082-D0652EF78EEC},1379,1146,,,,,{B31B12CB-15A8-477A-A113-F6ACBD1D3120},Platinum,GCI Communication Corp. - Platinum TERRA SW,,99651,59.008361,-161.816984,-446551.8934,1027736.286,Plane,1000,,1000,,,1,DEC,,False,,2022-12-21T03:55:03Z,PLATINUM,false,true,false,0.0,,2025
1327,{09049BF3-80A1-449D-8DD9-F6F3D988870D},1380,1242,,,,,{B31B12CB-15A8-477A-A113-F6ACBD1D3120},Platinum,Platinum Traditional Village Council,,99651,59.011987,-161.818577,-446601.7859,1028147.554,Barge,10000,,10000,,,1,DEC,,False,,2022-12-21T03:55:03Z,PLATINUM,true,false,false,0.0,,2025
1328,{20037641-A51B-4BDC-8495-1E81F40E75A4},1381,,,,848,104,{B31B12CB-15A8-477A-A113-F6ACBD1D3120},Platinum,Platinum Traditional Village - Retail Sales,,,59.01200674,-161.818617,-446601.7859,1028147.554,Barge,10000,,10000,,,1,AEA,2015 Assessment,False,2015-04-22,2022-12-21T03:55:03Z,PLATINUM,true,false,false,0.0,,2025
1329,{C4C5D0B6-E282-4658-B458-82DFF089E607},1382,,,,849,662,{B31B12CB-15A8-477A-A113-F6ACBD1D3120},Platinum,Arviq Incorporated - Retail Sales,,,59.01361995,-161.820109,-446667.7003,1028333.988,Barge,20000,10000,10000,,,2,AEA,2015 Assessment,False,2015-04-22,2022-12-21T03:55:03Z,PLATINUM,true,false,false,0.0,,2025
1330,{C3238FD9-9D5F-4558-AB66-9F0E37FF8191},1383,,,,850,832,{B31B12CB-15A8-477A-A113-F6ACBD1D3120},Platinum,City of Platinum - Power Plant,,,59.01252893,-161.8185238,-446589.2355,1028194.164,Barge,22000,,22000,,,2,AEA,2015 Assessment,False,2015-04-22,2022-12-21T03:55:03Z,PLATINUM,true,false,false,0.0,,2025
1331,{6EB566C2-0246-4043-B2DA-4488096CC6C6},1384,,,,851,833,{B31B12CB-15A8-477A-A113-F6ACBD1D3120},Platinum,Platinum School (LKSD),,,59.01197876,-161.8169759,-446504.6193,1028136.062,Barge,26700,,26700,,,5,AEA,2015 Assessment,False,2015-04-22,2022-12-21T03:55:03Z,PLATINUM,true,false,false,0.0,,2025
1332,{B5F9DF89-516A-4284-9CF3-8F1871A3A263},1385,,,,56,874,{406CA174-D318-4E54-BB1E-2B47EE0719E4},Point Baker,"Point Baker Trading Post | Point Baker, AK 99927",,,56.35355948,-133.6225944,1238105.832,896407.5477,Barge,20180,,,,,,AEA,,False,1997-09-30,2022-12-21T03:55:03Z,POINT BAKER,true,false,false,0.03,,2025
1333,{0F86901E-02A6-4561-89BC-A618E5245256},1386,472,363-BF-22,,,,{717918EA-EB98-4319-B4C9-D70D262F7CE2},Point Hope,North Slope Borough School District - Point Hope,1837 Tikigaq Avenue,99766,68.349524,-166.735931,-526240.6797,2093684.235,Road,5000,,5000,,,1,DEC,,False,,2022-12-21T03:55:03Z,POINT HOPE,false,false,true,0.0,,2025
1334,{FA7B5845-7940-4C5F-8EAA-A7A359D16B42},1387,,363-BF-06,,456,1071,{717918EA-EB98-4319-B4C9-D70D262F7CE2},Point Hope,North Slope Borough School District - Tikigag School,,,68.3497454,-166.7359466,-526236.8229,2093704.099,Barge,2000,,2000,,,1,AEA,2015 Assessment,False,2015-05-18,2022-12-21T03:55:03Z,POINT HOPE,true,false,false,0.0,,2025
1335,{60E89C03-0731-48F9-9A8D-E0F338FFE0CD},1388,,363-BF-02,,457,1072,{717918EA-EB98-4319-B4C9-D70D262F7CE2},Point Hope,North Slope Borough School District - Tikigag School-Voc. Ed. Bldg.,,,68.34972561,-166.7356569,-526224.3683,2093701.681,Barge,2000,,2000,,,1,AEA,2015 Assessment,False,1998-09-08,2022-12-21T03:55:03Z,POINT HOPE,true,false,false,0.0,,2025
1336,{8D812624-BDC6-4331-A085-BA75DC62D419},1389,,363-BF-20,,458,1073,{717918EA-EB98-4319-B4C9-D70D262F7CE2},Point Hope,North Slope Borough - Point Hope Heavy Equipment Maintenance Facility,,,68.34995914,-166.7194349,-525555.2681,2093619.952,Barge,5000,,5000,,,1,AEA,2015 Assessment,False,2015-05-18,2022-12-21T03:55:03Z,POINT HOPE,true,false,false,0.0,,2025
1337,{43954A97-4351-4BF0-967A-29A64D36C646},1390,,363-BF-15,,459,1074,{717918EA-EB98-4319-B4C9-D70D262F7CE2},Point Hope,Tikigag Corp. Fuel Station,,,68.34725945,-166.7399163,-526451.3778,2093477.793,Barge,12000,6000,6000,,,2,AEA,2015 Assessment,False,1998-09-08,2022-12-21T03:55:03Z,POINT HOPE,true,false,false,0.0,,2025
1338,{C2D61671-EB4E-40BE-96BC-49F296E8D8A2},1391,,363-BF-05,,460,1075,{717918EA-EB98-4319-B4C9-D70D262F7CE2},Point Hope,North Slope Borough - Point Hope Sewage Treatment Plant,,,68.34616682,-166.7468149,-526753.4608,2093426.541,Barge,2500,,2500,,,1,AEA,2015 Assessment,False,1998-09-08,2022-12-21T03:55:03Z,POINT HOPE,true,false,false,0.0,,2025
1339,{95D354A8-7E2A-4D28-A476-37F53ECD6368},1392,,,,452,1076,{717918EA-EB98-4319-B4C9-D70D262F7CE2},Point Hope,North Slope Borough - Point Hope Fire Station,,,68.34875976,-166.7315156,-526074.182,2093583.204,Barge,7000,,7000,,,1,AEA,2015 Assessment,False,1998-09-08,2022-12-21T03:55:03Z,POINT HOPE,true,false,false,0.0,,2025
1340,{8A108F8E-4CF4-4400-BB47-FDB696592362},1393,,,,1097,1077,{717918EA-EB98-4319-B4C9-D70D262F7CE2},Point Hope,Tikigag Corp. Native Store,,,68.34988394,-166.7185766,-525521.7545,2093592.842,Barge,2000,,2000,,,1,AEA,2015 Assessment,False,2015-05-18,2022-12-21T03:55:03Z,POINT HOPE,true,false,false,0.0,,2025
1341,{DC601FC1-3A2B-4C80-9F95-10FE3EDD9761},1395,,363-BF-01,ANC-P-012,451,1069,{717918EA-EB98-4319-B4C9-D70D262F7CE2},Point Hope,North Slope Borough - Point Hope Power Plant,,,68.34837183,-166.737395,-526318.5434,2093589.418,Barge,10000,,10000,,,1,AEA,2015 Assessment,True,2015-05-18,2022-12-21T03:55:03Z,POINT HOPE,true,false,false,0.0,,2025
1342,{E474BE21-EF86-4234-AB76-B32CE68F896D},1396,,,,453,1070,{717918EA-EB98-4319-B4C9-D70D262F7CE2},Point Hope,North Slope Borough - Point Hope Dept. of Municipal Services Bldg.,,,68.34984435,-166.7177827,-525489.3711,2093586.564,Barge,10000,,10000,,,1,AEA,2015 Assessment,False,2015-05-18,2022-12-21T03:55:03Z,POINT HOPE,true,false,false,0.0,,2025
1343,{FA9A470E-A5C1-4191-BB0D-7B2A1FC6454C},1397,473,363-BF-13,,,,{ACCCEEDB-EFD5-4240-87ED-B1D77CEB08B8},Point Lay,North Slope Borough School District - Point Lay,1029 Qasigialik Street,99759,69.742897,-163.008252,-352594.0185,2220562.032,Road,6000,,6000,,,1,DEC,,False,,2022-12-21T03:55:03Z,POINT LAY,false,false,true,0.0,,2025
1344,{E867DC72-3920-4177-BBB6-DA377D5FDC91},1398,,363-BF-19,,461,962,{ACCCEEDB-EFD5-4240-87ED-B1D77CEB08B8},Point Lay,North Slope Borough | Point Lay Fuel Station,,,69.74064458,-163.0041224,-352467.5589,2220301.193,Barge,548000,,,,,,AEA,2015 Assessment,False,1998-09-09,2022-12-21T03:55:03Z,POINT LAY,true,false,false,0.0,,2025
1345,{335EECA0-37D6-4DD3-A497-BB0FB0CDB44B},1399,,,,,,{ACCCEEDB-EFD5-4240-87ED-B1D77CEB08B8},Point Lay,North Slope Borough | Point Lay Power Plant,,,,,-352662.2735,2220327.763,,,,,,,,,,False,,2022-12-21T05:20:49Z,POINT LAY,,,,,,2025
1346,{C9115959-A754-41E2-9301-60F06A3FCABD},1400,,,,464,965,{ACCCEEDB-EFD5-4240-87ED-B1D77CEB08B8},Point Lay,North Slope BoroughPoint Lay Maintenance Facility,,,69.74102723,-163.0058095,-352528.609,2220350.12,Barge,5000,,,,,,AEA,2015 Assessment,False,1998-09-09,2022-12-21T03:55:03Z,POINT LAY,true,false,false,0.0,,2025
1347,{62BDFC20-7D02-406B-AE7B-E8E3A792568A},1401,,363-BF-07,,463,1079,{ACCCEEDB-EFD5-4240-87ED-B1D77CEB08B8},Point Lay,North Slope Borough - Point Lay Fire Station,,,69.74182037,-163.0107501,-352706.7821,2220462.398,Barge,7000,,7000,,,1,AEA,2015 Assessment,False,1998-09-09,2022-12-21T03:55:03Z,POINT LAY,true,false,false,0.0,,2025
1348,{CC18CA40-3547-4E41-A733-8A4082DD1FA6},1402,,363-BF-04,,465,1080,{ACCCEEDB-EFD5-4240-87ED-B1D77CEB08B8},Point Lay,North Slope Borough - Point Lay Health Clinic,,,69.74085634,-163.0121798,-352780.6545,2220364.223,Barge,6000,,6000,,,1,AEA,2015 Assessment,False,2015-05-21,2022-12-21T03:55:03Z,POINT LAY,true,false,false,0.0,,2025
1349,{997CADE8-A481-4A8A-A027-66C67951720C},1403,,,,466,1081,{ACCCEEDB-EFD5-4240-87ED-B1D77CEB08B8},Point Lay,North Slope Borough School District - Kali School,,,69.74289209,-163.0083227,-352598.7672,2220562.68,Barge,6000,,6000,,,1,AEA,2015 Assessment,False,2015-05-21,2022-12-21T03:55:03Z,POINT LAY,true,false,false,0.0,,2025
1350,{F207D927-3A36-41F6-8394-36D45D4847EC},1404,,363-BF-14,,1099,1082,{ACCCEEDB-EFD5-4240-87ED-B1D77CEB08B8},Point Lay,Cully Corporation,,,69.74125013,-163.013081,-352806.0809,2220408.293,Barge,1900,,1900,,,1,AEA,2015 Assessment,False,2015-05-21,2022-12-21T03:55:03Z,POINT LAY,true,false,false,0.0,,2025
1351,{11C61E2B-C979-4D51-A901-5BDF8ABBF907},1405,,249-BF-03,ANC-K-001,397,928,{ACCCEEDB-EFD5-4240-87ED-B1D77CEB08B8},Point Lay,North Slope Borough - Dept. of Municipal Services Bldg.,,,70.12919302,-143.6095718,-352340.4005,2220595.091,Barge,4000,,4000,,,1,AEA,2015 Assessment,True,1998-08-19,2025-12-16T09:13:01Z,POINT LAY,true,false,false,738.67,,2025
1352,{678A81B7-2420-44FE-AABF-C45E6E48CC82},1406,,344-BF-03,,1095,1067,{ACCCEEDB-EFD5-4240-87ED-B1D77CEB08B8},Point Lay,North Slope Borough - Wastewater Treatment Plant,,,70.48240452,-157.4253055,-130243.8921,2281046.3,Plane,2000,,2000,,,1,AEA,2015 Assessment,False,2015-06-02,2022-12-21T03:55:03Z,POINT LAY,false,true,false,215.94,,2025
1353,{97E77B03-20AE-4291-A9A5-15C73AA55976},1408,384,,,,,{5736B8FC-BE6B-44A6-8A67-0A66F497EDC5},Point Mackenzie,Goose Bay Airport Maintenance Station,,99654,61.3974,-149.8444,221080.5582,1275515.371,Road,1000,,1000,,,1,DEC,,False,,2022-12-21T03:55:03Z,POINT MACKENZIE,false,false,true,3.3,,2025
1354,{84F7D2A4-B82A-4EB2-B094-6A324A7066EB},1409,1220,364-BF-03,,,,{5A7529F3-5CC9-423D-AF30-9EE44F9D5E43},Port Alexander,Southeast Island School District - Port Alexander,123 School Road,99836,56.249576,-134.647315,1181002.271,866661.1411,Barge,12000,,12000,,,4,DEC,,False,,2022-12-21T03:55:03Z,PORT ALEXANDER,true,false,false,0.0,,2025
1355,{F4B4F5F1-E086-430C-BAC8-81ED0B39F112},1410,,,,1056,875,{5A7529F3-5CC9-423D-AF30-9EE44F9D5E43},Port Alexander,Port Alexander School,,,56.2495418,-134.6466219,1181047.942,866653.5231,Barge,12070,,12070,,,5,AEA,2015 Assessment,False,,2022-12-21T03:55:03Z,PORT ALEXANDER,true,false,false,0.0,,2025
1356,{C1A959C4-95BB-47A3-8681-6A5776CDD88D},1411,,363-BF-12,,1057,876,{5A7529F3-5CC9-423D-AF30-9EE44F9D5E43},Port Alexander,Main Street Electric Power,,,56.24623646,-134.6476144,1181093.68,866290.6367,Barge,7100,,7100,,,4,AEA,2015 Assessment,False,2015-05-07,2022-12-21T03:55:03Z,PORT ALEXANDER,true,false,false,0.0,,2025
1357,{CB3D1D62-2E1D-4B0D-94E5-48A58F4CFBBF},1412,,,,1058,877,{5A7529F3-5CC9-423D-AF30-9EE44F9D5E43},Port Alexander,"Pelican Cold Storage | Port Alexander, AK 99836",,,56.24896659,-134.6487677,1180938.595,866570.9849,Barge,25000,,,,,,AEA,2015 Assessment,False,1997-08-29,2022-12-21T03:55:03Z,PORT ALEXANDER,true,false,false,0.0,,2025
1358,{E670FA80-0EEE-4383-AF9E-7B7B187485C4},1413,1173,,,,,{2C14D0F5-3E1B-4BEC-ABCB-6AEED5368B0C},Port Alsworth,National Park Service - Lake Clark,1 Park Place,99653,60.197368,-154.322641,-17820.733,1134423.496,Plane,13000,4000,9000,,,9,DEC,,False,,2022-12-21T03:55:03Z,PORT ALSWORTH,false,true,false,0.0,,2025
1359,{A9C3A000-424E-4DCA-83F3-1BAEAB5E58D3},1414,1213,365-BF-01,,,,{2C14D0F5-3E1B-4BEC-ABCB-6AEED5368B0C},Port Alsworth,Lake and Peninsula School District - Port Alsworth,1400 School Road,99653,60.196369,-154.327535,-18097.95593,1134288.327,Road,15300,,15300,,,2,DEC,,False,1998-05-20,2022-12-21T03:55:03Z,PORT ALSWORTH,false,false,true,0.0,,2025
1360,{A4E5681F-EF6B-483C-AF08-BFC129E2D93D},1415,,,,286,374,{2C14D0F5-3E1B-4BEC-ABCB-6AEED5368B0C},Port Alsworth,"National Park ServiceLake Clark National Park and Preserve4230 University DriveSuite 311Anchorage, AK 99508",,,60.19724498,-154.3188729,-17615.10527,1134402.024,Plane or Barge,9355,,,,,,AEA,,False,1998-05-19,2022-12-21T03:55:03Z,PORT ALSWORTH,true,true,false,0.0,,2025
1361,{F4D6963C-5D38-438F-805F-32542198763E},1416,,366-BF-03,,288,376,{2C14D0F5-3E1B-4BEC-ABCB-6AEED5368B0C},Port Alsworth,"Lake Clark Air | General Delivery | Port Alsworth, AK 99653",,,60.19659842,-154.3319648,-18340.55015,1134337.315,Plane or Barge,8000,,,,,,AEA,,False,1998-05-20,2022-12-21T03:55:03Z,PORT ALSWORTH,true,true,false,0.0,,2025
1362,{E1A25DB3-FA3A-4228-B3DF-72F39484C323},1417,,,,290,378,{2C14D0F5-3E1B-4BEC-ABCB-6AEED5368B0C},Port Alsworth,"Alaska Wilderness LodgeGeneral DeliveryPort Alsworth, AK 99653",,,60.20568375,-154.3098849,-17118.34528,1135334.869,Plane or Barge,6000,,,,,,AEA,,False,1998-05-20,2022-12-21T03:55:03Z,PORT ALSWORTH,true,true,false,0.0,,2025
1363,{29C04990-053F-44BA-A0A4-2BBF5E2CF374},1418,,364-BF-04,,291,379,{2C14D0F5-3E1B-4BEC-ABCB-6AEED5368B0C},Port Alsworth,"Alaska Lake Clark Air/Lodge | General Delivery | Port Alsworth, AK 99653",,,60.19982177,-154.3090963,-17077.53102,1134686.185,Plane or Barge,6000,,,,,,AEA,,False,1998-05-20,2022-12-21T03:55:03Z,PORT ALSWORTH,true,true,false,0.0,,2025
1364,{1C8923BB-1BB1-40AD-9EB8-1432E351A4A4},1419,,365-BF-05,,292,380,{2C14D0F5-3E1B-4BEC-ABCB-6AEED5368B0C},Port Alsworth,"Fishing Unlimited | General Delivery | Port Alsworth, AK 99653",,,60.20145331,-154.3145519,-17380.19871,1134865.089,Plane or Barge,4300,,,,,,AEA,,False,1998-05-21,2022-12-21T03:55:03Z,PORT ALSWORTH,true,true,false,0.0,,2025
1365,{94F72FDD-056D-44E9-91B5-9AEAA2646F47},1420,,365-BF-03,,293,381,{2C14D0F5-3E1B-4BEC-ABCB-6AEED5368B0C},Port Alsworth,"Lake and Peninsula Air | 333 Dry Creek Rd. | General Delivery | Port Alsworth, AK 99653",,,60.1985314,-154.3170249,-17516.68142,1134531.252,Plane or Barge,5500,,,,,,AEA,,False,1998-05-21,2022-12-21T03:55:03Z,PORT ALSWORTH,true,true,false,0.0,,2025
1366,{63C5CA7F-C393-4342-8E80-D7F62055405D},1421,,366-BF-01,,83,57,{21416EC2-769C-45C8-9643-767865EF7130},Port Graham,Port Graham Corporation,,,59.35028256,-151.829366,123021.2609,1041648.595,Barge,91200,,,,,,AEA,,False,1999-10-27,2022-12-21T03:55:03Z,PORT GRAHAM,true,false,false,0.0,,2025
1367,{FA312230-C0C1-4ED5-B3B1-1E14FDD7A61B},1422,454,366-BF-02,,,,{58FEECD6-E89F-44AF-B707-E2BF0B91605A},Port Heiden,AK DOT&PF Port Heiden,,99549,56.958056,-158.640833,-281502.19,782228.1211,,2000,,2000,,,1,DEC,,False,,2022-12-21T03:55:03Z,PORT HEIDEN,,,,0.0,,2025
1368,{2BD1EE1A-DAA3-4141-955A-87A40EAD9087},1423,1087,369-BF-02,,,,{58FEECD6-E89F-44AF-B707-E2BF0B91605A},Port Heiden,Federal Aviation Administration - Port Heiden - PTH SACOM,,99549,56.9591,-158.6333,-281039.9527,782305.0472,Road,1000,,1000,,,1,DEC,,False,,2022-12-21T03:55:03Z,PORT HEIDEN,false,false,true,0.0,,2025
1369,{DEC23BD2-8C24-47A8-8716-E64D51BA97CC},1424,1212,369-BF-01,,,,{58FEECD6-E89F-44AF-B707-E2BF0B91605A},Port Heiden,Lake and Peninsula School District - Port Heiden,,99549,56.923658,-158.66087,-282987.642,778481.1437,Road,5000,,5000,,,1,DEC,,False,,2022-12-21T03:55:03Z,PORT HEIDEN,false,false,true,0.0,,2025
1370,{6A12D0A8-816C-47B5-9A9D-934875250393},1425,,368-BF-01,ANC-P-015,992,266,{58FEECD6-E89F-44AF-B707-E2BF0B91605A},Port Heiden,City of Port Heiden,,,56.92347832,-158.6630839,-283122.2642,778470.1247,Barge,4500,,,,,,AEA,Best Practice Assessment,True,1996-08-29,2022-12-21T03:55:03Z,PORT HEIDEN,true,false,false,0.0,,2025
1371,{C3F7371E-FD52-4FA5-BEF2-1E1AAA9C2F2D},1428,,,,993,811,{58FEECD6-E89F-44AF-B707-E2BF0B91605A},Port Heiden,Native Village of Port Heiden,,,56.92325581,-158.6634916,-283150.0738,778444.7675,Barge,55000,,,,,,AEA,,False,1996-08-25,2022-12-21T03:55:03Z,PORT HEIDEN,true,false,false,0.0,,2025
1372,{8EB3E76F-E364-4F3B-B0D5-75669BA8658E},1429,,,,994,812,{58FEECD6-E89F-44AF-B707-E2BF0B91605A},Port Heiden,"Reeve Aleutian Airways Inc. | 4700 W. International Airport Road | Anchorage, AK 99502",,,56.95156759,-158.6357147,-281243.4895,781465.735,Barge,45600,,,,,,AEA,,False,1996-08-25,2022-12-21T03:55:03Z,PORT HEIDEN,true,false,false,0.0,,2025
1373,{B5A77B3F-AAE4-4D2E-B070-88205D10B320},1430,,366-BF-04,,996,814,{58FEECD6-E89F-44AF-B707-E2BF0B91605A},Port Heiden,AK Department of Transportation,,,56.95156759,-158.6353713,-281225.0047,781464.4426,Barge,5000,,,,,,AEA,,False,1996-08-25,2022-12-21T03:55:03Z,PORT HEIDEN,true,false,false,0.0,,2025
1374,{1D71BA09-6508-45A9-9D77-00122CE95EE9},1431,,370-BF-02,,997,815,{58FEECD6-E89F-44AF-B707-E2BF0B91605A},Port Heiden,Unknown at Airport,,,56.95926079,-158.6392874,-281400.7501,782350.7613,Barge,3000,,,,,,AEA,,False,1996-08-25,2022-12-21T03:55:03Z,PORT HEIDEN,true,false,false,0.0,,2025
1375,{369BD22E-80EC-4EA0-89F9-C6FFE57A172E},1432,509,,,,,{DDC4A50C-4C3E-4DEF-B660-9185BACAD8C5},Port Lions,Kodiak Island Borough School District - Port Lions,2008 Airport Road,99550,57.868906,-152.8791,66328.06214,874638.5106,Road,2000,,2000,,,1,DEC,,False,,2022-12-21T03:55:03Z,PORT LIONS,false,false,true,0.0,,2025
1376,{1E92352C-691A-49A5-B8E8-782773562097},1433,874,370-BF-01,,,,{DDC4A50C-4C3E-4DEF-B660-9185BACAD8C5},Port Lions,"Kizhuyak Oil Sales, Inc.",1 Kizhuyak Drive,99550,57.862433,-152.856301,67687.40516,873945.7346,Barge,96000,32000,64000,,,6,DEC,,False,,2022-12-21T03:55:03Z,PORT LIONS,true,false,false,0.0,,2025
1377,{7C257586-80F1-486E-8553-C7820F24243E},1434,,,,84,834,{DDC4A50C-4C3E-4DEF-B660-9185BACAD8C5},Port Lions,"Port Lions Tribal Council, dba | Kizhuyak Oil Sales",,,57.86890203,-152.8805426,66245.00193,874637.1094,Barge,90600,,,,,,AEA,,False,1996-11-13,2022-12-21T03:55:03Z,PORT LIONS,true,false,false,0.0,,2025
1378,{643042A2-CA9E-4BF2-B2DA-99F186999078},1435,,370-BF-03,,85,835,{DDC4A50C-4C3E-4DEF-B660-9185BACAD8C5},Port Lions,Kodiak Electric Association,,,57.86797048,-152.882919,66109.26283,874546.1815,Barge,1100,,,,,,AEA,,False,1996-11-13,2022-12-21T03:55:03Z,PORT LIONS,true,false,false,0.0,,2025
1379,{0F542138-8AC9-4FCA-84D7-E15C2511E8AA},1436,1256,,ANC-P-016,,,{0171F9D8-7C44-4712-ABC3-3803E4B09A49},Port Moller,"Peter Pan Seafoods, Inc. Port Moller",,99571,55.987011,-160.57696,-409323.0303,684365.5784,Barge,330600,16000,314600,,,9,DEC,,True,2007-06-13,2022-12-21T03:55:03Z,PORT MOLLER,true,false,false,,,2025
1380,{8D44AF61-AB31-4870-AB4E-4D0246D4376E},1437,,,,57,878,{F783848B-F9FA-4D67-B681-88C19008013B},Port Protection,Wooden Wheel Cove Trading Post,,,56.32221123,-133.6125314,1239759.266,893261.2989,Barge,24094,,,,,,AEA,,False,1997-09-30,2022-12-21T03:55:03Z,PORT PROTECTION,true,false,false,0.0,,2025
1381,{C8DF6A5F-A2B8-4E05-A26C-E2CFB7A19B4D},1438,532,,,,,{83695BF1-4D27-4C4A-9B1B-BA6F0E0CFB2B},Portage,Alaska Railroad - Portage,176 Portage Glacier Highway,99587,60.818333,-148.973989,272203.6849,1214137.894,Road,3000,,3000,,,1,DEC,,False,,2022-12-21T03:55:03Z,PORTAGE,false,false,true,,,2025
1382,{9FF07A4A-E872-482A-AE33-1D74601D306C},1439,143,,,,,{A86C2FBC-0704-4117-9A7E-E4A3DD3415BD},Prudhoe Bay,Peak Oilfield Service Co. LLC,100 Spine Road,99734,70.231111,-148.379444,215885.0831,2259304.064,Road,52000,12000,40000,,,3,DEC,,False,,2022-12-21T03:55:03Z,PRUDHOE BAY,false,false,true,0.0,,2025
1383,{6326F4C4-82C0-47FA-8A97-704CCB99399C},1440,268,,,,,{A86C2FBC-0704-4117-9A7E-E4A3DD3415BD},Prudhoe Bay,DOT&PF Deadhorse MS,,99734,70.197372,-148.470778,212692.0135,2255344.288,Road,3000,3000,,,,1,DEC,,False,,2022-12-21T03:55:03Z,PRUDHOE BAY,false,false,true,0.0,,2025
1384,{4669A088-FDE7-4974-9B95-0EEA23C33FC4},1441,817,,,,,{A86C2FBC-0704-4117-9A7E-E4A3DD3415BD},Prudhoe Bay,AT&T - Prudhoe Bay - Franklin Bluff,,99734,69.7893,-148.4925,215565.0336,2210649.949,Plane,3750,,3750,,,3,DEC,,False,,2022-12-21T03:55:03Z,PRUDHOE BAY,false,true,false,32.25,,2025
1385,{F5EA86DC-3AD5-4EBB-9B32-1E3296DE10A4},1442,820,,,,,{A86C2FBC-0704-4117-9A7E-E4A3DD3415BD},Prudhoe Bay,AT&T - Prudhoe Bay - Tea Lake,Milepost 270 James Dalton Highway,99701,60.427222,-150.653611,183536.6439,1164706.366,Road,1250,,1250,,,1,DEC,,False,,2022-12-21T03:55:03Z,PRUDHOE BAY,false,false,true,1078.2,,2025
1386,{CB76F2D9-3BE8-4FBD-AA72-19659BA88B47},1443,847,,ANC-P-025,,,{A86C2FBC-0704-4117-9A7E-E4A3DD3415BD},Prudhoe Bay,Colville - Prudhoe Bay,,99734,70.199423,-148.448703,213521.5134,2255635.126,Road,60000,,10000,50000,,6,DEC,,True,,2022-12-21T03:55:03Z,PRUDHOE BAY,false,false,true,0.0,,2025
1387,{51417ED5-3E1D-4A90-98BE-EE63632631CB},1444,860,,,,,{A86C2FBC-0704-4117-9A7E-E4A3DD3415BD},Prudhoe Bay,Halliburton - Prudhoe Bay - Baroid Mud Plant,2422 Spine Road,99734,70.333772,-149.063918,188808.7216,2268447.126,Road,7100,,7100,,,1,DEC,,False,,2022-12-21T03:55:03Z,PRUDHOE BAY,false,false,true,0.0,,2025
1388,{D2C96C71-BCAE-424D-9393-241DF0F42EE0},1445,861,,,,,{A86C2FBC-0704-4117-9A7E-E4A3DD3415BD},Prudhoe Bay,Halliburton - Prudhoe Bay,2805 Spine Road,99734,70.225943,-148.412871,214651.845,2258649.467,Road,2000,,2000,,,1,DEC,,False,,2022-12-21T03:55:03Z,PRUDHOE BAY,false,false,true,0.0,,2025
1389,{00CFB075-110B-4FAE-AD61-956F3ABCF6D8},1446,876,,,,,{A86C2FBC-0704-4117-9A7E-E4A3DD3415BD},Prudhoe Bay,Prudhoe Bay Mud Plant,100 Spine Road,99734,70.227634,-148.393283,215382.8594,2258892.413,Road,2000,,2000,,,1,DEC,,False,,2022-12-21T03:55:03Z,PRUDHOE BAY,false,false,true,0.0,,2025
1390,{894AC954-4844-4F69-B96A-3ED58FAA4D88},1447,961,,,,,{A86C2FBC-0704-4117-9A7E-E4A3DD3415BD},Prudhoe Bay,CH2M North Slope Field Services,#1 Spine Road,99734,70.224899,-148.414131,214611.0535,2258518.523,Road,3000,,3000,,,2,DEC,,False,,2022-12-21T03:55:03Z,PRUDHOE BAY,false,false,true,0.0,,2025
1391,{70972937-9205-4869-88C9-F47DBC3ADEA7},1448,1243,,,,,{A86C2FBC-0704-4117-9A7E-E4A3DD3415BD},Prudhoe Bay,Sag River Camp,9874 Sag River Road,99734,70.213914,-148.40287,215142.8387,2257355.415,Road,21800,,21800,,,3,DEC,,False,,2022-12-21T03:55:03Z,PRUDHOE BAY,false,false,true,0.0,,2025
1392,{B41C346B-C17B-4154-A14C-3B28B36C4C1D},1449,249,375-BF-01,,,,{B6E9CAAD-60A0-4BA0-9CA6-A849C3DAFC42},Quinhagak,Alaska Army National Guard - Quinhagak Readiness Center,,99655,59.7532,-161.895352,-441134.1873,1110955.355,Road,1500,,1500,,,1,DEC,,False,,2022-12-21T03:55:03Z,QUINHAGAK,false,false,true,0.0,,2025
1393,{9EE26DD2-4A76-4497-A338-80454B55D00E},1450,931,,,,,{B6E9CAAD-60A0-4BA0-9CA6-A849C3DAFC42},Quinhagak,Alaska Village Electric Cooperative - Quinhagak,General Delivery,99655,59.747485,-161.910839,-442073.3384,1110414.622,,179100,,179100,,,17,DEC,,False,,2022-12-21T03:55:03Z,QUINHAGAK,,,,0.0,,2025
1394,{D4587BF4-E139-47DD-BC30-428544F2F8A8},1451,,376-BF-01,ANC-Q-005,852,267,{B6E9CAAD-60A0-4BA0-9CA6-A849C3DAFC42},Quinhagak,"Qanirtuuq, Inc - Retail Sales",,,59.74968709,-161.9034265,-441630.0192,1110609.052,Barge,221500,110300,111200,,,17,AEA,2015 Assessment,True,2015-04-27,2022-12-21T03:55:03Z,QUINHAGAK,true,false,false,0.0,,2025
1395,{2017458D-BB37-4241-8770-3494EBE5EE60},1452,,,,860,270,{B6E9CAAD-60A0-4BA0-9CA6-A849C3DAFC42},Quinhagak,City of Quinhagak - WTP,,,59.7468818,-161.9065164,-441840.4258,1110318.013,Barge,12000,,12000,,,1,AEA,2015 Assessment,False,2015-04-27,2022-12-21T03:55:03Z,QUINHAGAK,true,false,false,0.0,,2025
1396,{B8D4BCC5-2A6C-4A5F-A0E1-F1F3FDE9F2B4},1453,,376-BF-02,,862,561,{B6E9CAAD-60A0-4BA0-9CA6-A849C3DAFC42},Quinhagak,Lower Kuskokwim School District,,,59.75185441,-161.8959056,-441179.9606,1110802.724,Barge,65000,,65000,,,4,AEA,2015 Assessment,False,2015-04-27,2022-12-21T03:55:03Z,QUINHAGAK,true,false,false,0.0,,2025
1397,{5456D64C-D158-422D-A371-B6F74124189E},1454,,375-BF-04,ANC-Q-002,856,566,{B6E9CAAD-60A0-4BA0-9CA6-A849C3DAFC42},Quinhagak,City & Native Village of Quinhagak,,,59.74518446,-161.9179319,-442496.3379,1110217.805,Barge,48700,7300,41400,,,6,AEA,2015 Assessment,True,2015-04-27,2022-12-21T03:55:03Z,QUINHAGAK,true,false,false,0.0,,2025
1398,{9150F0C7-6592-410A-94F0-8D62A5392586},1455,145,377-BF-02,,,,{6202BDF2-C7DB-4E68-839D-27ED74C85EA2},Rampart,Rampart Village Council,,99767,65.503,-150.172,177258.0176,1732233.368,Plane,13000,,13000,,,2,DEC,,False,,2022-12-21T03:55:03Z,RAMPART,false,true,false,0.0,,2025
1399,{2DE3C9D9-65AB-402D-9940-9217BA3EB1B0},1456,296,,,,,{6202BDF2-C7DB-4E68-839D-27ED74C85EA2},Rampart,DOT&PF Rampart APT,,99767,65.510778,-150.151281,178164.6486,1733157.527,Plane,1000,,1000,,,1,DEC,,False,,2022-12-21T03:55:03Z,RAMPART,false,true,false,0.0,,2025
1400,{05391BD2-6123-4ACE-8BCF-6651882699D5},1457,,377-BF-03,,294,1006,{6202BDF2-C7DB-4E68-839D-27ED74C85EA2},Rampart,Rampart Village Council / Yukon Flats School District,,,65.50359257,-150.1728923,177211.7547,1732298.8,Plane,57000,,57000,,,6,AEA,2015 Assessment,False,1997-07-14,2022-12-21T03:55:03Z,RAMPART,false,true,false,0.0,,2025
1401,{A9A5D050-3B47-437F-80C0-8BD0FAA3A474},1458,1222,,ANC-R-004,,,{60E24BB4-83DC-44A8-9CFE-7E855DA6622B},Red Devil,Middle Kuskokwim Electric Cooperative - Red Devil,,99656,61.783056,-157.339514,-175536.9416,1316130.647,Barge,18835,,18835,,,2,DEC,,True,1998-07-22,2022-12-21T03:55:03Z,RED DEVIL,true,false,false,0.0,,2025
1402,{EA8037D3-7189-4248-9499-E94F9DEB1ECB},1459,,,,298,128,{60E24BB4-83DC-44A8-9CFE-7E855DA6622B},Red Devil,Red Devil Lodge | Vaderpool International,,,61.7808079,-157.3345474,-175283.2121,1315871.852,Barge,22800,,,,,,AEA,,False,1998-07-22,2022-12-21T03:55:03Z,RED DEVIL,true,false,false,0.0,,2025
1403,{A6656A06-FB6E-44F6-8DEB-0A79C30970C9},1460,,115-BF-07,,108,137,{60E24BB4-83DC-44A8-9CFE-7E855DA6622B},Red Devil,Kuspuk School District,,,61.58083535,-159.5510516,-277593.6629,1299211.206,Barge,142100,,,,,,AEA,,True,1998-07-20,2022-12-21T03:55:03Z,RED DEVIL,true,false,false,113.23,,2025
1404,{2120284C-BF36-47C9-B064-FF414EB4FE7E},1461,,,,299,317,{60E24BB4-83DC-44A8-9CFE-7E855DA6622B},Red Devil,"Lockhheed Martin Helicopters | General Delivery | Red Devil, AK 99656",,,61.78250226,-157.3368434,-175399.325,1316055.381,Barge,4800,,,,,,AEA,,False,1998-07-22,2022-12-21T03:55:03Z,RED DEVIL,true,false,false,0.0,,2025
1405,{6E246E33-5F7D-4CA3-B421-60A0EF328649},1462,,,,297,603,{60E24BB4-83DC-44A8-9CFE-7E855DA6622B},Red Devil,Red Devil Hardware,,,61.78301968,-157.3367147,-175386.2802,1316123.068,Barge,7600,,,,,,AEA,,False,1998-07-22,2022-12-21T03:55:03Z,RED DEVIL,true,false,false,0.0,,2025
1406,{D01F6BDD-1243-4DD4-8535-C3B8E665FA0C},1463,297,,,,,{E0D07527-6185-42A6-87A3-465F20FDF512},Ruby,DOT&PF Ruby APT,,99768,64.734197,-155.461475,-69592.82178,1642191.967,Plane,2000,,2000,,,1,DEC,,False,,2022-12-21T03:55:03Z,RUBY,false,true,false,0.0,,2025
1407,{0038F2D1-22F0-45C9-B78F-02C0A50909B1},1464,492,380-BF-02,,,,{E0D07527-6185-42A6-87A3-465F20FDF512},Ruby,Yukon Koyukuk School District - Ruby,PO Box 66110,99768,64.741278,-155.467233,-69848.83054,1642973.892,Road,13000,,13000,,,3,DEC,,False,,2022-12-21T03:55:03Z,RUBY,false,false,true,0.0,,2025
1408,{1E8B6CD0-23A6-46F4-B08A-F60D09F8CD91},1465,,380-BF-01,,300,318,{E0D07527-6185-42A6-87A3-465F20FDF512},Ruby,"State of Alaska, Dept. of Transportation",,,64.73767738,-155.4922525,-71046.06567,1642598.813,Barge,4000,,,,,,AEA,,False,1997-07-17,2022-12-21T03:55:03Z,RUBY,true,false,false,0.0,,2025
1409,{E55B146D-4351-4F1D-838C-CBE8D7A2A8FC},1466,,,,301,319,{E0D07527-6185-42A6-87A3-465F20FDF512},Ruby,City of Ruby,,,64.73924553,-155.489168,-70899.57379,1642779.381,Barge,12000,,,,,,AEA,,False,1997-07-16,2022-12-21T03:55:03Z,RUBY,true,false,false,0.0,,2025
1410,{BFB14370-94DF-41D5-859D-B21FCE998FE3},1467,,,ANC-R-006,302,320,{E0D07527-6185-42A6-87A3-465F20FDF512},Ruby,Dineega Fuel,,,64.7406442,-155.4892538,-70896.06296,1642935.921,Barge,194800,,,,,,AEA,,True,1997-07-16,2022-12-21T03:55:03Z,RUBY,true,false,false,0.0,,2025
1411,{80B1E5C2-BB9E-4ADA-B223-19A86DAEE9E4},1468,667,381-BF-03,ANC-R-011,,,{8DA86262-15AB-46C9-B997-7983A9FF34AB},Russian Mission,Lower Yukon School District - Russian Mission,PO Box 90,99657,61.785553,-161.327278,-384497.6419,1333242.367,Barge,85000,,85000,,,7,DEC,,True,2008-09-19,2022-12-21T03:55:03Z,RUSSIAN MISSION,true,false,false,0.0,,2025
1412,{861754D6-9098-4EE9-991A-8A67BE29D4E1},1469,932,380-BF-03,,,,{8DA86262-15AB-46C9-B997-7983A9FF34AB},Russian Mission,Alaska Village Electric Cooperative - Russian Mission,General Delivery,99657,61.785713,-161.325452,-384401.9467,1333231.768,,190200,,190200,,,7,DEC,,False,,2022-12-21T03:55:03Z,RUSSIAN MISSION,,,,0.0,,2025
1413,{3679B53D-9AE5-4B42-BEE4-D8A171EAB2C1},1470,1259,381-BF-06,ANC-R-010,,,{8DA86262-15AB-46C9-B997-7983A9FF34AB},Russian Mission,Russian Mission Native Corporation,,99657,61.784251,-161.318777,-384074.7079,1333037.592,Barge,83000,53000,30000,,,7,DEC,,True,,2022-12-21T03:55:03Z,RUSSIAN MISSION,true,false,false,0.0,,2025
1414,{D3AB658E-4DCD-4C78-969F-0BA4EA63EC9F},1471,,,,638,324,{8DA86262-15AB-46C9-B997-7983A9FF34AB},Russian Mission,Russian Mission Native Corp. - Retail Sales,,,61.78439867,-161.3187439,-384069.2658,1333057.591,Barge,74750,44750,30000,,,7,AEA,2015 Assessment & Best Practice Assessment,False,2015-06-10,2022-12-21T03:55:03Z,RUSSIAN MISSION,true,false,false,0.0,,2025
1415,{5BFB43F5-855A-4897-8C0E-293579F1C6C9},1472,,381-BF-02,ANC-R-009,639,325,{8DA86262-15AB-46C9-B997-7983A9FF34AB},Russian Mission,Russian Mission Native Store - Retail Gasoline,,,61.78423635,-161.3220162,-384243.7786,1333056.304,Barge,9000,,9000,,,1,AEA,2015 Assessment & Best Practice Assessment,True,2015-06-10,2022-12-21T03:55:03Z,RUSSIAN MISSION,true,false,false,0.0,,2025
1416,{CD59A84B-EAA2-435A-B68A-251A0FA02239},1473,,380-BF-04,ANC-R-008,640,326,{8DA86262-15AB-46C9-B997-7983A9FF34AB},Russian Mission,City of Russian Mission - WTP,,,61.78618414,-161.324162,-384327.4476,1333292.191,Barge,8400,,8400,,,2,AEA,2015 Assessment & Best Practice Assessment,True,2015-06-10,2022-12-21T03:55:03Z,RUSSIAN MISSION,true,false,false,0.0,,2025
1417,{852A9253-8E7F-4AE9-B965-550A2EBFA180},1474,,,,1011,481,{55AFA1A4-5677-44A5-A22C-9F9D370747CE},Saint George,St. George Delta Fuel Co.,,,56.60242572,-169.5457624,-944353.3828,843740.8423,Barge,1066200,,,,,,AEA,Best Practice Assessment,False,2000-11-06,2022-12-21T03:55:03Z,ST GEORGE,true,false,false,0.0,,2025
1418,{60BD1DF4-D095-4F2B-A8BE-5B989A77E9D6},1475,,383-BF-01,,1012,482,{55AFA1A4-5677-44A5-A22C-9F9D370747CE},Saint George,"St. George Tanaq Corporation | 2600 Denali Street, Suite 300 | Anchorage, AK 99503",,,56.60328315,-169.5462397,-944358.3284,843833.021,Barge,5200,,,,,,AEA,,False,2000-11-06,2022-12-21T03:55:03Z,ST GEORGE,true,false,false,0.0,,2025
1419,{4A687B18-56BC-47EE-AE19-F5B59F929D13},1476,,,,1013,546,{55AFA1A4-5677-44A5-A22C-9F9D370747CE},Saint George,"Pribilof School District | Pouch 905 | St. Paul, AK 99660",,,56.60283799,-169.543344,-944189.4605,843750.7568,Barge,1000,,,,,,AEA,,False,2000-11-05,2022-12-21T03:55:03Z,ST GEORGE,true,false,false,0.0,,2025
1420,{8C87980B-33BC-4627-AFBC-6427DFE0F128},1477,,381-BF-01,ANC-S-079,1010,607,{55AFA1A4-5677-44A5-A22C-9F9D370747CE},Saint George,City of St. George,,,56.60271922,-169.5461622,-944365.2638,843771.6752,Barge,4000,,,,,,AEA,,True,2000-11-05,2022-12-21T03:55:03Z,ST GEORGE,true,false,false,0.0,,2025
1421,{5AA9BCDF-259D-4BC9-81C5-9630A137311C},1478,,,,1014,990,{55AFA1A4-5677-44A5-A22C-9F9D370747CE},Saint George,"Peninsula Airways, Inc. | 6100 Boeing Avenue | Anchorage, AK 99502",,,56.60239282,-169.5455849,-944342.4637,843738.2386,Barge,2000,,,,,,AEA,,False,2000-11-06,2022-12-21T03:55:03Z,ST GEORGE,true,false,false,0.0,,2025
1422,{15B249BC-700E-47F6-A75F-F39B21D66AD6},1479,167,383-BF-04,,,,{55AFA1A4-5677-44A5-A22C-9F9D370747CE},Saint George,Delta Western - Saint George,Waterfront Drive,99591,56.572258,-169.671067,-952610.3892,842259.3142,Barge,132000,26000,81000,25000,,8,DEC,,False,,2022-12-21T03:55:03Z,ST GEORGE,true,false,false,0.0,community_name,2025
1423,{9F3D036A-E04E-431E-919E-5677FE81308D},1480,458,383-BF-02,,,,{55AFA1A4-5677-44A5-A22C-9F9D370747CE},Saint George,AK DOT&PF St. George,,99591,56.577222,-169.663611,-952030.0143,842687.0238,,1000,,1000,,,1,DEC,,False,,2022-12-21T03:55:03Z,ST GEORGE,,,,0.0,community_name,2025
1424,{1FF8EE87-BBCC-416D-9B93-4AE5B2704310},1481,979,383-BF-03,,,,{55AFA1A4-5677-44A5-A22C-9F9D370747CE},Saint George,City of Saint George,PO Box 929,99591,56.602823,-169.543351,-944189.4605,843750.7568,Barge,10000,,10000,,,1,DEC,,False,,2022-12-21T03:55:03Z,ST GEORGE,true,false,false,0.0,community_name,2025
1425,{14E28DA5-69A4-4D2F-BB92-286834F0B46F},1482,355,386-BF-01,,,,{8AB67F75-EAB7-4DEB-8885-83230D155E9C},Saint Mary's,DOT&PF Saint Mary's APT,,99658,62.057547,-163.294789,-482901.6974,1376272.014,Plane,8000,,8000,,,2,DEC,,False,,2022-12-21T03:55:03Z,ST MARYS,false,true,false,0.0,community_name,2025
1426,{E7455FE8-21D1-4DB9-B9A2-3E131F07722C},1483,763,,,,,{8AB67F75-EAB7-4DEB-8885-83230D155E9C},Saint Mary's,City of Saint Marys,PO Box 209,99658,62.051516,-163.175166,-476818.1376,1374724.508,Barge,21500,,21500,,,9,DEC,,False,,2022-12-21T03:55:03Z,ST MARYS,true,false,false,0.0,community_name,2025
1427,{FB96C24B-7E2D-41A4-BB41-17A5FC20670F},1484,939,,,,,{8AB67F75-EAB7-4DEB-8885-83230D155E9C},Saint Mary's,Alaska Village Electric Cooperative - Saint Mary's,General Delivery,99658,62.0519,-163.17254,-476676.9758,1374746.228,,385500,,385500,,,18,DEC,,False,,2022-12-21T03:55:03Z,ST MARYS,,,,0.0,community_name,2025
1428,{D74EF297-A73B-4181-A759-56C37FDE41DF},1485,1093,386-BF-02,,,,{8AB67F75-EAB7-4DEB-8885-83230D155E9C},Saint Mary's,Federal Aviation Administration - Saint Marys - KSM SACOM,,99658,62.06083,-163.3018,-483213.4782,1376681.255,Road,1000,,1000,,,1,DEC,,False,,2022-12-21T03:55:03Z,ST MARYS,false,false,true,0.0,community_name,2025
1429,{8AD14672-6D41-4612-9C63-B8526F36290D},1486,1262,,,,,{8AB67F75-EAB7-4DEB-8885-83230D155E9C},Saint Mary's,Saint Mary's City School District,1 Dixon Cir,99658,62.052793,-163.181297,-477111.6739,1374923.823,Barge,121000,,121000,,,10,DEC,,False,2015-05-04,2022-12-21T03:55:03Z,ST MARYS,true,false,false,0.0,community_name,2025
1430,{2A2F0E07-8AD2-4D14-8DED-80191257F7F4},1487,,,,671,452,{8AB67F75-EAB7-4DEB-8885-83230D155E9C},Saint Mary's,City of Saint Mary's - Upper Pump House,,,62.05650075,-163.177192,-476848.2044,1375293.727,Barge,4000,,4000,,,1,AEA,2015 Assessment & Best Practice Assessment,False,2015-05-04,2022-12-21T03:55:03Z,ST MARYS,true,false,false,0.0,,2025
1431,{69EE9C79-67EB-416E-9868-DDF61D587BF5},1488,,,,672,453,{8AB67F75-EAB7-4DEB-8885-83230D155E9C},Saint Mary's,City of Saint Mary's - Dock Storage,,,62.05152307,-163.1723425,-476673.1586,1374704.353,Barge,6000,,6000,,,4,AEA,2015 Assessment & Best Practice Assessment,False,2015-05-04,2022-12-21T03:55:03Z,ST MARYS,true,false,false,0.0,,2025
1432,{D9EF5217-BAAC-4EEF-8883-FE240CA4CBDC},1489,,386-BF-03,,673,773,{8AB67F75-EAB7-4DEB-8885-83230D155E9C},Saint Mary's,City of St. Mary's - Maintenance Building,,,62.05165381,-163.171908,-476648.2777,1374721.567,Barge,9500,500,9000,,,5,AEA,2015 Assessment & Best Practice Assessment,False,2015-05-04,2022-12-21T03:55:03Z,ST MARYS,true,false,false,0.0,,2025
1433,{5CD6F72F-BE50-4016-AC72-80DF8A393B12},1490,,386-BF-12,,685,902,{8AB67F75-EAB7-4DEB-8885-83230D155E9C},Saint Mary's,City of St. Mary's - Lower Pump House,,,62.04838521,-163.1959674,-477942.1588,1374543.323,Barge,3000,,3000,,,1,AEA,2015 Assessment & Best Practice Assessment,False,2015-05-04,2022-12-21T03:55:03Z,ST MARYS,true,false,false,0.0,,2025
1434,{2C29BFFD-EE44-4623-AB67-8AD4B8047DCD},1491,253,386-BF-07,,,,{9BB36ABC-66B2-4E89-99FA-C2128E2AFCC9},Saint Michael,Alaska Army National Guard - St. Michael Readiness Center,,99671,63.478217,-162.041424,-398945.563,1525392.654,Road,1500,,1500,,,1,DEC,,False,,2022-12-21T03:55:03Z,ST MICHAEL,false,false,true,0.0,,2025
1435,{BF76F338-B8AA-4609-AA28-F3921F9695DC},1492,88,387-BF-01,ANC-S-055,,,{9BB36ABC-66B2-4E89-99FA-C2128E2AFCC9},Saint Michael,Vitus Terminal - Saint Michael,,99659,63.478,-162.047,-399225.2518,1525406.092,Barge,26000,26000,,,,2,DEC,,True,,2022-12-21T03:55:03Z,ST MICHAEL,true,false,false,0.0,,2025
1436,{1B9700AB-35C9-4023-A262-4A95B4E49C8F},1493,205,387-BF-05,,,,{9BB36ABC-66B2-4E89-99FA-C2128E2AFCC9},Saint Michael,Bering Strait School District - Saint Michael,100 Old Airport Road,99659,63.482646,-162.029498,-398297.9416,1525815.322,Barge,92000,,92000,,,4,DEC,,False,,2022-12-21T03:55:03Z,ST MICHAEL,true,false,false,0.0,,2025
1437,{8F116362-8543-41B1-84DF-46B0EC78C58B},1494,552,387-BF-07,ANC-S-109,,,{9BB36ABC-66B2-4E89-99FA-C2128E2AFCC9},Saint Michael,City of Saint Michael,PO Box 59070,99659,63.478752,-162.038572,-398795.7075,1525443.11,Barge,71000,10000,61000,,,9,DEC,,True,1998-09-17,2022-12-21T03:55:03Z,ST MICHAEL,true,false,false,0.0,,2025
1438,{EBAB23EE-9C6B-4BD5-A51F-1E23EFD52514},1495,,386-BF-14,,697,74,{9BB36ABC-66B2-4E89-99FA-C2128E2AFCC9},Saint Michael,"Alaska Army National Guard | General Delivery | Saint Michael, AK 99659",,,63.47820605,-162.0414216,-398945.563,1525392.654,Barge,10000,,,,,,AEA,,False,1998-09-17,2022-12-21T03:55:03Z,ST MICHAEL,true,false,false,0.0,,2025
1439,{A3C09E30-FF98-4742-A0FB-3CBE3697ADBC},1496,,387-BF-13,,698,75,{9BB36ABC-66B2-4E89-99FA-C2128E2AFCC9},Saint Michael,"Alaska Department of TransportationAirport Heavy Equipment StorageGeneral DeliverySaint Michael, AK 99659",,,63.47941332,-162.0333642,-398534.3705,1525480.019,Barge,3000,,,,,,AEA,,False,1998-09-17,2022-12-21T03:55:03Z,ST MICHAEL,true,false,false,0.0,,2025
1440,{41AA42C0-BF55-4E9B-A88E-0578D52BAF81},1497,,387-BF-12,,691,472,{9BB36ABC-66B2-4E89-99FA-C2128E2AFCC9},Saint Michael,"Alaska Village electric Cooperative | General Delivery | Saint Michael, AK 99659",,,63.47803119,-162.0382459,-398791.344,1525353.286,Barge,76000,,,,,,AEA,,False,1998-09-17,2022-12-21T03:55:03Z,ST MICHAEL,true,false,false,0.0,,2025
1441,{7A206A94-00D4-4121-BA0A-35593A0FADDC},1498,,387-BF-06,ANC-S-056,694,475,{9BB36ABC-66B2-4E89-99FA-C2128E2AFCC9},Saint Michael,Bering Straits School District,,,65.33289523,-166.4864243,-578652.5567,1762717.264,Barge,52000,,,,,,AEA,,True,1899-12-30,2022-12-21T03:55:03Z,ST MICHAEL,true,false,false,289.32,,2025
1442,{FCF5DE13-804A-4060-9FE1-B8560D4A7056},1500,,386-BF-15,,696,476,{9BB36ABC-66B2-4E89-99FA-C2128E2AFCC9},Saint Michael,Alaska Commercial Company,,,63.47743232,-162.0293812,-398359.6263,1525232.118,Barge,10000,,,,,,AEA,,False,1998-09-17,2022-12-21T03:55:03Z,ST MICHAEL,true,false,false,0.0,,2025
1443,{7BB86274-5C89-4083-9160-7B35466B0C5B},1502,,,,1071,1002,{B7D914E8-D125-49F0-B374-8AE610E5DBC7},Saint Paul,Health Center - Aleut Community of St Paul Island,,,57.12254751,-170.274138,-973645.0671,910651.4254,Barge,2500,,2500,,,1,AEA,2015 Assessment,False,2015-04-27,2022-12-21T03:55:03Z,ST PAUL,true,false,false,0.0,,2025
1444,{EF318649-1C9B-45B9-8616-DCC8F7FB4907},1503,,,ANC-S-048,1015,477,{B7D914E8-D125-49F0-B374-8AE610E5DBC7},Saint Paul,City of St. Paul (Dispensing Facility Only),,,57.13370027,-170.2662945,-972888.0226,911733.2483,Barge,8000,4000,4000,,,2,AEA,2015 Assessment,True,2015-04-27,2022-12-21T03:55:03Z,ST PAUL,true,false,false,0.0,,2025
1445,{E239BC24-44CF-4882-8407-56CAEAEE0463},1504,,,,1025,543,{B7D914E8-D125-49F0-B374-8AE610E5DBC7},Saint Paul,Tanadgusix (TDX) Corporation - Airport Facility,,,57.1575516,-170.220569,-969567.5539,913636.0786,Barge,2700,,2700,,,1,AEA,2015 Assessment,False,2015-04-27,2022-12-21T03:55:03Z,ST PAUL,true,false,false,0.0,,2025
1446,{787EC87D-7389-4E27-A739-748992563E44},1505,,,ANC-S-057,1016,547,{B7D914E8-D125-49F0-B374-8AE610E5DBC7},Saint Paul,City of St Paul - Powerhouse Tank Farm,,,57.1340896,-170.26728,-972931.7678,911786.3182,Barge,12000,,12000,,,2,AEA,2015 Assessment,True,2015-04-27,2022-12-21T03:55:03Z,ST PAUL,true,false,false,0.0,,2025
1447,{2C5EE7B4-B6FD-490D-A50C-76C7122A724C},1506,,,,1017,548,{B7D914E8-D125-49F0-B374-8AE610E5DBC7},Saint Paul,City of St. Paul - Motor Pool Building,,,57.13352998,-170.2671199,-972941.1351,911718.4339,Barge,4000,,4000,,,1,AEA,2015 Assessment,False,2015-04-27,2022-12-21T03:55:03Z,ST PAUL,true,false,false,0.0,,2025
1448,{E52F8BF1-0669-4629-8E08-E889F6CF8435},1507,,390-BF-02,,1020,609,{B7D914E8-D125-49F0-B374-8AE610E5DBC7},Saint Paul,Tanadgusix Corporation - Power Plant,,,57.15763712,-170.2209241,-969578.8408,913666.9777,Barge,3000,,3000,,,1,AEA,2015 Assessment,False,2015-04-27,2022-12-21T03:55:03Z,ST PAUL,true,false,false,0.0,,2025
1449,{569725C5-F6E9-4B28-96C7-8BDF5BCB6C06},1508,40,391-BF-08,,,,{B7D914E8-D125-49F0-B374-8AE610E5DBC7},Saint Paul,LORAN Station St. Paul,900 Polovina Turnpike,99660,57.150475,-170.250733,-971514.751,913321.3323,Road,10000,,10000,,,2,DEC,,False,,2022-12-21T03:55:03Z,ST PAUL,false,false,true,0.0,community_name,2025
1450,{66E08F69-68FD-40AD-99B3-7A2007C0697D},1509,35,391-BF-07,,,,{B7D914E8-D125-49F0-B374-8AE610E5DBC7},Saint Paul,Forward Operating Location St. Paul,Saint Paul Airport,99660,57.15813,-170.229828,-970090.9559,913836.7764,,12000,,,12000,,1,DEC,,False,,2022-12-21T03:55:03Z,ST PAUL,,,,0.0,community_name,2025
1451,{7AFEC631-2122-4F7A-AA44-2584FAFBC1D0},1510,459,390-BF-01,,,,{B7D914E8-D125-49F0-B374-8AE610E5DBC7},Saint Paul,AK DOT&PF Saint Paul Island,,99660,57.157869,-170.220672,-969556.0208,913682.355,,2000,,2000,,,2,DEC,,False,,2022-12-21T03:55:03Z,ST PAUL,,,,0.0,community_name,2025
1452,{8D19934A-76B9-4669-B600-BFECB43DCCF3},1511,890,391-BF-05,,,,{B7D914E8-D125-49F0-B374-8AE610E5DBC7},Saint Paul,Trident - Saint Paul,1027 Harbor Road,99660,57.124673,-170.283921,-974162.995,911012.741,Road,12000,,12000,,,1,DEC,,False,,2022-12-21T03:55:03Z,ST PAUL,false,false,true,0.0,community_name,2025
1453,{52B7BAA3-AC93-4AF7-8E9A-0DEEE954C6EE},1512,998,391-BF-06,,,,{B7D914E8-D125-49F0-B374-8AE610E5DBC7},Saint Paul,Pribilof School District - Saint Paul,PO Box 207,99660,57.121002,-170.279556,-974002.9348,910558.3437,Barge,3000,,3000,,,1,DEC,,False,,2022-12-21T03:55:03Z,ST PAUL,true,false,false,0.0,community_name,2025
1454,{C2EE3D68-85C8-4D15-8DCF-735AE274FD08},1513,1088,390-BF-03,,,,{B7D914E8-D125-49F0-B374-8AE610E5DBC7},Saint Paul,Federal Aviation Administration - Saint Paul - SNP ATCBI,,99660,57.17063,-170.2194,-969142.1181,915053.7328,Road,1000,,1000,,,1,DEC,,False,,2022-12-21T03:55:03Z,ST PAUL,false,false,true,0.0,community_name,2025
1455,{952659E7-1F6B-458C-B0BD-64F21D2CB9C8},1514,142,391-BF-01,,,,{BCCD0BE5-1002-4368-A664-108C425C91DD},Sand Point,Aleutians East Borough School District- Sand Point,PO Box 269,99661,55.351828,-160.475442,-409916.4919,613302.0617,Road,8000,,8000,,,1,DEC,,False,,2022-12-21T03:55:03Z,SAND POINT,false,false,true,0.0,,2025
1456,{EF7B6BA1-2FF6-404A-9A5F-01A83B09D969},1515,445,391-BF-03,,,,{BCCD0BE5-1002-4368-A664-108C425C91DD},Sand Point,AK DOT&PF Sand Point,,99661,53.896944,-166.54,-820751.0563,509159.8249,,2000,,2000,,,2,DEC,,False,,2022-12-21T03:55:03Z,SAND POINT,,,,415.34,,2025
1457,{E1693C3D-F6A9-432D-8B18-315BB5BCFB77},1516,603,393-BF-01,,,,{BCCD0BE5-1002-4368-A664-108C425C91DD},Sand Point,Ravn Air - Sand Point,,99661,55.318028,-160.521806,-413212.7742,609841.4767,Barge,5000,,,5000,,1,DEC,,False,,2022-12-21T03:55:03Z,SAND POINT,true,false,false,0.0,,2025
1458,{96BB9651-60E8-4357-9DC1-C24D1519AF25},1517,1230,,,,,{BCCD0BE5-1002-4368-A664-108C425C91DD},Sand Point,TDX - Sand Point,100 Power Plant Way,99661,55.345218,-160.489631,-410886.1745,612652.4798,Road,41000,,41000,,,3,DEC,,False,,2022-12-21T03:55:03Z,SAND POINT,false,false,true,0.0,,2025
1459,{81330027-5DF1-4FFC-9D97-F8CAFFAA18BB},1518,,,,999,416,{BCCD0BE5-1002-4368-A664-108C425C91DD},Sand Point,"Sand Point Generating, LLC - TDX Power",,,55.34571028,-160.4892746,-410854.5675,612697.196,Barge,40000,,40000,,,2,AEA,2015 Assessment,False,2015-05-07,2022-12-21T03:55:03Z,SAND POINT,true,false,false,0.0,,2025
1460,{5F071BE6-B2D3-4258-BB7E-50DE04BBB504},1519,,391-BF-02,,1003,419,{BCCD0BE5-1002-4368-A664-108C425C91DD},Sand Point,City of Sand Point - Maintenance Building,,,55.33534634,-160.4901621,-411025.1072,611552.7121,Barge,10800,,0,,10800,7,AEA,2015 Assessment,False,2015-05-07,2022-12-21T03:55:03Z,SAND POINT,true,false,false,0.0,,2025
1461,{8D426044-9314-4A84-8C3E-53D7A8E8EF82},1520,,391-BF-04,,1073,1003,{BCCD0BE5-1002-4368-A664-108C425C91DD},Sand Point,Aleutian East Borough School District,,,55.35193599,-160.4751129,-409897.2344,613300.178,Barge,8000,,8000,,,1,AEA,2015 Assessment,False,2015-05-07,2022-12-21T03:55:03Z,SAND POINT,true,false,false,0.0,,2025
1462,{01FC2D37-9430-4C4C-8FB2-A70260C93481},1521,,,,1075,1004,{BCCD0BE5-1002-4368-A664-108C425C91DD},Sand Point,Sand Point Health Clinic,,,55.33952497,-160.4993694,-411565.6071,612070.2224,Barge,1500,,1500,,,1,AEA,2015 Assessment,False,2015-05-07,2022-12-21T03:55:03Z,SAND POINT,true,false,false,0.0,,2025
1463,{26F3706A-EF0A-4C2E-99BB-9BC0372D55BA},1522,250,,,,,{72DFDB08-C634-4DC3-BA13-8C7F1E889436},Savoonga,Alaska Army National Guard - Savoonga Readiness Center,,99769,63.695286,-170.48242,-805375.4127,1625912.181,Road,4500,,4500,,,3,DEC,,False,,2022-12-21T03:55:03Z,SAVOONGA,false,false,true,0.0,,2025
1464,{3A1AD328-7F5C-4BD3-8EEA-B71BFE108918},1523,356,394-BF-03,,,,{72DFDB08-C634-4DC3-BA13-8C7F1E889436},Savoonga,DOT&PF Savoonga APT,,99769,63.690792,-170.487086,-805715.0772,1625491.927,Plane,2000,,2000,,,1,DEC,,False,,2022-12-21T03:55:03Z,SAVOONGA,false,true,false,0.0,,2025
1465,{2A805635-FBF8-4D78-9462-6183C5D358C5},1524,933,,ANC-S-003,,,{72DFDB08-C634-4DC3-BA13-8C7F1E889436},Savoonga,Alaska Village Electric Cooperative - Savoonga,General Delivery,99769,63.694988,-170.475011,-805024.0849,1625802.074,,216000,,216000,,,8,DEC,,True,1998-08-17,2022-12-21T03:55:03Z,SAVOONGA,,,,0.0,,2025
1466,{DDE35DBE-E122-4919-AC13-F1C44D4FA731},1525,,394-BF-06,,649,333,{72DFDB08-C634-4DC3-BA13-8C7F1E889436},Savoonga,City of Savoonga,,,63.69556156,-170.4843245,-805455.9103,1625974.776,Barge,9000,,,,,,AEA,,False,1998-08-18,2022-12-21T03:55:03Z,SAVOONGA,true,false,false,0.0,,2025
1467,{8970B1E0-DE4E-4A98-8A1B-5C858F18F05A},1526,,387-BF-06,ANC-S-056,694,475,{72DFDB08-C634-4DC3-BA13-8C7F1E889436},Savoonga,Bering Straits School District,,,65.33289523,-166.4864243,-578652.5567,1762717.264,Barge,52000,,,,,,AEA,,True,1899-12-30,2022-12-21T03:55:03Z,SAVOONGA,true,false,false,262.61,,2025
1468,{97F241AB-0575-407D-896D-47BC5D61389A},1527,,394-BF-01,ANC-S-004,644,330,{72DFDB08-C634-4DC3-BA13-8C7F1E889436},Savoonga,Native Village of Savoonga Store,,,63.69637692,-170.478209,-805147.0857,1625966.845,Barge,279000,,,,,,AEA,,True,1998-08-17,2022-12-21T03:55:03Z,SAVOONGA,true,false,false,0.0,,2025
1469,{177A8782-8C79-44EA-AA37-CDDBE4DD9E40},1528,,,,648,332,{72DFDB08-C634-4DC3-BA13-8C7F1E889436},Savoonga,"Water Treatment Plant-New | Savoonga, AK 99769",,,63.69616298,-170.4737888,-804936.7861,1625913.575,Barge,12000,,,,,,AEA,,False,1998-08-17,2022-12-21T03:55:03Z,SAVOONGA,true,false,false,0.0,,2025
1470,{C8EC9D39-F5C7-4B8E-94A5-4B7BE891EF44},1530,,,,565,92,{72DFDB08-C634-4DC3-BA13-8C7F1E889436},Savoonga,Presbyterian Church,,,63.77911319,-171.7340584,-862654.233,1650681.376,Barge,2700,,,,,,AEA,,False,1998-08-16,2022-12-21T03:55:03Z,SAVOONGA,true,false,false,57.71,,2025
1471,{DE33EAF6-CE90-4E59-BD71-AC863E6D0244},1531,413,,,,,{95BD0825-5CB3-4695-B177-4D026DA5894C},Scammon Bay,Scammon Bay Maintenance Station,,99662,61.8443,-165.5796,-604659.942,1371411.318,Road,2000,,2000,,,2,DEC,,False,,2022-12-21T03:55:03Z,SCAMMON BAY,false,false,true,0.0,,2025
1472,{3329718C-57DB-4741-9526-28493B9AFBF7},1532,668,,,,,{95BD0825-5CB3-4695-B177-4D026DA5894C},Scammon Bay,Lower Yukon School District - Scammon Bay,PO Box 230,99662,61.855556,-165.599781,-605485.8874,1372832.209,Barge,94419,1500,92919,,,7,DEC,,False,2015-05-27,2022-12-21T03:55:03Z,SCAMMON BAY,true,false,false,1.16,,2025
1473,{9D3A72F4-AA05-49D7-B2C6-F108BFE5084F},1533,934,395-BF-02,,,,{95BD0825-5CB3-4695-B177-4D026DA5894C},Scammon Bay,Alaska Village Electric Cooperative - Scammon Bay,General Delivery,99662,61.843214,-165.581955,-604798.7716,1371324.885,,160000,,160000,,,14,DEC,,False,,2022-12-21T03:55:03Z,SCAMMON BAY,,,,0.0,,2025
1474,{838491D3-14F7-4317-AFC9-3570A079A523},1534,957,395-BF-01,ANC-S-008,,,{95BD0825-5CB3-4695-B177-4D026DA5894C},Scammon Bay,Askinuk Corporation,403 Johnson Road,99662,61.843768,-165.587572,-605085.0594,1371416.922,Barge,152500,83000,69500,,,18,DEC,,True,,2022-12-21T03:55:03Z,SCAMMON BAY,true,false,false,0.0,,2025
1475,{BCB8E82D-3D1A-42BE-80FF-E02EE58FAC8E},1535,,000-BF-02,,651,334,{95BD0825-5CB3-4695-B177-4D026DA5894C},Scammon Bay,Askinuk Corporation - Retail Sales,,,61.84213778,-165.5815846,-604803.1306,1371207.831,Barge,146357,81857,64500,,,17,AEA,2017 Letter Report & Best Practice Assessment,False,2015-06-10,2022-12-21T03:55:03Z,SCAMMON BAY,true,false,false,0.0,,2025
1476,{2AA31D47-1FA0-4B12-855A-4442D50FDB7B},1536,,,,653,608,{95BD0825-5CB3-4695-B177-4D026DA5894C},Scammon Bay,City of Scammon Bay - WTP Operated by ARUC,,,61.84075303,-165.5824912,-604877.6958,1371061.563,Barge,12000,,12000,,,2,AEA,2017 Letter Report & Best Practice Assessment,False,2015-05-27,2022-12-21T03:55:03Z,SCAMMON BAY,true,false,false,0.0,,2025
1477,{2875753A-54D1-4AC4-9D2F-244B4D37B6ED},1537,,396-BF-01,,654,613,{95BD0825-5CB3-4695-B177-4D026DA5894C},Scammon Bay,City of Scammon Bay - Office,,,61.84116821,-165.5819065,-604837.8547,1371103.058,Barge,3000,,3000,,,1,AEA,2017 Letter Report & Best Practice Assessment,False,2015-05-27,2022-12-21T03:55:03Z,SCAMMON BAY,true,false,false,0.0,,2025
1478,{96FE6742-CA6A-4170-A567-DAE43F26A7A6},1538,251,,,,,{E0F2C831-698F-4BCE-8AC1-4162BE7D6DCD},Selawik,Alaska Army National Guard - Selawik Readiness Center,,99770,66.602116,-160.003305,-266723.3343,1861463.805,Road,1500,,1500,,,1,DEC,,False,1998-09-01,2022-12-21T03:55:03Z,SELAWIK,false,false,true,0.0,,2025
1479,{D9B91291-5840-478F-A822-A19E95DA2C23},1539,357,,,,,{E0F2C831-698F-4BCE-8AC1-4162BE7D6DCD},Selawik,DOT&PF Selawik APT,,99770,66.600197,-159.996972,-266457.7221,1861235.442,Plane,3000,,3000,,,1,DEC,,False,,2022-12-21T03:55:03Z,SELAWIK,false,true,false,0.0,,2025
1480,{B80548E9-C5CF-4823-A943-82BB8ADF4D12},1540,954,401-BF-05,ANC-S-012,,,{E0F2C831-698F-4BCE-8AC1-4162BE7D6DCD},Selawik,Selawik Tank Farm - Northwest Arctic Borough School District,PO Box 119,99770,66.606884,-160.016408,-267256.9095,1862043.403,Barge,151100,,151100,,,5,DEC,,True,,2022-12-21T03:55:03Z,SELAWIK,true,false,false,0.0,,2025
1481,{DC60B9F5-62A5-457E-A0B7-8BA4851ABE97},1541,955,401-BF-04,ANC-S-000,,,{E0F2C831-698F-4BCE-8AC1-4162BE7D6DCD},Selawik,Selawik Tank Farm - City of Selawik,PO Box 99,99770,66.606812,-160.016335,-267251.5018,1862042.912,Barge,52000,,52000,,,2,DEC,,True,2012-09-25,2022-12-21T03:55:03Z,SELAWIK,true,false,false,0.0,,2025
1482,{B4D5EE26-39E2-46BF-B83C-B634BBA008EB},1542,956,,,,,{E0F2C831-698F-4BCE-8AC1-4162BE7D6DCD},Selawik,Selawik Tank Farm - Alaska Village Electric Cooperative,General Delivery,99770,66.606714,-160.01614,-267245.231,1862021.912,Barge,295000,,295000,,,8,DEC,,False,,2022-12-21T03:55:03Z,SELAWIK,true,false,false,0.0,,2025
1483,{683148F1-46BD-434C-AB08-C53F625B71F6},1543,1254,,,,,{E0F2C831-698F-4BCE-8AC1-4162BE7D6DCD},Selawik,Selawik Apartments,,99770,66.603843,-160.014753,-267211.2587,1861705.564,Barge,31000,,31000,,,2,DEC,,False,,2022-12-21T03:55:03Z,SELAWIK,true,false,false,0.0,,2025
1484,{2A288E05-E61D-4E46-AE4D-C7D9102802EA},1544,,,ANC-K-016,410,41,{E0F2C831-698F-4BCE-8AC1-4162BE7D6DCD},Selawik,"Alaska Village Electric Cooperative | 4831 Eagle Street | Anchorage, AK 99503",,,66.97392587,-160.4291164,-281592.471,1904331.023,Barge,120300,,,,,,AEA,,True,1998-09-03,2022-12-21T03:55:03Z,SELAWIK,true,false,false,43.8,,2025
1485,{1D1891A5-BB40-4550-944B-3437313732A5},1545,,,,469,340,{E0F2C831-698F-4BCE-8AC1-4162BE7D6DCD},Selawik,Selawik IRA Fuel Project,,,66.60634976,-160.0153854,-267216.4655,1861978.439,Barge,258100,,,,,,AEA,,False,1998-09-11,2022-12-21T03:55:03Z,SELAWIK,true,false,false,0.0,,2025
1486,{76FC16FB-A51A-44A4-BBB0-138C892695CB},1546,,,ANC-S-011,470,605,{E0F2C831-698F-4BCE-8AC1-4162BE7D6DCD},Selawik,"Rotman Stores Inc. | General Delivery | Selawik, AK 99770",,,66.59877247,-160.0088784,-266999.2055,1861127.89,Barge,9800,,,,,,AEA,,True,2012-09-25,2022-12-21T03:55:03Z,SELAWIK,true,false,false,0.0,,2025
1487,{B343C91A-25D7-42DF-B513-17A326BD56A4},1547,,,,471,762,{E0F2C831-698F-4BCE-8AC1-4162BE7D6DCD},Selawik,"IRA-HUD Housing Apartment ComplexGeneral DeliverySelawik, AK 99770",,,66.60506325,-160.0135937,-267150.3182,1861836.231,Barge,26000,,,,,,AEA,,False,1998-09-01,2022-12-21T03:55:03Z,SELAWIK,true,false,false,0.0,,2025
1488,{A5398AFB-3BA8-40B9-8A1A-2886C4335A54},1548,,,,415,755,{E0F2C831-698F-4BCE-8AC1-4162BE7D6DCD},Selawik,Alaska DOT&PF,,,65.98050676,-161.1384531,-324393.3157,1797729.384,Barge,2900,,,,,,AEA,,False,1998-06-24,2022-12-21T03:55:03Z,SELAWIK,true,false,false,83.79,,2025
1489,{045934AD-2BCF-44F0-84B9-C7E3EBDD9156},1549,43,401-BF-03,,,,{A8F5B7D5-CE39-47C3-BAB5-4BA4EDCEF514},Seldovia,Seldovia Bulk Fuel,271 English Dr.,99663,59.4403644,-151.7161221,129085.0776,1051944.15,Barge,352500,148500,204000,,,10,DEC,,False,,2022-12-21T03:55:03Z,SELDOVIA,true,false,false,0.0,,2025
1490,{653555F4-0E48-4EEC-B326-6042DDD62DC0},1550,373,401-BF-02,,,,{A8F5B7D5-CE39-47C3-BAB5-4BA4EDCEF514},Seldovia,Seldovia Maintenance Station,,99663,59.4414,-151.7018,129891.4251,1052088.065,Barge,3000,,3000,,,2,DEC,,False,,2022-12-21T03:55:03Z,SELDOVIA,true,false,false,0.0,,2025
1491,{0F656157-B21E-40D4-8524-2319155AFBB3},1551,690,401-BF-01,,,,{A8F5B7D5-CE39-47C3-BAB5-4BA4EDCEF514},Seldovia,Kenai Peninsula Borough - Seldovia Susan B. Anthony School,365 Winifred Avenue,99663,59.442293,-151.714019,129198.724,1052152.919,Road,5000,,5000,,,3,DEC,,False,,2022-12-21T03:55:03Z,SELDOVIA,false,false,true,0.0,,2025
1492,{F14F033F-F95C-4CFA-AFFE-C591A2DE7B3E},1552,29,403-BF-05,,,,{86E9E60C-762A-4D26-A7CC-57DC74916D5B},Seward,CGC Mustang Shore Facility,1507 X Float Road,99664,60.121083,-149.432833,252756.4636,1134528.603,Road,1000,,1000,,,1,DEC,,False,,2022-12-21T03:55:03Z,SEWARD,false,false,true,0.0,,2025
1493,{B989A1D4-E1F6-49C4-AE4A-EE42004D4E92},1553,380,406-BF-03,,,,{86E9E60C-762A-4D26-A7CC-57DC74916D5B},Seward,Seward Highway Station,5th Avenue and B Street,99664,60.110635,-149.438456,252522.4666,1133349.321,Road,6000,,6000,,,2,DEC,,False,,2022-12-21T03:55:03Z,SEWARD,false,false,true,0.0,,2025
1494,{D3C67F95-4D95-4DED-8E34-558CEA3B78CE},1554,534,,,,,{86E9E60C-762A-4D26-A7CC-57DC74916D5B},Seward,Alaska Railroad - Seward Dock,913 Port Avenue,99664,60.12123,-149.431151,252849.4847,1134555.538,Road,1000,,1000,,,1,DEC,,False,,2022-12-21T03:55:03Z,SEWARD,false,false,true,0.0,,2025
1495,{B14FE478-41B4-4B67-BF61-8D60B9964248},1555,535,,,,,{86E9E60C-762A-4D26-A7CC-57DC74916D5B},Seward,Alaska Railroad - Seward Roundhouse,,99664,60.129997,-149.427703,252973.621,1135556.223,Road,1250,,1250,,,1,DEC,,False,,2022-12-21T03:55:03Z,SEWARD,false,false,true,0.0,,2025
1496,{A767B6F4-71AF-4BEF-8A8F-CFC0C88774D2},1556,587,406-BF-01,,,,{86E9E60C-762A-4D26-A7CC-57DC74916D5B},Seward,State of Alaska Department of Corrections - Spring Creek Correctional Center,3600 Bette Cato Avenue,99664,60.093778,-149.331797,258552.8535,1131859.978,Road,14000,4000,10000,,,4,DEC,,False,,2022-12-21T03:55:03Z,SEWARD,false,false,true,0.0,,2025
1497,{AEE5AF01-1BA4-4D7E-BD47-22025EB97CE9},1557,682,403-BF-01,,,,{86E9E60C-762A-4D26-A7CC-57DC74916D5B},Seward,Kenai Peninsula Borough - Seward Elementary School,606 Sea Lion Drive,99664,60.132803,-149.436597,252456.9151,1135828.527,Road,5000,,5000,,,1,DEC,,False,,2022-12-21T03:55:03Z,SEWARD,false,false,true,0.0,,2025
1498,{AF6A455C-7DE7-475E-B400-0270987FA395},1558,683,403-BF-02,,,,{86E9E60C-762A-4D26-A7CC-57DC74916D5B},Seward,Kenai Peninsula Borough - Seward High School,2100 Swetmann Avenue,99664,60.129552,-149.444356,252056.4643,1135445.197,Road,12000,,12000,,,1,DEC,,False,,2022-12-21T03:55:03Z,SEWARD,false,false,true,0.0,,2025
1499,{6A226C6A-23B9-4C71-923E-F34176506FF2},1559,684,,,,,{86E9E60C-762A-4D26-A7CC-57DC74916D5B},Seward,Kenai Peninsula Borough - Seward Middle School,304 Sea Lion Drive,99664,60.131823,-149.442543,252137.3905,1135697.076,Road,3000,,3000,,,1,DEC,,False,,2022-12-21T03:55:03Z,SEWARD,false,false,true,0.0,,2025
1500,{6D2C0D30-6E8C-4094-B60B-FE6B27FAA8CF},1560,696,403-BF-03,,,,{86E9E60C-762A-4D26-A7CC-57DC74916D5B},Seward,Kenai Peninsula Borough - Bear Creek Fire Station - Seward,13105 Seward Highway,99664,60.168995,-149.40275,254047.473,1140002.768,Road,8000,,8000,,,1,DEC,,False,,2022-12-21T03:55:03Z,SEWARD,false,false,true,2.79,,2025
1501,{95F72083-EED7-4AD1-B7BC-434444DFE20A},1561,760,406-BF-02,,,,{86E9E60C-762A-4D26-A7CC-57DC74916D5B},Seward,University of Alaska Fairbanks - Seward,201 Railway Avenue,99664,60.098983,-149.443617,252328.0004,1132035.943,Road,6000,,6000,,,3,DEC,,False,,2022-12-21T03:55:03Z,SEWARD,false,false,true,0.0,,2025
1502,{1949D4CD-4AE9-4857-B85C-60F9E7B4E24A},1562,822,402-BF-01,,,,{86E9E60C-762A-4D26-A7CC-57DC74916D5B},Seward,AT&T - Seward,1810 Alameda Street,99664,60.125065,-149.432297,252752.4814,1134979.916,Road,5000,,5000,,,1,DEC,,False,,2022-12-21T03:55:03Z,SEWARD,false,false,true,0.0,,2025
1503,{F568A4A6-B0FA-414A-9577-CF79370E1A1A},1563,870,403-BF-04,,,,{86E9E60C-762A-4D26-A7CC-57DC74916D5B},Seward,Icicle - Seward,601 Port Avenue,99664,60.12128,-149.435815,252589.8065,1134537.654,Road,35500,,35500,,,9,DEC,,False,,2022-12-21T03:55:03Z,SEWARD,false,false,true,0.0,,2025
1504,{BFADDBCA-BBE5-4380-8B00-E203145EC46E},1564,935,406-BF-04,,,,{C1B6F29B-4A04-42DE-9F90-6F108C6C13A9},Shageluk,Alaska Village Electric Cooperative - Shageluk,General Delivery,99665,62.658044,-159.53275,-282470.7064,1421324.909,,52700,,52700,,,6,DEC,,False,,2022-12-21T03:55:03Z,SHAGELUK,,,,0.0,,2025
1505,{4E2499EB-5842-459B-B3A2-CB4C6798626A},1565,1018,407-BF-05,ANC-S-016,,,{C1B6F29B-4A04-42DE-9F90-6F108C6C13A9},Shageluk,Iditarod School District - Shageluk,49 Riverside Drive,99665,62.654747,-159.534304,-282579.6641,1420957.443,Barge,36000,,36000,,,7,DEC,,True,2015-06-11,2022-12-21T03:55:03Z,SHAGELUK,true,false,false,0.0,,2025
1506,{4B2ED0D3-F659-41CA-904B-34FD763C99E5},1566,,,ANC-S-017,305,342,{C1B6F29B-4A04-42DE-9F90-6F108C6C13A9},Shageluk,"Zho-Tse, Inc. - Retail Sales",,,62.65482576,-159.5342139,-282571.7419,1420977.321,Barge,30600,16400,14200,,,8,AEA,2017 Letter Report & Best Practice Assessment,True,2015-06-11,2022-12-21T03:55:03Z,SHAGELUK,true,false,false,0.0,,2025
1507,{EF608B80-7931-4342-A64A-98E73B563C54},1567,,407-BF-07,ANC-S-015,307,344,{C1B6F29B-4A04-42DE-9F90-6F108C6C13A9},Shageluk,City of Shageluk,,,62.65760765,-159.5342353,-282545.618,1421290.085,Barge,12500,,12500,,,2,AEA,2017 Letter Report & Best Practice Assessment,True,2015-06-11,2022-12-21T03:55:03Z,SHAGELUK,true,false,false,0.0,,2025
1508,{B18E95A5-0733-4D86-A729-454A57417F73},1568,188,408-BF-01,,,,{CEDC63C2-3647-4702-B72B-D9E842E711FE},Shaktoolik,Shaktoolik Tank Farm - Shaktoolik Native Corporation,,99771,64.348281,-161.184141,-346100.6367,1617099.275,Barge,106900,53000,53900,,,11,DEC,,False,,2022-12-21T03:55:03Z,SHAKTOOLIK,true,false,false,0.0,,2025
1509,{2953E0F0-E16B-4151-819A-C5B384689FB0},1569,189,408-BF-05,,,,{CEDC63C2-3647-4702-B72B-D9E842E711FE},Shaktoolik,Shaktoolik Tank Farm - Bering Strait School District,,99771,64.348281,-161.184141,-346100.6367,1617099.275,Barge,60100,,60100,,,8,DEC,,False,2015-06-15,2022-12-21T03:55:03Z,SHAKTOOLIK,true,false,false,0.0,,2025
1510,{C89DCAD2-C6AE-44E9-A966-0697EE252D72},1570,190,408-BF-04,ANC-S-021,,,{CEDC63C2-3647-4702-B72B-D9E842E711FE},Shaktoolik,Shaktoolik Tank Farm - City of Shaktoolik,,99771,64.348281,-161.184141,-346100.6367,1617099.275,Barge,21600,,21600,,,2,DEC,,True,,2022-12-21T03:55:03Z,SHAKTOOLIK,true,false,false,0.0,,2025
1511,{011468FB-129F-4341-B443-F20118579BB5},1571,191,407-BF-02,ANC-S-020,,,{CEDC63C2-3647-4702-B72B-D9E842E711FE},Shaktoolik,Bering Strait School District - Shaktoolik,,99771,64.353764,-161.194115,-346513.9654,1617767.7,Barge,3500,,3500,,,1,DEC,,True,,2022-12-21T03:55:03Z,SHAKTOOLIK,true,false,false,0.0,,2025
1512,{17693B2B-AB4E-40C5-94D9-81021DD4C37F},1572,936,407-BF-03,,,,{CEDC63C2-3647-4702-B72B-D9E842E711FE},Shaktoolik,Alaska Village Electric Cooperative - Shaktoolik,General Delivery,99771,64.35087,-161.189079,-346309.901,1617409.78,,97800,,97800,,,11,DEC,,False,,2022-12-21T03:55:03Z,SHAKTOOLIK,,,,0.0,,2025
1513,{C60251DB-41AE-4DAB-AC00-F999EA235D54},1573,,407-BF-01,ANC-S-022,1109,1100,{CEDC63C2-3647-4702-B72B-D9E842E711FE},Shaktoolik,Old Armory - Shaktoolik Native Corporation,,,64.35040856,-161.1881159,-346267.4572,1617364.057,Barge,2000,,2000,,,1,AEA,2015 Assessment & Best Practice Assessment,True,2015-06-15,2022-12-21T03:55:03Z,SHAKTOOLIK,true,false,false,0.0,,2025
1514,{F75EDA26-FB7A-4212-9A92-1EFC1B431DCE},1574,207,409-BF-05,,,,{D1F96C65-49BF-4E7B-AA32-F9C4C50BB628},Shishmaref,Shishmaref Tank Farm,,99772,66.254319,-166.073021,-541165.5789,1860057.571,Barge,147500,60500,87000,,,6,DEC,,False,,2022-12-21T03:55:03Z,SHISHMAREF,true,false,false,0.0,,2025
1515,{BEDF4DA1-CE41-487E-97C9-7DD236954746},1575,208,,,,,{D1F96C65-49BF-4E7B-AA32-F9C4C50BB628},Shishmaref,City of Shishmaref,,99772,66.257541,-166.061013,-540561.1933,1860333.015,Barge,12000,,12000,,,1,DEC,,False,,2022-12-21T03:55:03Z,SHISHMAREF,true,false,false,0.0,,2025
1516,{59E906D7-37C0-4DDE-A16A-8B52C5FE2DF3},1576,210,,ANC-S-080,,,{D1F96C65-49BF-4E7B-AA32-F9C4C50BB628},Shishmaref,Nayokpuk General Store Tank Farm,,99772,66.257594,-166.060184,-540528.7283,1860327.054,Barge,81000,27000,54000,,,3,DEC,,True,1998-06-25,2022-12-21T03:55:03Z,SHISHMAREF,true,false,false,0.0,,2025
1517,{5B0C866F-F775-4190-B09B-985A2B276D31},1577,211,408-BF-02,,,,{D1F96C65-49BF-4E7B-AA32-F9C4C50BB628},Shishmaref,Bering Strait School District - Shishmaref,,99772,66.255058,-166.073276,-541161.9259,1860153.523,Barge,52600,,52600,,,3,DEC,,False,,2022-12-21T03:55:03Z,SHISHMAREF,true,false,false,0.0,,2025
1518,{01A9966D-C1DC-47AA-949A-89D610D1E56E},1578,937,408-BF-03,ANC-S-027,,,{D1F96C65-49BF-4E7B-AA32-F9C4C50BB628},Shishmaref,Alaska Village Electric Cooperative - Shishmaref,General Delivery,99772,66.254931,-166.072686,-541139.7788,1860121.845,,159800,,159800,,,20,DEC,,True,1998-06-24,2022-12-21T03:55:03Z,SHISHMAREF,,,,0.0,,2025
1519,{E2C20C9D-DC5C-4D14-B512-E8C41312EA92},1579,,,ANC-S-028,481,278,{D1F96C65-49BF-4E7B-AA32-F9C4C50BB628},Shishmaref,"City of Shishmaref | General Delivery | Shishmaref, AK 99772",,,66.25466524,-166.0731727,-541165.1053,1860105.795,Barge,62100,,,,,,AEA,Best Practice Assessment,True,1998-06-24,2022-12-21T03:55:03Z,SHISHMAREF,true,false,false,0.0,,2025
1520,{F3F5E887-8B3A-4E61-A0EA-95B7A28D000B},1580,,409-BF-02,,483,280,{D1F96C65-49BF-4E7B-AA32-F9C4C50BB628},Shishmaref,US Fish and Wildlife,,,66.25781015,-166.0733015,-541106.7002,1860453.946,Barge,3100,,,,,,AEA,,False,1998-06-24,2022-12-21T03:55:03Z,SHISHMAREF,true,false,false,0.06,,2025
1521,{AF00A56B-27C0-4A8F-8C02-0B6F58B1FB45},1581,,,,476,350,{D1F96C65-49BF-4E7B-AA32-F9C4C50BB628},Shishmaref,"Lutheran Church | General Delivery | Shisharet, AK 99772",,,66.25624638,-166.0662419,-540824.7722,1860222.694,Barge,6900,,,,,,AEA,,False,1998-06-24,2022-12-21T03:55:03Z,SHISHMAREF,true,false,false,0.0,,2025
1522,{0188F5E2-C4B3-4A32-B75A-E7E6F6A72CE9},1583,,,,478,352,{D1F96C65-49BF-4E7B-AA32-F9C4C50BB628},Shishmaref,"City-Water Treatment Plant | General Delivery | Shishmaref, AK 99772",,,66.25756393,-166.0602123,-540528.7283,1860327.054,Barge,8200,,,,,,AEA,Best Practice Assessment,False,1998-06-24,2022-12-21T03:55:03Z,SHISHMAREF,true,false,false,0.0,,2025
1523,{CEBBA7D6-6120-4AEA-8289-21EF73999913},1584,,409-BF-06,,477,464,{D1F96C65-49BF-4E7B-AA32-F9C4C50BB628},Shishmaref,"National Guard | General Delivery | Shishmaref, AK 99772",,,66.25393079,-166.0765308,-541327.1663,1860045.868,Barge,9700,,,,,,AEA,,False,1998-06-24,2022-12-21T03:55:03Z,SHISHMAREF,true,false,false,0.0,,2025
1524,{91B6F056-6DB5-4A7B-A701-5760274B83B1},1585,834,409-BF-04,,,,{9177B2E0-91EE-4644-A900-570CEA299846},Shungnak,City of Shungnak Water Treatment Plant,PO box 59,99773,66.888622,-157.14142,-138204.6481,1884499.957,Plane,5000,,5000,,,1,DEC,,False,2015-06-11,2022-12-21T03:55:03Z,SHUNGNAK,false,true,false,0.0,,2025
1525,{274BE704-9989-4248-B765-A537F1193A53},1586,938,409-BF-03,ANC-S-031,,,{9177B2E0-91EE-4644-A900-570CEA299846},Shungnak,Alaska Village Electric Cooperative - Shungnak,General Delivery,99773,66.888264,-157.139724,-138131.4402,1884455.785,,112800,,112800,,,14,DEC,,True,,2022-12-21T03:55:03Z,SHUNGNAK,,,,0.0,,2025
1526,{8899CFDC-080E-43A2-825F-DF52659E8B93},1587,1214,410-BF-03,ANC-S-032,,,{9177B2E0-91EE-4644-A900-570CEA299846},Shungnak,Shungnak Native Store,PO Box 73040,99773,66.887953,-157.140595,-138173.9314,1884410.303,Plane,74300,32800,41500,,,9,DEC,,True,2015-06-11,2022-12-21T03:55:03Z,SHUNGNAK,false,true,false,0.0,,2025
1527,{1829B647-73C9-46F7-A8B5-BA17AD6D60EE},1588,1238,409-BF-01,ANC-S-033,,,{9177B2E0-91EE-4644-A900-570CEA299846},Shungnak,Northwest Arctic Borough School District - Shungnak,PO Box 79,99773,66.889251,-157.135382,-137935.8125,1884555.089,Barge,40000,,40000,,,5,DEC,,True,2015-06-11,2022-12-21T03:55:03Z,SHUNGNAK,true,false,false,0.0,,2025
1528,{C0345116-F30E-40B5-946D-4AFBF9F8D648},1589,32,411-BF-02,,,,{99E9981F-255D-4678-9D2E-704DC07798D6},Sitka,USCG Air Station Sitka,611 Airport Road,99835,57.0553209,-135.368152,1113311.454,940437.7959,Road,65503,,14003,51500,,11,DEC,,False,,2022-12-21T03:55:03Z,SITKA,false,false,true,,,2025
1529,{B4EEB435-F160-4956-A029-E65744F94C5E},1590,252,,,,,{99E9981F-255D-4678-9D2E-704DC07798D6},Sitka,Alaska Army National Guard - Sitka Readiness Center,1508 Sawmill Creek Road,99835,57.046342,-135.300167,1117544.772,940617.6727,,1300,,1300,,,1,DEC,,False,,2022-12-21T03:55:03Z,SITKA,,,,,,2025
1530,{4A1D0B54-5FB4-4582-A44A-565444B59487},1591,165,410-BF-04,,,,{99E9981F-255D-4678-9D2E-704DC07798D6},Sitka,Delta Western - Sitka - Samson Tug and Barge,5311 Halibut Point Road,99835,57.128438,-135.379436,1110394.136,948097.9688,Barge,407826,90726,158550,158550,,3,DEC,,False,,2022-12-21T03:55:03Z,SITKA,true,false,false,,,2025
1531,{162AE5D4-A7E5-48AC-8614-E3F989299E8B},1592,166,,,,,{99E9981F-255D-4678-9D2E-704DC07798D6},Sitka,Delta Western - Sitka - Halibut Point,4513 B Halibut Point Road,99835,57.115942,-135.393411,1109968.562,946536.2901,Barge,30000,10000,20000,,,3,DEC,,False,,2022-12-21T03:55:03Z,SITKA,true,false,false,,,2025
1532,{374E3A5B-88DE-4DF8-B3B6-FFEDF42E51E4},1593,434,411-BF-06,,,,{99E9981F-255D-4678-9D2E-704DC07798D6},Sitka,Sitka Airport DOT&PF ARFF/SREB,605 Airport Road,99835,57.0526879,-135.3650362,1113573.668,940208.5065,Road,2000,,2000,,,1,DEC,,False,,2022-12-21T03:55:03Z,SITKA,false,false,true,,,2025
1533,{AC8E871E-2494-46AF-8BF8-376AC70ECDB4},1594,554,411-BF-01,,,,{99E9981F-255D-4678-9D2E-704DC07798D6},Sitka,Silver Bay Seafoods - Sitka,"4400 Sawmill Creek Road, Suite B",99835,57.044886,-135.231295,1121589.476,941626.7967,Road,8000,,8000,,,1,DEC,,False,,2022-12-21T03:55:03Z,SITKA,false,false,true,,,2025
1534,{0979B703-23BD-4E4D-B3BF-D97B57BD01FB},1595,599,,,,,{99E9981F-255D-4678-9D2E-704DC07798D6},Sitka,Delta Western - Sitka - GPIP,4520 Sawmill Creek Road,99835,57.046389,-135.229722,1121635.921,941824.7227,Road,10000,,10000,,,1,DEC,,False,,2022-12-21T03:55:03Z,SITKA,false,false,true,,,2025
1535,{C739225D-BEFB-4FFE-9018-AAA89364833B},1596,680,,,,,{99E9981F-255D-4678-9D2E-704DC07798D6},Sitka,Air Medical Group Holdings - Sitka,607 Airport Road,99835,57.055314,-135.368069,1113318.555,940439.8423,Road,8000,,,8000,,1,DEC,,False,,2022-12-21T03:55:03Z,SITKA,false,false,true,,,2025
1536,{FC8F1A13-5A59-478C-BC2A-D235F70BF4CC},1597,711,410-BF-09,,,,{99E9981F-255D-4678-9D2E-704DC07798D6},Sitka,Colaska - Secon - Sitka,401 Granite Creek Road,99835,57.102431,-135.394188,1110342.565,945063.0114,Road,4000,,4000,,,2,DEC,,False,,2022-12-21T03:55:03Z,SITKA,false,false,true,,,2025
1537,{F4A5FE3C-02D9-4F5F-98A3-E675FC30C462},1598,841,,,,,{99E9981F-255D-4678-9D2E-704DC07798D6},Sitka,City of Sitka - Diesel Plant,105 Jarvis Street,99835,57.052112,-135.308873,1116853.715,941091.5186,Road,81500,,81500,,,3,DEC,,False,,2022-12-21T03:55:03Z,SITKA,false,false,true,,,2025
1538,{A7652739-61F7-4745-8408-50A3C13A48AA},1599,842,410-BF-02,,,,{99E9981F-255D-4678-9D2E-704DC07798D6},Sitka,City of Sitka - Wastewater Treatment Plant,100 Alice Loop,99835,57.047229,-135.355595,1114286.619,939790.1348,Road,3000,,3000,,,1,DEC,,False,,2022-12-21T03:55:03Z,SITKA,false,false,true,,,2025
1539,{0B438119-212C-4295-A54F-72F4641CCA57},1600,900,410-BF-05,,,,{99E9981F-255D-4678-9D2E-704DC07798D6},Sitka,Alaska Commercial Company - Sitka,705 Halibut Point Road,99835,57.056898,-135.34667,1114508.643,940967.3186,Road,1000,,1000,,,1,DEC,,False,,2022-12-21T03:55:03Z,SITKA,false,false,true,,,2025
1540,{A83D391D-29F1-4CE6-A8B5-E111EC571EA4},1601,1174,,,,,{99E9981F-255D-4678-9D2E-704DC07798D6},Sitka,National Park Service - Sitka,106 Metlakatla Street,99835,57.048474,-135.318924,1116383.039,940537.0924,Road,2000,,2000,,,1,DEC,,False,,2022-12-21T03:55:03Z,SITKA,false,false,true,,,2025
1541,{A2E2E76C-E71B-4696-9936-258011512563},1602,106,,,,,{F040B0E7-B5F6-47BE-82E0-63A3AC90CEC9},Skagway,Skagway School District,1563 Main Street,99840,59.463191,-135.307574,1042106.115,1199911.788,Road,4000,,4000,,,1,DEC,,False,,2022-12-21T03:55:03Z,SKAGWAY,false,false,true,0.0,,2025
1542,{3A778B46-748E-42C0-9547-3C3B6F7C4E15},1603,435,,,,,{F040B0E7-B5F6-47BE-82E0-63A3AC90CEC9},Skagway,Skagway DOT&PF Maintenance Station,2.5 Mile Klondike Highway,99840,59.472858,-135.29972,1042232.356,1201063.669,Road,4000,,4000,,,2,DEC,,False,,2022-12-21T03:55:03Z,SKAGWAY,false,false,true,0.0,,2025
1543,{83932FE5-91EE-4880-BB83-A9D1757E16E1},1604,436,,,,,{F040B0E7-B5F6-47BE-82E0-63A3AC90CEC9},Skagway,Skagway 12 Mile Snow Removal Equipment Building,12 Mile Kondike Highway,99840,59.4726973,-135.2977628,1042340.696,1201073.697,Road,5000,,5000,,,1,DEC,,False,,2022-12-21T03:55:03Z,SKAGWAY,false,false,true,0.0,,2025
1544,{E8D942CE-3386-4DE8-8667-2A8395EDE2F3},1605,642,411-BF-07,,,,{F040B0E7-B5F6-47BE-82E0-63A3AC90CEC9},Skagway,Alaska Power & Telephone - Skagway Power Generation Station,,99840,59.455,-135.316,1041901.484,1198893.595,Road,11000,,11000,,,2,DEC,,False,,2022-12-21T03:55:03Z,SKAGWAY,false,false,true,0.0,,2025
1545,{BF854CB0-CF80-43E3-A809-F6B36D83690B},1606,859,411-BF-05,,,,{F040B0E7-B5F6-47BE-82E0-63A3AC90CEC9},Skagway,GSA - Skagway,Klondike Highway,99840,59.527273,-135.229763,1044333.974,1208003.871,Road,1500,,1500,,,1,DEC,,False,,2022-12-21T03:55:03Z,SKAGWAY,false,false,true,4.22,,2025
1546,{C47D7DBA-4047-4D31-BD3A-280B320E6442},1607,1172,,,,,{F040B0E7-B5F6-47BE-82E0-63A3AC90CEC9},Skagway,National Park Service - Klondike Gold Rush,291 Broadway Street,99840,59.45347,-135.318505,1041814.896,1198683.874,Road,5100,,5100,,,4,DEC,,False,,2022-12-21T03:55:03Z,SKAGWAY,false,false,true,0.0,,2025
1547,{228C21E5-6D74-4B43-86E6-C553172271CA},1608,1187,,,,,{F040B0E7-B5F6-47BE-82E0-63A3AC90CEC9},Skagway,Petro 49 - Skagway - Petro Marine Services,10 Terminal Road,99840,59.4482,-135.3214,1041816.858,1198080.625,Road,51000,20000,31000,,,4,DEC,,False,,2022-12-21T03:55:03Z,SKAGWAY,false,false,true,0.03,,2025
1548,{23A5FE3D-9473-4B6C-AEAA-A953E6CB4879},1609,1245,411-BF-04,,,,{F040B0E7-B5F6-47BE-82E0-63A3AC90CEC9},Skagway,Municipality of Skagway,PO Box 415,99840,59.455655,-135.311638,1042121.087,1199028.109,Road,12400,,12400,,,7,DEC,,False,,2022-12-21T03:55:03Z,SKAGWAY,false,false,true,0.0,,2025
1549,{C313ACE1-83FE-465B-9DB3-436CB2D48F7D},1610,387,,,,,{6F43A244-13B0-42B5-92FB-6D2ACE90ED71},Skwentna,Skwenta Airport Maintenance Station,,99667,61.9661,-151.1953,146580.2235,1335281.568,Road,4000,,4000,,,2,DEC,,False,,2022-12-21T03:55:03Z,SKWENTNA,false,false,true,0.0,,2025
1550,{B1C31D12-4C17-457D-9F1D-668A0A5F6225},1611,199,,,,,{92647992-DE7B-4457-BD55-CB46CE9A4C4E},Slana,Copper River School District - Slana,,99586,62.36,-145.0058,462815.8945,1407627.41,Road,3000,,3000,,,1,DEC,,False,,2022-12-21T03:55:03Z,SLANA,false,false,true,59.84,,2025
1551,{A6F3D5DB-5508-4B0A-8A10-9BFCA0BFA601},1612,305,,,,,{92647992-DE7B-4457-BD55-CB46CE9A4C4E},Slana,DOT&PF Slana MS,,99586,62.707475,-143.978575,509454.2074,1453589.497,Road,5500,2500,3000,,,3,DEC,,False,,2022-12-21T03:55:03Z,SLANA,false,false,true,0.0,,2025
1552,{5BA42C76-D40B-475E-BE1F-1AC1210A7126},1613,643,414-BF-02,,,,{92647992-DE7B-4457-BD55-CB46CE9A4C4E},Slana,Alaska Power & Telephone - Slana Power Generation Plant,,99586,62.733333,-143.966667,509621.3224,1456527.203,Road,15000,,15000,,,1,DEC,,False,,2022-12-21T03:55:03Z,SLANA,false,false,true,0.0,,2025
1553,{DD6207A5-AD90-42B2-93C6-4A2AF3EF6A60},1614,745,414-BF-04,ANC-S-035,,,{0250F433-FD97-4CC6-8D40-1385C394201D},Sleetmute,"Hill Enterprises, LLC",PO Box 17,99668,61.702121,-157.171027,-167121.3741,1306649.13,Barge,31000,15000,16000,,,5,DEC,,True,1998-07-22,2022-12-21T03:55:03Z,SLEETMUTE,true,false,false,0.0,,2025
1554,{559A13A2-8320-416A-BEC8-2097305335E9},1615,1164,414-BF-03,ANC-S-036,,,{0250F433-FD97-4CC6-8D40-1385C394201D},Sleetmute,Kuspuk School District - Sleetmute,PO Box 69,99668,61.702607,-157.170497,-167085.9739,1306715.775,Barge,21000,,21000,,,2,DEC,,True,1998-07-22,2022-12-21T03:55:03Z,SLEETMUTE,true,false,false,0.0,,2025
1555,{5318062B-2912-4651-85F2-985B9025DFCC},1616,1223,,ANC-S-038,,,{0250F433-FD97-4CC6-8D40-1385C394201D},Sleetmute,Middle Kuskokwim Electric Cooperative - Sleetmute,,99668,61.7019,-157.1712,-167131.9943,1306629.136,Barge,57000,,57000,,,4,DEC,,True,1998-07-22,2022-12-21T03:55:03Z,SLEETMUTE,true,false,false,0.0,,2025
1556,{B410D852-150D-4717-90A5-44DAC736B163},1617,,,ANC-S-034,312,354,{0250F433-FD97-4CC6-8D40-1385C394201D},Sleetmute,Crescent Lake Lodge,,,61.70183167,-157.1687674,-167000.2083,1306622.841,Barge,5000,,,,,,AEA,,True,1998-07-22,2022-12-21T03:55:03Z,SLEETMUTE,true,false,false,0.0,,2025
1557,{364E303A-DABA-49E2-9A59-DF3D2E1C6CDA},1618,,,,313,355,{0250F433-FD97-4CC6-8D40-1385C394201D},Sleetmute,Village of Sleetmute,,,61.70226907,-157.1711814,-167130.0394,1306670.045,Barge,1500,,,,,,AEA,,False,1998-07-22,2022-12-21T03:55:03Z,SLEETMUTE,true,false,false,0.0,,2025
1558,{01744D37-24A3-4287-8792-B3ABA3E36990},1619,,414-BF-01,,308,469,{0250F433-FD97-4CC6-8D40-1385C394201D},Sleetmute,Village Fuel Depot | Village of Sleetmute,,,61.70247251,-157.1711707,-167122.3077,1306697.01,Barge,27100,,,,,,AEA,,False,1998-07-22,2022-12-21T03:55:03Z,SLEETMUTE,true,false,false,0.0,,2025
1559,{01CC0E0C-B1D0-4ACE-BB8C-7D124D55C13C},1620,69,,,,,{D7CCEBD6-7236-44C6-9E78-19F98183CFFC},Soldotna,Alaska Waste - Kenai Peninsula,47327 Mery Wood Ave,99669,60.4931336,-151.14604,156232.9123,1170818.26,Road,8000,,8000,,,1,DEC,,False,,2022-12-21T03:55:03Z,SOLDOTNA,false,false,true,0.6,,2025
1560,{F838A24B-74C8-4827-BDA2-B393AB91F423},1621,381,,,,,{D7CCEBD6-7236-44C6-9E78-19F98183CFFC},Soldotna,Soldotna Highway Station,46445 Sterling Highway,99669,60.453137,-151.097387,159087.0597,1166445.993,Road,4000,,4000,,,1,DEC,,False,,2022-12-21T03:55:03Z,SOLDOTNA,false,false,true,2.26,,2025
1561,{EEF98AEC-B3D9-49F8-B68D-1051218EE404},1622,693,,,,,{D7CCEBD6-7236-44C6-9E78-19F98183CFFC},Soldotna,Kenai Peninsula Borough - Soldotna High School,425 West Marydale Avenue,99669,60.49345,-151.096997,158912.9806,1170961.829,Road,1000,,1000,,,1,DEC,,False,,2022-12-21T03:55:03Z,SOLDOTNA,false,false,true,0.0,,2025
1562,{B9036553-889F-4AA5-B39F-08B8BACE8D3F},1623,695,415-BF-07,,,,{D7CCEBD6-7236-44C6-9E78-19F98183CFFC},Soldotna,Kenai Peninsula Borough - Administration Building - Soldotna,144 North Binkley Street,99669,60.489141,-151.070905,160360.6834,1170526.622,Road,1500,,1500,,,1,DEC,,False,,2022-12-21T03:55:03Z,SOLDOTNA,false,false,true,0.0,,2025
1563,{EFB8BB07-4BF6-42EF-8860-505B1E26AE40},1624,697,415-BF-02,,,,{D7CCEBD6-7236-44C6-9E78-19F98183CFFC},Soldotna,Kenai Peninsula Borough - Central Landill - Soldotna,46915 Sterling Hwy,99669,60.44592,-151.109737,158450.1351,1165611.908,Road,1100,,1100,,,1,DEC,,False,,2022-12-21T03:55:03Z,SOLDOTNA,false,false,true,3.07,,2025
1564,{80AD0D72-EDDF-414A-AB9A-6958587FD3E6},1625,698,415-BF-06,,,,{D7CCEBD6-7236-44C6-9E78-19F98183CFFC},Soldotna,Kenai Peninsula Borough - Soldotna Warehouse,139 East Park Avenue,99669,60.49089,-151.068184,160501.9171,1170737.853,Road,1000,,1000,,,1,DEC,,False,,2022-12-21T03:55:03Z,SOLDOTNA,false,false,true,0.0,,2025
1565,{3282A734-D7C0-4BDC-988C-4806E34D3B0F},1626,699,415-BF-09,,,,{D7CCEBD6-7236-44C6-9E78-19F98183CFFC},Soldotna,Kenai Peninsula Borough - Soldotna Maintenance Shop,47140 East Poppy Lane,99669,60.48827,-151.149588,156059.9231,1170250.537,Road,2000,2000,,,,1,DEC,,False,,2022-12-21T03:55:03Z,SOLDOTNA,false,false,true,0.23,,2025
1566,{C1258475-1FC1-491C-9142-9658BFEEF0FB},1627,748,,,,,{D7CCEBD6-7236-44C6-9E78-19F98183CFFC},Soldotna,University of Alaska - Soldotna,949 East Poppy Lane,99669,60.486957,-151.132942,156985.093,1170133.233,Road,1700,,1700,,,1,DEC,,False,,2022-12-21T03:55:03Z,SOLDOTNA,false,false,true,0.0,,2025
1567,{7194E7D0-61E4-4529-9365-D335C386020F},1628,1188,,,,,{D7CCEBD6-7236-44C6-9E78-19F98183CFFC},Soldotna,Petro 49 - Soldotna - Alaska Oil Sales,43442 Kalifornsky Beach Road,99669,60.49095,-151.158349,155568.9221,1170543.79,Road,104000,40000,44000,20000,,5,DEC,,False,,2022-12-21T03:55:03Z,SOLDOTNA,false,false,true,0.79,,2025
1568,{E240391E-9F85-4887-8186-65EAC9A003FE},1629,451,417-BF-03,,,,{8C659093-914F-41E2-BE61-E3576613F3BC},South Naknek,AK DOT&PF South Naknek,,99633,58.705278,-157.006389,-173617.5981,971468.4848,,1000,,1000,,,1,DEC,,False,,2022-12-21T03:55:03Z,SOUTH NAKNEK,,,,0.0,,2025
1569,{A2EC8460-8ABE-4893-B4D3-7CEEDDC03597},1630,,417-BF-05,,1006,636,{8C659093-914F-41E2-BE61-E3576613F3BC},South Naknek,Bristol Bay Borough,,,58.71209628,-157.0095967,-173766.4547,972233.2369,Barge,30000,,30000,,,3,AEA,2015 Assessment,False,2015-04-29,2022-12-21T03:55:03Z,SOUTH NAKNEK,true,false,false,0.0,,2025
1570,{0A1579D5-A92D-4837-B2EC-95B2608B962B},1631,,417-BF-04,,1007,637,{8C659093-914F-41E2-BE61-E3576613F3BC},South Naknek,Trident Seafoods (Retail Sales),,,58.71675154,-156.9986344,-173109.4671,972715.6641,Barge,31000,10500,20500,,,4,AEA,2015 Assessment,False,2015-04-29,2022-12-21T03:55:03Z,SOUTH NAKNEK,true,false,false,0.0,,2025
1571,{531FCE13-5F37-4206-ABD6-E479328F3B28},1632,,,,1065,999,{8C659093-914F-41E2-BE61-E3576613F3BC},South Naknek,South Naknek Village,,,58.71383943,-157.0079147,-173655.0618,972433.0538,Barge,6000,,6000,,,2,AEA,2015 Assessment & Best Practice Assessment,False,2015-04-29,2022-12-21T03:55:03Z,SOUTH NAKNEK,true,false,false,0.0,,2025
1572,{FF9C2E22-B0F4-4471-A542-FF86F28C55DE},1633,200,,ANC-S-105,,,{28ACD99B-0BF6-4373-A5BA-4F063E34485C},Stebbins,Stebbins Tank Farm,,99671,63.519667,-162.285667,-410422.6924,1531475.442,Barge,363000,103000,260000,,,9,DEC,,True,1980-01-01,2022-12-21T03:55:03Z,STEBBINS,true,false,false,0.0,,2025
1573,{5D9A3A99-CEFE-445E-AC2A-F20DDFF484A3},1634,202,,,,,{28ACD99B-0BF6-4373-A5BA-4F063E34485C},Stebbins,City of Stebbins,PO Box 22,99671,63.516697,-162.287781,-410572.5523,1531157.53,Barge,4000,,4000,,,1,DEC,,False,,2022-12-21T03:55:03Z,STEBBINS,true,false,false,0.0,,2025
1574,{81AAA6DF-C293-4238-81DE-867DEA949B15},1635,203,,,,,{28ACD99B-0BF6-4373-A5BA-4F063E34485C},Stebbins,Bering Strait School District - Stebbins,,99671,63.519799,-162.288918,-410582.5584,1531516.11,Barge,8000,,8000,,,1,DEC,,False,,2022-12-21T03:55:03Z,STEBBINS,true,false,false,0.0,,2025
1575,{C5F32E6B-816C-473F-B868-AC94234612E8},1636,940,418-BF-02,ANC-S-059,,,{28ACD99B-0BF6-4373-A5BA-4F063E34485C},Stebbins,Alaska Village Electric Cooperative - Stebbins,General Delivery,99671,63.521041,-162.286534,-410448.2907,1531636.699,,410000,,410000,,,9,DEC,,True,1996-09-18,2022-12-21T03:55:03Z,STEBBINS,,,,0.0,,2025
1576,{FE63D401-849B-48B1-8FAF-6B046322D185},1637,,418-BF-06,,703,790,{28ACD99B-0BF6-4373-A5BA-4F063E34485C},Stebbins,Ferris General Store,,,63.51629001,-162.2865069,-410515.3253,1531102.25,Barge,26800,,,,,,AEA,,False,1996-09-18,2022-12-21T03:55:03Z,STEBBINS,true,false,false,0.0,,2025
1577,{743459E3-FCB1-4860-9E07-61BE3B6A04B3},1638,,120-BF-02,,377,537,{28ACD99B-0BF6-4373-A5BA-4F063E34485C},Stebbins,Alaska Army National Guard,,,65.33271165,-166.4942242,-579014.1444,1762765.314,Barge,4750,,,,,,AEA,,False,1996-09-20,2022-12-21T03:55:03Z,STEBBINS,true,false,false,283.48,,2025
1578,{2AF943FF-83E3-4FC5-B107-FB1FE63168A0},1639,,,,705,792,{28ACD99B-0BF6-4373-A5BA-4F063E34485C},Stebbins,Charlie Steves (Residence),,,63.52017472,-162.2841358,-410342.0258,1531534.042,Barge,3000,,,,,,AEA,,False,1996-09-18,2022-12-21T03:55:03Z,STEBBINS,true,false,false,0.0,,2025
1579,{95AE33D6-5B7B-453A-AC8B-95782D829675},1640,,417-BF-02,,706,793,{28ACD99B-0BF6-4373-A5BA-4F063E34485C},Stebbins,ADOT/airport,,,63.51568716,-162.2855574,-410478.6899,1531028.939,Barge,3000,,,,,,AEA,,False,1996-09-18,2022-12-21T03:55:03Z,STEBBINS,true,false,false,0.0,,2025
1580,{DC3FECD9-9A70-472C-8141-F082D544889E},1641,298,418-BF-09,,,,{169CE60B-858B-4A5D-801B-CB9E3179349B},Stevens Village,DOT&PF Stevens Village APT,,99774,66.014192,-149.058619,224499.7731,1792390.193,Plane,1000,,1000,,,1,DEC,,False,,2022-12-21T03:55:03Z,STEVENS VILLAGE,false,true,false,0.0,,2025
1581,{EE49D47C-9B92-431B-9D0B-77844BA21CF8},1642,,418-BF-04,<Null>,314,484,{169CE60B-858B-4A5D-801B-CB9E3179349B},Arctic Village,Yukon Flats School District,,,68.12838579,-145.5355023,354054.5612,2041229.391,Barge,47500,,,,,,AEA,,False,1998-07-06,2022-12-21T03:55:03Z,ARCTIC VILLAGE,true,false,false,0.0,community_name,2025
1582,{7E73E0F8-E2C3-435D-88DC-F981B21B96C2},1643,,418-BF-07,,315,863,{169CE60B-858B-4A5D-801B-CB9E3179349B},Stevens Village,Dinyee Corporation,,,66.00871411,-149.0913962,223061.8176,1791663.609,Barge,14200,,,,,,AEA,,False,1996-07-25,2022-12-21T03:55:03Z,STEVENS VILLAGE,true,false,false,0.0,,2025
1583,{E2564600-5F0C-4B9C-8869-F3712D55D68D},1644,,,,316,864,{169CE60B-858B-4A5D-801B-CB9E3179349B},Stevens Village,"Bureau of Indian AffairsFairbanks, Agency101 12th Ave., Room 168Fairbanks, AK 99701-6270",,,66.01426674,-149.0588235,224491.4695,1792389.574,Barge,13500,,,,,,AEA,,False,1996-07-25,2022-12-21T03:55:03Z,STEVENS VILLAGE,true,false,false,0.0,,2025
1584,{1F3399A7-FBC2-40CA-9B93-794EAE08D2F5},1645,1165,420-BF-01,,,,{3C0B8851-31F2-4CA0-B3E0-A7DE145D4BB3},Stony River,Kuspuk School District - Stony River,PO Box SRV/205 Elbow Road,99557,61.787044,-156.588562,-136067.8049,1314818.868,Barge,21000,,21000,,,2,DEC,,False,,2022-12-21T03:55:03Z,STONY RIVER,true,false,false,0.0,,2025
1585,{8DFD230E-C5E7-49E1-B2B1-F1DE440DAE7B},1646,1224,,ANC-S-066,,,{3C0B8851-31F2-4CA0-B3E0-A7DE145D4BB3},Stony River,Middle Kuskokwim Electric Cooperative - Stony River,,99557,61.789319,-156.586031,-135926.7616,1315059.281,Barge,26000,,26000,,,2,DEC,,True,,2022-12-21T03:55:03Z,STONY RIVER,true,false,false,0.0,,2025
1586,{2759C0BB-C0D5-4543-AED2-2BF2DC54F247},1647,,,,320,356,{3C0B8851-31F2-4CA0-B3E0-A7DE145D4BB3},Stony River,AK DOT,,,61.78885528,-156.5887915,-136076.1245,1315017.287,Barge,1500,,,,,,AEA,,False,1998-07-23,2022-12-21T03:55:03Z,STONY RIVER,true,false,false,0.0,,2025
1587,{0C9AC49C-C828-4A4E-96CF-F1D42D769F14},1648,,,,318,487,{3C0B8851-31F2-4CA0-B3E0-A7DE145D4BB3},Stony River,Village of Stony River,,,61.78922551,-156.5873002,-135994.099,1315061.905,Barge,24100,,,,,,AEA,,False,1998-07-23,2022-12-21T03:55:03Z,STONY RIVER,true,false,false,0.0,,2025
1588,{EA9E93F1-9EBE-4EE2-8F15-4B90BEAFEAE5},1649,598,,,,,{126A149F-F9BD-42EC-8D66-E4883B8016E2},Sutton,State of Alaska Department of Corrections - Palmer Correctional Facility,,99674,61.692169,-149.008192,263018.8138,1311428.672,,33000,2000,31000,,,8,DEC,,False,,2022-12-21T03:55:03Z,SUTTON,,,,,,2025
1589,{A9ECBD54-7C82-4C47-932F-979C91AFCEB1},1650,414,,,,,{85E095CB-FA7C-489E-81CF-7471581BE04A},Takotna,Takotna Airport Maintenance Station,,99627,62.9943,-156.0306,-102624.187,1448703.739,Road,2000,,2000,,,2,DEC,,False,,2022-12-21T03:55:03Z,TAKOTNA,false,false,true,0.0,,2025
1590,{BFFC22DE-8C43-473B-A696-5370C6EB2162},1651,1020,,,,,{85E095CB-FA7C-489E-81CF-7471581BE04A},Takotna,Iditarod Area School District - Takotna,7510 Front Street,99675,62.987974,-156.062072,-104233.8898,1448057.249,Road,20000,,20000,,,1,DEC,,False,,2022-12-21T03:55:03Z,TAKOTNA,false,false,true,0.0,,2025
1591,{FAAF6A17-564C-409A-A614-9F39370808A1},1652,,,,321,357,{85E095CB-FA7C-489E-81CF-7471581BE04A},Takotna,Takotna Community Association,,,62.98863245,-156.0700018,-104635.8081,1448138.003,Barge,45700,,,,,,AEA,,False,1998-02-24,2022-12-21T03:55:03Z,TAKOTNA,true,false,false,0.0,,2025
1592,{15028AA5-F109-4744-BF76-7BF60743660D},1653,,,,322,358,{85E095CB-FA7C-489E-81CF-7471581BE04A},Takotna,"TCA | General Delivery | Takotna, Ak 99675",,,62.98844729,-156.0700662,-104636.4458,1448117.549,Barge,127700,,,,,,AEA,,False,1998-02-24,2022-12-21T03:55:03Z,TAKOTNA,true,false,false,0.0,,2025
1593,{FB134D16-49E3-46D3-907B-F546E8F4C681},1654,118,,,,,{3EC46053-F188-4C9A-B758-A0D57EF8F834},Talkeetna,Talkeetna Elementary School,13930 East Timberwolf Loop,99676,62.317795,-150.108655,201016.3421,1377408.062,Road,5000,,5000,,,1,DEC,,False,,2022-12-21T03:55:03Z,TALKEETNA,false,false,true,0.0,,2025
1594,{30075FA5-1B85-4EBC-8E2B-939C3065DC3C},1655,389,,,,,{3EC46053-F188-4C9A-B758-A0D57EF8F834},Talkeetna,Talkeetna Maintenance Station,,99676,62.3259,-150.0919,201823.1005,1378357.84,Road,16000,7500,8500,,,3,DEC,,False,,2022-12-21T03:55:03Z,TALKEETNA,false,false,true,0.0,,2025
1595,{9F79FB88-D416-4714-9F4E-8F1FEC0570C2},1656,536,,,,,{3EC46053-F188-4C9A-B758-A0D57EF8F834},Talkeetna,Alaska Railroad - Talkeetna,,99676,62.323822,-150.111878,200806.7517,1378072.529,Road,1000,,1000,,,1,DEC,,False,,2022-12-21T03:55:03Z,TALKEETNA,false,false,true,0.0,,2025
1596,{F5248E29-E273-4E51-9DE6-31E437308952},1657,613,,,,,{3EC46053-F188-4C9A-B758-A0D57EF8F834},Talkeetna,Crowley - Talkeetna,27043 South Talkeetna Spur Road,99676,62.272489,-150.071605,203224.5081,1372458.971,Road,68000,21000,47000,,,6,DEC,,False,,2022-12-21T03:55:03Z,TALKEETNA,false,false,true,0.0,,2025
1597,{7FD81069-D51F-4034-9EFC-B817378DA498},1658,1094,,,,,{3EC46053-F188-4C9A-B758-A0D57EF8F834},Talkeetna,Federal Aviation Administration - Talkeetna - TKA FSS,,99676,62.3205,-150.0936,201770.6507,1377746.345,Road,1000,,1000,,,1,DEC,,False,,2022-12-21T03:55:03Z,TALKEETNA,false,false,true,0.0,,2025
1598,{CB5F15FA-D66B-441C-BF8C-63502D037209},1659,1095,,,,,{3EC46053-F188-4C9A-B758-A0D57EF8F834},Talkeetna,Federal Aviation Administration - Talkeetna - TKA VOR,,99676,62.29837,-150.1052,201317.9465,1375231.411,Road,1000,,1000,,,1,DEC,,False,,2022-12-21T03:55:03Z,TALKEETNA,false,false,true,0.0,,2025
1599,{6200DA3C-6A75-4E38-B994-E2B0E427839F},1660,58,,ANC-T-002,,,{52BCEDDA-9254-47D3-9A2A-3B00217A0661},Tanana,Tanana Tank Farm,3rd St,99777,65.173029,-152.076587,90165.9976,1691656.434,Barge,254000,,254000,,,13,DEC,,True,,2022-12-21T03:55:03Z,TANANA,true,false,false,0.0,,2025
1600,{FF2FD009-AF6E-448D-A99A-94EBEEAFB344},1661,62,422-BF-01,,,,{52BCEDDA-9254-47D3-9A2A-3B00217A0661},Tanana,Tanana City School District,89 Front St,99777,65.171019,-152.087881,89643.27929,1691416.743,Road,5000,,5000,,,1,DEC,,False,,2022-12-21T03:55:03Z,TANANA,false,false,true,0.0,,2025
1601,{D8E39A41-4ACE-4C9A-8FA8-F5201ED04032},1662,299,422-BF-02,,,,{52BCEDDA-9254-47D3-9A2A-3B00217A0661},Tanana,DOT&PF Tanana APT,,99777,65.172753,-152.112133,88502.37368,1691567.849,Plane,1000,,1000,,,1,DEC,,False,1997-07-17,2022-12-21T03:55:03Z,TANANA,false,true,false,0.0,,2025
1602,{39D03317-EED1-4E0E-B1CF-3A9479C9357E},1663,824,,,,,{52BCEDDA-9254-47D3-9A2A-3B00217A0661},Tanana,AT&T - Tanana,,99777,65.174722,-152.070556,90446.90215,1691841.536,Road,1000,,1000,,,1,DEC,,False,,2022-12-21T03:55:03Z,TANANA,false,false,true,0.0,,2025
1603,{A919E785-7508-4B03-B79B-5726EAAEF7FC},1664,,422-BF-03,,323,865,{52BCEDDA-9254-47D3-9A2A-3B00217A0661},Tanana,Native Village of Tanana (IRA),,,65.17152995,-152.0925357,89424.50193,1691458.091,Barge,191100,,,,,,AEA,,False,1997-07-17,2022-12-21T03:55:03Z,TANANA,true,false,false,0.0,,2025
1604,{A41AD6AE-236E-4BD3-9AB7-77691DD47DA1},1665,,422-BF-04,,325,867,{52BCEDDA-9254-47D3-9A2A-3B00217A0661},Tanana,City of Tanana Washeteria,,,65.17357292,-152.0847895,89780.73744,1691713.354,Barge,10000,,,,,,AEA,,False,1997-07-17,2022-12-21T03:55:03Z,TANANA,true,false,false,0.0,,2025
1605,{F0743589-FDEE-4485-B8E0-66C6997B864A},1666,,,,326,868,{52BCEDDA-9254-47D3-9A2A-3B00217A0661},Tanana,Tanana Power Plant,,,65.17305262,-152.0769789,90151.69544,1691656.019,Barge,46500,,,,,,AEA,,False,1997-07-17,2022-12-21T03:55:03Z,TANANA,true,false,false,0.0,,2025
1606,{B111E91E-EB87-4AAA-8E4E-8BE0A7677641},1667,966,423-BF-04,,,,{A47812B1-7D27-455A-A423-CE6015545162},Tatitlek,Chugach School District - Tatitlek,PO Box 167,99677,60.868724,-146.681837,395304.156,1231253.457,Barge,10000,,10000,,,2,DEC,,False,1997-11-20,2022-12-21T03:55:03Z,TATITLEK,true,false,false,0.0,,2025
1607,{EE1FBA59-8354-45FF-8D5B-ADC9DDBE6A5E},1668,,423-BF-02,,95,717,{A47812B1-7D27-455A-A423-CE6015545162},Tatitlek,Native Village of Tatitlek (IRA),,,60.86314105,-146.679306,395505.6207,1230664.471,Barge,10000,,,,,,AEA,Best Practice Assessment,False,1997-11-20,2022-12-21T03:55:03Z,TATITLEK,true,false,false,0.0,,2025
1608,{4772434D-F5AF-48B9-8585-F49B2EDACA93},1670,,423-BF-01,,97,719,{A47812B1-7D27-455A-A423-CE6015545162},Tatitlek,"State of Alaska, DOT&PF",,,60.87153205,-146.6871729,394980.6921,1231533.622,Barge,3000,,,,,,AEA,,False,1997-11-20,2022-12-21T03:55:03Z,TATITLEK,true,false,false,0.0,,2025
1609,{699323F4-730E-4B7A-9FCE-3485E983A725},1671,306,,,,,{A3685B4F-070E-4C85-9820-DEE25ABC695E},Tazlina,DOT&PF Tazlina MS,Milepost 110 Richardson Highway,99588,62.044028,-145.426189,445854.7055,1369728.836,Road,5500,2500,3000,,,3,DEC,,False,,2022-12-21T03:55:03Z,TAZLINA,false,false,true,0.0,,2025
1610,{C8837112-5BF5-4885-80C3-89AC55F0D248},1672,258,425-BF-06,ANC-T-004,,,{FABC6EB5-588F-4AD5-B3AB-A8511EBA408A},Teller,Bering Strait School District - Telelr,100 Airport Road,99778,65.263623,-166.366914,-574606.7477,1754101.41,Barge,63000,,63000,,,4,DEC,,True,,2022-12-21T03:55:03Z,TELLER,true,false,false,0.0,,2025
1611,{41EEA5A2-FDA1-4DC9-973C-3DD0D62E1328},1673,363,,,,,{FABC6EB5-588F-4AD5-B3AB-A8511EBA408A},Teller,DOT&PF Teller APT,,99778,65.242144,-166.332194,-573457.8576,1751442.043,Plane,3000,,3000,,,2,DEC,,False,,2022-12-21T03:55:03Z,TELLER,false,true,false,0.48,,2025
1612,{D1EB681F-FE8B-4DEF-BC9B-29CC5CC7CE27},1674,669,426-BF-03,,,,{FABC6EB5-588F-4AD5-B3AB-A8511EBA408A},Teller,Teller Native Fuel,PO Box 649,99778,65.264856,-166.362751,-574385.3559,1754198.137,Barge,61400,23400,38000,,,4,DEC,,False,1998-06-23,2022-12-21T03:55:03Z,TELLER,true,false,false,0.0,,2025
1613,{B366EDFE-8B21-4D77-AFDB-D1639DE91AE0},1675,941,,ANC-T-005,,,{FABC6EB5-588F-4AD5-B3AB-A8511EBA408A},Teller,Alaska Village Electric Cooperative - Teller,General Delivery,99778,65.263301,-166.362619,-574418.087,1754024.344,,108000,,108000,,,4,DEC,,True,2014-08-20,2022-12-21T03:55:03Z,TELLER,,,,0.0,,2025
1614,{42A9122C-DCF9-4935-A1B4-67D244B3FD79},1676,980,425-BF-01,,,,{FABC6EB5-588F-4AD5-B3AB-A8511EBA408A},Teller,City of Teller - Summit Consulting Project,14 Lake Side Drive,99778,65.262544,-166.3665043,-574610.078,1753991.293,Road,5000,,5000,,,1,DEC,,False,,2022-12-21T03:55:03Z,TELLER,false,false,true,0.0,,2025
1615,{900E68BF-1D5B-4576-AA79-59EAF14176E7},1677,,425-BF-03,,492,488,{FABC6EB5-588F-4AD5-B3AB-A8511EBA408A},Teller,Richard Blodgett | Teller Commercial Company,,,65.26294137,-166.3651857,-574541.8281,1753999.2,Barge,199400,,,,,,AEA,,False,1998-08-14,2022-12-21T03:55:03Z,TELLER,true,false,false,0.0,,2025
1616,{FAFEBD1F-25B1-4F8A-87F2-3478B694F763},1678,,425-BF-04,,499,489,{FABC6EB5-588F-4AD5-B3AB-A8511EBA408A},Teller,Teller Commercial | Bus Barn,,,65.26274383,-166.3653574,-574550.2375,1754000.784,Barge,1900,,,,,,AEA,,False,1998-08-14,2022-12-21T03:55:03Z,TELLER,true,false,false,0.0,,2025
1617,{A28C0559-38B5-4735-BF6B-26311071B63D},1679,,426-BF-01,,500,490,{FABC6EB5-588F-4AD5-B3AB-A8511EBA408A},Teller,Teller Commercial | Gas Sales,,,65.26023853,-166.3597998,-574350.8151,1753672.525,Barge,5600,,,,,,AEA,,False,1998-06-23,2022-12-21T03:55:03Z,TELLER,true,false,false,0.0,,2025
1618,{7FD6FBDB-244E-42CD-84F3-B8C11ED50D6D},1680,,425-BF-02,,502,730,{FABC6EB5-588F-4AD5-B3AB-A8511EBA408A},Teller,City of Teller Clinic,,,65.26350255,-166.3644239,-574495.5998,1754059.707,Barge,1000,,,,,,AEA,,False,1998-06-24,2022-12-21T03:55:03Z,TELLER,true,false,false,0.0,,2025
1619,{67812973-1F5E-4F2F-9E8E-A8FEDA823FAF},1681,,387-BF-06,ANC-S-056,694,475,{FABC6EB5-588F-4AD5-B3AB-A8511EBA408A},Teller,Bering Straits School District,,,65.33289523,-166.4864243,-578652.5567,1762717.264,Barge,52000,,,,,,AEA,,True,1899-12-30,2022-12-21T03:55:03Z,TELLER,true,false,false,9.26,,2025
1620,{51FA77EC-8692-4F71-B5BE-AE060C540739},1682,,425-BF-07,,504,732,{FABC6EB5-588F-4AD5-B3AB-A8511EBA408A},Teller,Bering Straits School District | Teacher's Quarters,,,65.26382579,-166.3660333,-574562.4682,1754120.754,Barge,4800,,,,,,AEA,,False,1998-06-23,2022-12-21T03:55:03Z,TELLER,true,false,false,0.0,,2025
1621,{994105DB-6F36-41A1-B230-E0373F9E975F},1683,,426-BF-04,ANC-T-006,493,733,{FABC6EB5-588F-4AD5-B3AB-A8511EBA408A},Teller,Teller Native Corporation Store,,,65.26082222,-166.3607869,-574383.0829,1753747.815,Barge,3500,,,,,,AEA,,True,1998-06-23,2022-12-21T03:55:03Z,TELLER,true,false,false,0.0,,2025
1622,{1629B350-C98B-4525-A641-3C0396489C45},1684,,426-BF-05,,494,734,{FABC6EB5-588F-4AD5-B3AB-A8511EBA408A},Teller,"Teller Lutheran Church | General Delivery | Teller, AK 99778",,,65.26385722,-166.3633081,-574436.3316,1754096.994,Barge,6100,,,,,,AEA,,False,1998-06-23,2022-12-21T03:55:03Z,TELLER,true,false,false,0.0,,2025
1623,{1C4ACFE0-0158-45D7-ACA9-C070DB72B892},1685,,425-BF-08,,495,735,{FABC6EB5-588F-4AD5-B3AB-A8511EBA408A},Teller,Army National Guard Armory,,,65.26425228,-166.3632116,-574425.9749,1754136.572,Barge,2300,,,,,,AEA,,False,1998-06-23,2022-12-21T03:55:03Z,TELLER,true,false,false,0.0,,2025
1624,{0A8E46F6-85F9-461E-9D8A-7B10FBCC5F4A},1686,,,,1042,627,{E49E42CA-BF94-44E1-9650-6B93C551222E},Tenakee Springs,Snyder Merchantile,,,57.77993987,-135.2194199,1099376.952,1020651.784,Barge,71869,,,,,,AEA,,False,1996-09-01,2022-12-21T03:55:03Z,TENAKEE SPRINGS,true,false,false,0.0,,2025
1625,{0088E9DC-A0A4-44B1-8A01-BD8C0F5EF8E1},1687,,,,1043,853,{E49E42CA-BF94-44E1-9650-6B93C551222E},Tenakee Springs,Tenakee Springs Electric Utility | City of Tenakee Springs,,,57.78037176,-135.2192805,1099370.59,1020699.629,Barge,700,,,,,,AEA,,False,1996-09-03,2022-12-21T03:55:03Z,TENAKEE SPRINGS,true,false,false,0.0,,2025
1626,{415F06AF-2D4C-4C1A-879F-FCF2BE8760AF},1688,136,,,,,{AD7719EE-1C6A-44A6-93BB-D7ABA23FFF53},Tetlin,Alaska Gateway School District - Tetlin,PO Box 277,99780,63.138306,-142.519767,574640.3763,1513017.235,Road,10000,,10000,,,1,DEC,,False,,2022-12-21T03:55:03Z,TETLIN,false,false,true,0.0,,2025
1627,{198362A5-508C-4395-8391-42808AB5823A},1689,314,,,,,{AD7719EE-1C6A-44A6-93BB-D7ABA23FFF53},Tetlin,DOT&PF Tetlin APT,,99780,63.128125,-142.521731,574739.4764,1511878.275,Road,3000,,3000,,,1,DEC,,False,,2022-12-21T03:55:03Z,TETLIN,false,false,true,0.0,,2025
1628,{9986BFFD-064E-4BA2-A9BC-2E9146E041DE},1690,646,,,,,{3F597174-5CB5-4C16-8F4A-786886325C42},Thorne Bay,Alaska Power & Telephone - Thorne Bay Power Generation Station,,99919,55.686,-132.528917,1325939.775,846760.0992,Road,4000,,4000,,,1,DEC,,False,,2022-12-21T03:55:03Z,THORNE BAY,false,false,true,0.0,,2025
1629,{5EB1AA1E-67B9-4C04-8A91-2EEE1893AB22},1691,,,,61,677,{3F597174-5CB5-4C16-8F4A-786886325C42},Thorne Bay,Petro Alaska,,,55.69018269,-132.5416436,1325026.985,846949.2688,Barge,276000,,,,,,AEA,2015 Assessment,False,1996-07-23,2022-12-21T03:55:03Z,THORNE BAY,true,false,false,0.0,,2025
1630,{86E650B9-1319-42EF-B571-A4AFD46E468A},1692,,,,62,678,{3F597174-5CB5-4C16-8F4A-786886325C42},Thorne Bay,City of Thorne Bay,,,55.68552206,-132.5226563,1326332.351,846819.9276,Barge,6000,,,,,,AEA,2015 Assessment,False,1996-07-23,2022-12-21T03:55:03Z,THORNE BAY,true,false,false,0.0,,2025
1631,{44A8C085-BF24-471E-871F-5A8A8E0BED6F},1693,,,,63,679,{3F597174-5CB5-4C16-8F4A-786886325C42},Thorne Bay,U.S. Forest Service | Thorne Bay Ranger District,,,55.68811515,-132.5323337,1325661.173,846903.4614,Barge,20455,,,,,,AEA,2015 Assessment,False,1996-07-23,2022-12-21T03:55:03Z,THORNE BAY,true,false,false,0.0,,2025
1632,{1B7CC7FC-1C14-46E8-8611-7A87DEBB6A85},1694,,,,64,680,{3F597174-5CB5-4C16-8F4A-786886325C42},Thorne Bay,Monty McDonald,,,55.68811213,-132.5323122,1325661.173,846903.4614,Barge,9000,5000,4000,,,2,AEA,2015 Assessment,False,2015-04-14,2022-12-21T03:55:03Z,THORNE BAY,true,false,false,0.0,,2025
1633,{6DDFF002-8AD8-4274-9BB0-7EC701513845},1696,,,,66,682,{3F597174-5CB5-4C16-8F4A-786886325C42},Thorne Bay,Donald Hayes - Bayview Fuel and Tire,,,55.6851123,-132.5252419,1326188.931,846728.8225,Barge,2000,2000,0,,,1,AEA,2015 Assessment,False,2015-04-14,2022-12-21T03:55:03Z,THORNE BAY,true,false,false,0.0,,2025
1634,{753FD735-3081-4808-8B14-73A0463F3BC5},1697,113,,,,,{5992D3C6-F615-45B1-BE46-B0FF54252CF2},Togiak,Southwest Region School District - Togiak,50 Togiak Lane,99678,59.056332,-160.425157,-366803.2734,1024525.328,Barge,60000,,60000,,,2,DEC,,False,2015-05-26,2022-12-21T03:55:03Z,TOGIAK,true,false,false,0.0,,2025
1635,{8246435C-38B7-4C06-83AD-E741DB114913},1698,942,,ANC-T-007,,,{5992D3C6-F615-45B1-BE46-B0FF54252CF2},Togiak,Alaska Village Electric Cooperative - Togiak,General Delivery,99678,59.059366,-160.378601,-364121.651,1024629.343,,360000,,360000,,,12,DEC,,True,,2022-12-21T03:55:03Z,TOGIAK,,,,0.0,,2025
1636,{FC4F1FED-EBC1-4847-BD73-63BF9DA79F57},1699,1125,,,,,{5992D3C6-F615-45B1-BE46-B0FF54252CF2},Togiak,GCI Communication Corp. - Caribou Microwave Repeater,,99768,59.169983,-160.6515,-378412.1144,1038459.602,Plane,9000,,9000,,,2,DEC,,False,,2022-12-21T03:55:03Z,TOGIAK,false,true,false,8.08,,2025
1637,{5E94939C-C4FF-4F31-8656-D1955C13B0F2},1700,,,,865,493,{5992D3C6-F615-45B1-BE46-B0FF54252CF2},Togiak,City of Togiak - Gasoline,,,59.05982424,-160.379302,-364152.4591,1024673.44,Barge,4500,4500,0,,,3,AEA,2015 Assessment & Best Practice Assessment,False,2015-05-26,2022-12-21T03:55:03Z,TOGIAK,true,false,false,0.0,,2025
1638,{8BD0D6E7-2B7D-4848-9B1D-A309ACA94679},1701,,,ANC-T-008,868,494,{5992D3C6-F615-45B1-BE46-B0FF54252CF2},Togiak,City of Togiak - Diesel,,,59.05989595,-160.3793985,-364162.8794,1024674.444,Barge,26803,,26803,,,4,AEA,2015 Assessment & Best Practice Assessment,True,2015-05-26,2022-12-21T03:55:03Z,TOGIAK,true,false,false,0.0,,2025
1639,{40B65273-A8C5-4017-AF78-8A65C850D928},1702,,,,870,496,{5992D3C6-F615-45B1-BE46-B0FF54252CF2},Togiak,SWRSD (Barge Temporary Storage),,,59.06354192,-160.3692705,-363544.2637,1025019.32,Barge,43000,,43000,,,6,AEA,2015 Assessment,False,2015-05-26,2022-12-21T03:55:03Z,TOGIAK,true,false,false,0.0,,2025
1640,{1565B7EF-19B4-4703-A9F8-62D9D2AC6885},1703,,,ANC-T-029,871,497,{5992D3C6-F615-45B1-BE46-B0FF54252CF2},Togiak,Togiak Natives Limited (TNL),,,59.05747979,-160.3825528,-364365.5587,1024426.638,Barge,245000,100000,145000,,,20,AEA,2015 Assessment & Best Practice Assessment,True,2015-05-26,2022-12-21T03:55:03Z,TOGIAK,true,false,false,0.0,,2025
1641,{A8982EF5-33DF-4199-A007-78C5331E926A},1704,,,,1069,1000,{5992D3C6-F615-45B1-BE46-B0FF54252CF2},Togiak,Togiak Natives Limited - Gasoline Sales,,,59.06347022,-160.3688414,-363516.4788,1025016.647,Barge,2000,2000,0,,,1,AEA,2015 Assessment & Best Practice Assessment,False,2015-05-26,2022-12-21T03:55:03Z,TOGIAK,true,false,false,0.0,,2025
1642,{6AB69FE3-8865-4F3E-929D-ADAA25394B3E},1705,137,,,,,{E7AB4B30-0C1D-4536-8571-A8835525D851},Tok,Alaska Gateway School District - Tok,PO Box 249,99780,63.333019,-142.958933,549263.3247,1530758.505,Road,2000,,2000,,,2,DEC,,False,,2022-12-21T03:55:03Z,TOK,false,false,true,0.0,,2025
1643,{5B3A4427-3CF1-47FE-8D8F-D47DD33BE928},1706,316,,,,,{E7AB4B30-0C1D-4536-8571-A8835525D851},Tok,DOT&PF Tok MS,,99780,63.326067,-142.995331,547599.6503,1529684.646,Road,9500,3000,6500,,,4,DEC,,False,,2022-12-21T03:55:03Z,TOK,false,false,true,0.0,,2025
1644,{17AE2E7D-2835-4E26-B1ED-BE3B1E2035DA},1707,317,,,,,{E7AB4B30-0C1D-4536-8571-A8835525D851},Tok,DOT&PF Tok Weigh Station,Milepost 1310 Alaska Highway,99780,63.322644,-142.808842,556857.9246,1530859.08,Road,2000,,2000,,,2,DEC,,False,,2022-12-21T03:55:03Z,TOK,false,false,true,1.05,,2025
1645,{720D43B6-8FEC-4D1D-A5CD-FBBE51863E44},1708,647,,,,,{E7AB4B30-0C1D-4536-8571-A8835525D851},Tok,Alaska Power & Telephone - Tok Power Generation Station,,99780,63.335836,-142.9978,547296.3337,1530740.178,,30000,,30000,,,1,DEC,,False,,2022-12-21T03:55:03Z,TOK,,,,0.0,,2025
1646,{19A80AE5-C3F6-4CD4-9420-5EBE3D700780},1709,653,,,,,{E7AB4B30-0C1D-4536-8571-A8835525D851},Tok,Three Bears #01 Tok,Mile 1313.3 Alaska Highway,99780,63.333425,-142.964169,549000.8491,1530755.96,Road,30000,18000,12000,,,3,DEC,,False,,2022-12-21T03:55:03Z,TOK,false,false,true,0.0,,2025
1647,{B90D6701-CFBA-411A-AA88-820AA5501C37},1710,415,,,,,{976DFE6D-5070-41D4-B270-90EB077F8A48},Toksook Bay,Toksook Bay Maintenance Station,,99637,60.5374,-165.0894,-603600.5123,1222915.576,Road,2100,,2100,,,2,DEC,,False,,2022-12-21T03:55:03Z,TOKSOOK BAY,false,false,true,0.0,,2025
1648,{2D0BF1A6-B953-4D89-9CA0-EF4A333A17EA},1711,943,,ANC-T-012,,,{976DFE6D-5070-41D4-B270-90EB077F8A48},Toksook Bay,Alaska Village Electric Cooperative - Toksook Bay,General Delivery,99637,60.529717,-165.109533,-604827.6533,1222243.382,,378000,,378000,,,14,DEC,,True,1996-08-23,2022-12-21T03:55:03Z,TOKSOOK BAY,,,,0.0,,2025
1649,{83F3B425-DC65-4A0B-94B5-14D3D08E5901},1712,,299-BF-02,ANC-N-013,830,209,{976DFE6D-5070-41D4-B270-90EB077F8A48},Toksook Bay,Lower Kuskokwim Schools,,,60.8107704,-161.4225578,-401636.3235,1225454.256,Barge,76156,,,,,,AEA,,True,1899-12-30,2022-12-21T03:55:03Z,TOKSOOK BAY,true,false,false,197.19,,2025
1650,{98D06281-B559-477C-9060-B1774E8EB752},1713,,432-BF-02,ANC-T-013,720,644,{976DFE6D-5070-41D4-B270-90EB077F8A48},Toksook Bay,City of Toksook Bay,,,60.52866965,-165.1057911,-604642.8743,1222094.492,Barge,5300,,,,,,AEA,,True,1996-08-23,2022-12-21T03:55:03Z,TOKSOOK BAY,true,false,false,0.0,,2025
1651,{15BF1AC8-F89B-48D5-B561-12A84722E9E9},1714,,432-BF-05,ANC-T-016,717,501,{976DFE6D-5070-41D4-B270-90EB077F8A48},Toksook Bay,"Nunakauiak Yupik Corporation | Nelson Island | Toksook Bay, AK 99637",,,60.52932945,-165.106703,-604680.7733,1222190.891,Barge,120020,,,,,,AEA,,True,1996-08-23,2022-12-21T03:55:03Z,TOKSOOK BAY,true,false,false,0.0,,2025
1652,{F3C6E0AA-DC43-46B0-9BBD-B22D1A9461DF},1716,,120-BF-02,,377,537,{976DFE6D-5070-41D4-B270-90EB077F8A48},Toksook Bay,Alaska Army National Guard,,,65.33271165,-166.4942242,-579014.1444,1762765.314,Barge,4750,,,,,,AEA,,False,1996-09-20,2022-12-21T03:55:03Z,TOKSOOK BAY,true,false,false,536.89,,2025
1653,{FFAACF52-4DDD-43E9-BF72-FE3F8A80F480},1718,383,,,,,{68659E20-597A-4214-97E4-BE2A722B888B},Trapper Creek,Chulitna Maintenance Station,Parks Highway Milepost 121,99683,62.4048,-150.2606,192623.4242,1386672.53,Road,12000,,12000,,,2,DEC,,False,,2022-12-21T03:55:03Z,TRAPPER CREEK,false,false,true,0.0,,2025
1654,{C995496F-83BC-4D90-B7A0-8346CD6E515C},1719,1177,,,,,{68659E20-597A-4214-97E4-BE2A722B888B},Trapper Creek,Kahiltna Mining Camp,,99683,62.0344,-150.8222,165700.1597,1343795.262,Road,5000,,5000,,,1,DEC,,False,,2022-12-21T03:55:03Z,TRAPPER CREEK,false,false,true,18.33,,2025
1655,{63A1EA3E-67AB-4F08-96E2-50D651BB69F1},1720,416,,,,,{08AE02CD-C624-4EB1-9BDE-DC0B7B5D224E},Tuluksak,Tuluksak Airport Maintenance Station,,99679,61.0884,-160.9274,-371716.4422,1253438.494,Road,3000,,3000,,,2,DEC,,False,,2022-12-21T03:55:03Z,TULUKSAK,false,false,true,0.6,,2025
1656,{C5F70E6F-558B-494F-8A4B-85362B35A220},1721,726,,ANC-T-019,,,{08AE02CD-C624-4EB1-9BDE-DC0B7B5D224E},Tuluksak,Yupiit School District - Tuluksak,PO Box 115,99679,61.099483,-160.956537,-373141.1999,1254823.498,Barge,52937,3000,49937,,,9,DEC,,True,,2022-12-21T03:55:03Z,TULUKSAK,true,false,false,0.0,,2025
1657,{04F78EFB-A590-4C71-9C7D-734A6BB28282},1722,,,,331,504,{08AE02CD-C624-4EB1-9BDE-DC0B7B5D224E},Tuluksak,Tuluksak IRA Council,,,61.09910308,-160.957907,-373220.5071,1254790.651,Barge,25000,,,,,,AEA,,False,1998-10-12,2022-12-21T03:55:03Z,TULUKSAK,true,false,false,0.0,,2025
1658,{3EA0F247-55BA-42BB-BE13-C99C28D121C8},1723,,,,333,506,{08AE02CD-C624-4EB1-9BDE-DC0B7B5D224E},Tuluksak,"Alaska Army National Guard | General Delivery | Tuluksak, AK 99679",,,61.10034232,-160.957671,-373190.6337,1254917.93,Barge,6500,,,,,,AEA,,False,1998-10-12,2022-12-21T03:55:03Z,TULUKSAK,true,false,false,0.0,,2025
1659,{3CC9100D-2C2B-4C2F-B01F-7B06C7ED4603},1724,,,ANC-T-017,332,507,{08AE02CD-C624-4EB1-9BDE-DC0B7B5D224E},Tuluksak,Tulkisarmute Inc. | General Delivery | Tuluksak 99679,,,61.09899937,-160.958143,-373233.5548,1254792.023,Barge,50000,,,,,,AEA,,True,1998-10-12,2022-12-21T03:55:03Z,TULUKSAK,true,false,false,0.0,,2025
1660,{CA683C07-E679-44CC-AEB6-F59AE56BC91A},1725,,,ANC-T-018,,,{08AE02CD-C624-4EB1-9BDE-DC0B7B5D224E},Tuluksak,Tuluksak Power Plant,,,61.09638073,-160.9631427,-373525.2292,1254527.544,Barge,,,,,,,USCG,,True,1999-02-25,2022-12-21T03:55:03Z,TULUKSAK,true,false,false,0.0,,2025
1661,{04274DBD-1CBE-4D49-BE5E-C0038176D2C6},1726,417,435-BF-03,,,,{E53D762F-9715-4E78-AE62-1FFB0D35EC03},Tuntutuliak,Tuntutuliak Airport Maintenance Station,,99680,60.3506,-162.6579,-474824.8637,1182509.13,Road,2000,,2000,,,2,DEC,,False,,2022-12-21T03:55:03Z,TUNTUTULIAK,false,false,true,0.0,,2025
1662,{A28261CE-B417-46F6-A18A-F59D145A763C},1727,,435-BF-01,ANC-T-023,876,508,{E53D762F-9715-4E78-AE62-1FFB0D35EC03},Tuntutuliak,Tuntutuliak Community Services Assoc.,,,60.34306888,-162.6669563,-475421.8419,1181726.837,Barge,70500,,,,,,AEA,,True,1998-06-11,2022-12-21T03:55:03Z,TUNTUTULIAK,true,false,false,0.0,,2025
1663,{A933ED2A-778A-45EB-8CF9-59AB7F424859},1729,,435-BF-02,ANC-T-022,878,510,{E53D762F-9715-4E78-AE62-1FFB0D35EC03},Tuntutuliak,"Qinarmiut Corporation | General Delivery | Tuntutulliak, AK 99680",,,60.33871546,-162.665347,-475402.5632,1181228.595,Barge,71700,,,,,,AEA,,True,1998-06-11,2022-12-21T03:55:03Z,TUNTUTULIAK,true,false,false,0.0,,2025
1664,{96705E92-63AB-41A0-B0E8-52639E90CEC8},1730,,436-BF-04,ANC-C-028,710,515,{E53D762F-9715-4E78-AE62-1FFB0D35EC03},Tuntutuliak,Lower Kuskokwim School District,,,60.85685837,-162.2765278,-446981.0982,1236015.375,Barge,24700,,,,,,AEA,,True,1996-08-25,2022-12-21T03:55:03Z,TUNTUTULIAK,true,false,false,43.97,,2025
1665,{8D819DD1-0266-4167-8D95-07E8122F761C},1731,418,,,,,{2AAC0BD8-1ED0-49FE-B5DA-1371DF532197},Tununak,Tununak Airport Maintenance Station,,99681,60.5767,-165.2705,-612621.973,1228901.208,Road,2000,,2000,,,2,DEC,,False,,2022-12-21T03:55:03Z,TUNUNAK,false,false,true,0.0,,2025
1666,{D32639C4-3E15-4313-904F-B53FE9C4C207},1732,,436-BF-04,ANC-C-028,710,515,{2AAC0BD8-1ED0-49FE-B5DA-1371DF532197},Tununak,Lower Kuskokwim School District,,,60.85685837,-162.2765278,-446981.0982,1236015.375,Barge,24700,,,,,,AEA,,True,1996-08-25,2022-12-21T03:55:03Z,TUNUNAK,true,false,false,150.17,,2025
1667,{49BC4240-FDF1-4E25-9410-050D27C154B8},1733,,,,708,513,{2AAC0BD8-1ED0-49FE-B5DA-1371DF532197},Tununak,"Tununak Elders Council | General Delivery | Tununak, AK 99681",,,60.58294777,-165.2600474,-611940.4776,1229484.007,Barge,15600,,,,,,AEA,,False,1996-08-25,2022-12-21T03:55:03Z,TUNUNAK,true,false,false,0.0,,2025
1668,{FFFDF6A3-B357-4C44-B64A-EFF940529D00},1734,,436-BF-05,,709,514,{2AAC0BD8-1ED0-49FE-B5DA-1371DF532197},Tununak,"Alaska Village Electric Cooperative | General Delivery | Tununak, AK 99681",,,60.58562462,-165.2540929,-611568.8514,1229738.992,Barge,79800,,,,,,AEA,,False,1996-08-25,2022-12-21T03:55:03Z,TUNUNAK,true,false,false,0.0,,2025
1669,{AE4C81AC-F533-4FFF-B91D-80DD9CF22EF2},1736,,436-BF-03,ANC-T-028,711,516,{2AAC0BD8-1ED0-49FE-B5DA-1371DF532197},Tununak,Tununrmiut Rinit Corp Store,,,60.58610411,-165.2555306,-611636.3452,1229799.021,Barge,61800,,,,,,AEA,,True,1996-08-25,2022-12-21T03:55:03Z,TUNUNAK,true,false,false,0.0,,2025
1670,{60EDEA84-04E5-4ED4-912D-1CDA85E970A2},1738,,120-BF-02,,377,537,{2AAC0BD8-1ED0-49FE-B5DA-1371DF532197},Tununak,Alaska Army National Guard,,,65.33271165,-166.4942242,-579014.1444,1762765.314,Barge,4750,,,,,,AEA,,False,1996-09-20,2022-12-21T03:55:03Z,TUNUNAK,true,false,false,527.2,,2025
1671,{AAE0CDFD-B257-4827-AB4E-3FA700BE29A7},1739,112,438-BF-02,ANC-T-030,,,{70F9D3F0-0A22-421F-B1A4-0FF83845DECA},Twin Hills,Southwest Region School District - Twin Hills,5 Twin Hlls School Road,99576,59.073939,-160.281551,-358442.8998,1025704.06,Barge,20000,,20000,,,1,DEC,,True,,2022-12-21T03:55:03Z,TWIN HILLS,true,false,false,0.0,,2025
1672,{42BE0729-57F3-409D-990B-0667528A16F1},1740,152,123-BF-05,,,,{70F9D3F0-0A22-421F-B1A4-0FF83845DECA},Twin Hills,"North Pacific Seafoods, Inc. - Naknek - Twin Hills",No. 1 Cannery Road,99576,59.054574,-160.3352,-361703.2836,1023855.629,Barge,123000,40000,83000,,,9,DEC,,False,,2022-12-21T03:55:03Z,TWIN HILLS,true,false,false,0.0,,2025
1673,{6CC77A07-14DE-4D62-824B-C2858DC4D5FC},1741,408,438-BF-01,,,,{70F9D3F0-0A22-421F-B1A4-0FF83845DECA},Twin Hills,Twin Hills Airport Maintenance Station,,99678,59.0746,-160.2766,-358156.7298,1025766.023,Barge,2000,,2000,,,2,DEC,,False,,2022-12-21T03:55:03Z,TWIN HILLS,true,false,false,0.0,,2025
1674,{36F83444-DBD2-4AD3-A139-81A0F56C2A2D},1742,1246,439-BF-04,ANC-T-020,,,{70F9D3F0-0A22-421F-B1A4-0FF83845DECA},Twin Hills,Twin Hills Village Council,PO Box 4061,99576,59.073251,-160.282498,-358501.4321,1025641.073,Barge,58200,6000,52200,,,5,DEC,,True,,2022-12-21T03:55:03Z,TWIN HILLS,true,false,false,0.0,,2025
1675,{B2287974-A30A-4154-B089-CD95A7185409},1743,,439-BF-01,,882,520,{70F9D3F0-0A22-421F-B1A4-0FF83845DECA},Twin Hills,"Twin Hills Village | General Delivery | Twin Hills, AK 99576-8996",,,59.07353889,-160.2845744,-358617.5639,1025672.656,Barge,9200,,,,,,AEA,,False,1996-10-23,2022-12-21T03:55:03Z,TWIN HILLS,true,false,false,0.0,,2025
1676,{7CD84E5B-2773-4604-800C-1C400D6AD79E},1745,689,439-BF-03,,,,{961296AC-3BF0-47EF-AA6B-7D67C6031EDD},Tyonek,Kenai Peninsula Borough - Tyonek Tebughna School,4400 D Street,99682,61.06827,-151.143942,153581.4246,1235077.141,Road,1000,,1000,,,1,DEC,,False,,2022-12-21T03:55:03Z,TYONEK,false,false,true,0.0,,2025
1677,{F8C85392-830A-4255-ABF8-BD69EBAAEBF7},1746,453,,,,,{A3F13BA5-7501-4638-B3B8-55A7131B5C17},Ugashik,AK DOT&PF Ugashik,,99613,57.521944,-157.400833,-203142.015,840549.202,,2000,,2000,,,1,DEC,,False,,2022-12-21T03:55:03Z,UGASHIK,,,,0.0,,2025
1678,{C0078B6F-6E82-4228-8A2C-24B01CE556CE},1747,98,443-BF-01,ANC-U-001,,,{C3143A12-95C5-434E-A174-05E3A93C6CB4},Unalakleet,Bering Strait School District - Unalakleet,PO Box 130,99684,63.876554,-160.795118,-332808.298,1562732.507,Barge,197400,,,197400,,8,DEC,,True,1998-09-15,2022-12-21T03:55:03Z,UNALAKLEET,true,false,false,0.0,,2025
1679,{5724C91B-F6B4-4EF2-B050-67E266B4E600},1748,116,443-BF-02,ANC-U-003,,,{C3143A12-95C5-434E-A174-05E3A93C6CB4},Unalakleet,City of Unalakleet,,99684,63.87591,-160.795715,-332845.0493,1562667.766,Barge,56500,9000,47500,,,9,DEC,,True,,2022-12-21T03:55:03Z,UNALAKLEET,true,false,false,0.0,,2025
1680,{A2A6565E-0AB3-4959-BD55-0557CA9A3A1E},1749,128,,,,,{C3143A12-95C5-434E-A174-05E3A93C6CB4},Unalakleet,Unalakleet Bulk Tank Farm - Unalakleet Native Corporation,,99684,63.885652,-160.774375,-331688.367,1563645.388,Barge,411000,138000,273000,,,8,DEC,,False,,2022-12-21T03:55:03Z,UNALAKLEET,true,false,false,0.0,,2025
1681,{BB305CE8-F6DD-43BD-84C8-0B5E833AF5C6},1750,129,,,,,{C3143A12-95C5-434E-A174-05E3A93C6CB4},Unalakleet,Unalakleet Bulk Tank Farm - Unalakleet Valley Electric Coop,,99684,63.885652,-160.774375,-331688.367,1563645.388,Barge,410400,,410400,,,7,DEC,,False,,2022-12-21T03:55:03Z,UNALAKLEET,true,false,false,0.0,,2025
1682,{233BA067-6BF5-4221-8448-2A6DD3131467},1751,130,,,,,{C3143A12-95C5-434E-A174-05E3A93C6CB4},Unalakleet,"Unalakleet Bulk Tank Farm - West Coast Aviation Services, Inc.",,99684,63.885652,-160.774375,-331688.367,1563645.388,Barge,415200,46600,93200,275400,,8,DEC,,False,,2022-12-21T03:55:03Z,UNALAKLEET,true,false,false,0.0,,2025
1683,{D9A44F25-7BD5-452C-B8EC-E436366772FE},1752,131,447-BF-02,,,,{C3143A12-95C5-434E-A174-05E3A93C6CB4},Unalakleet,"West Coast Aviation Services, Inc. apron",PO Box 248,99684,63.881795,-160.799167,-332946.5873,1563349.638,Barge,4000,,,4000,,2,DEC,,False,1998-09-15,2022-12-21T03:55:03Z,UNALAKLEET,true,false,false,0.0,,2025
1684,{D56D7018-E852-420A-B32D-D20B5B07A893},1753,364,,,,,{C3143A12-95C5-434E-A174-05E3A93C6CB4},Unalakleet,DOT&PF Unalakleet APT,,99684,63.8793,-160.797342,-332884.2022,1563048.617,Plane,9000,,9000,,,3,DEC,,False,1998-09-15,2022-12-21T03:55:03Z,UNALAKLEET,false,true,false,0.0,,2025
1685,{0348C10F-900C-4DEE-B116-5841EADCA147},1754,1144,,,,,{C3143A12-95C5-434E-A174-05E3A93C6CB4},Unalakleet,GCI Communication Corp. - Unalakleet/Blueberry Repeater,,99684,63.9887,-160.883394,-335822.4877,1575637.032,Plane,9000,,9000,,,2,DEC,,False,,2022-12-21T03:55:03Z,UNALAKLEET,false,true,false,8.89,,2025
1686,{621FCC2F-3A90-426E-A211-00250864F71E},1755,1255,,,,,{C3143A12-95C5-434E-A174-05E3A93C6CB4},Unalakleet,Ounalashka Corporation,400 Salmon Way,99685,63.891940,-160.684200,-821742.6414,507740.4325,Road,1500,,1500,,,1,DEC,,False,,2022-12-21T03:55:03Z,UNALAKLEET,false,false,true,3.87,latitude;longitude,2025
1687,{ED965264-815C-46DB-A2C0-252D0EDEEB45},1756,,447-BF-04,ANC-U-005,725,77,{C3143A12-95C5-434E-A174-05E3A93C6CB4},Unalakleet,West Coast Aviation Service | Terminal Building,,,63.88201057,-160.7992024,-332944.4976,1563369.978,Barge,7200,,,,,,AEA,,True,1998-09-15,2022-12-21T03:55:03Z,UNALAKLEET,true,false,false,0.0,,2025
1688,{44725B4B-BE85-44D7-B855-A2B0FAE8A4A2},1757,,,,722,523,{C3143A12-95C5-434E-A174-05E3A93C6CB4},Unalakleet,City of Unalakleet | Pump House,,,63.87646043,-160.7911021,-332611.6887,1562712.326,Barge,23000,,,,,,AEA,,False,1998-09-15,2022-12-21T03:55:03Z,UNALAKLEET,true,false,false,0.0,,2025
1689,{A958F4D2-051D-4E8F-AF6E-9B74D92FE917},1758,,,,724,524,{C3143A12-95C5-434E-A174-05E3A93C6CB4},Unalakleet,Peninsula Airline and ATS,,,63.88185944,-160.7989771,-332931.6955,1563348.108,Barge,1900,,,,,,AEA,,False,1998-09-15,2022-12-21T03:55:03Z,UNALAKLEET,true,false,false,0.0,,2025
1690,{CC640165-0D81-487D-A9C2-561FACFE5085},1759,,,,721,525,{C3143A12-95C5-434E-A174-05E3A93C6CB4},Unalakleet,Alaska Department of Transportation | Heavy Equipment Storage Building,,,63.87937026,-160.7972283,-332875.4595,1563075.125,Barge,2700,,,,,,AEA,,False,1998-09-15,2022-12-21T03:55:03Z,UNALAKLEET,true,false,false,0.0,,2025
1691,{E98F3A3E-E585-4EEE-80D1-92ED1E2D5F56},1760,,,,726,526,{C3143A12-95C5-434E-A174-05E3A93C6CB4},Unalakleet,"Alaska Commercial CompanyUnalakleet, AK 99684",,,63.87214946,-160.7859093,-332409.2284,1562191.406,Barge,24300,,,,,,AEA,,False,1998-09-15,2022-12-21T03:55:03Z,UNALAKLEET,true,false,false,0.0,,2025
1692,{783EBD25-B5D8-4056-9E13-9080E10AD0E8},1761,,,,728,527,{C3143A12-95C5-434E-A174-05E3A93C6CB4},Unalakleet,"Covenant Church | General Delivery | Unalakleet, AK 99684",,,63.87230655,-160.7873738,-332474.9735,1562225.554,Barge,1500,,,,,,AEA,,False,1998-09-15,2022-12-21T03:55:03Z,UNALAKLEET,true,false,false,0.0,,2025
1693,{B7C1513A-81D7-4D29-B32B-B54EF5E38F76},1762,,,,729,551,{C3143A12-95C5-434E-A174-05E3A93C6CB4},Unalakleet,City of Unalakleet | Water Treatment Facility,,,63.87639429,-160.7910806,-332611.6887,1562712.326,Barge,43300,,,,,,AEA,,False,1998-09-15,2022-12-21T03:55:03Z,UNALAKLEET,true,false,false,0.0,,2025
1694,{EFA2FFD0-5E26-4F0B-AB88-C80C174ED85B},1763,48,451-BF-11,,,,{F020D8C7-7FD0-4AFE-85DC-43D1C0A0B5F0},Unalaska,Unalaska City School District High School,55 East Broadway,99685,53.8726075,-166.5296132,-820588.8474,506366.7716,Road,5000,,5000,,,2,DEC,,False,,2022-12-21T03:55:03Z,UNALASKA,false,false,true,0.0,,2025
1695,{087E5597-2E93-4DDC-A089-439BD1AD3295},1764,729,448-BF-04,,,,{F020D8C7-7FD0-4AFE-85DC-43D1C0A0B5F0},Unalaska,City of Unalaska - Community Center & Burma Road Chapel,37 South 5th Street,99685,53.872324,-166.531609,-820726.823,506351.6889,Road,1500,,1500,,,1,DEC,,False,,2022-12-21T03:55:03Z,UNALASKA,false,false,true,0.0,,2025
1696,{1AF09CDB-0CF2-49E8-AB5D-E1914905790C},1765,730,448-BF-01,,,,{F020D8C7-7FD0-4AFE-85DC-43D1C0A0B5F0},Unalaska,City of Unalaska - Landfill,1181 Summer Bay Road,99685,53.88313,-166.510296,-819123.4946,507267.9198,Road,2000,,2000,,,1,DEC,,False,,2022-12-21T03:55:03Z,UNALASKA,false,false,true,0.0,,2025
1697,{9D8271CA-C47C-4335-86DB-840808B20357},1766,734,448-BF-03,,,,{F020D8C7-7FD0-4AFE-85DC-43D1C0A0B5F0},Unalaska,City of Unalaska - Public Works,1035 East Broadway Avenue,99685,53.863449,-166.51236,-819665.5291,505154.8939,Road,4500,,4500,,,3,DEC,,False,,2022-12-21T03:55:03Z,UNALASKA,false,false,true,0.0,,2025
1698,{2CD379B1-9DA0-4E0E-9EA6-013BA2B85C2C},1767,735,448-BF-02,,,,{F020D8C7-7FD0-4AFE-85DC-43D1C0A0B5F0},Unalaska,City of Unalaska - Wastewater Treatment Plan,19 Gilman Way,99692,53.878836,-166.554902,-822090.0382,507358.0332,Road,1100,,1100,,,1,DEC,,False,,2022-12-21T03:55:03Z,UNALASKA,false,false,true,0.0,,2025
1699,{FFC6D08E-A827-4B6C-891F-D6C2D7CA90FC},1768,828,447-BF-03,,,,{F020D8C7-7FD0-4AFE-85DC-43D1C0A0B5F0},Unalaska,AT&T - Unalaska,19 Franks Alleyway,99685,53.877663,-166.539596,-821132.211,507036.7773,Road,2000,,2000,,,1,DEC,,False,,2022-12-21T03:55:03Z,UNALASKA,false,false,true,0.0,,2025
1700,{A5E8D42A-4A72-4380-B9D4-5CC0084B55D2},1769,1096,,,,,{F020D8C7-7FD0-4AFE-85DC-43D1C0A0B5F0},Unalaska,Federal Aviation Administration - Unalaska - UNK VOR,,99685,53.882740,-166.550742,-327220.5106,1563910.436,Road,1000,,1000,,,1,DEC,,False,,2022-12-21T03:55:03Z,UNALASKA,false,false,true,0.0,latitude;longitude,2025
1701,{405CC19C-36AB-4808-8AB1-CDE994AED352},1770,,115-BF-07,,108,137,{50BD3072-1166-4F66-BB42-2E68C28DE654},Upper Kalskag,Kuspuk School District,,,61.58083535,-159.5510516,-277593.6629,1299211.206,Barge,142100,,,,,,AEA,,True,1998-07-20,2022-12-21T03:55:03Z,UPPER KALSKAG,true,false,false,39.94,,2025
1702,{FE80FFE4-DA2A-4520-83FA-EBF49A90B09C},1772,,451-BF-13,ANC-K-003,336,556,{50BD3072-1166-4F66-BB42-2E68C28DE654},Upper Kalskag,City of Upper Kalskag,,,61.53794642,-160.323314,-334622.1166,1300259.532,Barge,2500,,,,,,AEA,,True,1997-10-22,2022-12-21T03:55:03Z,UPPER KALSKAG,true,false,false,0.0,,2025
1703,{39B31BE9-3E59-4729-89B1-63A59C31F2D7},1773,,,,337,557,{50BD3072-1166-4F66-BB42-2E68C28DE654},Upper Kalskag,Ken Morgan | Morgan Fuel Service,,,61.53861367,-160.3170966,-334287.177,1300296.131,Barge,36800,,,,,,AEA,,False,1997-10-22,2022-12-21T03:55:03Z,UPPER KALSKAG,true,false,false,0.0,,2025
1704,{E4B7575E-9F3B-44DD-88D5-F0519B402055},1774,,451-BF-03,,338,558,{50BD3072-1166-4F66-BB42-2E68C28DE654},Upper Kalskag,"Kalskag Store | | Kalskag, AK 99607",,,61.53665021,-160.3091358,-333886.7077,1300031.663,Barge,36200,,,,,,AEA,,False,1997-10-22,2022-12-21T03:55:03Z,UPPER KALSKAG,true,false,false,0.0,,2025
1705,{D7310362-3F08-4501-8005-DF61067A12BF},1775,,,,334,596,{50BD3072-1166-4F66-BB42-2E68C28DE654},Upper Kalskag,Ausdahl Mercantile | Danny Austahl,,,61.54024979,-160.3278898,-334840.247,1300527.231,Barge,1980,,,,,,AEA,,False,1997-10-22,2022-12-21T03:55:03Z,UPPER KALSKAG,true,false,false,0.0,,2025
1706,{1DF623E1-B266-4C31-BB2D-2ABE4B807661},1776,41,,,,,{BDF957A0-FB1E-48AC-835A-A24FB2DFE444},Valdez,USCG SFO Valdez,825 W Hanagita,99686,61.137178,-146.3713688,408556.4457,1262986.189,Road,1000,,1000,,,1,DEC,,False,,2022-12-21T03:55:03Z,VALDEZ,false,false,true,0.0,,2025
1707,{316442FE-F21C-4BAD-B4A4-700329BA1914},1777,254,451-BF-08,,,,{BDF957A0-FB1E-48AC-835A-A24FB2DFE444},Valdez,Alaska Army National Guard - Valdez Readiness Center,1 Salcha Way,99686,61.127924,-146.247547,415284.6101,1262710.449,Road,1500,,1500,,,1,DEC,,False,,2022-12-21T03:55:03Z,VALDEZ,false,false,true,0.0,,2025
1708,{5D6DD34B-DAEE-49F9-988E-21E080CB537A},1778,319,455-BF-06,,,,{BDF957A0-FB1E-48AC-835A-A24FB2DFE444},Valdez,DOT&PF Thompson Pass MS,Milepost 27 Richardson Highway,99686,61.140875,-145.749133,441669.9906,1267369.7,Road,4000,,4000,,,2,DEC,,False,,2022-12-21T03:55:03Z,VALDEZ,false,false,true,5.42,,2025
1709,{18A0F761-6B93-4198-82BD-6BEAA7405909},1779,320,455-BF-07,,,,{BDF957A0-FB1E-48AC-835A-A24FB2DFE444},Valdez,DOT&PF Valdez APT (Pioneer Field),300 Airport Road,99686,61.131047,-146.247017,415269.3,1263066.067,Road,3000,,3000,,,2,DEC,,False,,2022-12-21T03:55:03Z,VALDEZ,false,false,true,0.0,,2025
1710,{96237B31-0C4F-486F-99F1-B7F39326C8FA},1780,321,455-BF-03,,,,{BDF957A0-FB1E-48AC-835A-A24FB2DFE444},Valdez,DOT&PF Valdez MS,351 Egan Avenue,99686,61.135528,-146.341331,410184.389,1262968.23,Road,8000,,8000,,,2,DEC,,False,,2022-12-21T03:55:03Z,VALDEZ,false,false,true,0.0,,2025
1711,{464FE024-2A99-4A73-956B-AFDC49328212},1781,322,,,,,{BDF957A0-FB1E-48AC-835A-A24FB2DFE444},Valdez,DOT&PF APT / MS,Mile 13 Copper River Highway,99574,60.499369,-145.479589,465195.6606,1198039.773,Road,14000,2500,11500,,,5,DEC,,False,,2022-12-21T03:55:03Z,VALDEZ,false,false,true,61.81,,2025
1712,{D90B5B01-B43C-47E6-AFBE-60E05BEBF7DC},1782,555,455-BF-04,,,,{BDF957A0-FB1E-48AC-835A-A24FB2DFE444},Valdez,Silver Bay Seafoods - Valdez,209 South Harbor Road,99686,61.123715,-146.345993,410085.3092,1261630.425,Road,23300,,23300,,,6,DEC,,False,,2022-12-21T03:55:03Z,VALDEZ,false,false,true,0.0,,2025
1713,{C70F025D-17AF-456C-8E48-D5735931DDB5},1783,614,,,,,{BDF957A0-FB1E-48AC-835A-A24FB2DFE444},Valdez,Crowley - Valdez,105 Valdez Airport Road,99686,61.124433,-146.263179,414492.5876,1262232.762,Road,10000,,10000,,,1,DEC,,False,,2022-12-21T03:55:03Z,VALDEZ,false,false,true,0.0,,2025
1714,{E9721470-3863-4DF0-8FA9-DEE71E0F717F},1784,829,,,,,{BDF957A0-FB1E-48AC-835A-A24FB2DFE444},Valdez,AT&T - Valdez,290 East Egan Street,99686,61.131564,-146.337616,410431.6333,1262570.799,Road,1000,,1000,,,1,DEC,,False,,2022-12-21T03:55:03Z,VALDEZ,false,false,true,0.0,,2025
1715,{C9BC00FA-491A-4D02-BFB8-B40977DA2016},1785,830,451-BF-07,,,,{BDF957A0-FB1E-48AC-835A-A24FB2DFE444},Valdez,AT&T - Valdez - Keystone,Milepost 17.5 Richardson Highway,99686,61.0644,-145.8291,438457.3481,1258357.84,Plane,5000,,5000,,,4,DEC,,False,,2022-12-21T03:55:03Z,VALDEZ,false,true,false,0.79,,2025
1716,{71EF2656-042E-4F42-A78D-E48CD254C0EB},1786,831,451-BF-06,,,,{BDF957A0-FB1E-48AC-835A-A24FB2DFE444},Valdez,AT&T - Valdez - Ptarmigan,Milepost 33 Richardson Highway,99686,61.2044,-145.630456,447100.4049,1275222.108,Plane,5000,,5000,,,4,DEC,,False,,2022-12-21T03:55:03Z,VALDEZ,false,true,false,14.55,,2025
1717,{3E126E10-1FB3-4698-B4A2-1CE1635F721D},1787,832,451-BF-01,,,,{BDF957A0-FB1E-48AC-835A-A24FB2DFE444},Valdez,AT&T - Tiekel,Milepost 53 Richardson Highway,99686,61.344126,-145.268358,464282.0651,1293188.97,Plane,5000,,5000,,,4,DEC,,False,,2022-12-21T03:55:03Z,VALDEZ,false,true,false,39.42,,2025
1718,{C1ADC4CF-10B4-46CB-869B-B99E2F70453E},1788,844,455-BF-01,,,,{BDF957A0-FB1E-48AC-835A-A24FB2DFE444},Valdez,Valdez City Schools,357 Robe River Drive,99686,61.13868,-146.358918,409206.3489,1263212.418,Road,14000,,14000,,,3,DEC,,False,,2022-12-21T03:55:03Z,VALDEZ,false,false,true,0.0,,2025
1719,{10C293FA-932B-464D-A923-2CE29D264905},1789,845,451-BF-09,,,,{BDF957A0-FB1E-48AC-835A-A24FB2DFE444},Valdez,City of Valdez,555 West Egan Avenue,99686,61.130548,-146.366817,408885.8617,1262275.173,Road,43000,,43000,,,9,DEC,,False,,2022-12-21T03:55:03Z,VALDEZ,false,false,true,0.0,,2025
1720,{15F42230-AEBD-4A55-B59D-170175A8B3BE},1790,848,452-BF-01,,,,{BDF957A0-FB1E-48AC-835A-A24FB2DFE444},Valdez,Copper Valley Electric Association - Valdez - Hydro Plant,1550 Dayville Road,99686,61.083264,-146.302946,412906.3158,1257408.377,Road,1000,,1000,,,1,DEC,,False,,2022-12-21T03:55:03Z,VALDEZ,false,false,true,0.0,,2025
1721,{E440AFDF-429C-43EF-97E7-E99BC8872AF7},1791,850,452-BF-02,,,,{BDF957A0-FB1E-48AC-835A-A24FB2DFE444},Valdez,Copper Valley Electric Association - Valdez - Diesel Plant,527 West Egan,99686,61.130568,-146.364749,408999.7885,1262288.328,Road,41000,,41000,,,3,DEC,,False,,2022-12-21T03:55:03Z,VALDEZ,false,false,true,0.0,,2025
1722,{F19B2D16-1835-43FE-9850-72DF8B05E016},1792,851,451-BF-04,,,,{BDF957A0-FB1E-48AC-835A-A24FB2DFE444},Valdez,Copper Valley Electric Association - Valdez - Cogeneration Plant,2501 Dayville Road,99686,61.084192,-146.249383,415752.0689,1257850.818,Road,1000,,,1000,,1,DEC,,False,,2022-12-21T03:55:03Z,VALDEZ,false,false,true,0.0,,2025
1723,{9BD1E836-06B9-4EAA-A631-8CCC69261C22},1793,1114,455-BF-05,,,,{BDF957A0-FB1E-48AC-835A-A24FB2DFE444},Valdez,GCI Communication Corp. - Valdez Landing,208 Kobuk Street,99686,61.127709,-146.347799,409939.8799,1262060.281,Road,2000,,2000,,,2,DEC,,False,,2022-12-21T03:55:03Z,VALDEZ,false,false,true,0.0,,2025
1724,{E2EF0E5B-287E-4122-A175-2E0B85FD9D17},1794,132,456-BF-05,,,,{A3641C8B-440A-4FFF-AFC3-1602263D4212},Venetie,Native Village of Venetie,110 Wood Yard Way,99608,67.01724,-146.425352,331021.4025,1914405.606,Plane,12500,3500,9000,,,6,DEC,,False,,2022-12-21T03:55:03Z,VENETIE,false,true,false,0.0,,2025
1725,{F89CBAB9-8EE3-4852-BC80-4FC7BC0CB3EF},1795,1012,456-BF-06,,,,{A3641C8B-440A-4FFF-AFC3-1602263D4212},Venetie,Yukon Flats School District - Venetie,360 Chandalar Drive,99781,67.015518,-146.415844,331460.7341,1914258.215,Plane,18900,,18900,,,3,DEC,,False,,2022-12-21T03:55:03Z,VENETIE,false,true,false,0.0,,2025
1726,{445446BF-8151-4996-BF23-899DCB9133B1},1796,604,,,,,{0B9370B1-7BCB-4AA4-B8CF-A63AECD907D3},Wainwright,City of Wainwright,PO Box 9,99782,70.6383,-160.033,-227640.9295,2305073.248,Road,1200,,1200,,,1,DEC,,False,,2022-12-21T03:55:03Z,WAINWRIGHT,false,false,true,0.0,,2025
1727,{8FD82835-EB2B-444F-ABFE-B24E94439A61},1797,,456-BF-02,,512,975,{0B9370B1-7BCB-4AA4-B8CF-A63AECD907D3},Wainwright,City of Wainwright | Robert James Community Center,,,70.63817593,-160.0328084,-227631.7428,2305072.411,Barge,2400,,,,,,AEA,2015 Assessment,False,1998-08-20,2022-12-21T03:55:03Z,WAINWRIGHT,true,false,false,0.0,,2025
1728,{A4BFB65F-3817-45CA-8B53-0E122E14A4C1},1798,,456-BF-03,,510,1094,{0B9370B1-7BCB-4AA4-B8CF-A63AECD907D3},Wainwright,North Slope Borough - Wainwright Fire Station,,,70.63785581,-160.0328942,-227640.5725,2305026.324,Barge,7000,,7000,,,1,AEA,2015 Assessment,False,2015-06-03,2022-12-21T03:55:03Z,WAINWRIGHT,true,false,false,0.0,,2025
1729,{B82E0630-287E-4591-89C8-CEBAB608667F},1799,,456-BF-04,,509,1093,{0B9370B1-7BCB-4AA4-B8CF-A63AECD907D3},Wainwright,North Slope Borough - Wainwright Health Clinic,,,70.63767795,-160.0296541,-227518.3643,2304995.098,Barge,6000,,6000,,,1,AEA,2015 Assessment,False,1998-08-20,2022-12-21T03:55:03Z,WAINWRIGHT,true,false,false,0.0,,2025
1730,{10E17596-EA7D-4231-BFF9-570A63ADEA9E},1800,,456-BF-07,,514,1096,{0B9370B1-7BCB-4AA4-B8CF-A63AECD907D3},Wainwright,North Slope Borough - Wainwright Sewage Treatment Plant,,,70.64279945,-160.0216719,-227166.1445,2305532.443,Barge,2000,,2000,,,1,AEA,2015 Assessment,False,2015-06-03,2022-12-21T03:55:03Z,WAINWRIGHT,true,false,false,0.0,,2025
1731,{AC2A183B-9056-4584-A18C-B39363D95AD7},1801,,456-BF-01,,508,1092,{0B9370B1-7BCB-4AA4-B8CF-A63AECD907D3},Wainwright,North Slope Borough - Wainwright Water Treatment Plant,,,70.63715862,-160.0289138,-227494.5545,2304925.942,Barge,10000,,10000,,,1,AEA,2015 Assessment,False,2015-06-03,2022-12-21T03:55:03Z,WAINWRIGHT,true,false,false,0.0,,2025
1732,{45A65B7E-EC2D-4DEA-8128-8BB70F8BBC83},1802,,,ANC-W-001,515,978,{0B9370B1-7BCB-4AA4-B8CF-A63AECD907D3},Wainwright,North Slope Borough | Wainwright Power Plant,,,70.64005392,-160.0110289,-226794.332,2305190.533,Barge,500000,,,,,,AEA,2015 Assessment,True,1998-08-20,2022-12-21T03:55:03Z,WAINWRIGHT,true,false,false,0.0,,2025
1733,{95DCBA93-2554-4903-87A5-DCAB9E99CDD8},1803,474,,,,,{0B9370B1-7BCB-4AA4-B8CF-A63AECD907D3},Wainwright,North Slope Borough School District - Wainwright,567 Main Street,99782,70.636496,-160.031708,-227608.555,2304869.332,Road,10000,,10000,,,1,DEC,,False,2015-06-03,2022-12-21T03:55:03Z,WAINWRIGHT,false,false,true,0.0,,2025
1734,{847E852A-C3F8-4E3F-8540-1D5838E47248},1804,,,,506,969,{0B9370B1-7BCB-4AA4-B8CF-A63AECD907D3},Wainwright,North Slope Borough School District | Olgoonik Corp. Fuel Station,,,70.63605588,-160.0337311,-227687.9828,2304836.374,Barge,908000,,,,,,AEA,2015 Assessment,False,1998-08-20,2022-12-21T03:55:03Z,WAINWRIGHT,true,false,false,0.0,,2025
1735,{245C6061-B9C9-4F8F-AF7E-346343A5D94C},1805,1001,,,,,{0B9370B1-7BCB-4AA4-B8CF-A63AECD907D3},Wainwright,Olgoonik Corporation,566 Main Street,99782,70.637657,-160.032229,-227617.124,2305004.091,Road,2900,,2900,,,2,DEC,,False,1998-08-20,2022-12-21T03:55:03Z,WAINWRIGHT,false,false,true,0.0,,2025
1736,{08A09353-8C0F-47F7-850E-77DB129A1B41},1806,,,,511,1095,{0B9370B1-7BCB-4AA4-B8CF-A63AECD907D3},Wainwright,Olgoonik Corporation - Hotel & Restaurant,,,70.63764061,-160.0322183,-227617.124,2305004.091,Barge,1700,,1700,,,1,AEA,2015 Assessment,False,1998-08-20,2022-12-21T03:55:03Z,WAINWRIGHT,true,false,false,0.0,,2025
1737,{52EA8B6C-5DEE-4586-9B19-043A22000B12},1807,,249-BF-02,,403,934,{0B9370B1-7BCB-4AA4-B8CF-A63AECD907D3},Wainwright,"SKW/Eskimos, Inc.",,,70.12871985,-143.6220736,399213.9322,2270202.086,Barge,200000,,,,,,AEA,2015 Assessment,False,1998-08-20,2022-12-21T03:55:03Z,WAINWRIGHT,true,false,false,622.1,,2025
1738,{B0066921-3F79-4DC7-A0D1-CDB913214CE5},1808,256,458-BF-04,ANC-W-004,,,{F8A9EA5F-A5D3-4A9C-B4B3-EDACC1AD5746},Wales,Bering Strait School District - Wales,,99783,65.604714,-168.086115,-645363.8818,1807135.662,Barge,48400,,48400,,,4,DEC,,True,2015-06-18,2022-12-21T03:55:03Z,WALES,true,false,false,0.0,,2025
1739,{A40B8C7B-DF45-4488-8F49-74757BD35050},1809,944,458-BF-07,,,,{F8A9EA5F-A5D3-4A9C-B4B3-EDACC1AD5746},Wales,Alaska Village Electric Cooperative - Wales,General Delivery,99783,65.60857,-168.090904,-645484.2387,1807620.506,,64800,,64800,,,7,DEC,,False,,2022-12-21T03:55:03Z,WALES,,,,0.0,,2025
1740,{31748366-F5A6-4B80-A966-0BEA4B94E1F7},1810,,,ANC-W-006,519,282,{F8A9EA5F-A5D3-4A9C-B4B3-EDACC1AD5746},Wales,Native Village of Wales Native Store - Retail Sales,,,65.60616325,-168.0875161,-645394.3144,1807302.143,Barge,101100,21000,80100,,,6,AEA,2015 Assessment,True,2015-06-18,2022-12-21T03:55:03Z,WALES,true,false,false,0.0,,2025
1741,{9590870E-3874-48C9-A5A1-809FF3E2A8F7},1811,,458-BF-06,,520,283,{F8A9EA5F-A5D3-4A9C-B4B3-EDACC1AD5746},Wales,City of Wales WTP,,,65.60838202,-168.0910861,-645494.0409,1807601.757,Barge,10700,,10700,,,1,AEA,2015 Assessment,False,2015-06-18,2022-12-21T03:55:03Z,WALES,true,false,false,0.0,,2025
1742,{509CF7C1-AE7E-4289-8EFE-3298B15AD90D},1812,,,ANC-W-003,179,119,{F8A9EA5F-A5D3-4A9C-B4B3-EDACC1AD5746},Wales,Alaska Village Electric Cooperative (AVEC),,,67.08767141,-157.8567222,-168358.097,1908214.339,Barge,74530,,74530,,,10,AEA,2016 Letter Report,True,2015-06-18,2022-12-21T03:55:03Z,WALES,true,false,false,485.46,,2025
1743,{33CE5488-B9E3-4D2C-9002-C9070398F548},1813,70,,,,,{8805779A-5590-497A-82CB-9053953A6555},Wasilla,Alaska Waste - Mat Su,2400 Polar Bear Drive,99654,61.6192901,-149.3888135,243562.2885,1301861.714,Road,8000,,8000,,,1,DEC,,False,,2022-12-21T03:55:03Z,WASILLA,false,false,true,2.78,,2025
1744,{56FFA4FE-D7F5-417E-8CC6-DF2476255BD0},1814,85,,,,,{8805779A-5590-497A-82CB-9053953A6555},Wasilla,Rain Proof Roofing - Wasilla Branch,1255 West Winter Court,99654,61.5898046,-149.4828437,238828.9095,1298237.962,,1000,1000,,,,1,DEC,,False,,2022-12-21T03:55:03Z,WASILLA,,,,0.0,,2025
1745,{65DFB897-7E85-4456-850D-913C7D010004},1815,592,462-BF-02,,,,{8805779A-5590-497A-82CB-9053953A6555},Wasilla,State of Alaska Department of Corrections - Point Mackenzie Correctional Farm,13690 South Guernsey Road,99623,61.41665,-150.079139,208483.8283,1276895.888,Road,3000,1000,2000,,,3,DEC,,False,,2022-12-21T03:55:03Z,WASILLA,false,false,true,31.89,,2025
1746,{E2EBBB67-58E8-4EED-B69B-A03B77169EB6},1816,595,462-BF-04,,,,{8805779A-5590-497A-82CB-9053953A6555},Wasilla,State of Alaska Department of Corrections - Goose Creek Corectional Center,22301 West Alsop Road,99623,61.360181,-150.012503,212398.8209,1270810.536,Road,77000,2000,75000,,,4,DEC,,False,,2022-12-21T03:55:03Z,WASILLA,false,false,true,32.93,,2025
1747,{1B293629-AD2E-4C83-91D3-3350830FD212},1817,615,,,,,{8805779A-5590-497A-82CB-9053953A6555},Wasilla,Crowley - Wasilla,1201 South Terminal Court,99654,61.57055556,-149.5480556,235534.9562,1295860.064,Road,6000,,,6000,,1,DEC,,False,,2022-12-21T03:55:03Z,WASILLA,false,false,true,0.0,,2025
1748,{4161C397-A0E9-4D17-A7C4-A1B5869F650F},1818,981,,,,,{8805779A-5590-497A-82CB-9053953A6555},Wasilla,City of Wasilla,290 East Herning Avenue,99654,61.581742,-149.444397,240918.2056,1297464.07,Road,4500,1000,3500,,,3,DEC,,False,,2022-12-21T03:55:03Z,WASILLA,false,false,true,0.0,,2025
1749,{C79DD2E6-D5FF-43CB-B4E3-362A2D1FD2CD},1819,1151,,,,,{8805779A-5590-497A-82CB-9053953A6555},Wasilla,Lowe's - Wasilla #2512,2561 East Sun Mountain Avenue,99654,61.573887,-149.385729,244079.022,1296806.814,Road,1500,,1500,,,1,DEC,,False,,2022-12-21T03:55:03Z,WASILLA,false,false,true,0.0,,2025
1750,{B0D43C0D-743A-444E-BA07-F893397FE358},1820,649,462-BF-01,,,,{4999C06C-E2C7-48C4-9BD9-E95833F9D114},Whale Pass,Alaska Power & Telephone - Whale Pass Power Generation Station,,99927,56.120278,-133.132583,1274954.095,880898.9024,Road,10000,,10000,,,1,DEC,,False,,2022-12-21T03:55:03Z,WHALE PASS,false,false,true,0.0,,2025
1751,{A9993CC3-DCF0-49EA-9210-B68096AC8937},1821,6,462-BF-06,ANC-W-009,,,{7B4ACF01-3330-4839-B43B-E98C4902C151},White Mountain,Bering Strait School District - White Mountain,,99784,64.6786,-163.3961,-446842.0443,1666887.357,Barge,4000,,4000,,,1,DEC,,True,,2022-12-21T03:55:03Z,WHITE MOUNTAIN,true,false,false,0.0,,2025
1752,{4A73D3E0-116B-4AF8-A2F3-038C017E8809},1822,7,,ANC-W-007,,,{7B4ACF01-3330-4839-B43B-E98C4902C151},White Mountain,White Mountain Native Store,,99784,64.6811,-163.4099,-447456.1394,1667243.103,Barge,3000,3000,,,,1,DEC,,True,1996-09-18,2022-12-21T03:55:03Z,WHITE MOUNTAIN,true,false,false,0.0,,2025
1753,{70BB636F-D062-4A27-A409-C97B7E62A741},1823,8,463-BF-03,,,,{7B4ACF01-3330-4839-B43B-E98C4902C151},White Mountain,White Mountain Tank Farm - Bering Strait School District,,99784,64.6838,-163.4138,-447596.3964,1667579.472,Barge,46000,,46000,,,2,DEC,,False,1996-09-18,2022-12-21T03:55:03Z,WHITE MOUNTAIN,true,false,false,0.0,,2025
1754,{0FEDC2D8-085A-43FE-B5FB-451D906348F4},1824,9,463-BF-04,,,,{7B4ACF01-3330-4839-B43B-E98C4902C151},White Mountain,White Mountain Tank Farm - Native Store,,99784,64.6838,-163.4138,-447596.3964,1667579.472,Barge,92000,46000,46000,,,4,DEC,,False,,2022-12-21T03:55:03Z,WHITE MOUNTAIN,true,false,false,0.0,,2025
1755,{16F606AE-A8A1-4DC1-A796-D156260875C4},1825,,463-BF-01,,736,794,{7B4ACF01-3330-4839-B43B-E98C4902C151},White Mountain,White Mountain Lodge | White Mountain Native Corporation,,,64.68227124,-163.4112733,-447497.4476,1667386.543,Barge,2000,,,,,,AEA,,False,1996-09-18,2022-12-21T03:55:03Z,WHITE MOUNTAIN,true,false,false,0.0,,2025
1756,{3758A00D-FA89-45EA-85FB-DE30F19E5DBC},1826,,417-BF-02,,706,793,{7B4ACF01-3330-4839-B43B-E98C4902C151},White Mountain,ADOT/Airport,,,63.51568716,-162.2855574,-410478.6899,1531028.939,Barge,3000,,,,,,AEA,,False,1996-09-18,2022-12-21T03:55:03Z,WHITE MOUNTAIN,true,false,false,139.73,,2025
1757,{34A3BF09-BB74-4346-A4B0-FC8B8ADC229C},1827,,,,738,796,{7B4ACF01-3330-4839-B43B-E98C4902C151},White Mountain,"Tom Gray Reindeer FarmGeneral DeliveryWhite Mountain, AK 99784",,,64.68376461,-163.4134942,-447581.9836,1667577.416,Barge,4900,,,,,,AEA,,False,1996-09-19,2022-12-21T03:55:03Z,WHITE MOUNTAIN,true,false,false,0.0,,2025
1758,{9B515F41-7F7E-44D5-9473-004F31942046},1828,1190,,ANC-W-010,,,{52F6D695-370B-4814-8DA9-00DCC073CA83},Whittier,Petro 49 - Whittier - Shoreside Petroleum,950 Whittier Street,99693,60.77526,-148.690036,287938.266,1210523.737,Road,224000,80000,144000,,,7,DEC,,True,,2022-12-21T03:55:03Z,WHITTIER,false,false,true,0.0,,2025
1759,{24CCA6CF-4088-407D-BF53-36411FF7A44D},1829,388,464-BF-03,,,,{60E92328-3CA2-4968-A065-270130CCEE76},Willow,Willow Highway Station,,99688,61.7612,-150.0615,207133.1599,1315423.272,Road,6000,,6000,,,3,DEC,,False,,2022-12-21T03:55:03Z,WILLOW,false,false,true,0.0,,2025
1760,{A9739326-6E04-44CC-85BE-78E4EE799C62},1830,125,,,,,{587C69F7-2A28-4CEE-BA2C-1A7F7DCCBED1},Wrangell,Stikine Middle School,312 Church Street,99929,56.472055,-132.38104,1306719.471,932750.0835,Road,4000,,4000,,,1,DEC,,False,,2022-12-21T03:55:03Z,WRANGELL,false,false,true,,,2025
1761,{52E943A5-33B0-4E92-9D20-8D14C388A65D},1831,437,,,,,{587C69F7-2A28-4CEE-BA2C-1A7F7DCCBED1},Wrangell,Wrangell Maintenance Station,1700 Airport Loop,99929,56.485013,-132.378334,1306412.194,934176.8665,Road,5500,,5500,,,2,DEC,,False,,2022-12-21T03:55:03Z,WRANGELL,false,false,true,,,2025
1762,{78CFC821-3DC6-4967-BE1E-BF74D043A62F},1832,622,464-BF-02,,,,{587C69F7-2A28-4CEE-BA2C-1A7F7DCCBED1},Wrangell,Alaska Power & Telephone - Burnett Peak Microwave Tower,,99929,56.136278,-132.404917,1317288.985,896792.0034,Plane,5000,,5000,,,1,DEC,,False,,2022-12-21T03:55:03Z,WRANGELL,false,true,false,,,2025
1763,{83EBFCD7-DC31-4A3C-93C1-1EB5548E30F5},1833,891,465-BF-03,,,,{587C69F7-2A28-4CEE-BA2C-1A7F7DCCBED1},Wrangell,Trident - Wrangell,641 Shakes Street,99929,56.467177,-132.381962,1306838.101,932222.483,Road,1000,,1000,,,1,DEC,,False,,2022-12-21T03:55:03Z,WRANGELL,false,false,true,,,2025
1764,{029144DB-D39A-486C-B8D6-E3F2283CB705},1834,1073,464-BF-07,,,,{587C69F7-2A28-4CEE-BA2C-1A7F7DCCBED1},Wrangell,Federal Aviation Administration - Level Island - LVD PX1,,99833,56.46806,-133.0813,1265963.37,918758.7527,Barge,10000,,10000,,,1,DEC,,False,,2022-12-21T03:55:03Z,WRANGELL,true,false,false,,,2025
1765,{00FE63AA-5E45-43C4-9375-CC5CF7A9E6E9},1835,1074,464-BF-04,,,,{587C69F7-2A28-4CEE-BA2C-1A7F7DCCBED1},Wrangell,Federal Aviation Administration - Level Island - LVD PX2,,99833,56.46806,-133.0813,1265963.37,918758.7527,Barge,10000,,10000,,,1,DEC,,False,,2022-12-21T03:55:03Z,WRANGELL,true,false,false,,,2025
1766,{7F23C07F-3D93-4F9A-93BB-055A6DACE41E},1836,1075,464-BF-05,,,,{587C69F7-2A28-4CEE-BA2C-1A7F7DCCBED1},Wrangell,Federal Aviation Administration - Level Island - LVD PX3,,99833,56.46806,-133.0813,1265963.37,918758.7527,Barge,25000,,25000,,,1,DEC,,False,,2022-12-21T03:55:03Z,WRANGELL,true,false,false,,,2025
1767,{239349BF-5CB8-495A-9528-6FC4CC87C758},1837,1191,464-BF-06,,,,{587C69F7-2A28-4CEE-BA2C-1A7F7DCCBED1},Wrangell,Petro 49 - Wrangell - Petro Marine Services Bulk Plant,1427 Peninsula Street,99929,56.463823,-132.383864,1306847.526,931830.4746,Barge,151500,121500,,30000,,5,DEC,,False,,2022-12-21T03:55:03Z,WRANGELL,true,false,false,,,2025
1768,{13B3E9E9-88BD-4D8B-9BCC-BF79E45636FE},1838,158,,,,,{BF799AFC-92DA-47A3-89EF-4BB1B31FDE2B},Yakutat,Delta Western - Yakutat Airport Facility,742 Ocean Cape Road,99689,59.508303,-139.669714,802217.0209,1144195.94,Road,9000,,,9000,,1,DEC,,False,,2022-12-21T03:55:03Z,YAKUTAT,false,false,true,0.0,,2025
1769,{04C5B487-CBD8-4D4D-AAC8-176B1871C27C},1839,438,465-BF-01,,,,{BF799AFC-92DA-47A3-89EF-4BB1B31FDE2B},Yakutat,Yakutat DOT&PF SREB,,99689,59.507222,-139.673056,802062.1252,1144050.205,Road,14000,1000,13000,,,3,DEC,,False,,2022-12-21T03:55:03Z,YAKUTAT,false,false,true,0.0,,2025
1770,{81F57A32-C25E-45ED-8E5B-08EB3D597D66},1840,439,465-BF-02,,,,{BF799AFC-92DA-47A3-89EF-4BB1B31FDE2B},Yakutat,Yakutat ARFF,,99689,59.507222,-139.670556,802200.0368,1144080.43,,1000,,1000,,,1,DEC,,False,,2022-12-21T03:55:03Z,YAKUTAT,,,,0.0,,2025
1771,{38F563B1-7DA1-41FB-8710-987CB4E1C088},1841,945,,,,,{BF799AFC-92DA-47A3-89EF-4BB1B31FDE2B},Yakutat,Alaska Village Electric Cooperative - Yakutat,PO Box 129,99689,59.545217,-139.724591,798307.3465,1147574.267,,23300,,23300,,,2,DEC,,False,,2022-12-21T03:55:03Z,YAKUTAT,,,,0.0,,2025
1772,{011B4712-6525-4B16-A4CB-ADE09BF9FAF9},1842,,,ANC-P-017,,,{23F7C06A-DD1B-40D8-854F-09BE816DD5EB},Portage Creek,"SWRSD, Portage Creek",,,,,-213524.4898,995869.2637,,,,,,,,,,True,,2022-12-21T03:55:03Z,PORTAGE CREEK,,,,,,2025
1773,{02EE61FE-4430-42B2-8B37-8251E4F61559},1843,,,ANC-A-080,,,{41989645-CCA3-466B-9817-909C7EBD3FF1},Anchorage,"US Ecology Alaska Services (Mobile), Anchorage",,,,,219657.168,1255119.821,,,,,,,,,,True,,2022-12-21T03:55:03Z,ANCHORAGE,,,,,,2025
1774,{03E0A6E1-F1C0-4A3F-9A95-E04ED50EB2CD},1844,0,,ANC-S-041,,,{9BB36ABC-66B2-4E89-99FA-C2128E2AFCC9},Saint Michael,Crater Fuel Services LLC,,,,,-398873.2452,1525383.855,,,,,,,,,,True,,2022-12-21T03:55:03Z,ST MICHAEL,,,,,,2025
1775,{03EE61EE-DB20-4556-9ADC-CD4145A630AF},1845,,,ANC-W-015,,,{52F6D695-370B-4814-8DA9-00DCC073CA83},Whittier,"Cruise Ship Terminal, Whittier",,,,,288186.8244,1210201.234,,,,,,,,,,True,,2022-12-21T03:55:03Z,WHITTIER,,,,,,2025
1776,{0637605C-80D9-44A2-BF7A-206160E7D0AA},1846,,,ANC-W-011,,,{52F6D695-370B-4814-8DA9-00DCC073CA83},Whittier,"Alaska Railroad Dock, Whittier",,,,,288186.8244,1210201.234,,,,,,,,,,True,,2022-12-21T03:55:03Z,WHITTIER,,,,,,2025
1777,{0B82F662-B1E3-4027-8EAD-DA113B629812},1847,,,ANC-A-099,,,{41989645-CCA3-466B-9817-909C7EBD3FF1},Anchorage,"Matson Navigation, Anchorage",,,,,219657.168,1255119.821,,,,,,,,,,True,,2022-12-21T03:55:03Z,ANCHORAGE,,,,,,2025
1778,{0B9968B0-1FAB-46A8-A897-B09A7BE54763},1848,,,ANC-A-017,,,{C712D789-18CD-4C6C-A0FB-E5B7BB9B1B86},Adak,"Adak Petroleum Bulk Fuel (Mobile), Adak",,,,,-1537201.96,470995.0626,,,,,,,,,,True,,2022-12-21T03:55:03Z,ADAK,,,,,,2025
1779,{11896108-D1BB-46A4-83CA-CA3E5712529C},1849,,,ANC-F-009,,,{7102AFBB-6F0A-4C7A-92FF-6F5A6D66AB18},Fairbanks,"Big State Logistics Inc. (Mobile), Fairbanks",,,,,297452.2481,1667254.128,,,,,,,,,,True,,2022-12-21T03:55:03Z,FAIRBANKS,,,,,,2025
1780,{1417725B-9B42-49D4-B695-548FDF4F26C0},1850,,,ANC-A-040,,,{41989645-CCA3-466B-9817-909C7EBD3FF1},Anchorage,"Totem International, Anchorage",,,,,219657.168,1255119.821,,,,,,,,,,True,,2022-12-21T03:55:03Z,ANCHORAGE,,,,,,2025
1781,{19962EEB-1C9F-44AD-A604-F436006F66CA},1851,,,ANC-D-012,,,{08E18522-8DAC-4DFC-975E-26751FE81958},Dillingham,"Port of Dillingham, Dillingham",,,,,-255120.9306,1013467.077,,,,,,,,,,True,,2022-12-21T03:55:03Z,DILLINGHAM,,,,,,2025
1782,{1A4E6E70-A152-43BB-8214-42BB19A9E6C1},1852,,,ANC-K-043,,,{209A76C3-F9A4-4015-987C-78C5A44BE669},Kotzebue,"CPD Alaska, LLC., Kotzebue",,,,,-377015.3869,1906550.541,,,,,,,,,,True,,2022-12-21T03:55:03Z,KOTZEBUE,,,,,,2025
1783,{25658D01-07D1-4554-94B6-0670852BEE79},1853,,,ANC-D-004,,,{08E18522-8DAC-4DFC-975E-26751FE81958},Dillingham,"Bristol Alliance Fuels (Fixed), Dillingham",,,,,-255120.9306,1013467.077,,,,,,,,,,True,,2022-12-21T03:55:03Z,DILLINGHAM,,,,,,2025
1784,{29FE6A90-8861-41A1-8256-2CE98567843A},1854,,,ANC-D-005,,,{08E18522-8DAC-4DFC-975E-26751FE81958},Dillingham,"Bristol Alliance Fuels (Mobile), Dillingham",,,,,-255120.9306,1013467.077,,,,,,,,,,True,,2022-12-21T03:55:03Z,DILLINGHAM,,,,,,2025
1785,{31104A83-0BBA-42BB-B0F4-8CC33DD2DF06},1855,,,ANC-N-005,,,{A83F4C9F-FA93-4FC6-974A-39BA917BA023},Nightmute,"City of Nightmute, Nightmute",,,,,-585241.9924,1213367.836,,,,,,,,,,True,,2022-12-21T03:55:03Z,NIGHTMUTE,,,,,,2025
1786,{3127EF67-0936-4F8B-BA03-6F468F62C84D},1856,,,ANC-D-011,,,{08E18522-8DAC-4DFC-975E-26751FE81958},Dillingham,"Peter Pan Seafoods, Dillingham",,,,,-255120.9306,1013467.077,,,,,,,,,,True,,2022-12-21T03:55:03Z,DILLINGHAM,,,,,,2025
1787,{31BBFA6C-90AD-4ACF-B8A0-A25868373F07},1857,,,ANC-S-107,,,{B7D914E8-D125-49F0-B374-8AE610E5DBC7},St. Paul,"Trident Seafoods, St. Paul",,,,,-974184.0723,910533.4332,,,,,,,,,,True,,2022-12-21T03:55:03Z,ST PAUL,,,,,,2025
1788,{334C590E-C868-4E01-B720-DAA166356DAA},1858,,,ANC-S-013,,,{E0F2C831-698F-4BCE-8AC1-4162BE7D6DCD},Selawik,"NIHA, Selawik",,,,,-266996.9094,1861754.206,,,,,,,,,,True,,2022-12-21T03:55:03Z,SELAWIK,,,,,,2025
1789,{35BBA554-D208-4C21-B288-1FC24B34B9A2},1859,,,ANC-S-029,,,{D1F96C65-49BF-4E7B-AA32-F9C4C50BB628},Shishmaref,"Native Store, Shishmaref",,,,,-541045.5857,1860132.139,,,,,,,,,,True,,2022-12-21T03:55:03Z,SHISHMAREF,,,,,,2025
1790,{3D7DC9B3-8B9D-4398-B7B3-2878D7BBE54E},1860,,,ANC-P-031,,,,Point Thomson,"ExxonMobil, Point Thompson",,,,,297841.2347,2260930.448,,,,,,,,,,True,,2022-12-21T03:55:03Z,POINT THOMSON,,,,,,2025
1791,{3DD9A650-CE44-4918-B034-D82AF417BEF1},1861,,,ANC-S-051,,,{8AB67F75-EAB7-4DEB-8885-83230D155E9C},St. Mary's,"CPD Alaska, St. Mary's",,,,,-476818.1376,1374724.508,,,,,,,,,,True,,2022-12-21T03:55:03Z,ST MARYS,,,,,,2025
1792,{4A5A74B8-904D-4B1F-A782-4DC77DBC8A5E},1862,,,ANC-A-022,,,{41989645-CCA3-466B-9817-909C7EBD3FF1},Anchorage,"Delta Western Petroleum (Mobile), Anchorage",,,,,219657.168,1255119.821,,,,,,,,,,True,,2022-12-21T03:55:03Z,ANCHORAGE,,,,,,2025
1793,{5184FF81-0EA3-40D8-BE90-3BC711B1E23A},1863,,,ANC-C-026,,,{E5A46A8B-30C9-4FDF-A19D-A6A96277A26C},Cold Bay,"Crowley Fuels, Cold Bay",,,,,-553095.2478,613446.1376,,,,,,,,,,True,,2022-12-21T03:55:03Z,COLD BAY,,,,,,2025
1794,{5DD4DE3C-A9F6-47AF-A7F5-C3C9F0678302},1864,,,ANC-M-012,,,{44BA33DB-984D-44E1-BF2D-7E1A353E586D},McGrath,"Crowley Bulk Fuel Facility, McGrath",,,,,-80721.3832,1443874.886,Barge,,,,,,,USCG,2015 Assessment,True,1980-01-01,2022-12-21T03:55:03Z,MCGRATH,true,false,false,,,2025
1795,{6121CAE2-E172-4CC6-AB99-275B9172EB71},1865,,,ANC-A-049,,,{C80F8014-AF4E-4834-B4A8-DED62C0786C1},Atka,"City of Atka, Atka",,,,,-1366061.301,452274.3218,,,,,,,,,,True,,2022-12-21T03:55:03Z,ATKA,,,,,,2025
1796,{63BAA6C9-41C2-4CA4-B62A-AF5EF7028433},1866,,,ANC-D-009,,,{08E18522-8DAC-4DFC-975E-26751FE81958},Dillingham,"Nushagak Electric, Dillingham",,,,,-255120.9306,1013467.077,,,,,,,,,,True,,2022-12-21T03:55:03Z,DILLINGHAM,,,,,,2025
1797,{6B4CEA61-E604-4CD0-A2A2-70252B01E764},1867,,,ANC-A-077,,,,Aniak,"M & M Fuels LLC., Aniak",,,,,-292240.6768,1301025.438,,,,,,,,,,True,,2022-12-21T03:55:03Z,ANIAK,,,,,,2025
1798,{73C651AE-524C-42B2-8796-9953020DF11F},1868,,,ANC-W-100,,,{52F6D695-370B-4814-8DA9-00DCC073CA83},Whittier,"Cliffside Marina, Whittier",,,,,288186.8244,1210201.234,,,,,,,,,,True,,2022-12-21T03:55:03Z,WHITTIER,,,,,,2025
1799,{7D5DD3B9-E5D6-45BD-B266-F9F00C019C01},1869,,,ANC-N-053,,,{E4853413-2729-4F25-AE7D-845D797872A7},Noorvik,"Noorvik Consolidated, Noorvik",,,,,-310202.8622,1891576.846,,,,,,,,,,True,,2022-12-21T03:55:03Z,NOORVIK,,,,,,2025
1800,{7EB051D4-5577-47E4-8308-07A3A160E486},1870,,,ANC-B-008,,,{7B1302D1-C2B4-402C-8C43-141B93681692},Bethel,"Port of Bethel City Dock, Bethel",,,,,-420708.8887,1225439.882,,,,,,,,,,True,,2022-12-21T03:55:03Z,BETHEL,,,,,,2025
1801,{81AEF4E4-2C4F-49CA-B2D7-9DB10F63C153},1871,,,ANC-P-027,,,{A86C2FBC-0704-4117-9A7E-E4A3DD3415BD},Prudhoe Bay,"Northern Oilfield Services (Mobile), Prudhoe Bay",,,,,217275.0337,2262086.532,,,,,,,,,,True,,2022-12-21T03:55:03Z,PRUDHOE BAY,,,,,,2025
1802,{850CED72-9482-4635-B3CE-F90A68529277},1872,,,ANC-A-100,,,{41989645-CCA3-466B-9817-909C7EBD3FF1},Anchorage,"Clean Harbors Environmental Services, Inc.",,,,,219657.168,1255119.821,,,,,,,,,,True,,2022-12-21T03:55:03Z,ANCHORAGE,,,,,,2025
1803,{878BC716-270E-4C3D-A08A-4C69C561E231},1873,,,ANC-K-007,,,{50BD3072-1166-4F66-BB42-2E68C28DE654},Kalskag,"Morgan's Fuel Service, Kalskag",,,,,-334213.7833,1300247.987,,,,,,,,,,True,,2022-12-21T03:55:03Z,UPPER KALSKAG,,,,,,2025
1804,{8B5C76E5-8C77-4629-888C-92E9FEFBA818},1874,,,ANC-A-041,,,{41989645-CCA3-466B-9817-909C7EBD3FF1},Anchorage,"Northstar Terminal, Anchorage",,,,,219657.168,1255119.821,,,,,,,,,,True,,2022-12-21T03:55:03Z,ANCHORAGE,,,,,,2025
1805,{9AD06441-8280-48DE-B08B-33FD6F5BBD5C},1875,,,ANC-A-025,,,{41989645-CCA3-466B-9817-909C7EBD3FF1},Anchorage,"Andeavor Logistics LP, (ANDX)",,,,,219657.168,1255119.821,,,,,,,,,,True,,2022-12-21T03:55:03Z,ANCHORAGE,,,,,,2025
1806,{9E3331FD-5B4D-4604-A3AF-A189391E6A96},1876,,,ANC-E-029,,,{6E142FF4-3A51-4D60-9F7A-8B65E66A9133},Emmonak,"Kwik'Pak Fisheries (Processing Plant), Emmonak",,,,,-533857.8897,1465267.495,,,,,,,,,,True,,2022-12-21T03:55:03Z,EMMONAK,,,,,,2025
1807,{A13AD9DD-E406-41B9-AC83-81282B39C4A9},1877,,,ANC-W-013,,,{52F6D695-370B-4814-8DA9-00DCC073CA83},Whittier,"AMHS, Whittier",,,,,288186.8244,1210201.234,,,,,,,,,,True,,2022-12-21T03:55:03Z,WHITTIER,,,,,,2025
1808,{A4E517D5-660D-44FF-8062-76DD31080D64},1878,,,ANC-N-002,,,{BECA4B02-6040-43FA-93A9-D551AD5AB86B},Naknek,"Bristol Alliance Fuels, Naknek",,,,,-174279.4283,974066.2129,,,,,,,,,,True,,2022-12-21T03:55:03Z,NAKNEK,,,,,,2025
1809,{AEE8ACD5-5A8B-4579-B55C-5FDE743EBC66},1879,,,ANC-S-047,,,{55AFA1A4-5677-44A5-A22C-9F9D370747CE},St. George,"Delta Western, St. George",,,,,-944349.5343,843627.9256,,,,,,,,,,True,,2022-12-21T03:55:03Z,ST GEORGE,,,,,,2025
1810,{B1DC4322-ACA2-4952-8441-A4D3090B3A4B},1880,,,ANC-N-007,,,{BECA4B02-6040-43FA-93A9-D551AD5AB86B},Naknek,"OBI, Seafoods",,,,,-174279.4283,974066.2129,,,,,,,,,,True,,2022-12-21T03:55:03Z,NAKNEK,,,,,,2025
1811,{B2FAD1AA-2DFE-4DD3-8E83-70849B14F765},1881,,,ANC-E-031,,,{6E142FF4-3A51-4D60-9F7A-8B65E66A9133},Emmonak,"Kwik'Pak Fisheries (Boat Yard), Emmonak",,,,,-533857.8897,1465267.495,,,,,,,,,,True,,2022-12-21T03:55:03Z,EMMONAK,,,,,,2025
1812,{BCA384CB-9569-4872-87E0-87CCFC9D74DE},1882,,,ANC-A-069,,,{41989645-CCA3-466B-9817-909C7EBD3FF1},Anchorage,"Petro Star Inc., Anchorage",,,,,219657.168,1255119.821,,,,,,,,,,True,,2022-12-21T03:55:03Z,ANCHORAGE,,,,,,2025
1813,{C362B0D6-18E9-40CB-AE5C-258DC43E6C77},1883,,,ANC-F-007,,,{223C147A-542C-4057-8AE2-C5C99FC10AB1},False Pass,"Trident Seafoods, False Pass",,,,,-602742.7436,580779.908,,,,,,,,,,True,,2022-12-21T03:55:03Z,FALSE PASS,,,,,,2025
1814,{C3862905-463C-4F8E-A675-21B92A33CA10},1884,,,ANC-B-005,,,{7B1302D1-C2B4-402C-8C43-141B93681692},Bethel,"CPD (Fixed), Bethel",,,,,-420708.8887,1225439.882,,,,,,,,,,True,,2022-12-21T03:55:03Z,BETHEL,,,,,,2025
1815,{CD4AD297-08F9-487A-AF26-CA811742EFAE},1885,,,ANC-P-100,,,,Point McKenzie,"Port MacKenzie, McKenzie Point",,,,,217875.592,1260878.17,,,,,,,,,,True,,2022-12-21T03:55:03Z,POINT MCKENZIE,,,,,,2025
1816,{D10571D4-A159-4D6B-8CEB-92361739EC24},1886,,,ANC-P-102,,,{B31B12CB-15A8-477A-A113-F6ACBD1D3120},Platinum,Hanson Platinum Mobile,,,,,-446426.9512,1027721.513,,,,,,,,,,True,,2022-12-21T03:55:03Z,PLATINUM,,,,,,2025
1817,{D4A39204-F52E-488C-B922-27139E1FD5E4},1887,,,ANC-K-103,,,{3816D857-92C5-45BF-B884-7D2529E878D4},Kasigluk,ANTHC New Kasigluk,,,,,-459487.7796,1241871.959,,,,,,,,,,True,,2022-12-21T03:55:03Z,KASIGLUK,,,,,,2025
1818,{D8881101-0C3A-4E26-822F-05D557E5AF33},1888,,,ANC-K-106,,,{FF083E35-08C8-468F-B328-F69992F18FB7},Kwethluk,"ANTHC, Kwethluk",,,,,-402440.8039,1225585.856,,,,,,,,,,True,,2022-12-21T03:55:03Z,KWETHLUK,,,,,,2025
1819,{DA554104-8A28-4429-9F7B-CE414FB1DD37},1889,,,ANC-K-104,,,{3816D857-92C5-45BF-B884-7D2529E878D4},Kasigluk,"ANTHC Old Kasigluk, Kasigluk",,,,,-459487.7796,1241871.959,,,,,,,,,,True,,2022-12-21T03:55:03Z,KASIGLUK,,,,,,2025
1820,{E235FE1E-DEC6-48D1-8D3B-838C2CC84F63},1890,,,ANC-G-005,,,{961462BD-8155-4FFF-863B-A652CC389066},Gambell,"Native Village, Gambell",,,,,-861997.283,1650247.339,,,,,,,,,,True,,2022-12-21T03:55:03Z,GAMBELL,,,,,,2025
1821,{E42F70E0-8C41-4CE1-BE91-311B05D93B33},1891,,,ANC-K-101,,,{209A76C3-F9A4-4015-987C-78C5A44BE669},Kotzebue,"Northland Services, Kotzebue",,,,,-377015.3869,1906550.541,,,,,,,,,,True,,2022-12-21T03:55:03Z,KOTZEBUE,,,,,,2025
1822,{F313E433-CE77-4111-841E-7DFD145175BC},1892,,,ANC-K-105,,,{5790AC9E-408E-42C0-BDC7-490DB0451EAD},Kaltag,"Kaltag Fuel Depot, Kaltag",,,,,-228053.2296,1604038.526,,,,,,,,,,True,,2022-12-21T03:55:03Z,KALTAG,,,,,,2025
1823,{F3E0DE08-0FD6-4919-BEE4-F765A692A71A},1893,,,ANC-S-046,,,{55AFA1A4-5677-44A5-A22C-9F9D370747CE},St. George,"Delta Western, St. George (Mobile)",,,,,-944349.5343,843627.9256,,,,,,,,,,True,,2022-12-21T03:55:03Z,ST GEORGE,,,,,,2025
1824,{F4A0B42D-9258-4292-977E-751F0E59A70C},1894,,,ANC-C-011,,,{99F023D0-9290-48CE-8E68-5683A57192DC},Chignik,"Trident Seafoods, Chignik (support)",,,,,-272643.1935,708178.6884,,,,,,,,,,True,,2022-12-21T03:55:03Z,CHIGNIK,,,,,,2025
1825,{F7542599-C08C-4AC9-B79E-0886B80A0C3F},1895,,,ANC-P-033,,,{B31B12CB-15A8-477A-A113-F6ACBD1D3120},Platinum,"Goodnews Bay Mining Co, Platinum",,,,,-446426.9512,1027721.513,,,,,,,,,,True,,2022-12-21T03:55:03Z,PLATINUM,,,,,,2025
1826,{F82686D1-FA4A-47B8-84CD-E00DB30C843C},1896,,,ANC-S-045,,,{B7D914E8-D125-49F0-B374-8AE610E5DBC7},St. Paul,"Delta Western Fixed, St. Paul",,,,,-974184.0723,910533.4332,,,,,,,,,,True,,2022-12-21T03:55:03Z,ST PAUL,,,,,,2025
1827,{F86D1C30-E88A-4241-900F-40D7DF2C4CD5},1897,,,ANC-N-003,,,{BECA4B02-6040-43FA-93A9-D551AD5AB86B},Naknek,"L&M Equipment, Inc. (Mobile), Naknek",,,,,-174279.4283,974066.2129,,,,,,,,,,True,,2022-12-21T03:55:03Z,NAKNEK,,,,,,2025
1828,{FA1F5BF7-9E47-47F2-97D1-CC25786A50B2},1898,,,ANC-S-058,,,{B7D914E8-D125-49F0-B374-8AE610E5DBC7},St. Paul,"St. Paul Fuel LLC (Mobile), St. Paul",,,,,-974184.0723,910533.4332,,,,,,,,,,True,,2022-12-21T03:55:03Z,ST PAUL,,,,,,2025
1829,{FCEC525F-001B-49F9-A011-4EBF4AE8918E},1899,,,ANC-W-008,,,{7B4ACF01-3330-4839-B43B-E98C4902C151},White Mountain,City of White Mountain,,,,,-447476.3178,1667266.614,,,,,,,,,,True,,2022-12-21T03:55:03Z,WHITE MOUNTAIN,,,,,,2025
1830,{FE69B373-CEA6-404B-946F-69BC55AC0A15},1900,,,ANC-A-024,,,{41989645-CCA3-466B-9817-909C7EBD3FF1},Anchorage,Andeavor Logistics (Terminal 2),,,,,219657.168,1255119.821,,,,,,,,,,True,,2022-12-21T03:55:03Z,ANCHORAGE,,,,,,2025
1831,{FE795A58-DA50-40C1-B72F-CD71CEDB3793},1901,,,,,,{44BA33DB-984D-44E1-BF2D-7E1A353E586D},McGrath,"Yukon Fuel Company, McGrath",,,,,-80398.81507,1443150.689,,,,,,,,,,False,,2022-12-21T03:55:03Z,MCGRATH,,,,,,2025
