record_id,change,field,old_value,new_value,community_name,source_row_old,source_row_new
{0038F2D1-22F0-45C9-B78F-02C0A50909B1},edited,map_x,-69847.60862,-69848.83054,Ruby,1465,1407
{0038F2D1-22F0-45C9-B78F-02C0A50909B1},edited,map_y,1642973.815,1642973.892,Ruby,1465,1407
{004D8597-2D52-4BB0-AB89-AC4CF13F28D8},edited,map_x,115527.3268,115526.0671,Nuiqsut,1292,1246
{004D8597-2D52-4BB0-AB89-AC4CF13F28D8},edited,map_y,2251592.483,2251592.515,Nuiqsut,1292,1246
{0068B24C-B0D6-4EEC-9C89-1E7A160A9EF3},edited,map_x,74057.16562,74055.91517,,8,8
{0068B24C-B0D6-4EEC-9C89-1E7A160A9EF3},edited,map_y,2156285.598,2156285.637,,8,8
{0088E9DC-A0A4-44B1-8A01-BD8C0F5EF8E1},edited,map_x,1099371.874,1099370.59,Tenakee Springs,1688,1625
{0088E9DC-A0A4-44B1-8A01-BD8C0F5EF8E1},edited,map_y,1020699.525,1020699.629,Tenakee Springs,1688,1625
{00A49923-D74F-435D-B25E-CB942DD684FB},edited,map_x,-389478.8805,-389480.0747,Akiak,112,112
{00A49923-D74F-435D-B25E-CB942DD684FB},edited,map_y,1235228.46,1235228.573,Akiak,112,112
{00AFD389-4C3E-4212-91BE-EFC91119FCDF},edited,map_x,-377817.3718,-377818.5711,Kotzebue,1062,1024
{00AFD389-4C3E-4212-91BE-EFC91119FCDF},edited,map_y,1905042.204,1905042.252,Kotzebue,1062,1024
{00CFB075-110B-4FAE-AD61-956F3ABCF6D8},edited,map_x,215384.1259,215382.8594,Prudhoe Bay,1447,1389
{00CFB075-110B-4FAE-AD61-956F3ABCF6D8},edited,map_y,2258892.377,2258892.413,Prudhoe Bay,1447,1389
{00FE63AA-5E45-43C4-9375-CC5CF7A9E6E9},edited,map_x,1265964.659,1265963.37,Wrangell,1836,1765
{00FE63AA-5E45-43C4-9375-CC5CF7A9E6E9},edited,map_y,918758.6527,918758.7527,Wrangell,1836,1765
{011468FB-129F-4341-B443-F20118579BB5},edited,map_x,-346512.7683,-346513.9654,Shaktoolik,1572,1511
{011468FB-129F-4341-B443-F20118579BB5},edited,map_y,1617767.624,1617767.7,Shaktoolik,1572,1511
{011B4712-6525-4B16-A4CB-ADE09BF9FAF9},edited,map_x,-213523.275,-213524.4898,Portage Creek,1843,1772
{011B4712-6525-4B16-A4CB-ADE09BF9FAF9},edited,map_y,995869.1316,995869.2637,Portage Creek,1843,1772
{013ABDFD-DB31-4E01-B9E3-9FF760C2BB05},edited,map_x,-336070.12,-336071.3185,Kalskag,895,857
{013ABDFD-DB31-4E01-B9E3-9FF760C2BB05},edited,map_y,1299074.641,1299074.748,Kalskag,895,857
{0143D47A-7E82-4EB8-866B-68F9FCC0626C},edited,map_x,-197737.4894,-197738.7078,Egegik,546,517
{0143D47A-7E82-4EB8-866B-68F9FCC0626C},edited,map_y,917111.948,917112.0865,Egegik,546,517
{014FC20F-A187-4730-9063-3A6FD183BF0F},edited,map_x,-667526.1545,-667527.3204,Mekoryuk,1152,1109
{014FC20F-A187-4730-9063-3A6FD183BF0F},edited,map_y,1216439.325,1216439.442,Mekoryuk,1152,1109
{01744D37-24A3-4287-8792-B3ABA3E36990},edited,map_x,-167121.0942,-167122.3077,Sleetmute,1620,1558
{01744D37-24A3-4287-8792-B3ABA3E36990},edited,map_y,1306696.905,1306697.01,Sleetmute,1620,1558
{0188F5E2-C4B3-4A32-B75A-E7E6F6A72CE9},edited,map_x,-540527.5474,-540528.7283,Shishmaref,1584,1522
{0188F5E2-C4B3-4A32-B75A-E7E6F6A72CE9},edited,map_y,1860327.005,1860327.054,Shishmaref,1584,1522
{01A9966D-C1DC-47AA-949A-89D610D1E56E},edited,map_x,-541138.598,-541139.7788,Shishmaref,1579,1518
{01A9966D-C1DC-47AA-949A-89D610D1E56E},edited,map_y,1860121.796,1860121.845,Shishmaref,1579,1518
{01C203B4-DBFF-4226-80A5-9FC0219681DA},edited,map_x,-187244.5995,-187245.8152,New Stuyahok,1209,1164
{01C203B4-DBFF-4226-80A5-9FC0219681DA},edited,map_y,1055407.822,1055407.949,New Stuyahok,1209,1164
{01CC0E0C-B1D0-4ACE-BB8C-7D124D55C13C},edited,map_x,156234.1521,156232.9123,Soldotna,1621,1559
{01CC0E0C-B1D0-4ACE-BB8C-7D124D55C13C},edited,map_y,1170818.147,1170818.26,Soldotna,1621,1559
{01E6A252-86D1-4511-ACCE-5B7A1979DB95},edited,map_x,1108829.725,1108828.439,,58,58
{01E6A252-86D1-4511-ACCE-5B7A1979DB95},edited,map_y,915584.5278,915584.6326,,58,58
{01FC2D37-9430-4C4C-8FB2-A70260C93481},edited,map_x,-411564.3968,-411565.6071,Sand Point,1522,1462
{01FC2D37-9430-4C4C-8FB2-A70260C93481},edited,map_y,612070.0494,612070.2224,Sand Point,1522,1462
{0232A859-6ACA-4830-96D2-A1F36E44D4C2},edited,map_x,-424931.6006,-424932.7915,Bethel,306,292
{0232A859-6ACA-4830-96D2-A1F36E44D4C2},edited,map_y,1224158.351,1224158.465,Bethel,306,292
{0283A5A4-459A-49DA-B8ED-DEF2FCEC9908},edited,map_x,94519.33007,94518.08751,Kodiak,1020,982
{0283A5A4-459A-49DA-B8ED-DEF2FCEC9908},edited,map_y,866097.8802,866098.0149,Kodiak,1020,982
{029144DB-D39A-486C-B8D6-E3F2283CB705},edited,map_x,1265964.659,1265963.37,Wrangell,1835,1764
{029144DB-D39A-486C-B8D6-E3F2283CB705},edited,map_y,918758.6527,918758.7527,Wrangell,1835,1764
{02C430B2-B9D2-4141-B9BE-FBFCB517E885},edited,map_x,-42474.73925,-42475.96683,Kokhanok,1037,999
{02C430B2-B9D2-4141-B9BE-FBFCB517E885},edited,map_y,1050053.208,1050053.333,Kokhanok,1037,999
{02EE61FE-4430-42B2-8B37-8251E4F61559},edited,map_x,219658.4108,219657.168,Anchorage,1844,1773
{02EE61FE-4430-42B2-8B37-8251E4F61559},edited,map_y,1255119.715,1255119.821,Anchorage,1844,1773
{0348C10F-900C-4DEE-B116-5841EADCA147},edited,map_x,-335821.2898,-335822.4877,Unalakleet,1755,1685
{0348C10F-900C-4DEE-B116-5841EADCA147},edited,map_y,1575636.952,1575637.032,Unalakleet,1755,1685
{0382E721-45D3-49C3-AA1A-07F5088F21E7},edited,map_x,-526452.1147,-526453.2939,Nome,1259,1214
{0382E721-45D3-49C3-AA1A-07F5088F21E7},edited,map_y,1653672.33,1653672.401,Nome,1259,1214
{03C1AF71-A09C-47AD-9B97-6661F8E87833},edited,map_x,-611420.8205,-611421.9908,Chevak,388,366
{03C1AF71-A09C-47AD-9B97-6661F8E87833},edited,map_y,1336381.177,1336381.281,Chevak,388,366
{03E0A6E1-F1C0-4A3F-9A95-E04ED50EB2CD},edited,map_x,-398872.0537,-398873.2452,Saint Michael,1845,1774
{03E0A6E1-F1C0-4A3F-9A95-E04ED50EB2CD},edited,map_y,1525383.77,1525383.855,Saint Michael,1845,1774
{03EE61EE-DB20-4556-9ADC-CD4145A630AF},edited,map_x,288188.072,288186.8244,Whittier,1846,1775
{03EE61EE-DB20-4556-9ADC-CD4145A630AF},edited,map_y,1210201.125,1210201.234,Whittier,1846,1775
{03F321AF-CAA8-4847-90D5-81CA044AF4AA},edited,map_x,115576.0581,115574.7984,Nuiqsut,1291,1245
{03F321AF-CAA8-4847-90D5-81CA044AF4AA},edited,map_y,2251554.524,2251554.557,Nuiqsut,1291,1245
{0411680E-36BE-42E5-838F-43ACC390DB99},edited,map_x,-174247.9708,-174249.1896,Naknek,1182,1139
{0411680E-36BE-42E5-838F-43ACC390DB99},edited,map_y,973955.4397,973955.5728,Naknek,1182,1139
{04274DBD-1CBE-4D49-BE5E-C0038176D2C6},edited,map_x,-474823.6771,-474824.8637,Tuntutuliak,1727,1661
{04274DBD-1CBE-4D49-BE5E-C0038176D2C6},edited,map_y,1182509.011,1182509.13,Tuntutuliak,1727,1661
{045934AD-2BCF-44F0-84B9-C7E3EBDD9156},edited,map_x,129086.3176,129085.0776,Seldovia,1550,1489
{045934AD-2BCF-44F0-84B9-C7E3EBDD9156},edited,map_y,1051944.029,1051944.15,Seldovia,1550,1489
{0491888E-6920-4836-8099-4A0EE9529B8A},edited,map_x,41849.83692,41848.59599,Old Harbor,1330,1278
{0491888E-6920-4836-8099-4A0EE9529B8A},edited,map_y,800082.1459,800082.2867,Old Harbor,1330,1278
{0499C749-EF7C-49B6-B569-A3CC570BC16C},edited,map_x,-228233.7089,-228234.9169,Kaltag,905,867
{0499C749-EF7C-49B6-B569-A3CC570BC16C},edited,map_y,1603853.356,1603853.434,Kaltag,905,867
{04C5B487-CBD8-4D4D-AAC8-176B1871C27C},edited,map_x,802063.3983,802062.1252,Yakutat,1840,1769
{04C5B487-CBD8-4D4D-AAC8-176B1871C27C},edited,map_y,1144050.098,1144050.205,Yakutat,1840,1769
{04F78EFB-A590-4C71-9C7D-734A6BB28282},edited,map_x,-373219.3116,-373220.5071,Tuluksak,1723,1657
{04F78EFB-A590-4C71-9C7D-734A6BB28282},edited,map_y,1254790.541,1254790.651,Tuluksak,1723,1657
{0532E4A1-8BCD-492D-A91D-854AD1A0A486},edited,map_x,185473.5894,185472.3386,,71,71
{0532E4A1-8BCD-492D-A91D-854AD1A0A486},edited,map_y,2018497.862,2018497.916,,71,71
{05391BD2-6123-4ACE-8BCF-6651882699D5},edited,map_x,177212.9962,177211.7547,Rampart,1458,1400
{05391BD2-6123-4ACE-8BCF-6651882699D5},edited,map_y,1732298.726,1732298.8,Rampart,1458,1400
{056D0E34-0F8F-4089-8FD4-38E6687C1E94},edited,map_x,-228036.4713,-228037.6793,Noorvik,1273,1228
{056D0E34-0F8F-4089-8FD4-38E6687C1E94},edited,map_y,1603634.421,1603634.5,Noorvik,1273,1228
{05940B17-A438-4A05-A779-1DA030BFADD7},edited,map_x,544.4639255,543.227267,Larsen Bay,1100,1062
{05940B17-A438-4A05-A779-1DA030BFADD7},edited,map_y,837091.445,837091.5844,Larsen Bay,1100,1062
{05CC38AB-A05B-4F94-A85B-F972828E21CA},edited,map_x,-175461.4771,-175462.6904,Koyukuk,1080,1042
{05CC38AB-A05B-4F94-A85B-F972828E21CA},edited,map_y,1662761.81,1662761.884,Koyukuk,1080,1042
{06020A2C-EF28-4F96-B0C9-5E1ACFDCCE87},edited,map_x,316470.3494,316469.1004,North Pole,1283,1237
{06020A2C-EF28-4F96-B0C9-5E1ACFDCCE87},edited,map_y,1657614.569,1657614.651,North Pole,1283,1237
{0603769B-74B3-4779-9406-0C322B1770A9},edited,map_x,-321022.5149,-321023.7311,Perryville,1360,1308
{0603769B-74B3-4779-9406-0C322B1770A9},edited,map_y,668111.2286,668111.3928,Perryville,1360,1308
{0616261B-5C6C-4C13-A78B-D76C3F4C4780},edited,map_x,89326.16918,89324.92684,Kodiak,1028,990
{0616261B-5C6C-4C13-A78B-D76C3F4C4780},edited,map_y,861483.0701,861483.2052,Kodiak,1028,990
{06185C17-CBAF-4E61-89A3-B934B49C0168},edited,map_x,-45443.16078,-45444.38738,Iliamna,833,798
{06185C17-CBAF-4E61-89A3-B934B49C0168},edited,map_y,1084713.463,1084713.585,Iliamna,833,798
{0637605C-80D9-44A2-BF7A-206160E7D0AA},edited,map_x,288188.072,288186.8244,Whittier,1847,1776
{0637605C-80D9-44A2-BF7A-206160E7D0AA},edited,map_y,1210201.125,1210201.234,Whittier,1847,1776
{06398E45-6B4F-42C3-8567-10AC4652B28F},edited,map_x,212173.0724,212171.8301,Anchorage,181,173
{06398E45-6B4F-42C3-8567-10AC4652B28F},edited,map_y,1250048.221,1250048.328,Anchorage,181,173
{06B82250-2AD5-462B-932C-ECBE4564ECC4},edited,map_x,302618.4292,302617.1809,Fort Wainwright,648,619
{06B82250-2AD5-462B-932C-ECBE4564ECC4},edited,map_y,1667966.943,1667967.023,Fort Wainwright,648,619
{0791B938-8883-46B3-BF0D-A325ED762DC1},edited,map_x,-47286.784,-47288.01045,Iliamna,824,789
{0791B938-8883-46B3-BF0D-A325ED762DC1},edited,map_y,1085180.129,1085180.251,Iliamna,824,789
{079DDBF2-3AC1-4CAF-A2E7-355251502294},edited,map_x,-389445.976,-389447.1702,Akiak,111,111
{079DDBF2-3AC1-4CAF-A2E7-355251502294},edited,map_y,1235286.674,1235286.787,Akiak,111,111
{07C48A5D-A1EC-41E4-B6D9-D96CF8B72D43},edited,map_x,219584.0364,219582.7937,Anchorage,189,181
{07C48A5D-A1EC-41E4-B6D9-D96CF8B72D43},edited,map_y,1254998.84,1254998.946,Anchorage,189,181
{07D80506-7548-4842-9341-A037E3C35474},edited,map_x,88161.28143,88160.03977,Ouzinkie,1335,1283
{07D80506-7548-4842-9341-A037E3C35474},edited,map_y,881055.1089,881055.2427,Ouzinkie,1335,1283
{086531C1-92F4-4C8B-95C4-BA197AAAD587},edited,map_x,109149.1366,109147.8959,Bettles,321,307
{086531C1-92F4-4C8B-95C4-BA197AAAD587},edited,map_y,1886558.289,1886558.35,Bettles,321,307
{087E5597-2E93-4DDC-A089-439BD1AD3295},edited,map_x,-820725.6507,-820726.823,Unalaska,1765,1695
{087E5597-2E93-4DDC-A089-439BD1AD3295},edited,map_y,506351.4856,506351.6889,Unalaska,1765,1695
{08A09353-8C0F-47F7-850E-77DB129A1B41},edited,map_x,-227615.8892,-227617.124,Wainwright,1807,1736
{08A09353-8C0F-47F7-850E-77DB129A1B41},edited,map_y,2305004.074,2305004.091,Wainwright,1807,1736
{08DF0E56-0A7D-4977-AD97-99A7EA583DA8},edited,map_x,435841.7011,435840.4459,Delta Junction,502,473
{08DF0E56-0A7D-4977-AD97-99A7EA583DA8},edited,map_y,1640110.993,1640111.077,Delta Junction,502,473
{08F52340-FE40-4C20-B7D8-2922E0841D71},edited,map_x,-393960.9801,-393962.1729,Elim,569,540
{08F52340-FE40-4C20-B7D8-2922E0841D71},edited,map_y,1653015.708,1653015.78,Elim,569,540
{08FBA8A0-92C4-4FCE-A99B-AF2EAE8B1E3B},edited,map_x,352701.6743,352700.4128,Arctic Village,266,256
{08FBA8A0-92C4-4FCE-A99B-AF2EAE8B1E3B},edited,map_y,2040253.101,2040253.158,Arctic Village,266,256
{09049BF3-80A1-449D-8DD9-F6F3D988870D},edited,map_x,-446600.5933,-446601.7859,Platinum,1381,1327
{09049BF3-80A1-449D-8DD9-F6F3D988870D},edited,map_y,1028147.42,1028147.554,Platinum,1381,1327
{0979B703-23BD-4E4D-B3BF-D97B57BD01FB},edited,map_x,1121637.207,1121635.921,Sitka,1596,1534
{0979B703-23BD-4E4D-B3BF-D97B57BD01FB},edited,map_y,941824.6186,941824.7227,Sitka,1596,1534
{09939AF9-7257-4724-BC0B-9F4C389518C1},edited,map_x,398647.1093,398645.8329,Kaktovik,879,844
{09939AF9-7257-4724-BC0B-9F4C389518C1},edited,map_y,2270309.016,2270309.057,Kaktovik,879,844
{09A5DE30-C78A-449E-9D21-B18DF6D8A5C0},edited,map_x,-213240.2292,-213241.4484,Pilot Point,1370,1318
{09A5DE30-C78A-449E-9D21-B18DF6D8A5C0},edited,map_y,845775.5687,845775.7137,Pilot Point,1370,1318
{09FFCC6F-D44E-4B62-B7B4-EEA2D70056F3},edited,map_x,-456285.6655,-456286.853,Nunapitchuk,1327,1275
{09FFCC6F-D44E-4B62-B7B4-EEA2D70056F3},edited,map_y,1241660.006,1241660.119,Nunapitchuk,1327,1275
{0A1579D5-A92D-4837-B2EC-95B2608B962B},edited,map_x,-173108.2482,-173109.4671,South Naknek,1632,1570
{0A1579D5-A92D-4837-B2EC-95B2608B962B},edited,map_y,972715.5309,972715.6641,South Naknek,1632,1570
{0A397502-B97C-4DFF-B1D7-BD80D81BAC33},edited,map_x,-108716.7163,-108717.9368,Huslia,800,766
{0A397502-B97C-4DFF-B1D7-BD80D81BAC33},edited,map_y,1750531.499,1750531.567,Huslia,800,766
{0A4DC447-9742-4966-8414-FE0937DE7487},edited,map_x,-862554.1562,-862555.2965,Gambell,691,659
{0A4DC447-9742-4966-8414-FE0937DE7487},edited,map_y,1650633.044,1650633.112,Gambell,691,659
{0A5FA4B6-C7EF-4488-B4D6-B4532765F844},edited,map_x,-578437.4293,-578438.6041,Brevig Mission,340,323
{0A5FA4B6-C7EF-4488-B4D6-B4532765F844},edited,map_y,1762517.279,1762517.337,Brevig Mission,340,323
{0A8E46F6-85F9-461E-9D8A-7B10FBCC5F4A},edited,map_x,1099378.235,1099376.952,Tenakee Springs,1687,1624
{0A8E46F6-85F9-461E-9D8A-7B10FBCC5F4A},edited,map_y,1020651.68,1020651.784,Tenakee Springs,1687,1624
{0A9A2F3F-4A66-4DB9-95B5-EF76EEBA63F2},edited,map_x,-46443.08517,-46444.3117,Iliamna,830,795
{0A9A2F3F-4A66-4DB9-95B5-EF76EEBA63F2},edited,map_y,1084855.507,1084855.629,Iliamna,830,795
{0AEF0513-6EE5-4AAE-AC95-75FC279EA120},edited,map_x,-197734.1868,-197735.4052,Egegik,542,513
{0AEF0513-6EE5-4AAE-AC95-75FC279EA120},edited,map_y,917739.9873,917740.1258,Egegik,542,513
{0B072B69-6A65-4BF2-A67F-BDC7BC3573A5},edited,map_x,-585500.4297,-585501.6044,Nightmute,1221,1176
{0B072B69-6A65-4BF2-A67F-BDC7BC3573A5},edited,map_y,1213479.209,1213479.327,Nightmute,1221,1176
{0B438119-212C-4295-A54F-72F4641CCA57},edited,map_x,1114509.928,1114508.643,Sitka,1601,1539
{0B438119-212C-4295-A54F-72F4641CCA57},edited,map_y,940967.2142,940967.3186,Sitka,1601,1539
{0B585140-BD0B-4D35-80CF-331764B7BBFE},edited,map_x,115449.0231,115447.7635,Nuiqsut,1303,1257
{0B585140-BD0B-4D35-80CF-331764B7BBFE},edited,map_y,2250932.91,2250932.943,Nuiqsut,1303,1257
{0B7A618A-4185-4D5C-8B45-57361B2432E2},edited,map_x,1297567.683,1297566.391,Klawock,1003,965
{0B7A618A-4185-4D5C-8B45-57361B2432E2},edited,map_y,821706.0834,821706.1825,Klawock,1003,965
{0B82F662-B1E3-4027-8EAD-DA113B629812},edited,map_x,219658.4108,219657.168,Anchorage,1848,1777
{0B82F662-B1E3-4027-8EAD-DA113B629812},edited,map_y,1255119.715,1255119.821,Anchorage,1848,1777
{0B8943D5-9AE2-4E8E-AF73-D41B884F6BE4},edited,map_x,622245.2528,622243.9897,Northway,1289,1243
{0B8943D5-9AE2-4E8E-AF73-D41B884F6BE4},edited,map_y,1501283.058,1501283.151,Northway,1289,1243
{0B9968B0-1FAB-46A8-A897-B09A7BE54763},edited,map_x,-1537200.88,-1537201.96,Adak,1849,1778
{0B9968B0-1FAB-46A8-A897-B09A7BE54763},edited,map_y,470994.8153,470995.0626,Adak,1849,1778
{0C0656F7-A4B6-48AB-9431-BCB107F78864},edited,map_x,1069256.267,1069254.986,,51,51
{0C0656F7-A4B6-48AB-9431-BCB107F78864},edited,map_y,1081747.489,1081747.592,,51,51
{0C0D7C65-C6C5-4293-A58D-8DB8A9E3283C},edited,map_x,-14813.3121,-14814.55023,,10,10
{0C0D7C65-C6C5-4293-A58D-8DB8A9E3283C},edited,map_y,760046.0754,760046.2209,,10,10
{0C480E12-87D5-45E9-813F-9B396422A9F8},edited,map_x,297841.2008,297839.9529,Fairbanks,615,586
{0C480E12-87D5-45E9-813F-9B396422A9F8},edited,map_y,1665068.669,1665068.75,Fairbanks,615,586
{0C5BEC21-0D02-4217-BB25-11C53F2A57C2},edited,map_x,109526.3685,109525.1277,Bettles,323,309
{0C5BEC21-0D02-4217-BB25-11C53F2A57C2},edited,map_y,1886952.176,1886952.237,Bettles,323,309
{0C8FE23A-EFDE-4FF0-8A74-D3F9F8D2A0F7},edited,map_x,1276073.857,1276072.569,Petersburg,1363,1311
{0C8FE23A-EFDE-4FF0-8A74-D3F9F8D2A0F7},edited,map_y,939049.3403,939049.44,Petersburg,1363,1311
{0C9AC49C-C828-4A4E-96CF-F1D42D769F14},edited,map_x,-135992.883,-135994.099,Stony River,1649,1587
{0C9AC49C-C828-4A4E-96CF-F1D42D769F14},edited,map_y,1315061.801,1315061.905,Stony River,1649,1587
{0CA1F24C-70BD-456D-A855-67322ADA7ECC},edited,map_x,-262463.1497,-262464.3592,Aleknagik,125,125
{0CA1F24C-70BD-456D-A855-67322ADA7ECC},edited,map_y,1040863.513,1040863.642,Aleknagik,125,125
{0CAB0B8D-D906-49C4-A353-2269607ABD33},edited,map_x,209552.5446,209551.2885,,19,19
{0CAB0B8D-D906-49C4-A353-2269607ABD33},edited,map_y,2096659.38,2096659.428,,19,19
{0D44C3AF-5DC1-4518-BBEA-FB3F0C68D860},edited,map_x,-280059.0289,-280060.2471,Chignik Lagoon,409,386
{0D44C3AF-5DC1-4518-BBEA-FB3F0C68D860},edited,map_y,709702.3808,709702.5398,Chignik Lagoon,409,386
{0DD524A1-60B5-4049-833A-BCD12122BD6A},edited,map_x,-403706.1729,-403707.3657,Akiachak,104,104
{0DD524A1-60B5-4049-833A-BCD12122BD6A},edited,map_y,1237641.158,1237641.271,Akiachak,104,104
{0DE678C6-4B7C-4C87-95F2-EF1B81C0A3C4},edited,map_x,192253.2831,192252.0432,Palmer,1339,1287
{0DE678C6-4B7C-4C87-95F2-EF1B81C0A3C4},edited,map_y,1418403.403,1418403.499,Palmer,1339,1287
{0DEA1588-048C-4EEB-BAB6-F885D02F870F},edited,map_x,-18657.88678,-18659.11159,Nikolai,1231,1186
{0DEA1588-048C-4EEB-BAB6-F885D02F870F},edited,map_y,1449376.122,1449376.215,Nikolai,1231,1186
{0F01BB32-5A29-4652-976C-10E724180102},edited,map_x,1279861.327,1279860.038,Petersburg,1365,1313
{0F01BB32-5A29-4652-976C-10E724180102},edited,map_y,896079.2012,896079.3009,Petersburg,1365,1313
{0F542138-8AC9-4FCA-84D7-E15C2511E8AA},edited,map_x,-409321.8229,-409323.0303,Port Moller,1437,1379
{0F542138-8AC9-4FCA-84D7-E15C2511E8AA},edited,map_y,684365.4123,684365.5784,Port Moller,1437,1379
{0F656157-B21E-40D4-8524-2319155AFBB3},edited,map_x,129199.9641,129198.724,Seldovia,1552,1491
{0F656157-B21E-40D4-8524-2319155AFBB3},edited,map_y,1052152.798,1052152.919,Seldovia,1552,1491
{0F6E52E2-A85E-4BB6-92EA-34C3232C9855},edited,map_x,-42491.98974,-42493.21732,Kokhanok,1039,1001
{0F6E52E2-A85E-4BB6-92EA-34C3232C9855},edited,map_y,1050053.403,1050053.528,Kokhanok,1039,1001
{0F7B6455-CCAB-43E2-BCEF-6F41C7B17371},edited,map_x,1084767.322,1084766.04,,68,68
{0F7B6455-CCAB-43E2-BCEF-6F41C7B17371},edited,map_y,1062657.972,1062658.075,,68,68
{0F86901E-02A6-4561-89BC-A618E5245256},edited,map_x,-526239.4898,-526240.6797,Point Hope,1387,1333
{0F86901E-02A6-4561-89BC-A618E5245256},edited,map_y,2093684.209,2093684.235,Point Hope,1387,1333
{0FA216D2-7ACC-4EFF-AA2B-EEB5F7C95A78},edited,map_x,291756.6868,291755.4393,Fairbanks,627,598
{0FA216D2-7ACC-4EFF-AA2B-EEB5F7C95A78},edited,map_y,1663492.351,1663492.432,Fairbanks,627,598
{0FA60D29-5FDB-45C0-8C23-DBEF952F6C70},edited,map_x,404565.9498,404564.6952,Cordova,474,446
{0FA60D29-5FDB-45C0-8C23-DBEF952F6C70},edited,map_y,1188660.533,1188660.642,Cordova,474,446
{0FD29D07-17D3-4E0E-A860-BB784E36C547},edited,map_x,314230.6133,314229.3653,,27,27
{0FD29D07-17D3-4E0E-A860-BB784E36C547},edited,map_y,1327341.47,1327341.571,,27,27
{0FEDC2D8-085A-43FE-B5FB-451D906348F4},edited,map_x,-447595.2088,-447596.3964,White Mountain,1825,1754
{0FEDC2D8-085A-43FE-B5FB-451D906348F4},edited,map_y,1667579.402,1667579.472,White Mountain,1825,1754
{103D66F1-55ED-45EA-ACBF-965862157104},edited,map_x,-324124.4228,-324125.6248,Buckland,349,330
{103D66F1-55ED-45EA-ACBF-965862157104},edited,map_y,1797516,1797516.059,Buckland,349,330
{10C293FA-932B-464D-A923-2CE29D264905},edited,map_x,408887.1157,408885.8617,Valdez,1790,1719
{10C293FA-932B-464D-A923-2CE29D264905},edited,map_y,1262275.068,1262275.173,Valdez,1790,1719
{10E17596-EA7D-4231-BFF9-570A63ADEA9E},edited,map_x,-227164.9096,-227166.1445,Wainwright,1801,1730
{10E17596-EA7D-4231-BFF9-570A63ADEA9E},edited,map_y,2305532.426,2305532.443,Wainwright,1801,1730
{110EF110-7B9A-4124-8FD4-03B28B4DBDF1},edited,map_x,90162.48487,90161.24257,Kodiak,1015,977
{110EF110-7B9A-4124-8FD4-03B28B4DBDF1},edited,map_y,864700.1239,864700.2588,Kodiak,1015,977
{11278BDC-1003-43CC-AC1A-EF01CB28FBE5},edited,map_x,-421353.5003,-421354.6917,Napaskiak,1197,1152
{11278BDC-1003-43CC-AC1A-EF01CB28FBE5},edited,map_y,1216050.712,1216050.827,Napaskiak,1197,1152
{11347F21-1300-4D5F-A511-ADCB96465D53},edited,map_x,185504.0356,185502.7847,,17,17
{11347F21-1300-4D5F-A511-ADCB96465D53},edited,map_y,2019237.471,2019237.524,,17,17
{114FF0DE-E8A1-487F-8505-67999F6000EC},edited,map_x,-336078.5171,-336079.7156,Kalskag,894,856
{114FF0DE-E8A1-487F-8505-67999F6000EC},edited,map_y,1299054.874,1299054.981,Kalskag,894,856
{11896108-D1BB-46A4-83CA-CA3E5712529C},edited,map_x,297453.4961,297452.2481,Fairbanks,1850,1779
{11896108-D1BB-46A4-83CA-CA3E5712529C},edited,map_y,1667254.048,1667254.128,Fairbanks,1850,1779
{11C61E2B-C979-4D51-A901-5BDF8ABBF907},edited,last_edited,2022-12-21T03:55:03Z,2025-12-16T09:13:01Z,Point Lay,1406,1351
{11C61E2B-C979-4D51-A901-5BDF8ABBF907},edited,map_x,399683.2062,-352340.4005,Point Lay,1406,1351
{11C61E2B-C979-4D51-A901-5BDF8ABBF907},edited,map_y,2270336.783,2220595.091,Point Lay,1406,1351
{11F1668C-4A0E-4ABC-AA8D-6FCBE49F48B1},edited,map_x,399354.1349,399352.8585,Kaktovik,880,845
{11F1668C-4A0E-4ABC-AA8D-6FCBE49F48B1},edited,map_y,2270244.256,2270244.297,Kaktovik,880,845
{120F446E-4319-46F6-BF44-EDA28C89AD55},edited,map_x,-378288.0356,-378289.2361,,89,89
{120F446E-4319-46F6-BF44-EDA28C89AD55},edited,map_y,1942666.741,1942666.786,,89,89
{121E93CF-71BA-4B5B-93E8-A8A301C129CB},edited,map_x,296892.6847,296891.4369,Fairbanks,598,569
{121E93CF-71BA-4B5B-93E8-A8A301C129CB},edited,map_y,1664418.151,1664418.232,Fairbanks,598,569
{123EF56C-C6EF-4645-B929-EF11B578B022},edited,map_x,-402242.5223,-402243.7154,Kwethluk,1090,1052
{123EF56C-C6EF-4645-B929-EF11B578B022},edited,map_y,1225591.061,1225591.175,Kwethluk,1090,1052
{12A13951-6E36-475D-8947-BB0A95EB953D},edited,map_x,-290898.5627,-290899.7801,Chignik Lagoon,406,383
{12A13951-6E36-475D-8947-BB0A95EB953D},edited,map_y,705135.8034,705135.9631,Chignik Lagoon,406,383
{12AB835A-E2CA-498A-B5EB-BA0FDA8EBD71},edited,map_x,-280864.9866,-280866.1954,Manokotak,1126,1085
{12AB835A-E2CA-498A-B5EB-BA0FDA8EBD71},edited,map_y,1003875.675,1003875.808,Manokotak,1126,1085
{12AF761E-4E98-4313-8B18-67C630E34B81},edited,map_x,-446940.7182,-446941.9068,Atmautluak,279,269
{12AF761E-4E98-4313-8B18-67C630E34B81},edited,map_y,1236168.592,1236168.705,Atmautluak,279,269
{12B0F97A-7477-4F96-8DB3-E0011D684287},edited,map_x,-447129.0459,-447130.2415,Kivalina,994,956
{12B0F97A-7477-4F96-8DB3-E0011D684287},edited,map_y,2009740.327,2009740.363,Kivalina,994,956
{131A1E41-6632-44F1-9501-ABA1E95CE7E8},edited,map_x,-389968.3782,-389969.5723,Akiak,108,108
{131A1E41-6632-44F1-9501-ABA1E95CE7E8},edited,map_y,1234849.277,1234849.39,Akiak,108,108
{1339630D-DD58-4DA8-BE58-827A4869D20E},edited,map_x,-50850.27095,-50851.49713,Iliamna,819,784
{1339630D-DD58-4DA8-BE58-827A4869D20E},edited,map_y,1085070.152,1085070.274,Iliamna,819,784
{1357CE94-8168-435D-90F7-C00A036EE70A},edited,map_x,257965.8478,257964.603,Palmer,1342,1290
{1357CE94-8168-435D-90F7-C00A036EE70A},edited,map_y,1299101.141,1299101.245,Palmer,1342,1290
{13B3E9E9-88BD-4D8B-9BCC-BF79E45636FE},edited,map_x,802218.294,802217.0209,Yakutat,1839,1768
{13B3E9E9-88BD-4D8B-9BCC-BF79E45636FE},edited,map_y,1144195.834,1144195.94,Yakutat,1839,1768
{1417725B-9B42-49D4-B695-548FDF4F26C0},edited,map_x,219658.4108,219657.168,Anchorage,1851,1780
{1417725B-9B42-49D4-B695-548FDF4F26C0},edited,map_y,1255119.715,1255119.821,Anchorage,1851,1780
{141859AB-9A88-4E21-AFB2-06797206FEC1},edited,map_x,-228241.4749,-228242.6829,Kaltag,900,862
{141859AB-9A88-4E21-AFB2-06797206FEC1},edited,map_y,1604366.095,1604366.173,Kaltag,900,862
{142D8A26-7B1C-468A-9C61-A1395DAFB343},edited,map_x,105230.0828,105228.8388,Chiniak,419,395
{142D8A26-7B1C-468A-9C61-A1395DAFB343},edited,map_y,846955.6432,846955.7788,Chiniak,419,395
{146F9100-1BBD-4C57-87C4-EA4BC5064C1D},edited,map_x,-324394.8767,-324396.0787,Buckland,352,333
{146F9100-1BBD-4C57-87C4-EA4BC5064C1D},edited,map_y,1797729.623,1797729.682,Buckland,352,333
{149089F2-4FC8-4451-8DA0-29F251F2342A},edited,map_x,402232.7155,402231.4625,Delta Junction,499,470
{149089F2-4FC8-4451-8DA0-29F251F2342A},edited,map_y,1588724.058,1588724.145,Delta Junction,499,470
{14BD9A76-B93C-4CE2-899B-ED7D4C319475},edited,map_x,-425064.4301,-425065.621,Bethel,307,293
{14BD9A76-B93C-4CE2-899B-ED7D4C319475},edited,map_y,1224332.236,1224332.35,Bethel,307,293
{14C061AA-262D-4039-AB9A-C4C93FF6ACD2},edited,map_x,365789.8982,365788.6469,Fairbanks,613,584
{14C061AA-262D-4039-AB9A-C4C93FF6ACD2},edited,map_y,1622802.46,1622802.544,Fairbanks,613,584
{14C297C3-2167-4D23-8B3D-FDD12520BFB1},edited,map_x,-310282.7389,-310283.9446,Noorvik,1276,1231
{14C297C3-2167-4D23-8B3D-FDD12520BFB1},edited,map_y,1891476.369,1891476.42,Noorvik,1276,1231
{14E28DA5-69A4-4D2F-BB92-286834F0B46F},edited,map_x,-482900.5139,-482901.6974,Saint Marys,1483,1425
{14E28DA5-69A4-4D2F-BB92-286834F0B46F},edited,map_y,1376271.915,1376272.014,Saint Marys,1483,1425
{15028AA5-F109-4744-BF76-7BF60743660D},edited,map_x,-104635.2279,-104636.4458,Takotna,1654,1592
{15028AA5-F109-4744-BF76-7BF60743660D},edited,map_y,1448117.456,1448117.549,Takotna,1654,1592
{150EB6CF-7262-4ABF-AAA4-E58A6587C34C},edited,map_x,-532116.9551,-532118.1331,Emmonak,580,551
{150EB6CF-7262-4ABF-AAA4-E58A6587C34C},edited,map_y,1464968.962,1464969.053,Emmonak,580,551
{1515E810-A497-476A-AFB4-632BA14A6973},edited,map_x,-50217.04539,-50218.27169,Newhalen,1210,1165
{1515E810-A497-476A-AFB4-632BA14A6973},edited,map_y,1081327.768,1081327.89,Newhalen,1210,1165
{155C8EA1-74BC-42EB-9C4F-1BCE89188BB7},edited,map_x,296253.6257,296252.3778,Fairbanks,599,570
{155C8EA1-74BC-42EB-9C4F-1BCE89188BB7},edited,map_y,1669670.162,1669670.243,Fairbanks,599,570
{1565B7EF-19B4-4703-A9F8-62D9D2AC6885},edited,map_x,-364364.3581,-364365.5587,Togiak,1704,1640
{1565B7EF-19B4-4703-A9F8-62D9D2AC6885},edited,map_y,1024426.505,1024426.638,Togiak,1704,1640
{15B249BC-700E-47F6-A75F-F39B21D66AD6},edited,map_x,-952609.2466,-952610.3892,Saint George Island,1480,1422
{15B249BC-700E-47F6-A75F-F39B21D66AD6},edited,map_y,842259.1455,842259.3142,Saint George Island,1480,1422
{15BA0B5D-95C5-4664-80A4-DDE0E1372019},edited,map_x,433988.3369,433987.0786,,62,62
{15BA0B5D-95C5-4664-80A4-DDE0E1372019},edited,map_y,1074576.344,1074576.459,,62,62
{15BD4EB8-C4BB-4C12-82E1-C88B6BBF46BE},edited,map_x,115349.3698,115348.1101,Nuiqsut,1293,1247
{15BD4EB8-C4BB-4C12-82E1-C88B6BBF46BE},edited,map_y,2251785.255,2251785.288,Nuiqsut,1293,1247
{15BF1AC8-F89B-48D5-B561-12A84722E9E9},edited,map_x,-604679.6007,-604680.7733,Toksook Bay,1715,1651
{15BF1AC8-F89B-48D5-B561-12A84722E9E9},edited,map_y,1222190.774,1222190.891,Toksook Bay,1715,1651
{15C391A6-C587-4419-BEA9-7C324886C14D},edited,map_x,-421203.7464,-421204.9378,Napaskiak,1196,1151
{15C391A6-C587-4419-BEA9-7C324886C14D},edited,map_y,1216101.864,1216101.979,Napaskiak,1196,1151
{15F42230-AEBD-4A55-B59D-170175A8B3BE},edited,map_x,412907.57,412906.3158,Valdez,1791,1720
{15F42230-AEBD-4A55-B59D-170175A8B3BE},edited,map_y,1257408.272,1257408.377,Valdez,1791,1720
{1629B350-C98B-4525-A641-3C0396489C45},edited,map_x,-574435.1565,-574436.3316,Teller,1685,1622
{1629B350-C98B-4525-A641-3C0396489C45},edited,map_y,1754096.935,1754096.994,Teller,1685,1622
{162AE5D4-A7E5-48AC-8614-E3F989299E8B},edited,map_x,1109969.847,1109968.562,Sitka,1593,1531
{162AE5D4-A7E5-48AC-8614-E3F989299E8B},edited,map_y,946536.1857,946536.2901,Sitka,1593,1531
{165BC5D6-DBAE-442C-AE72-804C4FFF53A3},edited,map_x,84524.4354,84523.19467,,12,12
{165BC5D6-DBAE-442C-AE72-804C4FFF53A3},edited,map_y,904061.1588,904061.2911,,12,12
{16694921-0732-4982-AD5B-A93BF197F037},edited,map_x,297563.0342,297561.7862,Fairbanks,621,592
{16694921-0732-4982-AD5B-A93BF197F037},edited,map_y,1664686.739,1664686.819,Fairbanks,621,592
{169427EF-CD53-4AE7-800C-C4BD422D33B0},edited,map_x,-389346.1049,-389347.2991,Akiak,113,113
{169427EF-CD53-4AE7-800C-C4BD422D33B0},edited,map_y,1235502.393,1235502.506,Akiak,113,113
{16ECC698-F851-4017-8C0C-19961D441BDC},edited,map_x,-401694.2148,-401695.408,Kwethluk,1089,1051
{16ECC698-F851-4017-8C0C-19961D441BDC},edited,map_y,1225076.082,1225076.195,Kwethluk,1089,1051
{16F606AE-A8A1-4DC1-A796-D156260875C4},edited,map_x,-447496.26,-447497.4476,White Mountain,1826,1755
{16F606AE-A8A1-4DC1-A796-D156260875C4},edited,map_y,1667386.473,1667386.543,White Mountain,1826,1755
{17167C82-B94D-4D95-9821-759B8F922368},edited,map_x,-431835.047,-431836.236,Golovin,706,673
{17167C82-B94D-4D95-9821-759B8F922368},edited,map_y,1649494.249,1649494.321,Golovin,706,673
{1737C177-FB89-49A7-AC6E-857178178F6D},edited,map_x,1403297.312,1403296.019,Metlakatla,1155,1112
{1737C177-FB89-49A7-AC6E-857178178F6D},edited,map_y,807238.9603,807239.0554,Metlakatla,1155,1112
{17383E1F-DD0F-48AC-80E4-1826186772F5},edited,map_x,-228233.7089,-228234.9169,Kaltag,904,866
{17383E1F-DD0F-48AC-80E4-1826186772F5},edited,map_y,1603853.356,1603853.434,Kaltag,904,866
{173A65EE-29AC-4AA7-AA27-766F4B89A6C3},edited,map_x,1076214.138,1076212.856,Hoonah,773,740
{173A65EE-29AC-4AA7-AA27-766F4B89A6C3},edited,map_y,1052263.838,1052263.942,Hoonah,773,740
{17693B2B-AB4E-40C5-94D9-81021DD4C37F},edited,map_x,-346308.7038,-346309.901,Shaktoolik,1573,1512
{17693B2B-AB4E-40C5-94D9-81021DD4C37F},edited,map_y,1617409.704,1617409.78,Shaktoolik,1573,1512
{177A8782-8C79-44EA-AA37-CDDBE4DD9E40},edited,map_x,-804935.6388,-804936.7861,Savoonga,1529,1469
{177A8782-8C79-44EA-AA37-CDDBE4DD9E40},edited,map_y,1625913.504,1625913.575,Savoonga,1529,1469
{17AC451F-03F3-4C19-A5D1-1D2B071DC61A},edited,map_x,213408.0772,213406.8166,,72,72
{17AC451F-03F3-4C19-A5D1-1D2B071DC61A},edited,map_y,2172733.567,2172733.609,,72,72
{17AE2E7D-2835-4E26-B1ED-BE3B1E2035DA},edited,map_x,556859.1849,556857.9246,Tok,1708,1644
{17AE2E7D-2835-4E26-B1ED-BE3B1E2035DA},edited,map_y,1530858.988,1530859.08,Tok,1708,1644
{1829B647-73C9-46F7-A8B5-BA17AD6D60EE},edited,map_x,-137934.5912,-137935.8125,Shungnak,1589,1527
{1829B647-73C9-46F7-A8B5-BA17AD6D60EE},edited,map_y,1884555.034,1884555.089,Shungnak,1589,1527
{18381280-8622-4315-B237-C77F25FE577F},edited,map_x,-578891.4811,-578892.6559,Brevig Mission,346,327
{18381280-8622-4315-B237-C77F25FE577F},edited,map_y,1762901.36,1762901.418,Brevig Mission,346,327
{183A8E95-D80D-4CAE-9F17-F67AC2C20CFE},edited,map_x,988041.2334,988039.9553,Haines,737,704
{183A8E95-D80D-4CAE-9F17-F67AC2C20CFE},edited,map_y,1177670.943,1177671.046,Haines,737,704
{18521C94-5BEA-4B54-9043-F330F2BBC359},edited,map_x,158775.6956,158774.4564,Manley Hot Springs,1124,1083
{18521C94-5BEA-4B54-9043-F330F2BBC359},edited,map_y,1674467.072,1674467.15,Manley Hot Springs,1124,1083
{1888FF7D-A817-4439-8206-FB12949AC6F9},edited,map_x,-1365606.863,-1365607.968,Atka,274,264
{1888FF7D-A817-4439-8206-FB12949AC6F9},edited,map_y,452528.6383,452528.8782,Atka,274,264
{18A0F761-6B93-4198-82BD-6BEAA7405909},edited,map_x,415270.5543,415269.3,Valdez,1780,1709
{18A0F761-6B93-4198-82BD-6BEAA7405909},edited,map_y,1263065.962,1263066.067,Valdez,1780,1709
{18BC4EB8-ECA2-4EBA-91BF-FA7BF073AD23},edited,map_x,-49971.62381,-49972.85014,Newhalen,1211,1166
{18BC4EB8-ECA2-4EBA-91BF-FA7BF073AD23},edited,map_y,1081256.207,1081256.329,Newhalen,1211,1166
{18D63502-F027-4AAB-BF07-46290071FFC6},edited,map_x,233496.7453,233495.5021,Clear,441,413
{18D63502-F027-4AAB-BF07-46290071FFC6},edited,map_y,1600674.404,1600674.488,Clear,441,413
{18E12583-BE85-4409-BB78-FE88AF66E31D},edited,map_x,305122.6387,305121.3904,North Pole,1280,1234
{18E12583-BE85-4409-BB78-FE88AF66E31D},edited,map_y,1662881.966,1662882.047,North Pole,1280,1234
{18E7D5C9-193D-44BC-B51F-F737E1FE5C33},edited,map_x,-337043.6183,-337044.8166,Lower Kalskag,1120,1079
{18E7D5C9-193D-44BC-B51F-F737E1FE5C33},edited,map_y,1297638.868,1297638.974,Lower Kalskag,1120,1079
{1949D4CD-4AE9-4857-B85C-60F9E7B4E24A},edited,map_x,252753.728,252752.4814,Seward,1563,1502
{1949D4CD-4AE9-4857-B85C-60F9E7B4E24A},edited,map_y,1134979.802,1134979.916,Seward,1563,1502
{1973D7CD-DCB2-4263-84C7-FC0656D1FEEE},edited,map_x,-153513.297,-153514.5177,King Salmon,978,940
{1973D7CD-DCB2-4263-84C7-FC0656D1FEEE},edited,map_y,967319.7506,967319.8839,King Salmon,978,940
{198362A5-508C-4395-8391-42808AB5823A},edited,map_x,574740.7375,574739.4764,Tetlin,1690,1627
{198362A5-508C-4395-8391-42808AB5823A},edited,map_y,1511878.182,1511878.275,Tetlin,1690,1627
{19962EEB-1C9F-44AD-A604-F436006F66CA},edited,map_x,-255119.7198,-255120.9306,Dillingham,1852,1781
{19962EEB-1C9F-44AD-A604-F436006F66CA},edited,map_y,1013466.946,1013467.077,Dillingham,1852,1781
{199DCD38-B4D0-4C40-B569-F661EB0257D1},edited,map_x,-277480.8312,-277482.035,Chuathbaluk,426,402
{199DCD38-B4D0-4C40-B569-F661EB0257D1},edited,map_y,1299065.312,1299065.418,Chuathbaluk,426,402
{19A80AE5-C3F6-4CD4-9420-5EBE3D700780},edited,map_x,549002.1091,549000.8491,Tok,1710,1646
{19A80AE5-C3F6-4CD4-9420-5EBE3D700780},edited,map_y,1530755.869,1530755.96,Tok,1710,1646
{19BBFD89-30F0-4ED7-A2BB-8975054F6C2C},edited,map_x,223723.7413,223722.4981,Anchorage,192,184
{19BBFD89-30F0-4ED7-A2BB-8975054F6C2C},edited,map_y,1245715.517,1245715.624,Anchorage,192,184
{19C3BA91-EE4F-4E21-89D8-1D3FC0EDF306},edited,map_x,171177.1569,171175.9148,Homer,766,733
{19C3BA91-EE4F-4E21-89D8-1D3FC0EDF306},edited,map_y,1091485.533,1091485.651,Homer,766,733
{19F9BC71-4564-4B4E-A915-5CB5DC25D415},edited,map_x,93652.9441,93651.70159,Kodiak,1012,974
{19F9BC71-4564-4B4E-A915-5CB5DC25D415},edited,map_y,865831.6934,865831.8281,Kodiak,1012,974
{1A2F20D8-0EC8-48FB-BF8A-3CD11F54461A},edited,map_x,283747.593,283746.3458,Fairbanks,617,588
{1A2F20D8-0EC8-48FB-BF8A-3CD11F54461A},edited,map_y,1666476.637,1666476.717,Fairbanks,617,588
{1A4E6E70-A152-43BB-8214-42BB19A9E6C1},edited,map_x,-377014.1874,-377015.3869,Kotzebue,1853,1782
{1A4E6E70-A152-43BB-8214-42BB19A9E6C1},edited,map_y,1906550.493,1906550.541,Kotzebue,1853,1782
{1A74BEEC-86F2-496E-BC64-B8298B907F17},edited,map_x,260335.6736,260334.4279,Girdwood,697,664
{1A74BEEC-86F2-496E-BC64-B8298B907F17},edited,map_y,1227480.673,1227480.782,Girdwood,697,664
{1AF09CDB-0CF2-49E8-AB5D-E1914905790C},edited,map_x,-819122.3221,-819123.4946,Unalaska,1766,1696
{1AF09CDB-0CF2-49E8-AB5D-E1914905790C},edited,map_y,507267.7168,507267.9198,Unalaska,1766,1696
{1B293629-AD2E-4C83-91D3-3350830FD212},edited,map_x,235536.1995,235534.9562,Wasilla,1818,1747
{1B293629-AD2E-4C83-91D3-3350830FD212},edited,map_y,1295859.96,1295860.064,Wasilla,1818,1747
{1B526668-A75F-4655-81E4-CD1636D7B664},edited,map_x,136632.618,136631.3779,Homer,759,726
{1B526668-A75F-4655-81E4-CD1636D7B664},edited,map_y,1074973.485,1074973.605,Homer,759,726
{1B58621C-9C3B-44AE-87C8-600ED9975067},edited,map_x,-383742.344,-383743.5452,Noatak,1244,1199
{1B58621C-9C3B-44AE-87C8-600ED9975067},edited,map_y,1982438.85,1982438.89,Noatak,1244,1199
{1B5CBE2A-BBA2-4726-A10F-5A4D615E2CF8},edited,map_x,-130163.6469,-130164.8893,Atqasuk,288,278
{1B5CBE2A-BBA2-4726-A10F-5A4D615E2CF8},edited,map_y,2280955.279,2280955.302,Atqasuk,288,278
{1B7ADC5D-27C3-4015-B623-9E74C855045C},edited,map_x,-571727.4958,-571728.6712,Newtok,1215,1170
{1B7ADC5D-27C3-4015-B623-9E74C855045C},edited,map_y,1263390.092,1263390.203,Newtok,1215,1170
{1B7CC7FC-1C14-46E8-8611-7A87DEBB6A85},edited,map_x,1325662.464,1325661.173,Thorne Bay,1695,1632
{1B7CC7FC-1C14-46E8-8611-7A87DEBB6A85},edited,map_y,846903.3633,846903.4614,Thorne Bay,1695,1632
{1B9700AB-35C9-4023-A262-4A95B4E49C8F},edited,map_x,-398296.75,-398297.9416,Saint Michael,1494,1436
{1B9700AB-35C9-4023-A262-4A95B4E49C8F},edited,map_y,1525815.237,1525815.322,Saint Michael,1494,1436
{1C045B0E-1915-4EFF-B0FE-50F571183A50},edited,map_x,218299.9162,218298.6734,Anchorage,194,186
{1C045B0E-1915-4EFF-B0FE-50F571183A50},edited,map_y,1245241.865,1245241.973,Anchorage,194,186
{1C2508B3-735C-43E0-9062-C168E05E150F},edited,map_x,-172742.9672,-172744.1861,Naknek,1180,1137
{1C2508B3-735C-43E0-9062-C168E05E150F},edited,map_y,974399.4332,974399.5663,Naknek,1180,1137
{1C4700D7-8EB2-4516-9DE8-4074B1D1A203},edited,map_x,129044.3339,129043.0952,Ninilchik,1237,1192
{1C4700D7-8EB2-4516-9DE8-4074B1D1A203},edited,map_y,1119389.652,1119389.769,Ninilchik,1237,1192
{1C49E7B5-4A11-4F71-8688-C1B006050B00},edited,map_x,149293.8062,149292.5669,Kenai,940,902
{1C49E7B5-4A11-4F71-8688-C1B006050B00},edited,map_y,1168442.509,1168442.622,Kenai,940,902
{1C4ACFE0-0158-45D7-ACA9-C070DB72B892},edited,map_x,-574424.7997,-574425.9749,Teller,1686,1623
{1C4ACFE0-0158-45D7-ACA9-C070DB72B892},edited,map_y,1754136.513,1754136.572,Teller,1686,1623
{1C4C49F2-17CB-4764-9E37-D5AA272237CB},edited,map_x,-557039.616,-557040.7949,Kipnuk,989,951
{1C4C49F2-17CB-4764-9E37-D5AA272237CB},edited,map_y,1147508.89,1147509.013,Kipnuk,989,951
{1C7A5084-32EF-4D32-9B21-FCA8F4E126C5},edited,map_x,94777.25986,94776.01498,Anaktuvuk Pass,159,158
{1C7A5084-32EF-4D32-9B21-FCA8F4E126C5},edited,map_y,2021288.645,2021288.695,Anaktuvuk Pass,159,158
{1C7E00F7-FF5D-4FA7-8DA7-64B429F2682D},edited,map_x,1076688.392,1076687.109,Hoonah,778,745
{1C7E00F7-FF5D-4FA7-8DA7-64B429F2682D},edited,map_y,1052470.855,1052470.959,Hoonah,778,745
{1C8923BB-1BB1-40AD-9EB8-1432E351A4A4},edited,map_x,-17378.9709,-17380.19871,Port Alsworth,1420,1364
{1C8923BB-1BB1-40AD-9EB8-1432E351A4A4},edited,map_y,1134864.971,1134865.089,Port Alsworth,1420,1364
{1C90A3F0-FA24-4549-B39D-A7D68691CD55},edited,map_x,203703.4221,203702.1643,,45,45
{1C90A3F0-FA24-4549-B39D-A7D68691CD55},edited,map_y,2135575.858,2135575.903,,45,45
{1CB3B2C8-5A1C-47C2-9944-447BF7AF404F},edited,map_x,-493074.2427,-493075.4283,Kongiganak,1049,1011
{1CB3B2C8-5A1C-47C2-9944-447BF7AF404F},edited,map_y,1140704.513,1140704.636,Kongiganak,1049,1011
{1D1891A5-BB40-4550-944B-3437313732A5},edited,map_x,-267215.2564,-267216.4655,Selawik,1546,1485
{1D1891A5-BB40-4550-944B-3437313732A5},edited,map_y,1861978.384,1861978.439,Selawik,1546,1485
{1D1A98B5-D9D0-40A5-82C8-01218C8450C7},edited,map_x,295761.1685,295759.9172,Beaver,302,288
{1D1A98B5-D9D0-40A5-82C8-01218C8450C7},edited,map_y,1837363.073,1837363.143,Beaver,302,288
{1D3152B7-FC9D-4968-B000-12057FAB74D7},edited,map_x,1075990.06,1075988.778,Hoonah,775,742
{1D3152B7-FC9D-4968-B000-12057FAB74D7},edited,map_y,1052667.766,1052667.87,Hoonah,775,742
{1D57EE39-37F0-4F10-BC87-F3FFB32C5B2B},edited,map_x,-336990.0982,-336991.2966,Lower Kalskag,1118,1077
{1D57EE39-37F0-4F10-BC87-F3FFB32C5B2B},edited,map_y,1297654.297,1297654.403,Lower Kalskag,1118,1077
{1D71BA09-6508-45A9-9D77-00122CE95EE9},edited,map_x,-281399.5346,-281400.7501,Port Heiden,1432,1374
{1D71BA09-6508-45A9-9D77-00122CE95EE9},edited,map_y,782350.6087,782350.7613,Port Heiden,1432,1374
{1D74665A-CC9A-41A2-A6E3-DB563298ACE6},edited,map_x,-292680.3558,-292681.5582,Aniak,247,239
{1D74665A-CC9A-41A2-A6E3-DB563298ACE6},edited,map_y,1300637.45,1300637.556,Aniak,247,239
{1D7B454B-0160-4177-AF68-7279EA76EF52},edited,map_x,245373.1782,245371.9334,Bird Creek,338,321
{1D7B454B-0160-4177-AF68-7279EA76EF52},edited,map_y,1229180.621,1229180.729,Bird Creek,338,321
{1D92DA33-1010-4A0B-AC0E-965828BAEA3D},edited,map_x,-233907.0337,-233908.2457,,78,78
{1D92DA33-1010-4A0B-AC0E-965828BAEA3D},edited,map_y,1041024.995,1041025.124,,78,78
{1DC2552B-7FE7-4148-A95D-24CE7E9B7ABB},edited,map_x,-50576.54258,-50577.76877,Iliamna,829,794
{1DC2552B-7FE7-4148-A95D-24CE7E9B7ABB},edited,map_y,1085339.458,1085339.58,Iliamna,829,794
{1DC59D11-9BEB-49DC-9CE6-3A8DA28A5E39},edited,map_x,231396.0099,231394.7665,Fort Richardson,643,614
{1DC59D11-9BEB-49DC-9CE6-3A8DA28A5E39},edited,map_y,1260326.032,1260326.138,Fort Richardson,643,614
{1DF623E1-B266-4C31-BB2D-2ABE4B807661},edited,map_x,408557.6996,408556.4457,Valdez,1777,1706
{1DF623E1-B266-4C31-BB2D-2ABE4B807661},edited,map_y,1262986.084,1262986.189,Valdez,1777,1706
{1DFE0049-CD5E-4363-8E45-9C1BD35E298B},edited,map_x,1261508.718,1261507.431,Petersburg,1368,1316
{1DFE0049-CD5E-4363-8E45-9C1BD35E298B},edited,map_y,957914.434,957914.534,Petersburg,1368,1316
{1E420A2D-EE4F-48E1-AC1D-C325E61CCE7A},edited,map_x,236306.2142,236304.9704,Eagle River,532,503
{1E420A2D-EE4F-48E1-AC1D-C325E61CCE7A},edited,map_y,1265268.177,1265268.283,Eagle River,532,503
{1E4F5A63-4728-4AB5-B065-D3C091AC8E28},edited,map_x,218536.3955,218535.1519,Minto,1164,1121
{1E4F5A63-4728-4AB5-B065-D3C091AC8E28},edited,map_y,1695819.391,1695819.468,Minto,1164,1121
{1E567F40-129D-48E5-AF98-68298F01439F},edited,map_x,115373.9886,115372.729,Nuiqsut,1297,1251
{1E567F40-129D-48E5-AF98-68298F01439F},edited,map_y,2251344.559,2251344.592,Nuiqsut,1297,1251
{1E6B3861-0BB7-44C5-B50C-1F7046320EAE},edited,map_x,-280059.0289,-280060.2471,Chignik Lagoon,411,388
{1E6B3861-0BB7-44C5-B50C-1F7046320EAE},edited,map_y,709702.3808,709702.5398,Chignik Lagoon,411,388
{1E8B6CD0-23A6-46F4-B08A-F60D09F8CD91},edited,map_x,-71044.84385,-71046.06567,Ruby,1466,1408
{1E8B6CD0-23A6-46F4-B08A-F60D09F8CD91},edited,map_y,1642598.735,1642598.813,Ruby,1466,1408
{1E92352C-691A-49A5-B8E8-782773562097},edited,map_x,67688.64558,67687.40516,Port Lions,1434,1376
{1E92352C-691A-49A5-B8E8-782773562097},edited,map_y,873945.5997,873945.7346,Port Lions,1434,1376
{1F236E12-D209-41AD-B142-115193CFD5C5},edited,map_x,-309856.8862,-309858.092,Noorvik,1272,1227
{1F236E12-D209-41AD-B142-115193CFD5C5},edited,map_y,1891560.543,1891560.594,Noorvik,1272,1227
{1F3399A7-FBC2-40CA-9B93-794EAE08D2F5},edited,map_x,-136066.5889,-136067.8049,Stony River,1646,1584
{1F3399A7-FBC2-40CA-9B93-794EAE08D2F5},edited,map_y,1314818.764,1314818.868,Stony River,1646,1584
{1F3E5119-0B67-402E-BCC6-A6FB3D649C1A},edited,map_x,-493198.5372,-493199.7228,Kongiganak,1051,1013
{1F3E5119-0B67-402E-BCC6-A6FB3D649C1A},edited,map_y,1140748.794,1140748.918,Kongiganak,1051,1013
{1FC36070-6859-4383-9040-51DA754947F1},edited,map_x,-140484.4518,-140485.6679,Galena,687,655
{1FC36070-6859-4383-9040-51DA754947F1},edited,map_y,1645508.745,1645508.821,Galena,687,655
{1FCCD80E-981C-4337-B5CA-6CECAEAC8D74},edited,map_x,-508935.6884,-508936.8725,Kwigillingok,1092,1054
{1FCCD80E-981C-4337-B5CA-6CECAEAC8D74},edited,map_y,1134205.309,1134205.433,Kwigillingok,1092,1054
{1FE614D9-633B-49DC-A233-193E56910FE3},edited,map_x,-136152.427,-136153.6435,Galena,677,646
{1FE614D9-633B-49DC-A233-193E56910FE3},edited,map_y,1645271.341,1645271.417,Galena,677,646
{1FF7A1D5-A8B5-49A0-BF91-D7BC0D3F5FB3},edited,map_x,320193.1876,320191.9381,Cordova,467,439
{1FF7A1D5-A8B5-49A0-BF91-D7BC0D3F5FB3},edited,map_y,1215947.336,1215947.445,Cordova,467,439
{1FF8EE87-BBCC-416D-9B93-4AE5B2704310},edited,map_x,-944188.317,-944189.4605,Saint George Island,1482,1424
{1FF8EE87-BBCC-416D-9B93-4AE5B2704310},edited,map_y,843750.5886,843750.7568,Saint George Island,1482,1424
{1FFEB283-7638-4BB4-A7B7-A262F90CC0BA},edited,map_x,95255.95572,95254.71313,Kodiak,1024,986
{1FFEB283-7638-4BB4-A7B7-A262F90CC0BA},edited,map_y,866783.9094,866784.044,Kodiak,1024,986
{20037641-A51B-4BDC-8495-1E81F40E75A4},edited,map_x,-446600.5933,-446601.7859,Platinum,1382,1328
{20037641-A51B-4BDC-8495-1E81F40E75A4},edited,map_y,1028147.42,1028147.554,Platinum,1382,1328
{2017458D-BB37-4241-8770-3494EBE5EE60},edited,map_x,-441839.2346,-441840.4258,Quinhagak,1453,1395
{2017458D-BB37-4241-8770-3494EBE5EE60},edited,map_y,1110317.888,1110318.013,Quinhagak,1453,1395
{206962E5-8311-4ACF-9E3E-9319F4032873},edited,map_x,223037.1028,223035.8599,Anchorage,187,179
{206962E5-8311-4ACF-9E3E-9319F4032873},edited,map_y,1256896.805,1256896.912,Anchorage,187,179
{20D927A8-361D-43C0-BD76-C7A27D0A4DC0},edited,map_x,-377228.4757,-377229.6752,Kotzebue,1066,1028
{20D927A8-361D-43C0-BD76-C7A27D0A4DC0},edited,map_y,1906776.572,1906776.62,Kotzebue,1066,1028
{20DD3A01-5B0A-472D-A396-C9118EE2DB95},edited,map_x,-637714.1702,-637715.3377,Hooper Bay,782,749
{20DD3A01-5B0A-472D-A396-C9118EE2DB95},edited,map_y,1341800.402,1341800.505,Hooper Bay,782,749
{2120284C-BF36-47C9-B064-FF414EB4FE7E},edited,map_x,-175398.1123,-175399.325,Red Devil,1462,1404
{2120284C-BF36-47C9-B064-FF414EB4FE7E},edited,map_y,1316055.277,1316055.381,Red Devil,1462,1404
{21291BA3-351F-4D14-8831-B18D8E574C5B},edited,map_x,222353.1886,222351.9455,Anchorage,193,185
{21291BA3-351F-4D14-8831-B18D8E574C5B},edited,map_y,1243741.804,1243741.912,Anchorage,193,185
{215BE7CB-672B-465B-A6A9-E47D982AE06E},edited,map_x,-42697.7963,-42699.02386,Kokhanok,1038,1000
{215BE7CB-672B-465B-A6A9-E47D982AE06E},edited,map_y,1049857.815,1049857.939,Kokhanok,1038,1000
{21834ECF-DD77-4715-AAE4-CF990659EA4F},edited,map_x,331719.0208,331717.7694,Chenega,386,364
{21834ECF-DD77-4715-AAE4-CF990659EA4F},edited,map_y,1134598.988,1134599.101,Chenega,386,364
{21A977B8-BC7C-4CEF-BB22-B9EE62F3B91B},edited,map_x,1198302.211,1198300.924,Kake,872,837
{21A977B8-BC7C-4CEF-BB22-B9EE62F3B91B},edited,map_y,956734.6301,956734.7319,Kake,872,837
{21DDAD1B-9C61-47BD-A8C6-33E062CB10ED},edited,map_x,1296881.961,1296880.669,Craig,482,454
{21DDAD1B-9C61-47BD-A8C6-33E062CB10ED},edited,map_y,812530.4899,812530.589,Craig,482,454
{21EE8D6B-9546-4920-A291-30B520F15B15},edited,map_x,165394.6387,165393.3928,Coldfoot,455,427
{21EE8D6B-9546-4920-A291-30B520F15B15},edited,map_y,1926668.782,1926668.842,Coldfoot,455,427
{22013382-A10C-4076-B29A-822BB4B68ECA},edited,map_x,-50746.52277,-50747.74896,Iliamna,825,790
{22013382-A10C-4076-B29A-822BB4B68ECA},edited,map_y,1085157.472,1085157.594,Iliamna,825,790
{2252CEB0-6807-417D-BB44-607C323ACE41},edited,map_x,-154196.0181,-154197.2387,King Salmon,982,944
{2252CEB0-6807-417D-BB44-607C323ACE41},edited,map_y,967995.7174,967995.8506,King Salmon,982,944
{228185AD-273F-4302-A688-10350338C49D},edited,map_x,373342.3547,373341.1035,Nelchina,1199,1154
{228185AD-273F-4302-A688-10350338C49D},edited,map_y,1354184.883,1354184.983,Nelchina,1199,1154
{228C21E5-6D74-4B43-86E6-C553172271CA},edited,map_x,1041818.137,1041816.858,Skagway,1609,1547
{228C21E5-6D74-4B43-86E6-C553172271CA},edited,map_y,1198080.523,1198080.625,Skagway,1609,1547
{22A07DE1-5430-4283-9AE0-D92320A0EFA1},edited,map_x,-533764.5954,-533765.7733,Emmonak,573,544
{22A07DE1-5430-4283-9AE0-D92320A0EFA1},edited,map_y,1465390.857,1465390.947,Emmonak,573,544
{22B4264A-345B-409D-A28D-70E9EFBA5DEE},edited,map_x,-401441.1113,-401442.3045,Kwethluk,1087,1049
{22B4264A-345B-409D-A28D-70E9EFBA5DEE},edited,map_y,1225343.069,1225343.183,Kwethluk,1087,1049
{22D8D20B-5B11-4D38-A226-711A10FC53FE},edited,map_x,295443.7303,295442.4825,Fairbanks,600,571
{22D8D20B-5B11-4D38-A226-711A10FC53FE},edited,map_y,1666975.237,1666975.318,Fairbanks,600,571
{2316ADF7-972E-42ED-B0F8-A563D8A894CC},edited,map_x,1084767.322,1084766.04,,69,69
{2316ADF7-972E-42ED-B0F8-A563D8A894CC},edited,map_y,1062657.972,1062658.075,,69,69
{2330F1A6-65BB-416F-B313-08A7AE8D495D},edited,map_x,-543988.7734,-543989.9507,Nome,1257,1212
{2330F1A6-65BB-416F-B313-08A7AE8D495D},edited,map_y,1661408.257,1661408.326,Nome,1257,1212
{233BA067-6BF5-4221-8448-2A6DD3131467},edited,map_x,-331687.1688,-331688.367,Unalakleet,1752,1682
{233BA067-6BF5-4221-8448-2A6DD3131467},edited,map_y,1563645.307,1563645.388,Unalakleet,1752,1682
{23438583-E320-48B3-8C36-733AAA636B53},edited,map_x,396097.7175,396096.4651,Delta Junction,504,475
{23438583-E320-48B3-8C36-733AAA636B53},edited,map_y,1537113.949,1537114.038,Delta Junction,504,475
{235636AE-E29E-4AAC-8696-5F02D103CDE8},edited,map_x,-80685.53854,-80686.75846,McGrath,1138,1096
{235636AE-E29E-4AAC-8696-5F02D103CDE8},edited,map_y,1443901.255,1443901.348,McGrath,1138,1096
{238D30F6-758B-4499-8535-0CED8540916F},edited,map_x,-401441.1113,-401442.3045,Kwethluk,1086,1048
{238D30F6-758B-4499-8535-0CED8540916F},edited,map_y,1225343.069,1225343.183,Kwethluk,1086,1048
{239349BF-5CB8-495A-9528-6FC4CC87C758},edited,map_x,1306848.815,1306847.526,Wrangell,1838,1767
{239349BF-5CB8-495A-9528-6FC4CC87C758},edited,map_y,931830.3759,931830.4746,Wrangell,1838,1767
{23971D5E-A473-4A82-921B-EA3545F06790},edited,map_x,1296488.765,1296487.474,Klawock,1007,969
{23971D5E-A473-4A82-921B-EA3545F06790},edited,map_y,821476.2715,821476.3706,Klawock,1007,969
{23A5FE3D-9473-4B6C-AEAA-A953E6CB4879},edited,map_x,1042122.366,1042121.087,Skagway,1610,1548
{23A5FE3D-9473-4B6C-AEAA-A953E6CB4879},edited,map_y,1199028.007,1199028.109,Skagway,1610,1548
{23D2D90A-3907-4924-B37C-86BB9044A895},edited,map_x,607349.2186,607347.9561,Northway,1286,1240
{23D2D90A-3907-4924-B37C-86BB9044A895},edited,map_y,1498962.191,1498962.284,Northway,1286,1240
{240D7405-12A0-4369-8158-75A6C0E0136D},edited,map_x,1198361.73,1198360.443,Kake,870,835
{240D7405-12A0-4369-8158-75A6C0E0136D},edited,map_y,956867.3232,956867.425,Kake,870,835
{2425287B-91A3-44C7-8A88-44E42DF0BFD8},edited,map_x,354061.0062,354059.7446,Arctic Village,270,260
{2425287B-91A3-44C7-8A88-44E42DF0BFD8},edited,map_y,2041168.747,2041168.804,Arctic Village,270,260
{242DF498-1FE8-4CF2-9961-E0B7533A4355},edited,map_x,-136834.7298,-136835.9462,Galena,686,654
{242DF498-1FE8-4CF2-9961-E0B7533A4355},edited,map_y,1645164.542,1645164.618,Galena,686,654
{244CDA16-C245-4007-ABC2-3A8251B00F31},edited,map_x,-383277.4333,-383278.6346,Noatak,1243,1198
{244CDA16-C245-4007-ABC2-3A8251B00F31},edited,map_y,1982867.097,1982867.137,Noatak,1243,1198
{2454F76D-02D9-4ABB-9E2C-9AE77AE9E9E7},edited,map_x,1296594.715,1296593.423,Craig,477,449
{2454F76D-02D9-4ABB-9E2C-9AE77AE9E9E7},edited,map_y,813988.5546,813988.6537,Craig,477,449
{24556C63-709F-4A95-8AC5-CEC7DD17A1A3},edited,map_x,65726.78528,65725.54439,,14,14
{24556C63-709F-4A95-8AC5-CEC7DD17A1A3},edited,map_y,854187.717,854187.8533,,14,14
{245C6061-B9C9-4F8F-AF7E-346343A5D94C},edited,map_x,-227615.8892,-227617.124,Wainwright,1806,1735
{245C6061-B9C9-4F8F-AF7E-346343A5D94C},edited,map_y,2305004.074,2305004.091,Wainwright,1806,1735
{248652B4-D9D2-4A72-90D6-67D7D8F1B4FB},edited,map_x,98498.24997,98497.00709,Kodiak,1034,996
{248652B4-D9D2-4A72-90D6-67D7D8F1B4FB},edited,map_y,864831.5407,864831.6753,Kodiak,1034,996
{24A96028-6719-465B-9311-C7FBFF278384},edited,map_x,-442111.8995,-442113.0897,Eek,540,511
{24A96028-6719-465B-9311-C7FBFF278384},edited,map_y,1163179.722,1163179.842,Eek,540,511
{24C9FD54-6B5B-4128-A231-C770333A63C0},edited,map_x,388379.345,388378.0877,Fort Yukon,669,638
{24C9FD54-6B5B-4128-A231-C770333A63C0},edited,map_y,1870795.082,1870795.151,Fort Yukon,669,638
{24CCA6CF-4088-407D-BF53-36411FF7A44D},edited,map_x,207134.4013,207133.1599,Willow,1830,1759
{24CCA6CF-4088-407D-BF53-36411FF7A44D},edited,map_y,1315423.169,1315423.272,Willow,1830,1759
{251778BF-3735-4E77-8E9B-5ABB3A33E2AA},edited,map_x,-216889.4827,-216890.6917,Crooked Creek,491,462
{251778BF-3735-4E77-8E9B-5ABB3A33E2AA},edited,map_y,1327129.346,1327129.449,Crooked Creek,491,462
{25658D01-07D1-4554-94B6-0670852BEE79},edited,map_x,-255119.7198,-255120.9306,Dillingham,1854,1783
{25658D01-07D1-4554-94B6-0670852BEE79},edited,map_y,1013466.946,1013467.077,Dillingham,1854,1783
{25B5D119-20BE-4211-91E4-E75BF7969171},edited,map_x,1386775.996,1386774.704,Ketchikan,951,913
{25B5D119-20BE-4211-91E4-E75BF7969171},edited,map_y,829512.9422,829513.0381,Ketchikan,951,913
{25C41539-EFB9-4782-8641-837493BF05AF},edited,map_x,-446978.1056,-446979.3011,Kivalina,993,955
{25C41539-EFB9-4782-8641-837493BF05AF},edited,map_y,2009531.34,2009531.376,Kivalina,993,955
{26138EA6-C276-480E-BD37-260733B682D2},edited,map_x,-390001.5816,-390002.7757,Akiak,109,109
{26138EA6-C276-480E-BD37-260733B682D2},edited,map_y,1235031.454,1235031.567,Akiak,109,109
{262CA1C1-4C87-44F2-AE72-4AF7E944AF9C},edited,map_x,-395260.0413,-395261.2366,Deering,494,465
{262CA1C1-4C87-44F2-AE72-4AF7E944AF9C},edited,map_y,1817396.627,1817396.683,Deering,494,465
{26336E7B-4494-4624-B15D-14BC073F0E91},edited,map_x,1296665.538,1296664.248,Coffman Cove,444,416
{26336E7B-4494-4624-B15D-14BC073F0E91},edited,map_y,875528.9659,875529.065,Coffman Cove,444,416
{2678E393-F35F-445F-9255-1156CDCA6C7C},edited,map_x,-376458.6633,-376459.8628,Kotzebue,1061,1023
{2678E393-F35F-445F-9255-1156CDCA6C7C},edited,map_y,1906970.298,1906970.346,Kotzebue,1061,1023
{267923CC-B079-457C-AE8E-665ECAC1C97E},edited,map_x,-176088.9725,-176090.1857,Koyukuk,1082,1044
{267923CC-B079-457C-AE8E-665ECAC1C97E},edited,map_y,1662571.962,1662572.036,Koyukuk,1082,1044
{267D2EF2-63DA-4FEA-ABB6-EB7BFB60BF26},edited,map_x,192347.9709,192346.7192,Fairbanks,612,583
{267D2EF2-63DA-4FEA-ABB6-EB7BFB60BF26},edited,map_y,2027707.195,2027707.248,Fairbanks,612,583
{268070AA-D83E-449C-BB0D-3A25985D3464},edited,map_x,-163266.3139,-163267.5325,Levelock,1104,1066
{268070AA-D83E-449C-BB0D-3A25985D3464},edited,map_y,1016391.798,1016391.927,Levelock,1104,1066
{26F3706A-EF0A-4C2E-99BB-9BC0372D55BA},edited,map_x,-805374.2654,-805375.4127,Savoonga,1523,1463
{26F3706A-EF0A-4C2E-99BB-9BC0372D55BA},edited,map_y,1625912.11,1625912.181,Savoonga,1523,1463
{2706137F-5ED4-447E-8C0E-35FB45086E7C},edited,map_x,224117.3577,224116.1147,Anchorage,208,200
{2706137F-5ED4-447E-8C0E-35FB45086E7C},edited,map_y,1256116.721,1256116.828,Anchorage,208,200
{274BE704-9989-4248-B765-A537F1193A53},edited,map_x,-138130.2188,-138131.4402,Shungnak,1587,1525
{274BE704-9989-4248-B765-A537F1193A53},edited,map_y,1884455.729,1884455.785,Shungnak,1587,1525
{2759C0BB-C0D5-4543-AED2-2BF2DC54F247},edited,map_x,-136074.9085,-136076.1245,Stony River,1648,1586
{2759C0BB-C0D5-4543-AED2-2BF2DC54F247},edited,map_y,1315017.183,1315017.287,Stony River,1648,1586
{27836AC8-344A-4140-8EBE-9B551A586869},edited,map_x,181002.5657,181001.3123,Fairbanks,609,580
{27836AC8-344A-4140-8EBE-9B551A586869},edited,map_y,2079830.1,2079830.148,Fairbanks,609,580
{27972340-89DF-4B21-B947-C94211050A21},edited,map_x,-532101.4664,-532102.6444,Emmonak,572,543
{27972340-89DF-4B21-B947-C94211050A21},edited,map_y,1465125.388,1465125.479,Emmonak,572,543
{279DD612-28E0-4868-B801-AFCF16AE85B6},edited,map_x,-342417.2071,-342418.4214,Ivanof Bay,835,800
{279DD612-28E0-4868-B801-AFCF16AE85B6},edited,map_y,668687.5115,668687.6765,Ivanof Bay,835,800
{27B88589-90C2-450B-9FDE-9781E9220650},edited,map_x,158546.224,158544.9847,Manley Hot Springs,1121,1080
{27B88589-90C2-450B-9FDE-9781E9220650},edited,map_y,1674898.332,1674898.41,Manley Hot Springs,1121,1080
{27EDC9A0-1301-4693-A50A-7C327EA724C9},edited,map_x,94876.82602,94875.58112,Anaktuvuk Pass,157,156
{27EDC9A0-1301-4693-A50A-7C327EA724C9},edited,map_y,2021447.384,2021447.435,Anaktuvuk Pass,157,156
{27EE94C1-0090-43B3-BBF7-F9034AE6B955},edited,map_x,-47701.47731,-47702.70374,Iliamna,831,796
{27EE94C1-0090-43B3-BBF7-F9034AE6B955},edited,map_y,1085096.689,1085096.811,Iliamna,831,796
{2815501C-6816-45E9-9738-4E61188D06E4},edited,map_x,-459735.2516,-459736.4388,Kasigluk,916,878
{2815501C-6816-45E9-9738-4E61188D06E4},edited,map_y,1239350.253,1239350.366,Kasigluk,916,878
{2875753A-54D1-4AC4-9D2F-244B4D37B6ED},edited,map_x,-604836.6839,-604837.8547,Scammon Bay,1538,1477
{2875753A-54D1-4AC4-9D2F-244B4D37B6ED},edited,map_y,1371102.958,1371103.058,Scammon Bay,1538,1477
{287A73F4-6B01-4BC5-9764-647FA3359303},edited,map_x,449437.9576,449436.7008,Cordova,464,436
{287A73F4-6B01-4BC5-9764-647FA3359303},edited,map_y,1201111.73,1201111.838,Cordova,464,436
{2884A5C2-BA00-4DBF-BC7C-C793B3D0CBD7},edited,map_x,-289561.7015,-289562.9093,Manokotak,1127,1086
{2884A5C2-BA00-4DBF-BC7C-C793B3D0CBD7},edited,map_y,1009393.61,1009393.743,Manokotak,1127,1086
{29247ED0-1337-401F-B61E-16CC3CA5ADCA},edited,map_x,214885.9319,214884.6894,Anchorage,235,227
{29247ED0-1337-401F-B61E-16CC3CA5ADCA},edited,map_y,1248932.324,1248932.431,Anchorage,235,227
{2953E0F0-E16B-4151-819A-C5B384689FB0},edited,map_x,-346099.4396,-346100.6367,Shaktoolik,1570,1509
{2953E0F0-E16B-4151-819A-C5B384689FB0},edited,map_y,1617099.199,1617099.275,Shaktoolik,1570,1509
{295FD225-B6F2-4408-B6BB-01783A2C272A},edited,map_x,-170088.0577,-170089.2768,Naknek,1183,1140
{295FD225-B6F2-4408-B6BB-01783A2C272A},edited,map_y,975892.18,975892.3129,Naknek,1183,1140
{296267E5-D838-415E-8928-E0A27F81C00B},edited,map_x,220342.5334,220341.2917,,30,30
{296267E5-D838-415E-8928-E0A27F81C00B},edited,map_y,1452487.081,1452487.175,,30,30
{2987CCEB-7A5C-41D0-A9DE-C028E4D0605D},edited,map_x,-273575.3449,-273576.553,Aleknagik,126,126
{2987CCEB-7A5C-41D0-A9DE-C028E4D0605D},edited,map_y,1058583.023,1058583.151,Aleknagik,126,126
{29891D9C-5E68-4937-B0ED-CB59B250A0D8},edited,map_x,-337805.5233,-337806.722,Koyuk,1075,1037
{29891D9C-5E68-4937-B0ED-CB59B250A0D8},edited,map_y,1681707.586,1681707.656,Koyuk,1075,1037
{29A9858B-A138-476A-942F-BA787BE7179B},edited,map_x,-130241.2011,-130242.4435,Kaktovik,893,855
{29A9858B-A138-476A-942F-BA787BE7179B},edited,map_y,2280939.223,2280939.245,Kaktovik,893,855
{29B2013B-4675-4DBE-83DB-FE0BE549E55E},edited,map_x,-665744.7139,-665745.8799,Mekoryuk,1148,1106
{29B2013B-4675-4DBE-83DB-FE0BE549E55E},edited,map_y,1217087.273,1217087.391,Mekoryuk,1148,1106
{29C04990-053F-44BA-A0A4-2BBF5E2CF374},edited,map_x,-17076.30318,-17077.53102,Port Alsworth,1419,1363
{29C04990-053F-44BA-A0A4-2BBF5E2CF374},edited,map_y,1134686.068,1134686.185,Port Alsworth,1419,1363
{29EDFCE9-CDDB-4679-B507-BF60F8DA6E24},edited,map_x,41955.09132,41953.8504,Old Harbor,1328,1276
{29EDFCE9-CDDB-4679-B507-BF60F8DA6E24},edited,map_y,800573.8438,800573.9845,Old Harbor,1328,1276
{29FE6A90-8861-41A1-8256-2CE98567843A},edited,map_x,-255119.7198,-255120.9306,Dillingham,1855,1784
{29FE6A90-8861-41A1-8256-2CE98567843A},edited,map_y,1013466.946,1013467.077,Dillingham,1855,1784
{2A23D579-10CA-4A9D-BB28-767301C1B066},edited,map_x,-480035.1133,-480036.2967,Kotlik,1060,1022
{2A23D579-10CA-4A9D-BB28-767301C1B066},edited,map_y,1486169.514,1486169.602,Kotlik,1060,1022
{2A288E05-E61D-4E46-AE4D-C7D9102802EA},edited,map_x,-281591.2621,-281592.471,Selawik,1545,1484
{2A288E05-E61D-4E46-AE4D-C7D9102802EA},edited,map_y,1904330.973,1904331.023,Selawik,1545,1484
{2A2B529A-311A-405A-A8FA-04AD9A6AE9C6},edited,map_x,232872.3133,232871.0697,,2,2
{2A2B529A-311A-405A-A8FA-04AD9A6AE9C6},edited,map_y,1261900.438,1261900.544,,2,2
{2A2F0E07-8AD2-4D14-8DED-80191257F7F4},edited,map_x,-476847.0203,-476848.2044,Saint Mary's,1488,1430
{2A2F0E07-8AD2-4D14-8DED-80191257F7F4},edited,map_y,1375293.627,1375293.727,Saint Mary's,1488,1430
{2A532DB0-BADF-4AF5-A3AE-160DB76E6278},edited,map_x,220188.7238,220187.481,Anchorage,230,222
{2A532DB0-BADF-4AF5-A3AE-160DB76E6278},edited,map_y,1255015.785,1255015.892,Anchorage,230,222
{2A805635-FBF8-4D78-9462-6183C5D358C5},edited,map_x,-805022.9376,-805024.0849,Savoonga,1525,1465
{2A805635-FBF8-4D78-9462-6183C5D358C5},edited,map_y,1625802.003,1625802.074,Savoonga,1525,1465
{2A9929CD-2C24-4C78-8498-1DBC5BCC6A1D},edited,map_x,218539.8169,218538.5742,Anchorage,204,196
{2A9929CD-2C24-4C78-8498-1DBC5BCC6A1D},edited,map_y,1250522.951,1250523.058,Anchorage,204,196
{2A9B911B-4E3C-4269-AAA6-5AE279B5FEC0},edited,map_x,215404.0846,215402.842,Anchorage,213,205
{2A9B911B-4E3C-4269-AAA6-5AE279B5FEC0},edited,map_y,1250933.332,1250933.439,Anchorage,213,205
{2AA22D28-8BC1-4219-A165-3D5E10EE9EC5},edited,map_x,-255195.1708,-255196.3815,Dillingham,513,484
{2AA22D28-8BC1-4219-A165-3D5E10EE9EC5},edited,map_y,1013697.7,1013697.831,Dillingham,513,484
{2AA31D47-1FA0-4B12-855A-4442D50FDB7B},edited,map_x,-604876.525,-604877.6958,Scammon Bay,1537,1476
{2AA31D47-1FA0-4B12-855A-4442D50FDB7B},edited,map_y,1371061.463,1371061.563,Scammon Bay,1537,1476
{2AF943FF-83E3-4FC5-B107-FB1FE63168A0},edited,map_x,-410340.8354,-410342.0258,Stebbins,1640,1578
{2AF943FF-83E3-4FC5-B107-FB1FE63168A0},edited,map_y,1531533.958,1531534.042,Stebbins,1640,1578
{2B1BB9DC-F56A-461B-A9C9-0BD7DCA2E0E5},edited,map_x,-280059.0289,-280060.2471,Chignik Lagoon,410,387
{2B1BB9DC-F56A-461B-A9C9-0BD7DCA2E0E5},edited,map_y,709702.3808,709702.5398,Chignik Lagoon,410,387
{2B46951B-0771-4DA5-B85E-08528246F05C},edited,map_x,190219.5025,190218.2589,Livengood,1114,1073
{2B46951B-0771-4DA5-B85E-08528246F05C},edited,map_y,1790057.9,1790057.97,Livengood,1114,1073
{2B48564F-DF5A-4814-B2B3-21E3157048CA},edited,map_x,-545882.9414,-545884.1186,Fairbanks,626,597
{2B48564F-DF5A-4814-B2B3-21E3157048CA},edited,map_y,1663775.837,1663775.906,Fairbanks,626,597
{2B4C0A41-A893-4B32-A211-6203CA1A3E7E},edited,map_x,401542.9378,401541.6848,Delta Junction,503,474
{2B4C0A41-A893-4B32-A211-6203CA1A3E7E},edited,map_y,1591721.216,1591721.302,Delta Junction,503,474
{2B8CA0EE-A6A3-426A-B347-A135F7B81054},edited,map_x,-554385.1019,-554386.2777,Nunam Iqua,1320,1268
{2B8CA0EE-A6A3-426A-B347-A135F7B81054},edited,map_y,1440557.463,1440557.556,Nunam Iqua,1320,1268
{2B9BCCF0-A8EA-4A79-A9A5-E5459C1CB96E},edited,map_x,-1365854.476,-1365855.582,Atka,271,261
{2B9BCCF0-A8EA-4A79-A9A5-E5459C1CB96E},edited,map_y,454328.4393,454328.679,Atka,271,261
{2BD1EE1A-DAA3-4141-955A-87A40EAD9087},edited,map_x,-281038.7372,-281039.9527,Port Heiden,1424,1368
{2BD1EE1A-DAA3-4141-955A-87A40EAD9087},edited,map_y,782304.8946,782305.0472,Port Heiden,1424,1368
{2BE14DE6-6F88-4708-9D02-A0D0695E325F},edited,map_x,1041000.723,1040999.442,Gustavus,727,694
{2BE14DE6-6F88-4708-9D02-A0D0695E325F},edited,map_y,1082145.631,1082145.736,Gustavus,727,694
{2C29BFFD-EE44-4623-AB67-8AD4B8047DCD},edited,map_x,-398944.3715,-398945.563,Saint Michael,1492,1434
{2C29BFFD-EE44-4623-AB67-8AD4B8047DCD},edited,map_y,1525392.569,1525392.654,Saint Michael,1492,1434
{2C5EE7B4-B6FD-490D-A50C-76C7122A724C},edited,map_x,-972939.9974,-972941.1351,Saint Paul,1507,1447
{2C5EE7B4-B6FD-490D-A50C-76C7122A724C},edited,map_y,911718.2733,911718.4339,Saint Paul,1507,1447
{2CD379B1-9DA0-4E0E-9EA6-013BA2B85C2C},edited,map_x,-822088.866,-822090.0382,Unalaska,1768,1698
{2CD379B1-9DA0-4E0E-9EA6-013BA2B85C2C},edited,map_y,507357.83,507358.0332,Unalaska,1768,1698
{2CF279D7-7465-4DE6-B7F7-C8078D9808C0},edited,map_x,-5817.272894,-5818.502462,Pedro Bay,1353,1301
{2CF279D7-7465-4DE6-B7F7-C8078D9808C0},edited,map_y,1088665.308,1088665.429,Pedro Bay,1353,1301
{2D0BF1A6-B953-4D89-9CA0-EF4A333A17EA},edited,map_x,-604826.4807,-604827.6533,Toksook Bay,1712,1648
{2D0BF1A6-B953-4D89-9CA0-EF4A333A17EA},edited,map_y,1222243.266,1222243.382,Toksook Bay,1712,1648
{2D3C9A98-7E19-4E00-9BCB-CF2BE0589B99},edited,map_x,-293086.7123,-293087.9147,Aniak,249,241
{2D3C9A98-7E19-4E00-9BCB-CF2BE0589B99},edited,map_y,1301322.164,1301322.27,Aniak,249,241
{2D4608DF-39F1-4BF7-A6E8-1204529443BC},edited,map_x,-338304.8881,-338306.0867,Koyuk,1073,1035
{2D4608DF-39F1-4BF7-A6E8-1204529443BC},edited,map_y,1681734.271,1681734.341,Koyuk,1073,1035
{2D742A13-062B-4111-A3EA-AA77C7360838},edited,map_x,1041940.155,1041938.875,Haines,739,706
{2D742A13-062B-4111-A3EA-AA77C7360838},edited,map_y,1173004.883,1173004.986,Haines,739,706
{2D7DADDE-8A80-4AA3-B5F5-FC6E61425E86},edited,map_x,-307054.5005,-307055.7007,Grayling,718,685
{2D7DADDE-8A80-4AA3-B5F5-FC6E61425E86},edited,map_y,1451397.894,1451397.986,Grayling,718,685
{2D94CADD-0758-4D2E-8ED4-C1BB651EDDDA},edited,map_x,-493188.437,-493189.6225,Kongiganak,1048,1010
{2D94CADD-0758-4D2E-8ED4-C1BB651EDDDA},edited,map_y,1140747.434,1140747.558,Kongiganak,1048,1010
{2DB8E8D5-5632-49B7-A98B-E95459A2C824},edited,map_x,-324020.4575,-324021.662,,79,79
{2DB8E8D5-5632-49B7-A98B-E95459A2C824},edited,map_y,1019343.601,1019343.733,,79,79
{2DD74DCA-D8CE-4395-86AB-A9B3B04453A3},edited,map_x,244950.004,244948.7604,Healy,746,713
{2DD74DCA-D8CE-4395-86AB-A9B3B04453A3},edited,map_y,1554569.686,1554569.774,Healy,746,713
{2DE3C9D9-65AB-402D-9940-9217BA3EB1B0},edited,map_x,178165.8901,178164.6486,Rampart,1457,1399
{2DE3C9D9-65AB-402D-9940-9217BA3EB1B0},edited,map_y,1733157.453,1733157.527,Rampart,1457,1399
{2E1A4AF6-7B26-445E-863B-74ADE105B453},edited,map_x,604301.7506,604300.4874,,24,24
{2E1A4AF6-7B26-445E-863B-74ADE105B453},edited,map_y,1652012.806,1652012.892,,24,24
{2EEB9F86-9E52-4DB2-8CFB-F76BC37F6086},edited,map_x,-862523.0629,-862524.2033,Gambell,696,663
{2EEB9F86-9E52-4DB2-8CFB-F76BC37F6086},edited,map_y,1650462.005,1650462.072,Gambell,696,663
{2F376614-6B0B-4D87-B112-D5A784EEF8CB},edited,map_x,1112458.394,1112457.111,Juneau,837,802
{2F376614-6B0B-4D87-B112-D5A784EEF8CB},edited,map_y,1095569.242,1095569.344,Juneau,837,802
{2F52A7FA-6ED5-433F-A1F9-BA3347CD1F20},edited,map_x,219974.9753,219973.7325,Anchorage,236,228
{2F52A7FA-6ED5-433F-A1F9-BA3347CD1F20},edited,map_y,1257669.977,1257670.084,Anchorage,236,228
{2FB3911F-A242-4BDC-B123-373E5C2F731E},edited,map_x,-130112.544,-130113.7864,Atqasuk,284,274
{2FB3911F-A242-4BDC-B123-373E5C2F731E},edited,map_y,2280999.447,2280999.469,Atqasuk,284,274
{2FC94A57-252B-464C-AE5D-7FEC48FF42DE},edited,map_x,298752.5369,298751.2885,Fairbanks,594,565
{2FC94A57-252B-464C-AE5D-7FEC48FF42DE},edited,map_y,1688051.774,1688051.853,Fairbanks,594,565
{30075FA5-1B85-4EBC-8E2B-939C3065DC3C},edited,map_x,201824.3412,201823.1005,Talkeetna,1656,1594
{30075FA5-1B85-4EBC-8E2B-939C3065DC3C},edited,map_y,1378357.741,1378357.84,Talkeetna,1656,1594
{300C8047-CA46-431A-A995-1B787F79392B},edited,map_x,212173.0724,212171.8301,Anchorage,180,172
{300C8047-CA46-431A-A995-1B787F79392B},edited,map_y,1250048.221,1250048.328,Anchorage,180,172
{30444699-5371-436C-A9D1-539FB28CFDBF},edited,map_x,1115277.339,1115276.056,Juneau,845,810
{30444699-5371-436C-A9D1-539FB28CFDBF},edited,map_y,1093780.878,1093780.98,Juneau,845,810
{31104A83-0BBA-42BB-B0F4-8CC33DD2DF06},edited,map_x,-585240.8177,-585241.9924,Nightmute,1856,1785
{31104A83-0BBA-42BB-B0F4-8CC33DD2DF06},edited,map_y,1213367.719,1213367.836,Nightmute,1856,1785
{31253619-C27C-45C2-B04C-29DC2F737A49},edited,map_x,1041033.6,1041032.319,Gustavus,725,692
{31253619-C27C-45C2-B04C-29DC2F737A49},edited,map_y,1082133.58,1082133.684,Gustavus,725,692
{3127EF67-0936-4F8B-BA03-6F468F62C84D},edited,map_x,-255119.7198,-255120.9306,Dillingham,1857,1786
{3127EF67-0936-4F8B-BA03-6F468F62C84D},edited,map_y,1013466.946,1013467.077,Dillingham,1857,1786
{313FC53D-9310-4320-BE69-18364F32B047},edited,map_x,1122550.92,1122549.637,Juneau,866,831
{313FC53D-9310-4320-BE69-18364F32B047},edited,map_y,1091820.845,1091820.948,Juneau,866,831
{315BB5AA-A0D8-4C55-AE93-3B532A903517},edited,map_x,-228012.9407,-228014.1487,Kaltag,902,864
{315BB5AA-A0D8-4C55-AE93-3B532A903517},edited,map_y,1603632.745,1603632.823,Kaltag,902,864
{316442FE-F21C-4BAD-B4A4-700329BA1914},edited,map_x,415285.8644,415284.6101,Valdez,1778,1707
{316442FE-F21C-4BAD-B4A4-700329BA1914},edited,map_y,1262710.344,1262710.449,Valdez,1778,1707
{31748366-F5A6-4B80-A966-0BEA4B94E1F7},edited,map_x,-645393.1465,-645394.3144,Wales,1811,1740
{31748366-F5A6-4B80-A966-0BEA4B94E1F7},edited,map_y,1807302.09,1807302.143,Wales,1811,1740
{31AA9173-FC92-45FC-BE99-7FE4ACDC88A9},edited,map_x,297379.9997,297378.7518,Fairbanks,622,593
{31AA9173-FC92-45FC-BE99-7FE4ACDC88A9},edited,map_y,1668764.938,1668765.018,Fairbanks,622,593
{31AFC5F9-52E9-4580-9502-B9A75D6096CC},edited,map_x,1124.14943,1122.912728,Larsen Bay,1099,1061
{31AFC5F9-52E9-4580-9502-B9A75D6096CC},edited,map_y,837091.5668,837091.7062,Larsen Bay,1099,1061
{31BBFA6C-90AD-4ACF-B8A0-A25868373F07},edited,map_x,-974182.9347,-974184.0723,St. Paul,1858,1787
{31BBFA6C-90AD-4ACF-B8A0-A25868373F07},edited,map_y,910533.2723,910533.4332,St. Paul,1858,1787
{32574618-B703-4A8E-85F9-35EC4E4EA4A9},edited,map_x,-182144.7764,-182145.9982,Pilot Point,1369,1317
{32574618-B703-4A8E-85F9-35EC4E4EA4A9},edited,map_y,845812.5967,845812.7407,Pilot Point,1369,1317
{32598407-07A8-463F-A3C6-E55AC9BC9DDD},edited,map_x,253733.3789,253732.1328,Crown Point,492,463
{32598407-07A8-463F-A3C6-E55AC9BC9DDD},edited,map_y,1167509.223,1167509.335,Crown Point,492,463
{3282A734-D7C0-4BDC-988C-4806E34D3B0F},edited,map_x,156061.1628,156059.9231,Soldotna,1627,1565
{3282A734-D7C0-4BDC-988C-4806E34D3B0F},edited,map_y,1170250.424,1170250.537,Soldotna,1627,1565
{32A205AC-8EDE-4217-924B-F980C9601A08},edited,map_x,146877.3877,146876.1446,,18,18
{32A205AC-8EDE-4217-924B-F980C9601A08},edited,map_y,1877634.919,1877634.982,,18,18
{32E46B3B-A68A-4AED-A995-44AABFBA609D},edited,map_x,-130241.2011,-130242.4435,Nuiqsut,1310,1259
{32E46B3B-A68A-4AED-A995-44AABFBA609D},edited,map_y,2280939.223,2280939.245,Nuiqsut,1310,1259
{32EC90DB-A78A-4F44-A541-6F8413A60FA1},edited,map_x,-422798.3197,-422799.5094,Marshall,1137,1095
{32EC90DB-A78A-4F44-A541-6F8413A60FA1},edited,map_y,1348110.337,1348110.439,Marshall,1137,1095
{32EFC37E-347F-4AB4-B724-D1533B96A091},edited,map_x,-342417.2071,-342418.4214,Ivanof Bay,836,801
{32EFC37E-347F-4AB4-B724-D1533B96A091},edited,map_y,668687.5115,668687.6765,Ivanof Bay,836,801
{3329718C-57DB-4741-9526-28493B9AFBF7},edited,map_x,-605484.7167,-605485.8874,Scammon Bay,1533,1472
{3329718C-57DB-4741-9526-28493B9AFBF7},edited,map_y,1372832.109,1372832.209,Scammon Bay,1533,1472
{332D3B7F-3381-46AA-8D87-8B750D32974D},edited,map_x,93519.997,93518.7545,Kodiak,1013,975
{332D3B7F-3381-46AA-8D87-8B750D32974D},edited,map_y,865787.6196,865787.7543,Kodiak,1013,975
{333EAFB9-AF25-4F1D-8170-665304F68235},edited,map_x,433790.5151,433789.2569,,61,61
{333EAFB9-AF25-4F1D-8170-665304F68235},edited,map_y,1075948.052,1075948.167,,61,61
{334C590E-C868-4E01-B720-DAA166356DAA},edited,map_x,-266995.7004,-266996.9094,Selawik,1859,1788
{334C590E-C868-4E01-B720-DAA166356DAA},edited,map_y,1861754.151,1861754.206,Selawik,1859,1788
{335EECA0-37D6-4DD3-A497-BB0FB0CDB44B},edited,map_x,-352661.0576,-352662.2735,Point Lay,1400,1345
{335EECA0-37D6-4DD3-A497-BB0FB0CDB44B},edited,map_y,2220327.743,2220327.763,Point Lay,1400,1345
{33CE5488-B9E3-4D2C-9002-C9070398F548},edited,map_x,243563.5323,243562.2885,Wasilla,1814,1743
{33CE5488-B9E3-4D2C-9002-C9070398F548},edited,map_y,1301861.611,1301861.714,Wasilla,1814,1743
{33FD53A5-78B9-4370-85C6-63EDE4FE8184},edited,map_x,-261986.1122,-261987.323,Clark's Point,440,412
{33FD53A5-78B9-4370-85C6-63EDE4FE8184},edited,map_y,991058.9202,991059.0538,Clark's Point,440,412
{3422CFAB-36FA-4948-819D-BF43C5EBA6EE},edited,map_x,-611138.0397,-611139.2101,Chevak,390,368
{3422CFAB-36FA-4948-819D-BF43C5EBA6EE},edited,map_y,1336643.24,1336643.344,Chevak,390,368
{34A3BF09-BB74-4346-A4B0-FC8B8ADC229C},edited,map_x,-447580.796,-447581.9836,White Mountain,1828,1757
{34A3BF09-BB74-4346-A4B0-FC8B8ADC229C},edited,map_y,1667577.346,1667577.416,White Mountain,1828,1757
{353A5042-21AD-4457-BA26-5213430A7E03},edited,map_x,-493286.0724,-493287.258,Kongiganak,1050,1012
{353A5042-21AD-4457-BA26-5213430A7E03},edited,map_y,1140760.58,1140760.704,Kongiganak,1050,1012
{356DC4A7-68DF-460C-9CDC-D6F6F2ACCC75},edited,map_x,-455274.5043,-455275.692,Nunapitchuk,1323,1271
{356DC4A7-68DF-460C-9CDC-D6F6F2ACCC75},edited,map_y,1242411.556,1242411.669,Nunapitchuk,1323,1271
{3585D40E-898B-4939-9239-5E8763D652DB},edited,map_x,1339172.079,1339170.787,Kasaan,913,875
{3585D40E-898B-4939-9239-5E8763D652DB},edited,map_y,833551.3226,833551.4202,Kasaan,913,875
{35BBA554-D208-4C21-B288-1FC24B34B9A2},edited,map_x,-541044.4049,-541045.5857,Shishmaref,1860,1789
{35BBA554-D208-4C21-B288-1FC24B34B9A2},edited,map_y,1860132.09,1860132.139,Shishmaref,1860,1789
{35C756BA-6ABC-46AF-A1CE-7B04F0398B92},edited,map_x,220186.689,220185.4461,Anchorage,225,217
{35C756BA-6ABC-46AF-A1CE-7B04F0398B92},edited,map_y,1250980.276,1250980.383,Anchorage,225,217
{364570AC-CE66-4B24-A88F-55A73DA9A405},edited,map_x,-76513.93712,-76515.15844,Lime Village,1107,1067
{364570AC-CE66-4B24-A88F-55A73DA9A405},edited,map_y,1264699.244,1264699.352,Lime Village,1107,1067
{364E303A-DABA-49E2-9A59-DF3D2E1C6CDA},edited,map_x,-167128.826,-167130.0394,Sleetmute,1619,1557
{364E303A-DABA-49E2-9A59-DF3D2E1C6CDA},edited,map_y,1306669.94,1306670.045,Sleetmute,1619,1557
{366F32F8-C6B1-4774-BC82-2D10FA4CDEA5},edited,map_x,217847.4225,217846.1791,Minto,1165,1122
{366F32F8-C6B1-4774-BC82-2D10FA4CDEA5},edited,map_y,1695164.054,1695164.132,Minto,1165,1122
{3679B53D-9AE5-4B42-BEE4-D8A171EAB2C1},edited,map_x,-384073.5144,-384074.7079,Russian Mission,1471,1413
{3679B53D-9AE5-4B42-BEE4-D8A171EAB2C1},edited,map_y,1333037.488,1333037.592,Russian Mission,1471,1413
{369BD22E-80EC-4EA0-89F9-C6FFE57A172E},edited,map_x,66329.30245,66328.06214,Port Lions,1433,1375
{369BD22E-80EC-4EA0-89F9-C6FFE57A172E},edited,map_y,874638.3757,874638.5106,Port Lions,1433,1375
{36D107A2-A916-43C3-928F-29ACD9874AD9},edited,map_x,-578686.2097,-578687.3845,Brevig Mission,341,324
{36D107A2-A916-43C3-928F-29ACD9874AD9},edited,map_y,1762564.603,1762564.661,Brevig Mission,341,324
{36F83444-DBD2-4AD3-A139-81A0F56C2A2D},edited,map_x,-358500.2309,-358501.4321,Twin Hills,1743,1674
{36F83444-DBD2-4AD3-A139-81A0F56C2A2D},edited,map_y,1025640.941,1025641.073,Twin Hills,1743,1674
{3727BA95-7C2C-449A-BE09-8E3FA65E6C0D},edited,map_x,-322069.302,-322070.5182,Perryville,1359,1307
{3727BA95-7C2C-449A-BE09-8E3FA65E6C0D},edited,map_y,667878.7136,667878.8778,Perryville,1359,1307
{3734C771-7E3F-4526-A652-56D9779C6F09},edited,map_x,-638012.9159,-638014.0833,Hooper Bay,785,752
{3734C771-7E3F-4526-A652-56D9779C6F09},edited,map_y,1341786.031,1341786.134,Hooper Bay,785,752
{374E3A5B-88DE-4DF8-B3B6-FFEDF42E51E4},edited,map_x,1113574.954,1113573.668,Sitka,1594,1532
{374E3A5B-88DE-4DF8-B3B6-FFEDF42E51E4},edited,map_y,940208.4021,940208.5065,Sitka,1594,1532
{3758A00D-FA89-45EA-85FB-DE30F19E5DBC},edited,map_x,-410477.4995,-410478.6899,White Mountain,1827,1756
{3758A00D-FA89-45EA-85FB-DE30F19E5DBC},edited,map_y,1531028.855,1531028.939,White Mountain,1827,1756
{375B0BE8-37A8-4560-8FF4-1D5C1841820D},edited,map_x,1042001.733,1042000.452,Gustavus,729,696
{375B0BE8-37A8-4560-8FF4-1D5C1841820D},edited,map_y,1082772.825,1082772.929,Gustavus,729,696
{376EBA89-4D26-4E3E-9BBE-1F3848E6B697},edited,map_x,-316436.7041,-316437.9036,Anvik,264,254
{376EBA89-4D26-4E3E-9BBE-1F3848E6B697},edited,map_y,1423709.501,1423709.595,Anvik,264,254
{37AB6F34-681B-4D19-B653-CE206E88FC2C},edited,map_x,-585126.3901,-585127.5648,Nightmute,1227,1182
{37AB6F34-681B-4D19-B653-CE206E88FC2C},edited,map_y,1213259.156,1213259.273,Nightmute,1227,1182
{37BF6ABF-D9BD-4081-B9B2-BBE31A214D2A},edited,map_x,-401610.9782,-401612.1714,Kwethluk,1088,1050
{37BF6ABF-D9BD-4081-B9B2-BBE31A214D2A},edited,map_y,1225046.132,1225046.246,Kwethluk,1088,1050
{37E9912D-6B47-48B5-A018-C41BFD73CCA0},edited,map_x,-602535.3264,-602536.519,False Pass,636,607
{37E9912D-6B47-48B5-A018-C41BFD73CCA0},edited,map_y,581669.8062,581669.9907,False Pass,636,607
{3867676D-35AE-40FA-9B94-AC050118795C},edited,map_x,-318108.2883,-318109.4885,,84,84
{3867676D-35AE-40FA-9B94-AC050118795C},edited,map_y,1652127.902,1652127.975,,84,84
{38BA658A-4660-449D-9654-ED0895FECEB6},edited,map_x,-540099.0203,-540100.1974,Alakanuk,121,121
{38BA658A-4660-449D-9654-ED0895FECEB6},edited,map_y,1456015.525,1456015.616,Alakanuk,121,121
{38E7CF68-F312-4AC0-8AC0-8200B684215A},edited,map_x,1261122.707,1261121.419,Petersburg,1367,1315
{38E7CF68-F312-4AC0-8AC0-8200B684215A},edited,map_y,957838.0175,957838.1176,Petersburg,1367,1315
{38E82315-8B3C-44A8-8C51-723335301BFB},edited,map_x,247796.5162,247795.2711,Hope,794,761
{38E82315-8B3C-44A8-8C51-723335301BFB},edited,map_y,1208627.391,1208627.5,Hope,794,761
{38F563B1-7DA1-41FB-8710-987CB4E1C088},edited,map_x,798308.6194,798307.3465,Yakutat,1842,1771
{38F563B1-7DA1-41FB-8710-987CB4E1C088},edited,map_y,1147574.16,1147574.267,Yakutat,1842,1771
{392D764D-71F7-45B2-BAE8-2F521955D788},edited,map_x,221501.9195,221500.6766,Anchorage,177,169
{392D764D-71F7-45B2-BAE8-2F521955D788},edited,map_y,1255747.282,1255747.389,Anchorage,177,169
{3933D80F-39D4-48E4-B969-6CF6060FD916},edited,map_x,115406.6484,115405.3888,Nuiqsut,1301,1255
{3933D80F-39D4-48E4-B969-6CF6060FD916},edited,map_y,2251038.102,2251038.135,Nuiqsut,1301,1255
{398E44E8-E70B-4752-9C5D-72E9B35CFE48},edited,map_x,-480714.3444,-480715.5277,Kotlik,1058,1020
{398E44E8-E70B-4752-9C5D-72E9B35CFE48},edited,map_y,1485950.811,1485950.899,Kotlik,1058,1020
{39943186-EB34-4A7C-B510-E1F60F6E5B77},edited,map_x,-50515.67351,-50516.89971,Nightmute,1228,1183
{39943186-EB34-4A7C-B510-E1F60F6E5B77},edited,map_y,1085290.849,1085290.971,Nightmute,1228,1183
{39B31BE9-3E59-4729-89B1-63A59C31F2D7},edited,map_x,-334285.9783,-334287.177,Upper Kalskag,1774,1703
{39B31BE9-3E59-4729-89B1-63A59C31F2D7},edited,map_y,1300296.025,1300296.131,Upper Kalskag,1774,1703
{39BED115-6EC9-4598-8396-F20395351B98},edited,map_x,-566589.1399,-566590.3173,Chefornak,380,358
{39BED115-6EC9-4598-8396-F20395351B98},edited,map_y,1173879.825,1173879.946,Chefornak,380,358
{39D03317-EED1-4E0E-B1CF-3A9479C9357E},edited,map_x,90448.13696,90446.90215,Tanana,1664,1602
{39D03317-EED1-4E0E-B1CF-3A9479C9357E},edited,map_y,1691841.46,1691841.536,Tanana,1664,1602
{39D39C45-2B34-4C54-9DE9-165016D302D5},edited,map_x,235619.3716,235618.1279,Nenana,1204,1159
{39D39C45-2B34-4C54-9DE9-165016D302D5},edited,map_y,1634081.922,1634082.004,Nenana,1204,1159
{39ED9F42-2893-4AB7-B3C0-318A6CD5E318},edited,map_x,1200791.526,1200790.239,Kake,871,836
{39ED9F42-2893-4AB7-B3C0-318A6CD5E318},edited,map_y,955619.854,955619.9558,Kake,871,836
{3A004E0D-AF41-4BAE-8AC7-D2B77DBE62FD},edited,map_x,146417.0357,146415.7968,Kenai,927,889
{3A004E0D-AF41-4BAE-8AC7-D2B77DBE62FD},edited,map_y,1179837.557,1179837.669,Kenai,927,889
{3A1AD328-7F5C-4BD3-8EEA-B71BFE108918},edited,map_x,-805713.9299,-805715.0772,Savoonga,1524,1464
{3A1AD328-7F5C-4BD3-8EEA-B71BFE108918},edited,map_y,1625491.856,1625491.927,Savoonga,1524,1464
{3A68F9F2-8524-46D4-AE21-5554583FDE61},edited,map_x,224437.089,224435.8458,Anchorage,200,192
{3A68F9F2-8524-46D4-AE21-5554583FDE61},edited,map_y,1251314.631,1251314.738,Anchorage,200,192
{3A778B46-748E-42C0-9547-3C3B6F7C4E15},edited,map_x,1042233.635,1042232.356,Skagway,1604,1542
{3A778B46-748E-42C0-9547-3C3B6F7C4E15},edited,map_y,1201063.567,1201063.669,Skagway,1604,1542
{3A7D8FB2-40D2-426B-B2CA-0708168B90C1},edited,map_x,-294564.2317,-294565.4489,Chignik Lake,417,394
{3A7D8FB2-40D2-426B-B2CA-0708168B90C1},edited,map_y,704285.3229,704285.4829,Chignik Lake,417,394
{3ACCCEC3-494E-4C62-BEDC-7721843C1601},edited,map_x,-307000.2531,-307001.4534,Grayling,714,681
{3ACCCEC3-494E-4C62-BEDC-7721843C1601},edited,map_y,1451413.477,1451413.569,Grayling,714,681
{3AD3B973-0229-490F-8D29-1B8223DDA68E},edited,map_x,297284.6946,297283.4466,Fairbanks,595,566
{3AD3B973-0229-490F-8D29-1B8223DDA68E},edited,map_y,1668420.88,1668420.96,Fairbanks,595,566
{3AE11B7A-9B95-4700-8C9A-FA09FF447888},edited,map_x,149974.7146,149973.4754,Kenai,929,891
{3AE11B7A-9B95-4700-8C9A-FA09FF447888},edited,map_y,1175371.18,1175371.292,Kenai,929,891
{3AF5B78A-D633-4C80-AE00-103C435D22D2},edited,map_x,-585004.2929,-585005.4677,Nightmute,1222,1177
{3AF5B78A-D633-4C80-AE00-103C435D22D2},edited,map_y,1213260.011,1213260.128,Nightmute,1222,1177
{3B2B6CA7-1382-4D85-95B1-02BFB635F737},edited,map_x,454323.1408,454321.8797,Chalkyitsik,369,349
{3B2B6CA7-1382-4D85-95B1-02BFB635F737},edited,map_y,1889933.474,1889933.544,Chalkyitsik,369,349
{3B53A2C4-6794-4EE7-8E79-1CE7CB908122},edited,map_x,-220693.6777,-220694.8862,,52,52
{3B53A2C4-6794-4EE7-8E79-1CE7CB908122},edited,map_y,1346490.935,1346491.037,,52,52
{3B7A4949-DC0C-4487-A692-3A82A1E0208D},edited,map_x,1296640.744,1296639.452,Klawock,1004,966
{3B7A4949-DC0C-4487-A692-3A82A1E0208D},edited,map_y,821618.7182,821618.8173,Klawock,1004,966
{3B823603-BB28-48C8-93C3-8622DFC647EC},edited,map_x,-402245.5726,-402246.7656,Kwethluk,1091,1053
{3B823603-BB28-48C8-93C3-8622DFC647EC},edited,map_y,1225563.925,1225564.039,Kwethluk,1091,1053
{3B87C0C1-1E1C-4249-B3A5-9446F600ABB9},edited,map_x,-321138.9526,-321140.1688,Perryville,1361,1309
{3B87C0C1-1E1C-4249-B3A5-9446F600ABB9},edited,map_y,667990.6164,667990.7806,Perryville,1361,1309
{3C1D37EC-8ACF-4B66-9712-5053F5C05C7A},edited,map_x,-433131.4107,-433132.6009,Napakiak,1192,1147
{3C1D37EC-8ACF-4B66-9712-5053F5C05C7A},edited,map_y,1216195.112,1216195.227,Napakiak,1192,1147
{3CC9100D-2C2B-4C2F-B01F-7B06C7ED4603},edited,map_x,-373232.3594,-373233.5548,Tuluksak,1725,1659
{3CC9100D-2C2B-4C2F-B01F-7B06C7ED4603},edited,map_y,1254791.913,1254792.023,Tuluksak,1725,1659
{3D022116-FC74-4A74-85B7-3FF086A4E087},edited,map_x,-463840.4764,-463841.662,Pilot Station,1375,1321
{3D022116-FC74-4A74-85B7-3FF086A4E087},edited,map_y,1360100.811,1360100.912,Pilot Station,1375,1321
{3D2816B2-1E4C-4829-8327-9D3E324174AF},edited,map_x,150527.3396,150526.1004,Kenai,926,888
{3D2816B2-1E4C-4829-8327-9D3E324174AF},edited,map_y,1178796.605,1178796.717,Kenai,926,888
{3D4292B1-2476-4370-9C0A-38D9681783E2},edited,map_x,133303.7341,133302.4943,Homer,765,732
{3D4292B1-2476-4370-9C0A-38D9681783E2},edited,map_y,1079100.944,1079101.063,Homer,765,732
{3D59252C-9203-4025-9B29-73D718F93C7D},edited,map_x,-421426.965,-421428.1564,Napaskiak,1194,1149
{3D59252C-9203-4025-9B29-73D718F93C7D},edited,map_y,1215880.628,1215880.743,Napaskiak,1194,1149
{3D7DC9B3-8B9D-4398-B7B3-2878D7BBE54E},edited,map_x,297842.5058,297841.2347,Point Thomson,1861,1790
{3D7DC9B3-8B9D-4398-B7B3-2878D7BBE54E},edited,map_y,2260930.41,2260930.448,Point Thomson,1861,1790
{3DC23E6C-2C08-4283-9119-F36339ABBD1A},edited,map_x,-755352.1333,-755353.3121,Akutan,117,117
{3DC23E6C-2C08-4283-9119-F36339ABBD1A},edited,map_y,525095.0631,525095.261,Akutan,117,117
{3DD9A650-CE44-4918-B034-D82AF417BEF1},edited,map_x,-476816.9535,-476818.1376,St. Mary's,1862,1791
{3DD9A650-CE44-4918-B034-D82AF417BEF1},edited,map_y,1374724.409,1374724.508,St. Mary's,1862,1791
{3DF22722-8282-47E1-8E71-78EB77A66857},edited,map_x,-163079.0943,-163080.313,Levelock,1103,1065
{3DF22722-8282-47E1-8E71-78EB77A66857},edited,map_y,1016609.115,1016609.244,Levelock,1103,1065
{3E008AE5-2D53-4204-ABED-2229B0816697},edited,map_x,-508935.6884,-508936.8725,Kwigillingok,1093,1055
{3E008AE5-2D53-4204-ABED-2229B0816697},edited,map_y,1134205.309,1134205.433,Kwigillingok,1093,1055
{3E126E10-1FB3-4698-B4A2-1CE1635F721D},edited,map_x,464283.3217,464282.0651,Valdez,1788,1717
{3E126E10-1FB3-4698-B4A2-1CE1635F721D},edited,map_y,1293188.867,1293188.97,Valdez,1788,1717
{3E41E641-35DA-4E24-B24E-1FD9B7F0881D},edited,map_x,-187854.3343,-187855.5499,New Stuyahok,1207,1162
{3E41E641-35DA-4E24-B24E-1FD9B7F0881D},edited,map_y,1055301.666,1055301.793,New Stuyahok,1207,1162
{3E49C739-2153-4986-9975-DCA20333F0B8},edited,map_x,224807.8438,224806.6007,Anchorage,196,188
{3E49C739-2153-4986-9975-DCA20333F0B8},edited,map_y,1253691.097,1253691.203,Anchorage,196,188
{3EA0F247-55BA-42BB-BE13-C99C28D121C8},edited,map_x,-373189.4382,-373190.6337,Tuluksak,1724,1658
{3EA0F247-55BA-42BB-BE13-C99C28D121C8},edited,map_y,1254917.819,1254917.93,Tuluksak,1724,1658
{3EBA99FF-2688-434F-B811-41CC22EBD898},edited,map_x,88500.39509,88499.15342,Ouzinkie,1336,1284
{3EBA99FF-2688-434F-B811-41CC22EBD898},edited,map_y,881533.3035,881533.4373,Ouzinkie,1336,1284
{3EDBC3D9-B754-435F-8C6D-2BA2FDBB9607},edited,map_x,-216912.3367,-216913.5457,Crooked Creek,487,458
{3EDBC3D9-B754-435F-8C6D-2BA2FDBB9607},edited,map_y,1327534.26,1327534.364,Crooked Creek,487,458
{3EDD2A9C-65E1-4B69-95C6-B86EF44C2A59},edited,map_x,-277592.459,-277593.6629,Lower Kalskag,1119,1078
{3EDD2A9C-65E1-4B69-95C6-B86EF44C2A59},edited,map_y,1299211.1,1299211.206,Lower Kalskag,1119,1078
{3EF25FC2-55B4-4BFE-9DB0-1D0359115778},edited,map_x,-426330.5168,-426331.7075,Bethel,318,304
{3EF25FC2-55B4-4BFE-9DB0-1D0359115778},edited,map_y,1226167.155,1226167.269,Bethel,318,304
{3F0E87F2-85BB-4913-8BA3-211ACF8E6AFC},edited,map_x,650948.1585,650946.8941,,96,96
{3F0E87F2-85BB-4913-8BA3-211ACF8E6AFC},edited,map_y,1514426.984,1514427.077,,96,96
{3F306805-C39B-439C-8FAB-996948D604C0},edited,map_x,-377008.8616,-377010.0611,Kotzebue,1067,1029
{3F306805-C39B-439C-8FAB-996948D604C0},edited,map_y,1906549.8,1906549.848,Kotzebue,1067,1029
{3F4D3DE2-6539-41BA-9378-0C54BD000B01},edited,map_x,353958.1977,353956.9361,Arctic Village,267,257
{3F4D3DE2-6539-41BA-9378-0C54BD000B01},edited,map_y,2040883.344,2040883.401,Arctic Village,267,257
{3F596E2B-A780-43C1-A340-4B36328A1F83},edited,map_x,1404346.496,1404345.203,Metlakatla,1158,1115
{3F596E2B-A780-43C1-A340-4B36328A1F83},edited,map_y,807153.6869,807153.7819,Metlakatla,1158,1115
{3F9E0A01-54D7-494B-9BBA-ABE68BDD1666},edited,map_x,1108829.725,1108828.439,,59,59
{3F9E0A01-54D7-494B-9BBA-ABE68BDD1666},edited,map_y,915584.5278,915584.6326,,59,59
{3FA95472-66EF-46BC-A7EF-18C4B0302C1D},edited,map_x,-296001.6066,-296002.8088,Aniak,244,236
{3FA95472-66EF-46BC-A7EF-18C4B0302C1D},edited,map_y,1303273.038,1303273.144,Aniak,244,236
{3FF37BD1-5EF6-44F1-A580-1D075BF23D76},edited,map_x,-293196.9082,-293198.1106,Aniak,254,245
{3FF37BD1-5EF6-44F1-A580-1D075BF23D76},edited,map_y,1301399.886,1301399.992,Aniak,254,245
{400DF95A-C142-4FA6-A7F5-4D7D370AF326},edited,map_x,305718.988,305717.7392,Fairbanks,625,596
{400DF95A-C142-4FA6-A7F5-4D7D370AF326},edited,map_y,1689937.765,1689937.845,Fairbanks,625,596
{402FC105-DF52-4DB7-A9F7-FED492CD2892},edited,map_x,-262310.225,-262311.4345,Aleknagik,128,128
{402FC105-DF52-4DB7-A9F7-FED492CD2892},edited,map_y,1040763.923,1040764.052,Aleknagik,128,128
{405CC19C-36AB-4808-8AB1-CDE994AED352},edited,map_x,-277592.459,-277593.6629,Upper Kalskag,1771,1701
{405CC19C-36AB-4808-8AB1-CDE994AED352},edited,map_y,1299211.1,1299211.206,Upper Kalskag,1771,1701
{4095831C-DD72-4AA7-84A9-24C5050007C5},edited,map_x,367640.0561,367638.8009,Birch Creek,332,318
{4095831C-DD72-4AA7-84A9-24C5050007C5},edited,map_y,1835056.43,1835056.501,Birch Creek,332,318
{40B65273-A8C5-4017-AF78-8A65C850D928},edited,map_x,-363543.063,-363544.2637,Togiak,1703,1639
{40B65273-A8C5-4017-AF78-8A65C850D928},edited,map_y,1025019.187,1025019.32,Togiak,1703,1639
{40ECB6D0-1843-4EA2-85DA-4B150AB646AA},edited,map_x,-543648.0653,-543649.2427,Nome,1262,1217
{40ECB6D0-1843-4EA2-85DA-4B150AB646AA},edited,map_y,1661916.034,1661916.104,Nome,1262,1217
{4145B20F-484E-433C-A165-E475386E2DF1},edited,map_x,605994.3626,605993.1001,Northway,1285,1239
{4145B20F-484E-433C-A165-E475386E2DF1},edited,map_y,1501126.951,1501127.044,Northway,1285,1239
{415F06AF-2D4C-4C1A-879F-FCF2BE8760AF},edited,map_x,574641.6374,574640.3763,Tetlin,1689,1626
{415F06AF-2D4C-4C1A-879F-FCF2BE8760AF},edited,map_y,1513017.142,1513017.235,Tetlin,1689,1626
{4161C397-A0E9-4D17-A7C4-A1B5869F650F},edited,map_x,240919.4493,240918.2056,Wasilla,1819,1748
{4161C397-A0E9-4D17-A7C4-A1B5869F650F},edited,map_y,1297463.966,1297464.07,Wasilla,1819,1748
{41752EEE-403A-4394-8AF1-3D255A7A8F9F},edited,map_x,-109503.0972,-109504.3176,Huslia,804,770
{41752EEE-403A-4394-8AF1-3D255A7A8F9F},edited,map_y,1750620.805,1750620.872,Huslia,804,770
{41AA42C0-BF55-4E9B-A88E-0578D52BAF81},edited,map_x,-398790.1525,-398791.344,Saint Michael,1498,1440
{41AA42C0-BF55-4E9B-A88E-0578D52BAF81},edited,map_y,1525353.201,1525353.286,Saint Michael,1498,1440
{41B1DA99-9DED-42C1-A3BD-E191A86BAEE9},edited,map_x,-463466.5934,-463467.779,Pilot Station,1376,1322
{41B1DA99-9DED-42C1-A3BD-E191A86BAEE9},edited,map_y,1359981.607,1359981.708,Pilot Station,1376,1322
{41BB80C2-006E-426F-9920-D13010CE5C2D},edited,map_x,-292137.3879,-292138.5903,Aniak,245,237
{41BB80C2-006E-426F-9920-D13010CE5C2D},edited,map_y,1300927.77,1300927.876,Aniak,245,237
{41C39C16-6197-4AF1-A699-E8B804A72331},edited,map_x,-335409.7803,-335410.9788,Kalskag,897,859
{41C39C16-6197-4AF1-A699-E8B804A72331},edited,map_y,1300403.428,1300403.534,Kalskag,897,859
{41EEA5A2-FDA1-4DC9-973C-3DD0D62E1328},edited,map_x,-573456.6824,-573457.8576,Teller,1674,1611
{41EEA5A2-FDA1-4DC9-973C-3DD0D62E1328},edited,map_y,1751441.983,1751442.043,Teller,1674,1611
{41F25397-8168-4A24-BE43-C7E6935BB5AB},edited,last_edited,2022-12-21T03:55:03Z,2025-12-16T11:43:08Z,Noorvik,1274,1229
{41F25397-8168-4A24-BE43-C7E6935BB5AB},edited,map_x,-282011.252,-310100.2936,Noorvik,1274,1229
{41F25397-8168-4A24-BE43-C7E6935BB5AB},edited,map_y,1904106.299,1891497.759,Noorvik,1274,1229
{420AC3D5-63CC-4D15-8B27-63AEDD2C02D2},edited,map_x,-298955.3902,-298956.5915,Holy Cross,751,718
{420AC3D5-63CC-4D15-8B27-63AEDD2C02D2},edited,map_y,1371435.33,1371435.43,Holy Cross,751,718
{422048B3-901C-42B2-8FA0-92EF128B3C51},edited,map_x,-72029.95646,-72031.17842,,87,87
{422048B3-901C-42B2-8FA0-92EF128B3C51},edited,map_y,1659493.221,1659493.297,,87,87
{422C8B1B-5465-490C-8A59-09E173CDC260},edited,map_x,-99281.47336,-99282.69187,,95,95
{422C8B1B-5465-490C-8A59-09E173CDC260},edited,map_y,1512716.003,1512716.09,,95,95
{428ABEF1-08E0-4B0F-88D9-94AADA3CE711},edited,map_x,1041584.493,1041583.214,Haines,734,701
{428ABEF1-08E0-4B0F-88D9-94AADA3CE711},edited,map_y,1173300.393,1173300.495,Haines,734,701
{4299A108-428F-4C46-BB6C-90DD2E681FD9},edited,map_x,1405541.55,1405540.257,Metlakatla,1157,1114
{4299A108-428F-4C46-BB6C-90DD2E681FD9},edited,map_y,800399.7184,800399.8133,Metlakatla,1157,1114
{42A88935-54F4-4F69-BCEE-122B4C3D5570},edited,map_x,1249488.051,1249486.761,Edna Bay,535,506
{42A88935-54F4-4F69-BCEE-122B4C3D5570},edited,map_y,852063.1986,852063.2993,Edna Bay,535,506
{42A9122C-DCF9-4935-A1B4-67D244B3FD79},edited,map_x,-574608.9028,-574610.078,Teller,1677,1614
{42A9122C-DCF9-4935-A1B4-67D244B3FD79},edited,map_y,1753991.234,1753991.293,Teller,1677,1614
{42BE0729-57F3-409D-990B-0667528A16F1},edited,map_x,-361702.0827,-361703.2836,Twin Hills,1741,1672
{42BE0729-57F3-409D-990B-0667528A16F1},edited,map_y,1023855.497,1023855.629,Twin Hills,1741,1672
{430A2281-F102-4389-A982-C017D19E885F},edited,map_x,298390.5935,298389.3455,Fairbanks,602,573
{430A2281-F102-4389-A982-C017D19E885F},edited,map_y,1664402.892,1664402.972,Fairbanks,602,573
{434E09F8-0BC0-4400-9C37-090E2AC9AC89},edited,map_x,-282097.8054,-282099.0143,Kiana,960,922
{434E09F8-0BC0-4400-9C37-090E2AC9AC89},edited,map_y,1904516.357,1904516.407,Kiana,960,922
{436C8E35-D254-4FBA-8564-6DE2E2BAAD3C},edited,map_x,-288998.2103,-288999.4182,Manokotak,1125,1084
{436C8E35-D254-4FBA-8564-6DE2E2BAAD3C},edited,map_y,1010205.997,1010206.129,Manokotak,1125,1084
{43954A97-4351-4BF0-967A-29A64D36C646},edited,map_x,-526450.1879,-526451.3778,Point Hope,1391,1337
{43954A97-4351-4BF0-967A-29A64D36C646},edited,map_y,2093477.767,2093477.793,Point Hope,1391,1337
{43AF95F7-DBE3-4585-87E8-E416FF06342B},edited,map_x,-25999.48752,-26000.72207,Karluk,909,871
{43AF95F7-DBE3-4585-87E8-E416FF06342B},edited,map_y,840121.0748,840121.2148,Karluk,909,871
{43B781A0-2BFF-47EF-A784-555A71603EA7},edited,map_x,1261300.921,1261299.634,Petersburg,1366,1314
{43B781A0-2BFF-47EF-A784-555A71603EA7},edited,map_y,957545.2496,957545.3497,Petersburg,1366,1314
{43BB828A-58FF-4DA8-95D6-95845BA0AE0E},edited,map_x,302618.4292,302617.1809,Fort Wainwright,644,615
{43BB828A-58FF-4DA8-95D6-95845BA0AE0E},edited,map_y,1667966.943,1667967.023,Fort Wainwright,644,615
{43DD9874-FC62-4F32-AC8A-D99446EB7491},edited,map_x,-579012.9696,-579014.1444,Brevig Mission,344,326
{43DD9874-FC62-4F32-AC8A-D99446EB7491},edited,map_y,1762765.256,1762765.314,Brevig Mission,344,326
{4423FEAA-6CA7-48F5-B89D-7EDDC5DFF1F2},edited,map_x,-603002.237,-603003.4297,False Pass,635,606
{4423FEAA-6CA7-48F5-B89D-7EDDC5DFF1F2},edited,map_y,580590.489,580590.6736,False Pass,635,606
{44244771-16B8-40ED-9FF2-2D77E405955A},edited,map_x,-215550.0327,-215551.2418,Crooked Creek,490,461
{44244771-16B8-40ED-9FF2-2D77E405955A},edited,map_y,1328037.649,1328037.752,Crooked Creek,490,461
{445446BF-8151-4996-BF23-899DCB9133B1},edited,map_x,-227639.6947,-227640.9295,Wainwright,1797,1726
{445446BF-8151-4996-BF23-899DCB9133B1},edited,map_y,2305073.231,2305073.248,Wainwright,1797,1726
{44725B4B-BE85-44D7-B855-A2B0FAE8A4A2},edited,map_x,-332610.4907,-332611.6887,Unalakleet,1758,1688
{44725B4B-BE85-44D7-B855-A2B0FAE8A4A2},edited,map_y,1562712.244,1562712.326,Unalakleet,1758,1688
{449628B5-6B03-41F8-92FA-E931C030D353},edited,map_x,-638012.9159,-638014.0833,Hooper Bay,789,756
{449628B5-6B03-41F8-92FA-E931C030D353},edited,map_y,1341786.031,1341786.134,Hooper Bay,789,756
{44A8C085-BF24-471E-871F-5A8A8E0BED6F},edited,map_x,1325662.464,1325661.173,Thorne Bay,1694,1631
{44A8C085-BF24-471E-871F-5A8A8E0BED6F},edited,map_y,846903.3633,846903.4614,Thorne Bay,1694,1631
{44B0BB3F-E0E5-4C98-9CB6-BBE0C8E54750},edited,map_x,-545723.8901,-545725.0673,Nome,1245,1200
{44B0BB3F-E0E5-4C98-9CB6-BBE0C8E54750},edited,map_y,1664605.298,1664605.367,Nome,1245,1200
{44D5A7BD-3E91-4753-9077-7934F7745FB4},edited,map_x,1392918.485,1392917.193,Ketchikan,943,905
{44D5A7BD-3E91-4753-9077-7934F7745FB4},edited,map_y,828045.3058,828045.4014,Ketchikan,943,905
{450BB183-9E66-4ABC-966A-165BD8839798},edited,map_x,-862494.2905,-862495.4309,Gambell,689,657
{450BB183-9E66-4ABC-966A-165BD8839798},edited,map_y,1650567.203,1650567.27,Gambell,689,657
{4516AC97-6819-43DF-95C5-E74912398039},edited,map_x,220278.703,220277.4601,Anchorage,224,216
{4516AC97-6819-43DF-95C5-E74912398039},edited,map_y,1248701.54,1248701.647,Anchorage,224,216
{452B04B0-F1CD-49B3-BBA7-3AABA29C1CB4},edited,map_x,-307006.4155,-307007.6158,Grayling,720,687
{452B04B0-F1CD-49B3-BBA7-3AABA29C1CB4},edited,map_y,1451414.042,1451414.134,Grayling,720,687
{4533136B-B178-4EEB-8F4E-1BBF21C03ABE},edited,map_x,-50515.67351,-50516.89971,Perryville,1362,1310
{4533136B-B178-4EEB-8F4E-1BBF21C03ABE},edited,map_y,1085290.849,1085290.971,Perryville,1362,1310
{45545605-70C4-4325-BB1A-0BD2AA0B3C6C},edited,map_x,231017.4655,231016.2221,Anchorage,203,195
{45545605-70C4-4325-BB1A-0BD2AA0B3C6C},edited,map_y,1259760.898,1259761.004,Anchorage,203,195
{4597868B-DAB9-43AA-A082-D0652EF78EEC},edited,map_x,-446550.7007,-446551.8934,Platinum,1380,1326
{4597868B-DAB9-43AA-A082-D0652EF78EEC},edited,map_y,1027736.152,1027736.286,Platinum,1380,1326
{45A65B7E-EC2D-4DEA-8128-8BB70F8BBC83},edited,map_x,-226793.0971,-226794.332,Wainwright,1803,1732
{45A65B7E-EC2D-4DEA-8128-8BB70F8BBC83},edited,map_y,2305190.516,2305190.533,Wainwright,1803,1732
{45F72F82-F146-48B7-8510-EC81B37616DD},edited,map_x,138627.9777,138626.7375,Homer,758,725
{45F72F82-F146-48B7-8510-EC81B37616DD},edited,map_y,1074842.236,1074842.355,Homer,758,725
{46458926-F688-4612-ABF5-300ABAE53C25},edited,map_x,-101608.3172,-101609.5693,Barrow,298,284
{46458926-F688-4612-ABF5-300ABAE53C25},edited,map_y,2367856.033,2367856.049,Barrow,298,284
{4647BABE-15E4-4187-9385-1C62344CD6BC},edited,map_x,-447151.043,-447152.2315,Atmautluak,277,267
{4647BABE-15E4-4187-9385-1C62344CD6BC},edited,map_y,1236084.864,1236084.978,Atmautluak,277,267
{464FE024-2A99-4A73-956B-AFDC49328212},edited,map_x,465196.9183,465195.6606,Valdez,1782,1711
{464FE024-2A99-4A73-956B-AFDC49328212},edited,map_y,1198039.665,1198039.773,Valdez,1782,1711
{465146AD-FB3B-45ED-AE32-8A6CC9625813},edited,map_x,-107634.3857,-107635.6084,Igiugig,812,778
{465146AD-FB3B-45ED-AE32-8A6CC9625813},edited,map_y,1038541.66,1038541.786,Igiugig,812,778
{4669A088-FDE7-4974-9B95-0EEA23C33FC4},edited,map_x,215566.2967,215565.0336,Prudhoe Bay,1442,1384
{4669A088-FDE7-4974-9B95-0EEA23C33FC4},edited,map_y,2210649.909,2210649.949,Prudhoe Bay,1442,1384
{46B7841A-6BC9-41E3-A253-23EF7D0D8FC9},edited,map_x,-130241.2011,-130242.4435,Atqasuk,295,281
{46B7841A-6BC9-41E3-A253-23EF7D0D8FC9},edited,map_y,2280939.223,2280939.245,Atqasuk,295,281
{470F1396-C8AE-477E-848A-7BE1F18CBBC7},edited,map_x,-377502.2218,-377503.4213,Kotzebue,1064,1026
{470F1396-C8AE-477E-848A-7BE1F18CBBC7},edited,map_y,1906026.295,1906026.343,Kotzebue,1064,1026
{473D6546-4125-4228-8C36-95B76AA0FC27},edited,map_x,1076607.837,1076606.555,Hoonah,776,743
{473D6546-4125-4228-8C36-95B76AA0FC27},edited,map_y,1052426.455,1052426.559,Hoonah,776,743
{4761D598-634E-4003-8E83-42DBC3154C8B},edited,map_x,213505.6002,213504.3337,Deadhorse,493,464
{4761D598-634E-4003-8E83-42DBC3154C8B},edited,map_y,2261961.584,2261961.619,Deadhorse,493,464
{4772434D-F5AF-48B9-8585-F49B2EDACA93},edited,map_x,394981.9456,394980.6921,Tatitlek,1671,1608
{4772434D-F5AF-48B9-8585-F49B2EDACA93},edited,map_y,1231533.515,1231533.622,Tatitlek,1671,1608
{47AEF73D-6FD9-41C6-AA25-FEB3B53DFC9A},edited,map_x,389075.0665,389073.8092,Fort Yukon,668,637
{47AEF73D-6FD9-41C6-AA25-FEB3B53DFC9A},edited,map_y,1871113.077,1871113.146,Fort Yukon,668,637
{47D2944D-42AD-431F-975F-E10C14A3CAC9},edited,map_x,-637991.5388,-637992.7062,Hooper Bay,792,759
{47D2944D-42AD-431F-975F-E10C14A3CAC9},edited,map_y,1342080.558,1342080.662,Hooper Bay,792,759
{481B7FA5-019D-40DA-9EE2-D0C2CB23EE1C},edited,map_x,213395.7951,213394.5531,Big Lake,331,317
{481B7FA5-019D-40DA-9EE2-D0C2CB23EE1C},edited,map_y,1294313.692,1294313.797,Big Lake,331,317
{485090BC-7E66-492A-A558-7CD6303CC673},edited,map_x,-611049.7114,-611050.8818,Chevak,392,370
{485090BC-7E66-492A-A558-7CD6303CC673},edited,map_y,1336696.986,1336697.09,Chevak,392,370
{488BFE21-36C1-4EF2-9D43-1DE0A36534D0},edited,map_x,-821395.7762,-821396.9484,Dutch Harbor,520,491
{488BFE21-36C1-4EF2-9D43-1DE0A36534D0},edited,map_y,508178.2179,508178.421,Dutch Harbor,520,491
{48F56D25-2979-4108-A6D1-03E7668C4BD9},edited,map_x,-755679.6735,-755680.8523,,16,16
{48F56D25-2979-4108-A6D1-03E7668C4BD9},edited,map_y,525697.2497,525697.4475,,16,16
{49254AE2-8D43-4937-AF5B-27770C31B4DB},edited,map_x,442423.6517,442422.3969,Gulkana,722,689
{49254AE2-8D43-4937-AF5B-27770C31B4DB},edited,map_y,1382201.441,1382201.539,Gulkana,722,689
{499800EC-20F2-45F2-AFC1-7AAB952DCA55},edited,map_x,-228605.8491,-228607.0571,Kaltag,898,860
{499800EC-20F2-45F2-AFC1-7AAB952DCA55},edited,map_y,1603319.922,1603320,Kaltag,898,860
{4999327D-B23E-4564-B1CE-95ED4317DEBD},edited,map_x,-993715.129,-993716.2844,Nikolski,1235,1190
{4999327D-B23E-4564-B1CE-95ED4317DEBD},edited,map_y,436784.7474,436784.9682,Nikolski,1235,1190
{49BC4240-FDF1-4E25-9410-050D27C154B8},edited,map_x,-611939.3059,-611940.4776,Tununak,1734,1667
{49BC4240-FDF1-4E25-9410-050D27C154B8},edited,map_y,1229483.892,1229484.007,Tununak,1734,1667
{49C03361-C246-451F-A9B7-E62E298F2BF3},edited,map_x,-261069.5304,-261070.7401,Aleknagik,129,129
{49C03361-C246-451F-A9B7-E62E298F2BF3},edited,map_y,1040362.989,1040363.118,Aleknagik,129,129
{4A1D0B54-5FB4-4582-A44A-565444B59487},edited,map_x,1110395.422,1110394.136,Sitka,1592,1530
{4A1D0B54-5FB4-4582-A44A-565444B59487},edited,map_y,948097.8645,948097.9688,Sitka,1592,1530
{4A58F3C3-208C-4D95-BCC3-667BF010941C},edited,map_x,222185.7013,222184.4584,Anchorage,218,210
{4A58F3C3-208C-4D95-BCC3-667BF010941C},edited,map_y,1256015.749,1256015.856,Anchorage,218,210
{4A5A74B8-904D-4B1F-A782-4DC77DBC8A5E},edited,map_x,219658.4108,219657.168,Anchorage,1863,1792
{4A5A74B8-904D-4B1F-A782-4DC77DBC8A5E},edited,map_y,1255119.715,1255119.821,Anchorage,1863,1792
{4A687B18-56BC-47EE-AE19-F5B59F929D13},edited,map_x,-944188.317,-944189.4605,Saint George,1477,1419
{4A687B18-56BC-47EE-AE19-F5B59F929D13},edited,map_y,843750.5886,843750.7568,Saint George,1477,1419
{4A73D3E0-116B-4AF8-A2F3-038C017E8809},edited,map_x,-447454.9518,-447456.1394,White Mountain,1823,1752
{4A73D3E0-116B-4AF8-A2F3-038C017E8809},edited,map_y,1667243.033,1667243.103,White Mountain,1823,1752
{4A8981F9-BC70-4F6B-8692-1C3091AC9F2A},edited,map_x,-553467.7024,-553468.8987,Cold Bay,454,426
{4A8981F9-BC70-4F6B-8692-1C3091AC9F2A},edited,map_y,613049.6709,613049.8499,Cold Bay,454,426
{4AF313D9-947D-4640-8D44-71F6891E9724},edited,map_x,-463380.3014,-463381.487,Pilot Station,1378,1324
{4AF313D9-947D-4640-8D44-71F6891E9724},edited,map_y,1359880.467,1359880.568,Pilot Station,1378,1324
{4B0AE969-B2AA-4C9A-8CDC-8C82BEB37F87},edited,map_x,-553416.143,-553417.3392,Cold Bay,447,419
{4B0AE969-B2AA-4C9A-8CDC-8C82BEB37F87},edited,map_y,613083.9962,613084.1753,Cold Bay,447,419
{4B2ED0D3-F659-41CA-904B-34FD763C99E5},edited,map_x,-282570.5393,-282571.7419,Shageluk,1567,1506
{4B2ED0D3-F659-41CA-904B-34FD763C99E5},edited,map_y,1420977.226,1420977.321,Shageluk,1567,1506
{4B38321E-ED50-4C94-A6BF-B66BFE86FB86},edited,map_x,-479291.7062,-479292.8896,Kotlik,1057,1019
{4B38321E-ED50-4C94-A6BF-B66BFE86FB86},edited,map_y,1486337.716,1486337.804,Kotlik,1057,1019
{4B5EFC28-233C-4089-A53B-8CFE817994BA},edited,map_x,-383225.7156,-383226.9169,Noatak,1240,1195
{4B5EFC28-233C-4089-A53B-8CFE817994BA},edited,map_y,1982839.594,1982839.635,Noatak,1240,1195
{4B9917B3-ECED-4935-AA32-00AE4F9FBAB1},edited,map_x,439704.0562,439702.8015,Glennallen,700,667
{4B9917B3-ECED-4935-AA32-00AE4F9FBAB1},edited,map_y,1376710.945,1376711.044,Glennallen,700,667
{4BAF775A-D866-4D12-81DE-CE93DE008CF2},edited,map_x,-153777.8741,-153779.0947,King Salmon,979,941
{4BAF775A-D866-4D12-81DE-CE93DE008CF2},edited,map_y,968736.757,968736.8901,King Salmon,979,941
{4BB48263-7E3B-4C23-AFB4-7F080EE47448},edited,map_x,-571827.2136,-571828.3891,Newtok,1217,1172
{4BB48263-7E3B-4C23-AFB4-7F080EE47448},edited,map_y,1263537.582,1263537.694,Newtok,1217,1172
{4BCF95D3-0532-4523-B45E-D24C6F765E35},edited,map_x,94971.59232,94970.34739,Anaktuvuk Pass,161,160
{4BCF95D3-0532-4523-B45E-D24C6F765E35},edited,map_y,2021896.392,2021896.442,Anaktuvuk Pass,161,160
{4BEF8811-2274-4D00-AC1C-998D040903CB},edited,map_x,-260446.1208,-260447.3317,Clarks Point,434,408
{4BEF8811-2274-4D00-AC1C-998D040903CB},edited,map_y,991131.2165,991131.3501,Clarks Point,434,408
{4C120687-7512-4E08-BC90-9674A4F4C54C},edited,map_x,1066906.528,1066905.247,,11,11
{4C120687-7512-4E08-BC90-9674A4F4C54C},edited,map_y,1085394.353,1085394.457,,11,11
{4C27052C-C2CF-4508-B7D0-79656E5BD037},edited,map_x,296753.4837,296752.2358,Fairbanks,618,589
{4C27052C-C2CF-4508-B7D0-79656E5BD037},edited,map_y,1668350.051,1668350.131,Fairbanks,618,589
{4C46574A-2B37-44A1-87E2-4C1A17B2A4D1},edited,map_x,139692.0068,139690.7672,Ninilchik,1238,1193
{4C46574A-2B37-44A1-87E2-4C1A17B2A4D1},edited,map_y,1113288.727,1113288.844,Ninilchik,1238,1193
{4C820FFA-B9B8-45FD-8186-606B829A7418},edited,map_x,-48859.51247,-48860.7388,Iliamna,823,788
{4C820FFA-B9B8-45FD-8186-606B829A7418},edited,map_y,1085159.505,1085159.627,Iliamna,823,788
{4C8BFD88-B6AA-4374-98D1-F621E2785C88},edited,map_x,292838.344,292837.0963,Fairbanks,606,577
{4C8BFD88-B6AA-4374-98D1-F621E2785C88},edited,map_y,1668494.715,1668494.795,Fairbanks,606,577
{4CD13895-8EAB-4F3B-8C00-101747A4985E},edited,map_x,219140.0549,219138.8121,Anchorage,214,206
{4CD13895-8EAB-4F3B-8C00-101747A4985E},edited,map_y,1249773.373,1249773.48,Anchorage,214,206
{4CEE5FA2-FBE0-425C-A4B0-4AF20625DC4C},edited,map_x,-493286.0724,-493287.258,Kongiganak,1053,1015
{4CEE5FA2-FBE0-425C-A4B0-4AF20625DC4C},edited,map_y,1140760.58,1140760.704,Kongiganak,1053,1015
{4D06EDBB-76ED-4BC8-B6B8-D96FC8B60FD3},edited,map_x,307073.1696,307071.9209,Fairbanks,632,603
{4D06EDBB-76ED-4BC8-B6B8-D96FC8B60FD3},edited,map_y,1678330.08,1678330.16,Fairbanks,632,603
{4D256757-A50A-438F-B0F5-270751D24162},edited,map_x,115597.7014,115596.4417,Nuiqsut,1313,1261
{4D256757-A50A-438F-B0F5-270751D24162},edited,map_y,2251595.669,2251595.702,Nuiqsut,1313,1261
{4D4F9FAC-94B3-4589-A30B-47466C3D493F},edited,map_x,399454.147,399452.8706,Kaktovik,876,841
{4D4F9FAC-94B3-4589-A30B-47466C3D493F},edited,map_y,2270124.556,2270124.598,Kaktovik,876,841
{4D884AEB-1C3D-4C4F-80B2-843ED0A9459E},edited,map_x,-293410.3374,-293411.5398,Aniak,246,238
{4D884AEB-1C3D-4C4F-80B2-843ED0A9459E},edited,map_y,1301328.708,1301328.814,Aniak,246,238
{4DAD23C9-1989-4433-A021-C16100182BC6},edited,map_x,59216.48164,59215.24926,,86,86
{4DAD23C9-1989-4433-A021-C16100182BC6},edited,map_y,1681393.929,1681394.005,,86,86
{4DB9B26B-6708-445E-8807-973AB9424037},edited,map_x,331753.6586,331752.4073,Chenega,384,362
{4DB9B26B-6708-445E-8807-973AB9424037},edited,map_y,1134629.534,1134629.647,Chenega,384,362
{4DBA97A7-7784-44F2-9ECF-001A573B6035},edited,map_x,-309856.8862,-309858.092,Noorvik,1271,1226
{4DBA97A7-7784-44F2-9ECF-001A573B6035},edited,map_y,1891560.543,1891560.594,Noorvik,1271,1226
{4DE683E4-9661-425B-927E-86B2F7AFB3DF},edited,map_x,-585014.1932,-585015.368,Nightmute,1225,1180
{4DE683E4-9661-425B-927E-86B2F7AFB3DF},edited,map_y,1213261.624,1213261.741,Nightmute,1225,1180
{4E2499EB-5842-459B-B3A2-CB4C6798626A},edited,map_x,-282578.4615,-282579.6641,Shageluk,1566,1505
{4E2499EB-5842-459B-B3A2-CB4C6798626A},edited,map_y,1420957.348,1420957.443,Shageluk,1566,1505
{4E912B7F-3F82-42E3-94E4-B403A00103B9},edited,map_x,-459707.5316,-459708.7188,Kasigluk,921,883
{4E912B7F-3F82-42E3-94E4-B403A00103B9},edited,map_y,1239642.655,1239642.768,Kasigluk,921,883
{4EA87B2D-C068-44CC-970C-0D53111ACA7E},edited,map_x,-184003.7016,-184004.9169,Koliganek,1042,1004
{4EA87B2D-C068-44CC-970C-0D53111ACA7E},edited,map_y,1086208.604,1086208.727,Koliganek,1042,1004
{4EB90598-665E-44BF-BABD-1D75C638BCF2},edited,map_x,-176088.9725,-176090.1857,Kaltag,903,865
{4EB90598-665E-44BF-BABD-1D75C638BCF2},edited,map_y,1662571.962,1662572.036,Kaltag,903,865
{4EE59B93-7660-4A46-98B0-D8E8DCE49350},edited,map_x,132511.2238,132509.9843,Anchor Point,169,161
{4EE59B93-7660-4A46-98B0-D8E8DCE49350},edited,map_y,1091987.512,1091987.63,Anchor Point,169,161
{4F217687-58E4-41F1-BC02-DE4F52EDB4EC},edited,map_x,328829.567,328828.3157,Chenega,382,360
{4F217687-58E4-41F1-BC02-DE4F52EDB4EC},edited,map_y,1132659.871,1132659.985,Chenega,382,360
{4F5A3756-C467-4F7F-BE1D-773559BD5A00},edited,map_x,1117552,1117550.717,Juneau,861,826
{4F5A3756-C467-4F7F-BE1D-773559BD5A00},edited,map_y,1092969.57,1092969.673,Juneau,861,826
{4F994E16-6208-479F-B3B2-22194B179F84},edited,map_x,109499.9757,109498.7349,Bettles,320,306
{4F994E16-6208-479F-B3B2-22194B179F84},edited,map_y,1887154.62,1887154.681,Bettles,320,306
{4FECB5C8-1B1B-43E1-809A-82580669F105},edited,map_x,-861973.9402,-861975.0806,Gambell,690,658
{4FECB5C8-1B1B-43E1-809A-82580669F105},edited,map_y,1650191.738,1650191.806,Gambell,690,658
{501A14A2-615F-49CE-907A-D8E2EE6E3746},edited,map_x,94612.55968,94611.31482,Anaktuvuk Pass,158,157
{501A14A2-615F-49CE-907A-D8E2EE6E3746},edited,map_y,2021087.167,2021087.218,Anaktuvuk Pass,158,157
{50539CE7-AE72-4BE5-B34B-5CFE5FD44568},edited,map_x,388342.6938,388341.4365,Fort Yukon,653,624
{50539CE7-AE72-4BE5-B34B-5CFE5FD44568},edited,map_y,1870947.595,1870947.664,Fort Yukon,653,624
{5071DA87-0E0C-4F44-A6F1-39C4A054DAC1},edited,map_x,-456468.7349,-456469.9224,Nunapitchuk,1325,1273
{5071DA87-0E0C-4F44-A6F1-39C4A054DAC1},edited,map_y,1242178.997,1242179.11,Nunapitchuk,1325,1273
{5080792E-6BE2-4D7A-BD57-AF8BF71FFF30},edited,map_x,-289509.162,-289510.3698,Manokotak,1133,1091
{5080792E-6BE2-4D7A-BD57-AF8BF71FFF30},edited,map_y,1009300.645,1009300.777,Manokotak,1133,1091
{509CF7C1-AE7E-4289-8EFE-3298B15AD90D},edited,map_x,-168356.8775,-168358.097,Wales,1813,1742
{509CF7C1-AE7E-4289-8EFE-3298B15AD90D},edited,map_y,1908214.286,1908214.339,Wales,1813,1742
{509F4BA3-BB26-4969-8300-CF3DFA06FAC2},edited,map_x,244461.3874,244460.1439,Healy,740,707
{509F4BA3-BB26-4969-8300-CF3DFA06FAC2},edited,map_y,1554197.98,1554198.067,Healy,740,707
{50B0DA07-CC55-4458-825A-5EAD7328F878},edited,map_x,-402229.4349,-402230.6279,Akiachak,107,107
{50B0DA07-CC55-4458-825A-5EAD7328F878},edited,map_y,1236842.273,1236842.385,Akiachak,107,107
{51417ED5-3E1D-4A90-98BE-EE63632631CB},edited,map_x,188809.9872,188808.7216,Prudhoe Bay,1445,1387
{51417ED5-3E1D-4A90-98BE-EE63632631CB},edited,map_y,2268447.092,2268447.126,Prudhoe Bay,1445,1387
{5184FF81-0EA3-40D8-BE90-3BC711B1E23A},edited,map_x,-553094.0515,-553095.2478,Cold Bay,1864,1793
{5184FF81-0EA3-40D8-BE90-3BC711B1E23A},edited,map_y,613445.9586,613446.1376,Cold Bay,1864,1793
{51E9D9BB-4D2D-4E8E-8793-49B295C1AA4D},edited,map_x,-585014.1863,-585015.361,Nightmute,1223,1178
{51E9D9BB-4D2D-4E8E-8793-49B295C1AA4D},edited,map_y,1213240.873,1213240.991,Nightmute,1223,1178
{51FA77EC-8692-4F71-B5BE-AE060C540739},edited,map_x,-574561.293,-574562.4682,Teller,1683,1620
{51FA77EC-8692-4F71-B5BE-AE060C540739},edited,map_y,1754120.695,1754120.754,Teller,1683,1620
{5283F15A-66DA-4487-8444-EC1A2C43934D},edited,last_edited,2022-12-21T03:55:03Z,2025-12-16T09:23:58Z,Hooper Bay,786,753
{5283F15A-66DA-4487-8444-EC1A2C43934D},edited,map_x,-138955.3617,-638103.3526,Hooper Bay,786,753
{5283F15A-66DA-4487-8444-EC1A2C43934D},edited,map_y,1644432.574,1341712.351,Hooper Bay,786,753
{52B7BAA3-AC93-4AF7-8E9A-0DEEE954C6EE},edited,map_x,-974001.7971,-974002.9348,Saint Paul Island,1513,1453
{52B7BAA3-AC93-4AF7-8E9A-0DEEE954C6EE},edited,map_y,910558.1829,910558.3437,Saint Paul Island,1513,1453
{52E943A5-33B0-4E92-9D20-8D14C388A65D},edited,map_x,1306413.483,1306412.194,Wrangell,1832,1761
{52E943A5-33B0-4E92-9D20-8D14C388A65D},edited,map_y,934176.7677,934176.8665,Wrangell,1832,1761
{52EA8B6C-5DEE-4586-9B19-043A22000B12},edited,map_x,399215.2087,399213.9322,Wainwright,1808,1737
{52EA8B6C-5DEE-4586-9B19-043A22000B12},edited,map_y,2270202.044,2270202.086,Wainwright,1808,1737
{52EBE454-0EBE-4C8B-84CF-5CD690AA1A3C},edited,map_x,-261561.5815,-261562.7917,Dillingham,510,481
{52EBE454-0EBE-4C8B-84CF-5CD690AA1A3C},edited,map_y,1017339.434,1017339.566,Dillingham,510,481
{5318062B-2912-4651-85F2-985B9025DFCC},edited,map_x,-167130.7809,-167131.9943,Sleetmute,1617,1555
{5318062B-2912-4651-85F2-985B9025DFCC},edited,map_y,1306629.031,1306629.136,Sleetmute,1617,1555
{531FCE13-5F37-4206-ABD6-E479328F3B28},edited,map_x,-173653.8429,-173655.0618,South Naknek,1633,1571
{531FCE13-5F37-4206-ABD6-E479328F3B28},edited,map_y,972432.9206,972433.0538,South Naknek,1633,1571
{532C1372-1D15-4036-9A8B-4ADC4480E152},edited,map_x,1041027.231,1041025.951,Haines,733,700
{532C1372-1D15-4036-9A8B-4ADC4480E152},edited,map_y,1173140.572,1173140.674,Haines,733,700
{5398334A-0C02-4F38-A0B1-92FE564CB5BB},edited,map_x,-544208.1511,-544209.3285,Nome,1250,1205
{5398334A-0C02-4F38-A0B1-92FE564CB5BB},edited,map_y,1666249.778,1666249.847,Nome,1250,1205
{540E628D-EFC5-404A-8464-202C7439F12E},edited,map_x,-394199.9139,-394201.1067,Elim,565,536
{540E628D-EFC5-404A-8464-202C7439F12E},edited,map_y,1652798.553,1652798.626,Elim,565,536
{5425C309-26A9-4D99-ABE4-3FD582FBCBE6},edited,map_x,-504716.9929,-504718.1741,,48,48
{5425C309-26A9-4D99-ABE4-3FD582FBCBE6},edited,map_y,1382851.872,1382851.971,,48,48
{5456D64C-D158-422D-A371-B6F74124189E},edited,map_x,-442495.1467,-442496.3379,Quinhagak,1455,1397
{5456D64C-D158-422D-A371-B6F74124189E},edited,map_y,1110217.679,1110217.805,Quinhagak,1455,1397
{547B1211-2230-4412-9DDA-A428F900442B},edited,map_x,115425.0168,115423.7571,Nuiqsut,1298,1252
{547B1211-2230-4412-9DDA-A428F900442B},edited,map_y,2251567.772,2251567.805,Nuiqsut,1298,1252
{5491897A-FF63-4987-8BF9-8F41FF9B65A8},edited,map_x,-447121.3416,-447122.5372,Kivalina,996,958
{5491897A-FF63-4987-8BF9-8F41FF9B65A8},edited,map_y,2009739.094,2009739.13,Kivalina,996,958
{54D20E55-8F84-41A6-B0F3-24B04EA0E52E},edited,map_x,94774.10263,94772.85774,Anaktuvuk Pass,150,149
{54D20E55-8F84-41A6-B0F3-24B04EA0E52E},edited,map_y,2021531.688,2021531.739,Anaktuvuk Pass,150,149
{5509D500-C9C2-4D19-B577-8386869D47DF},edited,map_x,222764.5557,222763.3127,Anchorage,185,177
{5509D500-C9C2-4D19-B577-8386869D47DF},edited,map_y,1251482.964,1251483.071,Anchorage,185,177
{553EA5B8-F7A2-4B10-AC7C-2CE7F6E2B7DD},edited,map_x,158612.4564,158611.2171,Manley Hot Springs,1123,1082
{553EA5B8-F7A2-4B10-AC7C-2CE7F6E2B7DD},edited,map_y,1674615.511,1674615.589,Manley Hot Springs,1123,1082
{5552FD2D-2175-4D63-B47E-37AD4AFE647F},edited,map_x,-173405.5219,-173406.7407,Naknek,1186,1143
{5552FD2D-2175-4D63-B47E-37AD4AFE647F},edited,map_y,974565.956,974566.0891,Naknek,1186,1143
{5553F08E-643A-415D-8BA6-6C25914904DC},edited,map_x,-602597.2492,-602598.4419,False Pass,638,609
{5553F08E-643A-415D-8BA6-6C25914904DC},edited,map_y,581568.8499,581569.0344,False Pass,638,609
{55769367-D290-4411-8FA6-01549B3A022A},edited,map_x,-566235.5191,-566236.6965,Chefornak,378,356
{55769367-D290-4411-8FA6-01549B3A022A},edited,map_y,1173955.914,1173956.035,Chefornak,378,356
{558AB51A-7628-4CB4-B3E5-7A6B1532B027},edited,map_x,-289361.3011,-289362.509,Manokotak,1132,1090
{558AB51A-7628-4CB4-B3E5-7A6B1532B027},edited,map_y,1009583.607,1009583.739,Manokotak,1132,1090
{559A13A2-8320-416A-BEC8-2097305335E9},edited,map_x,-167084.7605,-167085.9739,Sleetmute,1616,1554
{559A13A2-8320-416A-BEC8-2097305335E9},edited,map_y,1306715.67,1306715.775,Sleetmute,1616,1554
{559D9A9C-9221-48BD-8906-31B25B07DCD5},edited,map_x,265662.3542,265661.1076,Moose Pass,1168,1125
{559D9A9C-9221-48BD-8906-31B25B07DCD5},edited,map_y,1178142.311,1178142.422,Moose Pass,1168,1125
{55F0B751-1B5E-452C-A8ED-BDF068920FE9},edited,map_x,399302.7881,399301.5117,Kaktovik,882,847
{55F0B751-1B5E-452C-A8ED-BDF068920FE9},edited,map_y,2270615.457,2270615.498,Kaktovik,882,847
{56278046-41C5-406E-AC92-1B6A785FE9A1},edited,map_x,-432269.3283,-432270.5221,Goodnews Bay,711,678
{56278046-41C5-406E-AC92-1B6A785FE9A1},edited,map_y,1038883.47,1038883.603,Goodnews Bay,711,678
{563BB483-9F52-411F-98B6-114988EB26AF},edited,map_x,-261512.7907,-261514.0015,Clark's Point,437,410
{563BB483-9F52-411F-98B6-114988EB26AF},edited,map_y,990978.5591,990978.6927,Clark's Point,437,410
{569725C5-F6E9-4B28-96C7-8BDF5BCB6C06},edited,map_x,-971513.6131,-971514.751,Saint Paul Island,1509,1449
{569725C5-F6E9-4B28-96C7-8BDF5BCB6C06},edited,map_y,913321.1718,913321.3323,Saint Paul Island,1509,1449
{569DF6D7-2D48-451A-B7D9-BF65E546D40F},edited,map_x,1144474.56,1144473.275,Angoon,241,233
{569DF6D7-2D48-451A-B7D9-BF65E546D40F},edited,map_y,1001263.902,1001264.005,Angoon,241,233
{56E259C0-3D1E-4F96-8DC8-B3314524F255},edited,map_x,-427854.2265,-427855.4159,,76,76
{56E259C0-3D1E-4F96-8DC8-B3314524F255},edited,map_y,1651583.855,1651583.927,,76,76
{56FA3AE0-76F4-46DF-84EB-F201D2D15CD8},edited,map_x,388934.2724,388933.0151,Fort Yukon,667,636
{56FA3AE0-76F4-46DF-84EB-F201D2D15CD8},edited,map_y,1871368.09,1871368.159,Fort Yukon,667,636
{56FFA4FE-D7F5-417E-8CC6-DF2476255BD0},edited,map_x,238830.153,238828.9095,Wasilla,1815,1744
{56FFA4FE-D7F5-417E-8CC6-DF2476255BD0},edited,map_y,1298237.858,1298237.962,Wasilla,1815,1744
{5724C91B-F6B4-4EF2-B050-67E266B4E600},edited,map_x,-332843.8513,-332845.0493,Unalakleet,1749,1679
{5724C91B-F6B4-4EF2-B050-67E266B4E600},edited,map_y,1562667.685,1562667.766,Unalakleet,1749,1679
{574172F7-5D22-4D73-B6A8-E30A749DE810},edited,map_x,93311.85755,93310.61438,,28,28
{574172F7-5D22-4D73-B6A8-E30A749DE810},edited,map_y,843881.7663,843881.9026,,28,28
{576E8567-E85B-419E-9B43-1C4C0B1093F8},edited,map_x,88612.61323,88611.37088,Kodiak,1016,978
{576E8567-E85B-419E-9B43-1C4C0B1093F8},edited,map_y,859680.4938,859680.6291,Kodiak,1016,978
{57802F02-1FE2-4D07-A325-DC027155B116},edited,map_x,-611317.2324,-611318.4027,Chevak,391,369
{57802F02-1FE2-4D07-A325-DC027155B116},edited,map_y,1336633.24,1336633.344,Chevak,391,369
{57CBFD5A-B0B9-4C1D-A73B-1CED62471744},edited,map_x,-638066.6532,-638067.8206,Hooper Bay,790,757
{57CBFD5A-B0B9-4C1D-A73B-1CED62471744},edited,map_y,1341726.523,1341726.626,Hooper Bay,790,757
{587A9516-FAF3-407A-88FB-213E57091443},edited,map_x,1297279.207,1297277.915,Klawock,1000,962
{587A9516-FAF3-407A-88FB-213E57091443},edited,map_y,824751.8826,824751.9817,Klawock,1000,962
{58EE35A2-3A08-4BA7-BF4C-04E89E4D064C},edited,map_x,388305.253,388303.9957,Fort Yukon,659,630
{58EE35A2-3A08-4BA7-BF4C-04E89E4D064C},edited,map_y,1871188.95,1871189.019,Fort Yukon,659,630
{591FEE4C-4EAA-4F0F-A6EE-B6FA2F107E7B},edited,map_x,301111.6282,301110.3798,Fairbanks,630,601
{591FEE4C-4EAA-4F0F-A6EE-B6FA2F107E7B},edited,map_y,1680820.019,1680820.099,Fairbanks,630,601
{5924466F-88D5-4EC0-A530-3F0D08E841C6},edited,map_x,-77488.68614,-77489.91039,,9,9
{5924466F-88D5-4EC0-A530-3F0D08E841C6},edited,map_y,1804373.811,1804373.875,,9,9
{5966569A-E364-492E-AF3E-4EE7DCE3828B},edited,map_x,-324098.2311,-324099.4331,Kongiganak,1052,1014
{5966569A-E364-492E-AF3E-4EE7DCE3828B},edited,map_y,1797629.313,1797629.372,Kongiganak,1052,1014
{596974D7-F780-4D0D-AD2B-2F58BAC71571},edited,map_x,1296712.04,1296710.748,Klawock,1005,967
{596974D7-F780-4D0D-AD2B-2F58BAC71571},edited,map_y,820118.716,820118.8151,Klawock,1005,967
{59B6F627-42C1-487F-9A00-76D9F63FA010},edited,map_x,-132186.9054,-132188.1222,Galena,678,647
{59B6F627-42C1-487F-9A00-76D9F63FA010},edited,map_y,1644612.317,1644612.393,Galena,678,647
{59E906D7-37C0-4DDE-A16A-8B52C5FE2DF3},edited,map_x,-540527.5474,-540528.7283,Shishmaref,1577,1516
{59E906D7-37C0-4DDE-A16A-8B52C5FE2DF3},edited,map_y,1860327.005,1860327.054,Shishmaref,1577,1516
{5A485B74-9E5B-4E4B-A8F6-5D955150F7D0},edited,map_x,219925.7497,219924.5069,Anchorage,186,178
{5A485B74-9E5B-4E4B-A8F6-5D955150F7D0},edited,map_y,1256141.693,1256141.8,Anchorage,186,178
{5A94EA96-3E72-4421-86AE-82D2C8836A97},edited,map_x,1117094.012,1117092.73,Juneau,849,814
{5A94EA96-3E72-4421-86AE-82D2C8836A97},edited,map_y,1093230.546,1093230.648,Juneau,849,814
{5AA9BCDF-259D-4BC9-81C5-9630A137311C},edited,map_x,-944341.3202,-944342.4637,Saint George,1479,1421
{5AA9BCDF-259D-4BC9-81C5-9630A137311C},edited,map_y,843738.0703,843738.2386,Saint George,1479,1421
{5ACBE17A-21DF-40B4-A9B4-B04B37C89D9A},edited,map_x,215880.0097,215878.7671,Anchorage,212,204
{5ACBE17A-21DF-40B4-A9B4-B04B37C89D9A},edited,map_y,1250004.739,1250004.846,Anchorage,212,204
{5AD6E053-8701-48DC-81A9-5962E9731141},edited,map_x,215312.8312,215311.5886,Anchorage,179,171
{5AD6E053-8701-48DC-81A9-5962E9731141},edited,map_y,1250059.241,1250059.348,Anchorage,179,171
{5ADE8F5D-F009-4DF3-B60C-41E1F96A0566},edited,map_x,-258685.1776,-258686.3835,,88,88
{5ADE8F5D-F009-4DF3-B60C-41E1F96A0566},edited,map_y,1661825.092,1661825.165,,88,88
{5AEE4579-120C-418C-965A-911EFB7A4873},edited,map_x,95295.58408,95294.34149,Kodiak,1011,973
{5AEE4579-120C-418C-965A-911EFB7A4873},edited,map_y,866941.71,866941.8446,Kodiak,1011,973
{5B0C866F-F775-4190-B09B-985A2B276D31},edited,map_x,-541160.7451,-541161.9259,Shishmaref,1578,1517
{5B0C866F-F775-4190-B09B-985A2B276D31},edited,map_y,1860153.474,1860153.523,Shishmaref,1578,1517
{5B1AEAB7-BC9D-4F53-92E6-5C4E64F4BFD0},edited,map_x,248349.8188,248348.5751,Denali National Park,508,479
{5B1AEAB7-BC9D-4F53-92E6-5C4E64F4BFD0},edited,map_y,1538141.124,1538141.212,Denali National Park,508,479
{5B3A4427-3CF1-47FE-8D8F-D47DD33BE928},edited,map_x,547600.9102,547599.6503,Tok,1707,1643
{5B3A4427-3CF1-47FE-8D8F-D47DD33BE928},edited,map_y,1529684.555,1529684.646,Tok,1707,1643
{5B6D7E1C-3FCD-4202-88E8-14F202F1FE92},edited,map_x,993378.7553,993377.4771,Haines,736,703
{5B6D7E1C-3FCD-4202-88E8-14F202F1FE92},edited,map_y,1181025.843,1181025.946,Haines,736,703
{5BA42C76-D40B-475E-BE1F-1AC1210A7126},edited,map_x,509622.5804,509621.3224,Slana,1614,1552
{5BA42C76-D40B-475E-BE1F-1AC1210A7126},edited,map_y,1456527.108,1456527.203,Slana,1614,1552
{5BC6B33B-BBDA-455D-BEBA-624BEDA7F496},edited,map_x,-420838.2568,-420839.4481,Bethel,314,300
{5BC6B33B-BBDA-455D-BEBA-624BEDA7F496},edited,map_y,1225407.003,1225407.117,Bethel,314,300
{5BD9746B-58B7-4F77-8EED-A244DE54F62D},edited,map_x,-168521.7699,-168522.9893,Ambler,145,144
{5BD9746B-58B7-4F77-8EED-A244DE54F62D},edited,map_y,1908088.183,1908088.236,Ambler,145,144
{5BFB43F5-855A-4897-8C0E-293579F1C6C9},edited,map_x,-384242.585,-384243.7786,Russian Mission,1473,1415
{5BFB43F5-855A-4897-8C0E-293579F1C6C9},edited,map_y,1333056.201,1333056.304,Russian Mission,1473,1415
{5C01B036-AAC1-4876-BF5E-30428802A639},edited,map_x,-446979.9096,-446981.0982,Chefornak,376,355
{5C01B036-AAC1-4876-BF5E-30428802A639},edited,map_y,1236015.261,1236015.375,Chefornak,376,355
{5C421205-5987-413D-96B8-2DE9EBCF4A59},edited,map_x,-292657.0599,-292658.2623,Aniak,253,244
{5C421205-5987-413D-96B8-2DE9EBCF4A59},edited,map_y,1300567.005,1300567.111,Aniak,253,244
{5C4B0813-680E-47D6-A697-FE76F3230475},edited,map_x,322753.3015,322752.0515,Cordova,466,438
{5C4B0813-680E-47D6-A697-FE76F3230475},edited,map_y,1184778.911,1184779.022,Cordova,466,438
{5C69DCCA-C3EA-4055-A242-C577155B97AB},edited,map_x,1296236.281,1296234.989,Craig,483,455
{5C69DCCA-C3EA-4055-A242-C577155B97AB},edited,map_y,812370.8012,812370.9003,Craig,483,455
{5C8BA5EB-7A40-4B8F-80DD-58E08A2E84BF},edited,map_x,-216537.6879,-216538.8969,Crooked Creek,489,460
{5C8BA5EB-7A40-4B8F-80DD-58E08A2E84BF},edited,map_y,1327627.163,1327627.266,Crooked Creek,489,460
{5CD6F72F-BE50-4016-AC72-80DF8A393B12},edited,map_x,-477940.9748,-477942.1588,Saint Mary's,1491,1433
{5CD6F72F-BE50-4016-AC72-80DF8A393B12},edited,map_y,1374543.224,1374543.323,Saint Mary's,1491,1433
{5CDF6E80-B781-482B-B1CD-42F5BC36719E},edited,map_x,635041.1188,635039.8527,Cape Yakataga,360,341
{5CDF6E80-B781-482B-B1CD-42F5BC36719E},edited,map_y,1177118.191,1177118.299,Cape Yakataga,360,341
{5CE63EE1-AE92-409F-8DF0-21A5339183C7},edited,map_x,-173958.3988,-173959.6176,Naknek,1178,1135
{5CE63EE1-AE92-409F-8DF0-21A5339183C7},edited,map_y,973962.7635,973962.8967,Naknek,1178,1135
{5CE97A73-0D33-4600-836B-A3E084CE3826},edited,map_x,1296530.19,1296528.9,Craig,481,453
{5CE97A73-0D33-4600-836B-A3E084CE3826},edited,map_y,875878.3816,875878.4807,Craig,481,453
{5CEED9A4-3489-41F3-BE24-92F9FC2039C0},edited,map_x,-277464.7249,-277465.9288,Chuathbaluk,430,404
{5CEED9A4-3489-41F3-BE24-92F9FC2039C0},edited,map_y,1299064.037,1299064.143,Chuathbaluk,430,404
{5D38C80C-477A-42F1-83C9-E26877DCD969},edited,map_x,1296588.865,1296587.573,Craig,486,457
{5D38C80C-477A-42F1-83C9-E26877DCD969},edited,map_y,812671.1904,812671.2896,Craig,486,457
{5D38D34D-5AB2-45F5-AA22-BE25817C0538},edited,map_x,1206349.716,1206348.429,Kake,868,833
{5D38D34D-5AB2-45F5-AA22-BE25817C0538},edited,map_y,959785.8418,959785.9434,Kake,868,833
{5D5D6679-F398-4FC0-A386-A00300F67B5E},edited,map_x,299353.2025,299351.9543,Fairbanks,593,564
{5D5D6679-F398-4FC0-A386-A00300F67B5E},edited,map_y,1670723.629,1670723.71,Fairbanks,593,564
{5D6D86C0-354F-48E0-A12F-CD12687033EC},edited,map_x,440390.37,440389.1155,Paxson,1351,1299
{5D6D86C0-354F-48E0-A12F-CD12687033EC},edited,map_y,1454658.206,1454658.3,Paxson,1351,1299
{5D6DD34B-DAEE-49F9-988E-21E080CB537A},edited,map_x,441671.2462,441669.9906,Valdez,1779,1708
{5D6DD34B-DAEE-49F9-988E-21E080CB537A},edited,map_y,1267369.596,1267369.7,Valdez,1779,1708
{5D9A3A99-CEFE-445E-AC2A-F20DDFF484A3},edited,map_x,-410571.3619,-410572.5523,Stebbins,1635,1573
{5D9A3A99-CEFE-445E-AC2A-F20DDFF484A3},edited,map_y,1531157.446,1531157.53,Stebbins,1635,1573
{5DAA4AB9-BDC3-49F4-B40D-567C49D8D89D},edited,map_x,294863.4216,294862.1748,,7,7
{5DAA4AB9-BDC3-49F4-B40D-567C49D8D89D},edited,map_y,1573321.883,1573321.969,,7,7
{5DD4DE3C-A9F6-47AF-A7F5-C3C9F0678302},edited,map_x,-80720.16329,-80721.3832,McGrath,1865,1794
{5DD4DE3C-A9F6-47AF-A7F5-C3C9F0678302},edited,map_y,1443874.793,1443874.886,McGrath,1865,1794
{5DEC0033-91A2-4B58-93E2-945AFDAA8725},edited,map_x,455934.2976,455933.0422,Gakona,672,641
{5DEC0033-91A2-4B58-93E2-945AFDAA8725},edited,map_y,1410214.874,1410214.972,Gakona,672,641
{5E372C3D-3EF8-4DF7-832F-612BE448C469},edited,map_x,-294655.8533,-294657.0705,Chignik Lake,415,392
{5E372C3D-3EF8-4DF7-832F-612BE448C469},edited,map_y,704380.6161,704380.776,Chignik Lake,415,392
{5E39BCC6-8EBB-4E87-8E24-53576A9C08B3},edited,map_x,-402229.4349,-402230.6279,Akiachak,105,105
{5E39BCC6-8EBB-4E87-8E24-53576A9C08B3},edited,map_y,1236842.273,1236842.385,Akiachak,105,105
{5E4E7BC6-A837-44F6-8087-8D9B8D2BD86B},edited,map_x,-546136.4224,-546137.5996,Nome,1249,1204
{5E4E7BC6-A837-44F6-8087-8D9B8D2BD86B},edited,map_y,1663771.525,1663771.594,Nome,1249,1204
{5E5BAF5F-E77E-438F-A387-FBAE0D5613C7},edited,map_x,-76604.42539,-76605.6467,Lime Village,1110,1070
{5E5BAF5F-E77E-438F-A387-FBAE0D5613C7},edited,map_y,1264728.514,1264728.621,Lime Village,1110,1070
{5E60CFBE-1754-4A9C-8D68-F7EBF52CDB05},edited,map_x,220898.9316,220897.6887,Anchorage,183,175
{5E60CFBE-1754-4A9C-8D68-F7EBF52CDB05},edited,map_y,1250490.988,1250491.095,Anchorage,183,175
{5E94939C-C4FF-4F31-8656-D1955C13B0F2},edited,map_x,-364151.2585,-364152.4591,Togiak,1701,1637
{5E94939C-C4FF-4F31-8656-D1955C13B0F2},edited,map_y,1024673.307,1024673.44,Togiak,1701,1637
{5EB1AA1E-67B9-4C04-8A91-2EEE1893AB22},edited,map_x,1325028.276,1325026.985,Thorne Bay,1692,1629
{5EB1AA1E-67B9-4C04-8A91-2EEE1893AB22},edited,map_y,846949.1707,846949.2688,Thorne Bay,1692,1629
{5EEAAC19-79D9-4423-BAAC-E8C448C4BBD1},edited,map_x,-492983.9572,-492985.1427,Kongiganak,1047,1009
{5EEAAC19-79D9-4423-BAAC-E8C448C4BBD1},edited,map_y,1140967.854,1140967.978,Kongiganak,1047,1009
{5EFE5B88-520E-45A1-A234-AB53C41E434B},edited,map_x,-447895.2382,-447896.4418,Nelson Lagoon,1201,1156
{5EFE5B88-520E-45A1-A234-AB53C41E434B},edited,map_y,689968.3983,689968.5654,Nelson Lagoon,1201,1156
{5F01CBF4-73B2-4E31-817E-B6260B8849C6},edited,map_x,227414.4704,227413.2272,Anchorage,226,218
{5F01CBF4-73B2-4E31-817E-B6260B8849C6},edited,map_y,1257133.713,1257133.82,Anchorage,226,218
{5F071BE6-B2D3-4258-BB7E-50DE04BBB504},edited,map_x,-411023.8969,-411025.1072,Sand Point,1520,1460
{5F071BE6-B2D3-4258-BB7E-50DE04BBB504},edited,map_y,611552.539,611552.7121,Sand Point,1520,1460
{5F66D6A9-1B61-40A5-B639-1546DF189A85},edited,map_x,-553715.6258,-553716.8221,Cold Bay,452,424
{5F66D6A9-1B61-40A5-B639-1546DF189A85},edited,map_y,613397.7842,613397.9633,Cold Bay,452,424
{5FAA65FF-9E91-4893-ADFF-78AC5B432EE0},edited,map_x,60949.39358,60948.15754,Allakaket,134,134
{5FAA65FF-9E91-4893-ADFF-78AC5B432EE0},edited,map_y,1844160.62,1844160.683,Allakaket,134,134
{5FCBFA7A-738A-4726-A6FC-375ADA4BD577},edited,map_x,-447453.7518,-447454.9473,Kivalina,991,953
{5FCBFA7A-738A-4726-A6FC-375ADA4BD577},edited,map_y,2010196.219,2010196.255,Kivalina,991,953
{5FF04C70-0A1C-488B-8F6A-046A0EA1877C},edited,map_x,-130014.4711,-130015.7134,Atqasuk,289,279
{5FF04C70-0A1C-488B-8F6A-046A0EA1877C},edited,map_y,2280466.172,2280466.195,Atqasuk,289,279
{60A14302-A0A8-47DD-8BD2-C6091FA92BC0},edited,map_x,-442970.7281,-442971.9182,Eek,536,507
{60A14302-A0A8-47DD-8BD2-C6091FA92BC0},edited,map_y,1163125.953,1163126.074,Eek,536,507
{60AC36FC-11A2-4126-B20C-4FC3BB51A21A},edited,map_x,-136710.8679,-136712.0843,Galena,680,649
{60AC36FC-11A2-4126-B20C-4FC3BB51A21A},edited,map_y,1645472.629,1645472.705,Galena,680,649
{60BD1DF4-D095-4F2B-A8BE-5B989A77E9D6},edited,map_x,-944357.1849,-944358.3284,Saint George,1476,1418
{60BD1DF4-D095-4F2B-A8BE-5B989A77E9D6},edited,map_y,843832.8528,843833.021,Saint George,1476,1418
{60E89C03-0731-48F9-9A8D-E0F338FFE0CD},edited,map_x,-526223.1784,-526224.3683,Point Hope,1389,1335
{60E89C03-0731-48F9-9A8D-E0F338FFE0CD},edited,map_y,2093701.655,2093701.681,Point Hope,1389,1335
{60E9F7B5-8A63-4781-81E6-69A693BAD37D},edited,map_x,-261323.3372,-261324.548,Clarks Point,433,407
{60E9F7B5-8A63-4781-81E6-69A693BAD37D},edited,map_y,991122.8537,991122.9873,Clarks Point,433,407
{60EDEA84-04E5-4ED4-912D-1CDA85E970A2},edited,map_x,-579012.9696,-579014.1444,Tununak,1739,1670
{60EDEA84-04E5-4ED4-912D-1CDA85E970A2},edited,map_y,1762765.256,1762765.314,Tununak,1739,1670
{6121CAE2-E172-4CC6-AB99-275B9172EB71},edited,map_x,-1366060.195,-1366061.301,Atka,1866,1795
{6121CAE2-E172-4CC6-AB99-275B9172EB71},edited,map_y,452274.0818,452274.3218,Atka,1866,1795
{61590B3C-7B6F-4882-9598-3D11DCDC4FE5},edited,map_x,-102045.2644,-102046.5165,Barrow,299,285
{61590B3C-7B6F-4882-9598-3D11DCDC4FE5},edited,map_y,2368133.628,2368133.644,Barrow,299,285
{61BCB350-6C68-42DC-BA7E-44DD28C4B1C4},edited,map_x,-50647.96322,-50649.18941,Iliamna,814,779
{61BCB350-6C68-42DC-BA7E-44DD28C4B1C4},edited,map_y,1085115.173,1085115.295,Iliamna,814,779
{61CBFB0D-FEBD-4177-A368-3463C5B78DE0},edited,map_x,94993.66007,94992.41515,Anaktuvuk Pass,152,151
{61CBFB0D-FEBD-4177-A368-3463C5B78DE0},edited,map_y,2021849.866,2021849.916,Anaktuvuk Pass,152,151
{61F5A0C8-0096-477F-A2EB-4D9F39B59FA2},edited,map_x,612758.4232,612757.1604,Northway,1290,1244
{61F5A0C8-0096-477F-A2EB-4D9F39B59FA2},edited,map_y,1506079.96,1506080.054,Northway,1290,1244
{6200DA3C-6A75-4E38-B994-E2B0E427839F},edited,map_x,90167.23239,90165.9976,Tanana,1661,1599
{6200DA3C-6A75-4E38-B994-E2B0E427839F},edited,map_y,1691656.358,1691656.434,Tanana,1661,1599
{62115B99-42C5-489F-B5A0-22C9EC99DAB0},edited,map_x,-168356.7554,-168357.9748,Ambler,148,147
{62115B99-42C5-489F-B5A0-22C9EC99DAB0},edited,map_y,1908078.585,1908078.638,Ambler,148,147
{621FCC2F-3A90-426E-A211-00250864F71E},edited,map_x,-821741.4692,-821742.6414,Unalakleet,1756,1686
{621FCC2F-3A90-426E-A211-00250864F71E},edited,map_y,507740.2293,507740.4325,Unalakleet,1756,1686
{6280955D-A73E-4167-B155-9FE66EA27BEF},edited,map_x,89412.11726,89410.87492,Kodiak,1019,981
{6280955D-A73E-4167-B155-9FE66EA27BEF},edited,map_y,861689.579,861689.7141,Kodiak,1019,981
{62BDFC20-7D02-406B-AE7B-E8E3A792568A},edited,map_x,-352705.5662,-352706.7821,Point Lay,1402,1347
{62BDFC20-7D02-406B-AE7B-E8E3A792568A},edited,map_y,2220462.378,2220462.398,Point Lay,1402,1347
{62CC57DA-769A-48CA-AC8A-2338BE283096},edited,map_x,331735.8828,331734.6314,Chenega,383,361
{62CC57DA-769A-48CA-AC8A-2338BE283096},edited,map_y,1134600.512,1134600.625,Chenega,383,361
{62EAA10A-C62B-41F4-914C-0D161B46FE25},edited,map_x,592354.7833,592353.5208,Chicken,399,376
{62EAA10A-C62B-41F4-914C-0D161B46FE25},edited,map_y,1619741.142,1619741.229,Chicken,399,376
{63033420-1BE9-4793-99BA-20FB95E2F16F},edited,map_x,-187730.7409,-187731.9565,New Stuyahok,1205,1160
{63033420-1BE9-4793-99BA-20FB95E2F16F},edited,map_y,1055493.635,1055493.761,New Stuyahok,1205,1160
{63074EC4-7211-4F0E-AB39-1F4E107E73F9},edited,map_x,215469.0043,215467.7618,Anchorage,229,221
{63074EC4-7211-4F0E-AB39-1F4E107E73F9},edited,map_y,1248564.11,1248564.217,Anchorage,229,221
{6326F4C4-82C0-47FA-8A97-704CCB99399C},edited,map_x,212693.2795,212692.0135,Prudhoe Bay,1441,1383
{6326F4C4-82C0-47FA-8A97-704CCB99399C},edited,map_y,2255344.252,2255344.288,Prudhoe Bay,1441,1383
{63499130-C393-4124-906B-08DA99CA5EB8},edited,map_x,1040622.416,1040621.137,Haines,732,699
{63499130-C393-4124-906B-08DA99CA5EB8},edited,map_y,1173003.234,1173003.337,Haines,732,699
{63A1EA3E-67AB-4F08-96E2-50D651BB69F1},edited,map_x,-371715.2465,-371716.4422,Tuluksak,1721,1655
{63A1EA3E-67AB-4F08-96E2-50D651BB69F1},edited,map_y,1253438.383,1253438.494,Tuluksak,1721,1655
{63BAA6C9-41C2-4CA4-B62A-AF5EF7028433},edited,map_x,-255119.7198,-255120.9306,Dillingham,1867,1796
{63BAA6C9-41C2-4CA4-B62A-AF5EF7028433},edited,map_y,1013466.946,1013467.077,Dillingham,1867,1796
{63C5CA7F-C393-4342-8E80-D7F62055405D},edited,map_x,123022.5008,123021.2609,Port Graham,1422,1366
{63C5CA7F-C393-4342-8E80-D7F62055405D},edited,map_y,1041648.473,1041648.595,Port Graham,1422,1366
{63C660C1-0960-4011-81E0-33F443CB730D},edited,map_x,-324098.2311,-324099.4331,Koyukuk,1081,1043
{63C660C1-0960-4011-81E0-33F443CB730D},edited,map_y,1797629.313,1797629.372,Koyukuk,1081,1043
{63D13EF4-A0F0-4895-B5BD-141FD7541375},edited,map_x,-195482.226,-195483.4373,Nulato,1315,1263
{63D13EF4-A0F0-4895-B5BD-141FD7541375},edited,map_y,1646061.453,1646061.528,Nulato,1315,1263
{63F62819-A90B-4541-A5A3-05D54AEF64DC},edited,map_x,-338319.2359,-338320.4345,Koyuk,1072,1034
{63F62819-A90B-4541-A5A3-05D54AEF64DC},edited,map_y,1681735.826,1681735.896,Koyuk,1072,1034
{64002474-A125-43D0-96CD-5DD07E87A726},edited,map_x,432816.0899,432814.8318,,60,60
{64002474-A125-43D0-96CD-5DD07E87A726},edited,map_y,1074440.119,1074440.234,,60,60
{641F930A-86F7-4774-BE98-C59AF457B2F1},edited,map_x,-5567.548213,-5568.775724,,85,85
{641F930A-86F7-4774-BE98-C59AF457B2F1},edited,map_y,1680701.41,1680701.485,,85,85
{643042A2-CA9E-4BF2-B2DA-99F186999078},edited,map_x,66110.50312,66109.26283,Port Lions,1436,1378
{643042A2-CA9E-4BF2-B2DA-99F186999078},edited,map_y,874546.0466,874546.1815,Port Lions,1436,1378
{645417DA-4F8B-4031-A517-C48025BF221B},edited,map_x,-556817.1221,-556818.301,Kipnuk,985,947
{645417DA-4F8B-4031-A517-C48025BF221B},edited,map_y,1147840.936,1147841.06,Kipnuk,985,947
{646135BE-4BDA-41E6-BB75-8D7817C4BD00},edited,map_x,-337805.5233,-337806.722,Koyuk,1077,1039
{646135BE-4BDA-41E6-BB75-8D7817C4BD00},edited,map_y,1681707.586,1681707.656,Koyuk,1077,1039
{646C9FA3-4B5F-4C6C-ABE9-8F27FA0B7280},edited,map_x,1144467.57,1144466.285,Angoon,240,232
{646C9FA3-4B5F-4C6C-ABE9-8F27FA0B7280},edited,map_y,1001261.799,1001261.902,Angoon,240,232
{64761B55-BBD0-4736-A66B-237FD41E4C18},edited,map_x,222387.5597,222386.3168,Anchorage,178,170
{64761B55-BBD0-4736-A66B-237FD41E4C18},edited,map_y,1256137.834,1256137.941,Anchorage,178,170
{650F4992-AB58-4A98-BEBB-C20F649E0733},edited,map_x,222949.7304,222948.4874,Anchorage,205,197
{650F4992-AB58-4A98-BEBB-C20F649E0733},edited,map_y,1252814.693,1252814.8,Anchorage,205,197
{653555F4-0E48-4EEC-B326-6042DDD62DC0},edited,map_x,129892.6652,129891.4251,Seldovia,1551,1490
{653555F4-0E48-4EEC-B326-6042DDD62DC0},edited,map_y,1052087.943,1052088.065,Seldovia,1551,1490
{6553CDC8-80FA-4178-8880-C3D596370C35},edited,map_x,-433094.9127,-433096.1029,Napakiak,1187,1144
{6553CDC8-80FA-4178-8880-C3D596370C35},edited,map_y,1215943.164,1215943.279,Napakiak,1187,1144
{655E73A8-FE86-45FD-98CC-00AD1AE0EB19},edited,map_x,1122003.006,1122001.723,Juneau,854,819
{655E73A8-FE86-45FD-98CC-00AD1AE0EB19},edited,map_y,1094198.855,1094198.957,Juneau,854,819
{659310D0-09A0-45D3-AF45-AA1F2A9E1F62},edited,map_x,-107976.8569,-107978.0796,Igiugig,811,777
{659310D0-09A0-45D3-AF45-AA1F2A9E1F62},edited,map_y,1038435.406,1038435.533,Igiugig,811,777
{65DFB897-7E85-4456-850D-913C7D010004},edited,map_x,208485.0702,208483.8283,Wasilla,1816,1745
{65DFB897-7E85-4456-850D-913C7D010004},edited,map_y,1276895.783,1276895.888,Wasilla,1816,1745
{6640F7BB-49A4-49F4-A25C-85DF1B38168B},edited,map_x,-50873.31934,-50874.54551,Iliamna,832,797
{6640F7BB-49A4-49F4-A25C-85DF1B38168B},edited,map_y,1085384.462,1085384.584,Iliamna,832,797
{664F9327-5294-4681-9F68-2784A1F806E8},edited,map_x,-62807.42454,-62808.65177,,49,49
{664F9327-5294-4681-9F68-2784A1F806E8},edited,map_y,997092.0788,997092.2077,,49,49
{6651A82C-CC4D-434F-9688-2F9309674D16},edited,map_x,213306.9492,213305.6831,,34,34
{6651A82C-CC4D-434F-9688-2F9309674D16},edited,map_y,2256100.23,2256100.266,,34,34
{666AF2B3-097B-4007-AC06-0BEC7A92A08C},edited,map_x,-277612.8378,-277614.0416,Chuathbaluk,425,401
{666AF2B3-097B-4007-AC06-0BEC7A92A08C},edited,map_y,1299281.189,1299281.295,Chuathbaluk,425,401
{666BC5EF-1172-49EF-A5E7-FAF1437217D0},edited,map_x,158710.6249,158709.3861,Eklutna,558,529
{666BC5EF-1172-49EF-A5E7-FAF1437217D0},edited,map_y,1248448.737,1248448.845,Eklutna,558,529
{66A8B98E-8DF9-476D-8B05-5CAA90850960},edited,map_x,489580.4005,489579.1432,Dot Lake,519,490
{66A8B98E-8DF9-476D-8B05-5CAA90850960},edited,map_y,1557987.158,1557987.248,Dot Lake,519,490
{66D787F9-17BE-4A5B-8890-8AC36424CD55},edited,map_x,-862341.6777,-862342.8181,Gambell,695,662
{66D787F9-17BE-4A5B-8890-8AC36424CD55},edited,map_y,1650476,1650476.067,Gambell,695,662
{66E08F69-68FD-40AD-99B3-7A2007C0697D},edited,map_x,-970089.8179,-970090.9559,Saint Paul Island,1510,1450
{66E08F69-68FD-40AD-99B3-7A2007C0697D},edited,map_y,913836.6161,913836.7764,Saint Paul Island,1510,1450
{66EF6F7E-91BA-4537-8B1E-897ADBAE771C},edited,map_x,-299030.9544,-299032.1557,Holy Cross,749,716
{66EF6F7E-91BA-4537-8B1E-897ADBAE771C},edited,map_y,1370969.232,1370969.331,Holy Cross,749,716
{6703BC9D-F2E8-4C08-A4D3-CEB43610384B},edited,map_x,-292715.0174,-292716.2198,Aniak,255,246
{6703BC9D-F2E8-4C08-A4D3-CEB43610384B},edited,map_y,1300571.847,1300571.953,Aniak,255,246
{67812973-1F5E-4F2F-9E8E-A8FEDA823FAF},edited,map_x,-578651.3819,-578652.5567,Teller,1682,1619
{67812973-1F5E-4F2F-9E8E-A8FEDA823FAF},edited,map_y,1762717.206,1762717.264,Teller,1682,1619
{678A81B7-2420-44FE-AABF-C45E6E48CC82},edited,map_x,-130242.6497,-130243.8921,Point Lay,1407,1352
{678A81B7-2420-44FE-AABF-C45E6E48CC82},edited,map_y,2281046.278,2281046.3,Point Lay,1407,1352
{679C1FC6-00CF-4BC3-93B7-21630B847652},edited,map_x,367689.0506,367687.7954,Birch Creek,334,319
{679C1FC6-00CF-4BC3-93B7-21630B847652},edited,map_y,1834392.214,1834392.285,Birch Creek,334,319
{679E2DA1-DC50-426B-B1F2-F6DC8D2DB1AD},edited,map_x,450718.2656,450717.0104,Gakona,673,642
{679E2DA1-DC50-426B-B1F2-F6DC8D2DB1AD},edited,map_y,1403653.194,1403653.292,Gakona,673,642
{67A427B8-24AF-46E3-82E0-0740A89A2760},edited,map_x,-766745.1069,-766746.2845,Akutan,116,116
{67A427B8-24AF-46E3-82E0-0740A89A2760},edited,map_y,525949.9811,525950.1794,Akutan,116,116
{683148F1-46BD-434C-AB08-C53F625B71F6},edited,map_x,-267210.0497,-267211.2587,Selawik,1544,1483
{683148F1-46BD-434C-AB08-C53F625B71F6},edited,map_y,1861705.51,1861705.564,Selawik,1544,1483
{683F0B16-0349-48D4-94B5-27C2D5DCB65B},edited,map_x,150639.064,150637.8247,Kenai,941,903
{683F0B16-0349-48D4-94B5-27C2D5DCB65B},edited,map_y,1178999.386,1178999.499,Kenai,941,903
{68CEEBF4-3767-4E8A-8301-6323FA775299},edited,map_x,1296248.052,1296246.76,Craig,475,447
{68CEEBF4-3767-4E8A-8301-6323FA775299},edited,map_y,813682.892,813682.9912,Craig,475,447
{68FC80A6-76F3-461C-B2C9-691F86D13882},edited,map_x,-504396.3254,-504397.5067,Mountain Village,1170,1127
{68FC80A6-76F3-461C-B2C9-691F86D13882},edited,map_y,1382673.505,1382673.604,Mountain Village,1170,1127
{697E1F9D-6660-4785-A1A5-3883D9ED9847},edited,map_x,143963.3334,143962.0949,Kenai,939,901
{697E1F9D-6660-4785-A1A5-3883D9ED9847},edited,map_y,1196347.857,1196347.969,Kenai,939,901
{69923A6C-9EA5-47E9-9D52-5380195961B2},edited,map_x,367552.5968,367551.3438,,22,22
{69923A6C-9EA5-47E9-9D52-5380195961B2},edited,map_y,1733396.487,1733396.564,,22,22
{699323F4-730E-4B7A-9FCE-3485E983A725},edited,map_x,445855.9606,445854.7055,Tazlina,1672,1609
{699323F4-730E-4B7A-9FCE-3485E983A725},edited,map_y,1369728.737,1369728.836,Tazlina,1672,1609
{69EA3EB2-DC90-4B6E-9FB4-5A0E23225411},edited,map_x,1251325.519,1251324.229,Edna Bay,534,505
{69EA3EB2-DC90-4B6E-9FB4-5A0E23225411},edited,map_y,854978.371,854978.4717,Edna Bay,534,505
{69EE33D2-8A4D-4652-A816-1E3DE66C69A4},edited,map_x,-544550.6171,-544551.7944,Nome,1254,1209
{69EE33D2-8A4D-4652-A816-1E3DE66C69A4},edited,map_y,1661685.27,1661685.339,Nome,1254,1209
{69EE9C79-67EB-416E-9868-DDF61D587BF5},edited,map_x,-476671.9745,-476673.1586,Saint Mary's,1489,1431
{69EE9C79-67EB-416E-9868-DDF61D587BF5},edited,map_y,1374704.254,1374704.353,Saint Mary's,1489,1431
{6A12D0A8-816C-47B5-9A9D-934875250393},edited,map_x,-283121.0488,-283122.2642,Port Heiden,1426,1370
{6A12D0A8-816C-47B5-9A9D-934875250393},edited,map_y,778469.9717,778470.1247,Port Heiden,1426,1370
{6A226C6A-23B9-4C71-923E-F34176506FF2},edited,map_x,252138.637,252137.3905,Seward,1560,1499
{6A226C6A-23B9-4C71-923E-F34176506FF2},edited,map_y,1135696.962,1135697.076,Seward,1560,1499
{6A6FAD87-D981-43FB-B310-DD4E6D7E5005},edited,map_x,-282231.5648,-282232.7736,Kiana,962,924
{6A6FAD87-D981-43FB-B310-DD4E6D7E5005},edited,map_y,1903971.16,1903971.21,Kiana,962,924
{6A7E5E6F-FF46-455D-88CD-E1A277E01EA5},edited,map_x,454363.6929,454362.4318,Chalkyitsik,363,344
{6A7E5E6F-FF46-455D-88CD-E1A277E01EA5},edited,map_y,1889761.352,1889761.421,Chalkyitsik,363,344
{6A9CD630-686F-474E-9CE9-6031808EFEC7},edited,map_x,1076564.583,1076563.301,Hoonah,772,739
{6A9CD630-686F-474E-9CE9-6031808EFEC7},edited,map_y,1052343.1,1052343.204,Hoonah,772,739
{6AB69FE3-8865-4F3E-929D-ADAA25394B3E},edited,map_x,549264.5847,549263.3247,Tok,1706,1642
{6AB69FE3-8865-4F3E-929D-ADAA25394B3E},edited,map_y,1530758.414,1530758.505,Tok,1706,1642
{6B2DF7B5-09D6-4DC1-81C3-144F567B9178},edited,map_x,-336030.7776,-336031.9761,Kalskag,896,858
{6B2DF7B5-09D6-4DC1-81C3-144F567B9178},edited,map_y,1299112.014,1299112.12,Kalskag,896,858
{6B4CEA61-E604-4CD0-A2A2-70252B01E764},edited,map_x,-292239.4743,-292240.6768,Aniak,1868,1797
{6B4CEA61-E604-4CD0-A2A2-70252B01E764},edited,map_y,1301025.332,1301025.438,Aniak,1868,1797
{6B8B493B-8184-4051-A68A-5E838AE19317},edited,map_x,-492266.8028,-492267.9884,Kongiganak,1044,1006
{6B8B493B-8184-4051-A68A-5E838AE19317},edited,map_y,1141050.475,1141050.598,Kongiganak,1044,1006
{6B8D0DD4-3D0D-4B97-8BBD-AB4B3D7333DF},edited,map_x,-542306.8769,-542308.0538,Alakanuk,120,120
{6B8D0DD4-3D0D-4B97-8BBD-AB4B3D7333DF},edited,map_y,1456185.826,1456185.917,Alakanuk,120,120
{6BA7F264-7B69-4DB3-9C00-22810922225F},edited,map_x,1145712.382,1145711.097,Angoon,242,234
{6BA7F264-7B69-4DB3-9C00-22810922225F},edited,map_y,1000988.917,1000989.02,Angoon,242,234
{6BF83DA9-AFD6-420C-BA70-0BCC46214100},edited,map_x,390654.2342,390652.9768,Fort Yukon,656,627
{6BF83DA9-AFD6-420C-BA70-0BCC46214100},edited,map_y,1870563.453,1870563.522,Fort Yukon,656,627
{6BFD6489-5B36-4DC3-B14C-F950751A2138},edited,map_x,141733.0773,141731.8369,Homer,756,723
{6BFD6489-5B36-4DC3-B14C-F950751A2138},edited,map_y,1074958.957,1074959.077,Homer,756,723
{6C13BFD5-738C-446F-9571-94F911FE6187},edited,map_x,1256657.953,1256656.665,Ketchikan,950,912
{6C13BFD5-738C-446F-9571-94F911FE6187},edited,map_y,948067.0814,948067.1817,Ketchikan,950,912
{6C1A4CF5-8F39-4798-9B02-FF6DDAE8AD0A},edited,map_x,-529816.2603,-529817.4598,King Cove,976,938
{6C1A4CF5-8F39-4798-9B02-FF6DDAE8AD0A},edited,map_y,593945.0613,593945.2413,King Cove,976,938
{6C1F0595-0E71-4B73-93E4-3141333E00A4},edited,map_x,1105528.949,1105527.667,Juneau,856,821
{6C1F0595-0E71-4B73-93E4-3141333E00A4},edited,map_y,1093753.815,1093753.918,Juneau,856,821
{6C27264B-0B0D-4D54-8E6E-15F1518AAFC9},edited,map_x,-431792.6723,-431793.8661,Goodnews Bay,713,680
{6C27264B-0B0D-4D54-8E6E-15F1518AAFC9},edited,map_y,1038423.553,1038423.685,Goodnews Bay,713,680
{6C28B2E0-7583-4FB4-9B04-A8A26BA310F3},edited,map_x,214149.141,214147.8986,Anchorage,172,164
{6C28B2E0-7583-4FB4-9B04-A8A26BA310F3},edited,map_y,1252341.52,1252341.627,Anchorage,172,164
{6CC77A07-14DE-4D62-824B-C2858DC4D5FC},edited,map_x,-358155.5286,-358156.7298,Twin Hills,1742,1673
{6CC77A07-14DE-4D62-824B-C2858DC4D5FC},edited,map_y,1025765.891,1025766.023,Twin Hills,1742,1673
{6CE5C5C5-1A21-4866-8D92-163EB710A180},edited,map_x,94848.51712,94847.27454,Kodiak,1021,983
{6CE5C5C5-1A21-4866-8D92-163EB710A180},edited,map_y,866262.6356,866262.7702,Kodiak,1021,983
{6D2C0D30-6E8C-4094-B60B-FE6B27FAA8CF},edited,map_x,254048.7196,254047.473,Seward,1561,1500
{6D2C0D30-6E8C-4094-B60B-FE6B27FAA8CF},edited,map_y,1140002.654,1140002.768,Seward,1561,1500
{6D4B4A33-4BA6-4F24-B682-8F598BC19947},edited,map_x,60949.39358,60948.15754,Klawock,1006,968
{6D4B4A33-4BA6-4F24-B682-8F598BC19947},edited,map_y,1844160.62,1844160.683,Klawock,1006,968
{6D5FB766-9E15-45A9-A918-04328EFE0E7F},edited,map_x,215943.0356,215941.793,Anchorage,217,209
{6D5FB766-9E15-45A9-A918-04328EFE0E7F},edited,map_y,1250316.329,1250316.436,Anchorage,217,209
{6D77D3CE-1656-4DE0-82E1-B4E58334CEC1},edited,map_x,302618.4292,302617.1809,Fort Wainwright,645,616
{6D77D3CE-1656-4DE0-82E1-B4E58334CEC1},edited,map_y,1667966.943,1667967.023,Fort Wainwright,645,616
{6DDFF002-8AD8-4274-9BB0-7EC701513845},edited,map_x,1326190.222,1326188.931,Thorne Bay,1697,1633
{6DDFF002-8AD8-4274-9BB0-7EC701513845},edited,map_y,846728.7244,846728.8225,Thorne Bay,1697,1633
{6E246E33-5F7D-4CA3-B421-60A0EF328649},edited,map_x,-175385.0675,-175386.2802,Red Devil,1463,1405
{6E246E33-5F7D-4CA3-B421-60A0EF328649},edited,map_y,1316122.964,1316123.068,Red Devil,1463,1405
{6E5C4B48-52F2-45E9-BFA5-C7CCE180C9F9},edited,map_x,1388250.904,1388249.612,Ketchikan,958,920
{6E5C4B48-52F2-45E9-BFA5-C7CCE180C9F9},edited,map_y,828868.5186,828868.6143,Ketchikan,958,920
{6E70E987-0982-4AC4-AADD-CF8730C1B329},edited,map_x,-495839.2451,-495840.4294,,15,15
{6E70E987-0982-4AC4-AADD-CF8730C1B329},edited,map_y,1788347.251,1788347.308,,15,15
{6E789582-AAC2-485A-B989-37C7DF0A9867},edited,map_x,254891.0796,254889.8357,Cantwell,354,335
{6E789582-AAC2-485A-B989-37C7DF0A9867},edited,map_y,1501067.996,1501068.086,Cantwell,354,335
{6E8C9118-7533-452B-9658-1DC4DFD6FA05},edited,map_x,474380.855,474379.5981,Glennallen,703,670
{6E8C9118-7533-452B-9658-1DC4DFD6FA05},edited,map_y,1313655.119,1313655.221,Glennallen,703,670
{6EB566C2-0246-4043-B2DA-4488096CC6C6},edited,map_x,-446503.4266,-446504.6193,Platinum,1385,1331
{6EB566C2-0246-4043-B2DA-4488096CC6C6},edited,map_y,1028135.928,1028136.062,Platinum,1385,1331
{6EB6FBF9-7227-46E6-9566-9CDFE3039517},edited,map_x,1041919.009,1041917.729,Haines,731,698
{6EB6FBF9-7227-46E6-9566-9CDFE3039517},edited,map_y,1172814.235,1172814.338,Haines,731,698
{6EE0E40F-5A4C-4F71-BA4A-EF0463967C3F},edited,map_x,388327.2598,388326.0025,Fort Yukon,660,631
{6EE0E40F-5A4C-4F71-BA4A-EF0463967C3F},edited,map_y,1870815.554,1870815.623,Fort Yukon,660,631
{6EE1A097-EE5D-483C-B97B-60235650AA97},edited,map_x,1120057.939,1120056.657,Juneau,844,809
{6EE1A097-EE5D-483C-B97B-60235650AA97},edited,map_y,1094380.568,1094380.671,Juneau,844,809
{6EF0C04D-FA10-46F4-A9C4-91EC73504366},edited,map_x,-579012.9696,-579014.1444,Nightmute,1226,1181
{6EF0C04D-FA10-46F4-A9C4-91EC73504366},edited,map_y,1762765.256,1762765.314,Nightmute,1226,1181
{6F0B4405-777D-4F6C-A85C-D26FEB5C8373},edited,map_x,504542.3863,504541.128,Chitina,421,397
{6F0B4405-777D-4F6C-A85C-D26FEB5C8373},edited,map_y,1325777.902,1325778.004,Chitina,421,397
{6F3F14B7-DE1D-4467-A722-FE33DE5C3456},edited,map_x,1274431.359,1274430.071,,36,36
{6F3F14B7-DE1D-4467-A722-FE33DE5C3456},edited,map_y,935223.9312,935224.031,,36,36
{6F583D81-6839-467F-9E95-2BFB4381CCB2},edited,map_x,-45671.53026,-45672.75685,Iliamna,816,781
{6F583D81-6839-467F-9E95-2BFB4381CCB2},edited,map_y,1084491.008,1084491.13,Iliamna,816,781
{6FDF1AEA-54BB-4A5D-9141-CA3C6E257CB4},edited,map_x,225103.0713,225101.828,Anchorage,198,190
{6FDF1AEA-54BB-4A5D-9141-CA3C6E257CB4},edited,map_y,1242437.125,1242437.233,Anchorage,198,190
{6FE55817-54F1-4D23-9AA5-C0E1D138A819},edited,map_x,1113984.183,1113982.9,Juneau,862,827
{6FE55817-54F1-4D23-9AA5-C0E1D138A819},edited,map_y,1092366.997,1092367.1,Juneau,862,827
{6FFCF56E-AE3D-44CF-A8C6-62083A75AD34},edited,map_x,-27.9358362,-29.17247789,Larsen Bay,1098,1060
{6FFCF56E-AE3D-44CF-A8C6-62083A75AD34},edited,map_y,836287.1645,836287.304,Larsen Bay,1098,1060
{7010ACCB-CD36-42F3-B74C-6B7F199CB2DE},edited,map_x,1324922.157,1324920.865,Hollis,747,714
{7010ACCB-CD36-42F3-B74C-6B7F199CB2DE},edited,map_y,823441.3544,823441.4525,Hollis,747,714
{7038E498-0B28-4CEC-9C24-3F94EE184F85},edited,map_x,402562.5515,402561.2984,Delta Junction,500,471
{7038E498-0B28-4CEC-9C24-3F94EE184F85},edited,map_y,1588318.947,1588319.033,Delta Junction,500,471
{707557AC-2FD8-459E-93CE-C5109AF191DD},edited,map_x,93835.42271,93834.18019,Kodiak,1032,994
{707557AC-2FD8-459E-93CE-C5109AF191DD},edited,map_y,865924.6852,865924.8199,Kodiak,1032,994
{70972937-9205-4869-88C9-F47DBC3ADEA7},edited,map_x,215144.105,215142.8387,Prudhoe Bay,1449,1391
{70972937-9205-4869-88C9-F47DBC3ADEA7},edited,map_y,2257355.379,2257355.415,Prudhoe Bay,1449,1391
{709D5E3C-6F2B-4AB9-B183-AE95F5889E26},edited,map_x,235908.495,235907.2513,Eagle River,533,504
{709D5E3C-6F2B-4AB9-B183-AE95F5889E26},edited,map_y,1265843.701,1265843.807,Eagle River,533,504
{70BB636F-D062-4A27-A409-C97B7E62A741},edited,map_x,-447595.2088,-447596.3964,White Mountain,1824,1753
{70BB636F-D062-4A27-A409-C97B7E62A741},edited,map_y,1667579.402,1667579.472,White Mountain,1824,1753
{711EA1EB-4271-4CCB-B942-0EE7EBF7C038},edited,map_x,94953.69384,94952.44892,Anaktuvuk Pass,153,152
{711EA1EB-4271-4CCB-B942-0EE7EBF7C038},edited,map_y,2021895.781,2021895.831,Anaktuvuk Pass,153,152
{7170A605-FFC2-47EF-AEDC-440948DAFE5D},edited,map_x,-611120.7155,-611121.8859,Chevak,393,371
{7170A605-FFC2-47EF-AEDC-440948DAFE5D},edited,map_y,1336778.814,1336778.918,Chevak,393,371
{7194E7D0-61E4-4529-9365-D335C386020F},edited,map_x,155570.1618,155568.9221,Soldotna,1629,1567
{7194E7D0-61E4-4529-9365-D335C386020F},edited,map_y,1170543.677,1170543.79,Soldotna,1629,1567
{71A53B1D-97A9-40E4-BD9D-A9C1956FE6E9},edited,map_x,295972.2337,295970.9824,Beaver,304,290
{71A53B1D-97A9-40E4-BD9D-A9C1956FE6E9},edited,map_y,1837179.525,1837179.594,Beaver,304,290
{71B2729A-1D1D-4425-A8C9-0B2EE92A5A23},edited,map_x,-280059.0289,-280060.2471,Chignik Lagoon,414,391
{71B2729A-1D1D-4425-A8C9-0B2EE92A5A23},edited,map_y,709702.3808,709702.5398,Chignik Lagoon,414,391
{71E15B58-4B6E-4550-B046-0061972C68C1},edited,map_x,295080.8201,295079.5723,Fairbanks,588,559
{71E15B58-4B6E-4550-B046-0061972C68C1},edited,map_y,1666380.462,1666380.542,Fairbanks,588,559
{71EC5B24-7855-441C-A05D-9F2E5682E052},edited,map_x,449482.0562,449480.7994,Cordova,462,434
{71EC5B24-7855-441C-A05D-9F2E5682E052},edited,map_y,1201027.799,1201027.907,Cordova,462,434
{71EF2656-042E-4F42-A78D-E48CD254C0EB},edited,map_x,447101.6607,447100.4049,Valdez,1787,1716
{71EF2656-042E-4F42-A78D-E48CD254C0EB},edited,map_y,1275222.003,1275222.108,Valdez,1787,1716
{720D43B6-8FEC-4D1D-A5CD-FBBE51863E44},edited,map_x,547297.5936,547296.3337,Tok,1709,1645
{720D43B6-8FEC-4D1D-A5CD-FBBE51863E44},edited,map_y,1530740.087,1530740.178,Tok,1709,1645
{721D7D28-9E11-4A58-A705-BE3CBA892C42},edited,map_x,-316242.3944,-316243.5939,Anvik,259,250
{721D7D28-9E11-4A58-A705-BE3CBA892C42},edited,map_y,1423307.565,1423307.659,Anvik,259,250
{721F79AC-0E90-4CB1-85AC-8A9BE73E51DE},edited,map_x,-492983.9572,-492985.1427,Kongiganak,1045,1007
{721F79AC-0E90-4CB1-85AC-8A9BE73E51DE},edited,map_y,1140967.854,1140967.978,Kongiganak,1045,1007
{7232E8F4-5E65-4714-8708-386B0CA2CA09},edited,map_x,235277.893,235276.6494,Nenana,1203,1158
{7232E8F4-5E65-4714-8708-386B0CA2CA09},edited,map_y,1630587.84,1630587.922,Nenana,1203,1158
{72365B62-C5FD-4862-96DB-CC1CB42EF93F},edited,map_x,449272.7426,449271.4858,Cordova,461,433
{72365B62-C5FD-4862-96DB-CC1CB42EF93F},edited,map_y,1201951.052,1201951.16,Cordova,461,433
{72CC1CF3-EBE3-4E3B-9B08-97203635FA45},edited,map_x,-280059.0289,-280060.2471,Chignik Lagoon,413,390
{72CC1CF3-EBE3-4E3B-9B08-97203635FA45},edited,map_y,709702.3808,709702.5398,Chignik Lagoon,413,390
{72D561CA-BBAD-4D27-A4F4-0FC17DF9CAD6},edited,map_x,60408.57521,60407.33916,Allakaket,133,133
{72D561CA-BBAD-4D27-A4F4-0FC17DF9CAD6},edited,map_y,1845723.51,1845723.573,Allakaket,133,133
{72E67206-F008-47E9-AE98-4C85EAD98765},edited,map_x,-446979.9096,-446981.0982,Kipnuk,988,950
{72E67206-F008-47E9-AE98-4C85EAD98765},edited,map_y,1236015.261,1236015.375,Kipnuk,988,950
{72FC3FC4-C253-4EB8-92A4-8219876AD426},edited,map_x,-492983.9572,-492985.1427,Kongiganak,1046,1008
{72FC3FC4-C253-4EB8-92A4-8219876AD426},edited,map_y,1140967.854,1140967.978,Kongiganak,1046,1008
{733759D7-CB44-4A5E-A706-DE653583CF62},edited,map_x,115482.5483,115481.2887,Nuiqsut,1295,1249
{733759D7-CB44-4A5E-A706-DE653583CF62},edited,map_y,2250867.483,2250867.516,Nuiqsut,1295,1249
{73551016-2EBE-4AB7-B7E5-ABD8942D3FD0},edited,map_x,433988.3369,433987.0786,,64,64
{73551016-2EBE-4AB7-B7E5-ABD8942D3FD0},edited,map_y,1074576.344,1074576.459,,64,64
{73ACA469-578C-476D-86A7-11DD7C982D20},edited,map_x,-442355.097,-442356.2872,Eek,538,509
{73ACA469-578C-476D-86A7-11DD7C982D20},edited,map_y,1163525.576,1163525.697,Eek,538,509
{73C63010-C645-41DF-8242-C6D3424317F8},edited,map_x,-459486.5923,-459487.7796,Kasigluk,918,880
{73C63010-C645-41DF-8242-C6D3424317F8},edited,map_y,1241871.846,1241871.959,Kasigluk,918,880
{73C651AE-524C-42B2-8796-9953020DF11F},edited,map_x,288188.072,288186.8244,Whittier,1869,1798
{73C651AE-524C-42B2-8796-9953020DF11F},edited,map_y,1210201.125,1210201.234,Whittier,1869,1798
{73E14F94-CC4A-4023-8BB4-D48EE37FA854},edited,map_x,1113984.183,1113982.9,Juneau,859,824
{73E14F94-CC4A-4023-8BB4-D48EE37FA854},edited,map_y,1092366.997,1092367.1,Juneau,859,824
{73EF2225-6598-4DE7-AFC3-A4F4A4A8712F},edited,map_x,57862.39039,57861.15457,Alatna,124,124
{73EF2225-6598-4DE7-AFC3-A4F4A4A8712F},edited,map_y,1844627.844,1844627.907,Alatna,124,124
{73FD0062-5B5A-4BB4-A9C6-33FD2843A69A},edited,map_x,449164.431,449163.1742,Cordova,469,441
{73FD0062-5B5A-4BB4-A9C6-33FD2843A69A},edited,map_y,1200878.118,1200878.227,Cordova,469,441
{7413849C-F5C7-4FDF-A3E3-E95447A0C807},edited,map_x,220316.3438,220315.101,Anchorage,234,226
{7413849C-F5C7-4FDF-A3E3-E95447A0C807},edited,map_y,1255386.206,1255386.313,Anchorage,234,226
{743459E3-FCB1-4860-9E07-61BE3B6A04B3},edited,map_x,-579012.9696,-579014.1444,Stebbins,1639,1577
{743459E3-FCB1-4860-9E07-61BE3B6A04B3},edited,map_y,1762765.256,1762765.314,Stebbins,1639,1577
{7468E915-540F-4DD3-9191-E29646D8AD4F},edited,map_x,-151970.5375,-151971.7583,King Salmon,981,943
{7468E915-540F-4DD3-9191-E29646D8AD4F},edited,map_y,967661.1307,967661.2638,King Salmon,981,943
{748B2C47-6F53-4F18-A713-48B459244BC0},edited,map_x,-533259.9007,-533261.0786,Emmonak,578,549
{748B2C47-6F53-4F18-A713-48B459244BC0},edited,map_y,1465102.943,1465103.033,Emmonak,578,549
{75230271-32F6-4C6D-BA8E-F99D7D6D6098},edited,map_x,634865.6498,634864.3837,Cape Yakataga,359,340
{75230271-32F6-4C6D-BA8E-F99D7D6D6098},edited,map_y,1176609.319,1176609.426,Cape Yakataga,359,340
{75270031-386E-446D-8718-2254299400DD},edited,map_x,-45087.82971,-45089.05709,Kokhanok,1035,997
{75270031-386E-446D-8718-2254299400DD},edited,map_y,1049394.359,1049394.484,Kokhanok,1035,997
{753FD735-3081-4808-8B14-73A0463F3BC5},edited,map_x,-366802.073,-366803.2734,Togiak,1698,1634
{753FD735-3081-4808-8B14-73A0463F3BC5},edited,map_y,1024525.196,1024525.328,Togiak,1698,1634
{75434559-4B67-4F44-8A49-86D22C40CFFA},edited,map_x,433988.3369,433987.0786,,66,66
{75434559-4B67-4F44-8A49-86D22C40CFFA},edited,map_y,1074576.344,1074576.459,,66,66
{75668C60-1872-4D4C-8044-F1DD5491AC2A},edited,map_x,222090.5336,222089.2907,Anchorage,233,225
{75668C60-1872-4D4C-8044-F1DD5491AC2A},edited,map_y,1255339.484,1255339.591,Anchorage,233,225
{759C64F5-DB1B-455D-85C0-2F0F02803E51},edited,map_x,1199748.756,1199747.469,Kake,869,834
{759C64F5-DB1B-455D-85C0-2F0F02803E51},edited,map_y,956250.7481,956250.8499,Kake,869,834
{75D73E2E-6972-443E-B451-01F8EC0448D5},edited,map_x,-76570.56849,-76571.78981,Lime Village,1108,1068
{75D73E2E-6972-443E-B451-01F8EC0448D5},edited,map_y,1264789.233,1264789.34,Lime Village,1108,1068
{76B6513B-5CFF-4872-96F9-6D2907D54615},edited,map_x,1036221.107,1036219.824,Pelican,1356,1304
{76B6513B-5CFF-4872-96F9-6D2907D54615},edited,map_y,1023873.87,1023873.975,Pelican,1356,1304
{76F94D91-B7A2-4F41-A8D4-BC17A1AECA17},edited,map_x,224521.7494,224520.5063,Anchorage,210,202
{76F94D91-B7A2-4F41-A8D4-BC17A1AECA17},edited,map_y,1253604.591,1253604.698,Anchorage,210,202
{76FC16FB-A51A-44A4-BBB0-138C892695CB},edited,map_x,-266997.9965,-266999.2055,Selawik,1547,1486
{76FC16FB-A51A-44A4-BBB0-138C892695CB},edited,map_y,1861127.835,1861127.89,Selawik,1547,1486
{77011D21-7ADA-4557-BF17-0EA44E8DD280},edited,map_x,-557002.8007,-557003.9796,Kipnuk,984,946
{77011D21-7ADA-4557-BF17-0EA44E8DD280},edited,map_y,1147095.918,1147096.042,Kipnuk,984,946
{77333D69-86A6-415C-B007-BED39EBE37A6},edited,map_x,-420076.6866,-420077.878,Bethel,315,301
{77333D69-86A6-415C-B007-BED39EBE37A6},edited,map_y,1225702.443,1225702.557,Bethel,315,301
{775F9BF3-A84A-4D16-99F8-0FD90EB06CE5},edited,map_x,-459621.262,-459622.4492,Kasigluk,922,884
{775F9BF3-A84A-4D16-99F8-0FD90EB06CE5},edited,map_y,1239562.698,1239562.811,Kasigluk,922,884
{77612800-0D07-46EF-A3BD-AF20E41D610E},edited,map_x,-316199.9566,-316201.1561,Anvik,258,249
{77612800-0D07-46EF-A3BD-AF20E41D610E},edited,map_y,1423392.68,1423392.775,Anvik,258,249
{777BD506-2C38-4DFA-9680-7F5305C23F7B},edited,map_x,-313378.9433,-313380.1477,Anchorage,174,166
{777BD506-2C38-4DFA-9680-7F5305C23F7B},edited,map_y,1854667.82,1854667.874,Anchorage,174,166
{7786B49A-CFD5-4175-B3BC-4F71C71275F3},edited,map_x,449443.4664,449442.2112,Copper Center,459,431
{7786B49A-CFD5-4175-B3BC-4F71C71275F3},edited,map_y,1367553.217,1367553.316,Copper Center,459,431
{77B9E568-6D73-4FF3-B12F-9E3ED9120891},edited,map_x,-395257.2964,-395258.4918,Deering,495,466
{77B9E568-6D73-4FF3-B12F-9E3ED9120891},edited,map_y,1817396.263,1817396.32,Deering,495,466
{7811C706-626D-4B66-9F85-1F802EFF04D4},edited,map_x,-47708.64448,-47709.87043,Nondalton,1264,1219
{7811C706-626D-4B66-9F85-1F802EFF04D4},edited,map_y,1108899.519,1108899.639,Nondalton,1264,1219
{783EBD25-B5D8-4056-9E13-9080E10AD0E8},edited,map_x,-332473.7754,-332474.9735,Unalakleet,1762,1692
{783EBD25-B5D8-4056-9E13-9080E10AD0E8},edited,map_y,1562225.472,1562225.554,Unalakleet,1762,1692
{7862A45C-5E05-4C4F-B7FA-EBECBA73483E},edited,map_x,94538.54275,94537.2979,Anaktuvuk Pass,154,153
{7862A45C-5E05-4C4F-B7FA-EBECBA73483E},edited,map_y,2020929.304,2020929.354,Anaktuvuk Pass,154,153
{786F7C14-A6C6-4859-AA45-7085CDE46EE8},edited,map_x,224158.441,224157.1979,Anchorage,216,208
{786F7C14-A6C6-4859-AA45-7085CDE46EE8},edited,map_y,1252665.06,1252665.167,Anchorage,216,208
{787EC87D-7389-4E27-A739-748992563E44},edited,map_x,-972930.63,-972931.7678,Saint Paul,1506,1446
{787EC87D-7389-4E27-A739-748992563E44},edited,map_y,911786.1576,911786.3182,Saint Paul,1506,1446
{78AF0717-CE98-45E5-A347-D7BE6E9C97B8},edited,map_x,-394777.7246,-394778.9173,Elim,566,537
{78AF0717-CE98-45E5-A347-D7BE6E9C97B8},edited,map_y,1652177.795,1652177.867,Elim,566,537
{78B0D1D5-FF20-4A58-881C-647D1EFDD2B9},edited,map_x,388471.5254,388470.2681,Fort Yukon,650,621
{78B0D1D5-FF20-4A58-881C-647D1EFDD2B9},edited,map_y,1871258.863,1871258.932,Fort Yukon,650,621
{78CFC821-3DC6-4967-BE1E-BF74D043A62F},edited,map_x,1317290.275,1317288.985,Wrangell,1833,1762
{78CFC821-3DC6-4967-BE1E-BF74D043A62F},edited,map_y,896791.905,896792.0034,Wrangell,1833,1762
{78E87343-723A-45F8-9F57-CA9682B01C90},edited,map_x,262658.5433,262657.2976,Girdwood,698,665
{78E87343-723A-45F8-9F57-CA9682B01C90},edited,map_y,1230272.16,1230272.268,Girdwood,698,665
{78FF04C4-4FF5-44FB-9845-D1752F0F23FE},edited,map_x,-126738.9995,-126740.2219,Kobuk,1009,971
{78FF04C4-4FF5-44FB-9845-D1752F0F23FE},edited,map_y,1886163.958,1886164.014,Kobuk,1009,971
{796278F9-D4FE-4905-9377-0098410318CB},edited,map_x,-485922.1966,-485923.3802,,75,75
{796278F9-D4FE-4905-9377-0098410318CB},edited,map_y,1665750.627,1665750.697,,75,75
{797A3ACD-3784-4EEF-BE33-42B7DA4E9B69},edited,map_x,221741.6282,221740.3851,Anchorage,227,219
{797A3ACD-3784-4EEF-BE33-42B7DA4E9B69},edited,map_y,1244647.556,1244647.664,Anchorage,227,219
{79DEAD08-49F9-444F-9111-EFAC1EBFCDD1},edited,map_x,-281792.0502,-281793.2591,Kiana,966,928
{79DEAD08-49F9-444F-9111-EFAC1EBFCDD1},edited,map_y,1904507.048,1904507.098,Kiana,966,928
{7A04FB3B-C9C5-4C98-B74F-393C46715566},edited,map_x,-422815.5795,-422816.7692,Marshall,1135,1093
{7A04FB3B-C9C5-4C98-B74F-393C46715566},edited,map_y,1348153.707,1348153.809,Marshall,1135,1093
{7A15F83D-F6C9-40A8-ACC1-4D1B644A5224},edited,map_x,-11750.7797,-11752.00879,Hughes,796,763
{7A15F83D-F6C9-40A8-ACC1-4D1B644A5224},edited,map_y,1787507.107,1787507.173,Hughes,796,763
{7A206A94-00D4-4121-BA0A-35593A0FADDC},edited,map_x,-578651.3819,-578652.5567,Saint Michael,1499,1441
{7A206A94-00D4-4121-BA0A-35593A0FADDC},edited,map_y,1762717.206,1762717.264,Saint Michael,1499,1441
{7A3D0B3B-5FC9-4B1B-A087-222C99BD5703},edited,map_x,-175400.8503,-175402.0637,Koyukuk,1079,1041
{7A3D0B3B-5FC9-4B1B-A087-222C99BD5703},edited,map_y,1662758.424,1662758.498,Koyukuk,1079,1041
{7A634204-0D42-424E-B19E-058E52FB63DB},edited,map_x,1339190.486,1339189.194,Kasaan,914,876
{7A634204-0D42-424E-B19E-058E52FB63DB},edited,map_y,833629.2936,833629.3912,Kasaan,914,876
{7AC691F0-663D-4947-B5B2-783A7B0ADA02},edited,map_x,1455250.666,1455249.373,Metlakatla,1156,1113
{7AC691F0-663D-4947-B5B2-783A7B0ADA02},edited,map_y,801255.8249,801255.9179,Metlakatla,1156,1113
{7ADDFF04-A12F-4F20-9F36-FAD9B1F27C15},edited,map_x,150912.2128,150910.9736,Kenai,937,899
{7ADDFF04-A12F-4F20-9F36-FAD9B1F27C15},edited,map_y,1178450.486,1178450.598,Kenai,937,899
{7ADFD434-2937-469D-9454-AB530C9D44EE},edited,map_x,-442553.6266,-442554.8168,Eek,537,508
{7ADFD434-2937-469D-9454-AB530C9D44EE},edited,map_y,1163707.863,1163707.984,Eek,537,508
{7AFEC631-2122-4F7A-AA44-2584FAFBC1D0},edited,map_x,-969554.8827,-969556.0208,Saint Paul Island,1511,1451
{7AFEC631-2122-4F7A-AA44-2584FAFBC1D0},edited,map_y,913682.1947,913682.355,Saint Paul Island,1511,1451
{7B159976-97D0-498B-8D9A-99A0BDC3D898},edited,map_x,-530178.5633,-530179.7628,King Cove,973,935
{7B159976-97D0-498B-8D9A-99A0BDC3D898},edited,map_y,594189.2901,594189.4701,King Cove,973,935
{7B2C8A93-1209-4F1C-86B4-830CF883B118},edited,map_x,1078360.976,1078359.693,Hoonah,769,736
{7B2C8A93-1209-4F1C-86B4-830CF883B118},edited,map_y,1051858.646,1051858.75,Hoonah,769,736
{7B5BCFD2-7BED-41D4-9BC8-06B061D0765A},edited,map_x,-1537091.199,-1537092.279,Adak,100,100
{7B5BCFD2-7BED-41D4-9BC8-06B061D0765A},edited,map_y,471758.8723,471759.1195,Adak,100,100
{7B696AAD-579A-4E64-8A07-8E8A1EEEB9F2},edited,map_x,300045.1756,300043.9275,Fairbanks,610,581
{7B696AAD-579A-4E64-8A07-8E8A1EEEB9F2},edited,map_y,1666222.21,1666222.291,Fairbanks,610,581
{7B89ED61-3040-4FCE-8B1D-80E2A9444FBD},edited,map_x,410104.0386,410102.7856,,25,25
{7B89ED61-3040-4FCE-8B1D-80E2A9444FBD},edited,map_y,1519725.932,1519726.022,,25,25
{7BB86274-5C89-4083-9160-7B35466B0C5B},edited,map_x,-973643.9294,-973645.0671,Saint Paul,1503,1443
{7BB86274-5C89-4083-9160-7B35466B0C5B},edited,map_y,910651.2646,910651.4254,Saint Paul,1503,1443
{7BDCCAAA-AE32-4A90-A622-015CBC9E9CBE},edited,map_x,295768.7933,295767.5454,Fairbanks,597,568
{7BDCCAAA-AE32-4A90-A622-015CBC9E9CBE},edited,map_y,1668031.402,1668031.483,Fairbanks,597,568
{7C0A5075-DEE5-4F29-B64A-0D729DA587AC},edited,map_x,-227999.8703,-228001.0783,Kaltag,899,861
{7C0A5075-DEE5-4F29-B64A-0D729DA587AC},edited,map_y,1603816.2,1603816.278,Kaltag,899,861
{7C257586-80F1-486E-8553-C7820F24243E},edited,map_x,66246.24223,66245.00193,Port Lions,1435,1377
{7C257586-80F1-486E-8553-C7820F24243E},edited,map_y,874636.9746,874637.1094,Port Lions,1435,1377
{7C4C1CA2-B985-4749-9FD0-D2D21DBC3867},edited,map_x,-342282.9854,-342284.1997,Ivanof Bay,834,799
{7C4C1CA2-B985-4749-9FD0-D2D21DBC3867},edited,map_y,668922.153,668922.3179,Ivanof Bay,834,799
{7CD62740-2CC2-47F0-B0F9-2C76B695BC47},edited,map_x,1040264.373,1040263.094,Haines,735,702
{7CD62740-2CC2-47F0-B0F9-2C76B695BC47},edited,map_y,1174668.179,1174668.282,Haines,735,702
{7CD84E5B-2773-4604-800C-1C400D6AD79E},edited,map_x,153582.6632,153581.4246,Tyonek,1746,1676
{7CD84E5B-2773-4604-800C-1C400D6AD79E},edited,map_y,1235077.033,1235077.141,Tyonek,1746,1676
{7CF2C4CB-7FFF-4BA5-BCAD-B26DBAECFA39},edited,map_x,298087.2509,298086.0029,Fairbanks,614,585
{7CF2C4CB-7FFF-4BA5-BCAD-B26DBAECFA39},edited,map_y,1666951.826,1666951.907,Fairbanks,614,585
{7D5A2F92-603F-4A0C-A125-C4F4103E475E},edited,map_x,-993829.0368,-993830.1922,Nikolski,1234,1189
{7D5A2F92-603F-4A0C-A125-C4F4103E475E},edited,map_y,436859.2763,436859.4971,Nikolski,1234,1189
{7D5A8BD8-2EC3-4F0D-B29C-8A0C58165A4B},edited,map_x,-183042.2127,-183043.4281,Koliganek,1041,1003
{7D5A8BD8-2EC3-4F0D-B29C-8A0C58165A4B},edited,map_y,1086188.476,1086188.6,Koliganek,1041,1003
{7D5DD3B9-E5D6-45BD-B266-F9F00C019C01},edited,map_x,-310201.6565,-310202.8622,Noorvik,1870,1799
{7D5DD3B9-E5D6-45BD-B266-F9F00C019C01},edited,map_y,1891576.795,1891576.846,Noorvik,1870,1799
{7D8DADC6-63EA-4BF0-A33B-AF25CB5B3CBF},edited,map_x,-446323.0131,-446324.2167,Nelson Lagoon,1200,1155
{7D8DADC6-63EA-4BF0-A33B-AF25CB5B3CBF},edited,map_y,690249.2401,690249.4071,Nelson Lagoon,1200,1155
{7D987B23-D133-42DE-B929-973C9C816886},edited,map_x,-818278.5605,-818279.733,Dutch Harbor,522,493
{7D987B23-D133-42DE-B929-973C9C816886},edited,map_y,510428.098,510428.3006,Dutch Harbor,522,493
{7DAF9711-C096-4FF4-9D11-1669A43A122B},edited,map_x,-137028.269,-137029.4854,Galena,681,650
{7DAF9711-C096-4FF4-9D11-1669A43A122B},edited,map_y,1645731.692,1645731.768,Galena,681,650
{7DDAB030-F316-43A2-8F5A-E3D3249A6C49},edited,map_x,-130052.5116,-130053.754,Atqasuk,283,273
{7DDAB030-F316-43A2-8F5A-E3D3249A6C49},edited,map_y,2281036.469,2281036.492,Atqasuk,283,273
{7DEE60DC-CB05-47C2-A254-58789C9467D2},edited,map_x,-197149.2313,-197150.4464,Ekwok,561,532
{7DEE60DC-CB05-47C2-A254-58789C9467D2},edited,map_y,1044380.234,1044380.362,Ekwok,561,532
{7E0F11B3-4341-4BBB-BAD4-E3A3F00A110A},edited,map_x,-422782.4389,-422783.6286,Marshall,1136,1094
{7E0F11B3-4341-4BBB-BAD4-E3A3F00A110A},edited,map_y,1348108.394,1348108.496,Marshall,1136,1094
{7E123490-F0E5-496F-86D3-91FDF4B5F41F},edited,map_x,290748.9537,290747.7062,Fairbanks,589,560
{7E123490-F0E5-496F-86D3-91FDF4B5F41F},edited,map_y,1664157.706,1664157.786,Fairbanks,589,560
{7E320E02-ED16-4013-AA62-D9862E3AEE6F},edited,map_x,248403.0416,248401.7977,Healy,744,711
{7E320E02-ED16-4013-AA62-D9862E3AEE6F},edited,map_y,1575705.665,1575705.751,Healy,744,711
{7E331BCD-38FC-45CA-B676-38CFC2492CC6},edited,map_x,1391304.612,1391303.32,Ketchikan,956,918
{7E331BCD-38FC-45CA-B676-38CFC2492CC6},edited,map_y,828589.4144,828589.51,Ketchikan,956,918
{7E4D8AE1-7843-49A3-9585-9B6F01F7736A},edited,map_x,-447151.043,-447152.2315,Atmautluak,276,266
{7E4D8AE1-7843-49A3-9585-9B6F01F7736A},edited,map_y,1236084.864,1236084.978,Atmautluak,276,266
{7E66D389-8985-428D-9145-8D7B8F3D876A},edited,map_x,1300812.438,1300811.146,,39,39
{7E66D389-8985-428D-9145-8D7B8F3D876A},edited,map_y,812357.9692,812358.0682,,39,39
{7E73E0F8-E2C3-435D-88DC-F981B21B96C2},edited,map_x,223063.0633,223061.8176,Stevens Village,1644,1582
{7E73E0F8-E2C3-435D-88DC-F981B21B96C2},edited,map_y,1791663.538,1791663.609,Stevens Village,1644,1582
{7EA59D7C-879D-4AD7-BC92-953B56AC58C1},edited,map_x,-213450.1225,-213451.3418,Pilot Point,1371,1319
{7EA59D7C-879D-4AD7-BC92-953B56AC58C1},edited,map_y,845807.3589,845807.5039,Pilot Point,1371,1319
{7EB051D4-5577-47E4-8308-07A3A160E486},edited,map_x,-420707.6974,-420708.8887,Bethel,1871,1800
{7EB051D4-5577-47E4-8308-07A3A160E486},edited,map_y,1225439.768,1225439.882,Bethel,1871,1800
{7EEB830F-716D-4B7E-B1AA-0E90DA5C1C9A},edited,map_x,121230.4954,121229.2566,Anchor Point,170,162
{7EEB830F-716D-4B7E-B1AA-0E90DA5C1C9A},edited,map_y,1090079.1,1090079.219,Anchor Point,170,162
{7F2075CE-6833-4592-BBDB-EDAFAFC5045D},edited,map_x,-187226.3523,-187227.568,New Stuyahok,1208,1163
{7F2075CE-6833-4592-BBDB-EDAFAFC5045D},edited,map_y,1055427.41,1055427.536,New Stuyahok,1208,1163
{7F23C07F-3D93-4F9A-93BB-055A6DACE41E},edited,map_x,1265964.659,1265963.37,Wrangell,1837,1766
{7F23C07F-3D93-4F9A-93BB-055A6DACE41E},edited,map_y,918758.6527,918758.7527,Wrangell,1837,1766
{7F82FA64-8EC3-41DE-B358-5745EA81032B},edited,map_x,138817.7364,138816.4962,Homer,764,731
{7F82FA64-8EC3-41DE-B358-5745EA81032B},edited,map_y,1075921.574,1075921.694,Homer,764,731
{7F9C4747-8957-4871-8E6F-F1ED7917FB36},edited,map_x,-281591.2621,-281592.471,Kiana,965,927
{7F9C4747-8957-4871-8E6F-F1ED7917FB36},edited,map_y,1904330.973,1904331.023,Kiana,965,927
{7FAAB439-FAD9-4983-9F0D-8B67F366F7BA},edited,map_x,258303.9937,258302.7489,Palmer,1341,1289
{7FAAB439-FAD9-4983-9F0D-8B67F366F7BA},edited,map_y,1299215.024,1299215.128,Palmer,1341,1289
{7FC94AF0-E66C-48D3-8197-1854A8ADE01F},edited,map_x,-316144.1696,-316145.3691,Anvik,257,248
{7FC94AF0-E66C-48D3-8197-1854A8ADE01F},edited,map_y,1423318.936,1423319.031,Anvik,257,248
{7FD6FBDB-244E-42CD-84F3-B8C11ED50D6D},edited,map_x,-574494.4247,-574495.5998,Teller,1681,1618
{7FD6FBDB-244E-42CD-84F3-B8C11ED50D6D},edited,map_y,1754059.648,1754059.707,Teller,1681,1618
{7FD81069-D51F-4034-9EFC-B817378DA498},edited,map_x,201771.8914,201770.6507,Talkeetna,1659,1597
{7FD81069-D51F-4034-9EFC-B817378DA498},edited,map_y,1377746.246,1377746.345,Talkeetna,1659,1597
{7FE51A83-103F-4C96-A750-59C5C1860B52},edited,map_x,-447180.181,-447181.3765,Kivalina,998,960
{7FE51A83-103F-4C96-A750-59C5C1860B52},edited,map_y,2009700.588,2009700.624,Kivalina,998,960
{80173C7B-A7CB-4EA6-B291-FCB452208371},edited,map_x,-46506.58945,-46507.81547,Nondalton,1265,1220
{80173C7B-A7CB-4EA6-B291-FCB452208371},edited,map_y,1110222.157,1110222.277,Nondalton,1265,1220
{801CC974-B897-41D3-A9FB-A3B7C883E0FA},edited,map_x,41849.83692,41848.59599,Old Harbor,1329,1277
{801CC974-B897-41D3-A9FB-A3B7C883E0FA},edited,map_y,800082.1459,800082.2867,Old Harbor,1329,1277
{8036C5D7-767C-4593-A72A-15CA64AC8BD0},edited,map_x,-602102.5417,-602103.7344,False Pass,637,608
{8036C5D7-767C-4593-A72A-15CA64AC8BD0},edited,map_y,582150.1684,582150.3529,False Pass,637,608
{80449CC7-A8AC-4CA0-AD2A-2DD0B92CF5B9},edited,map_x,295887.8187,295886.5709,Fairbanks,604,575
{80449CC7-A8AC-4CA0-AD2A-2DD0B92CF5B9},edited,map_y,1664145.524,1664145.604,Fairbanks,604,575
{807124A8-0A6D-42E6-98ED-616888004B49},edited,map_x,295977.687,295976.4358,Fort Yukon,663,634
{807124A8-0A6D-42E6-98ED-616888004B49},edited,map_y,1837180.069,1837180.138,Fort Yukon,663,634
{80AD0D72-EDDF-414A-AB9A-6958587FD3E6},edited,map_x,160503.1571,160501.9171,Soldotna,1626,1564
{80AD0D72-EDDF-414A-AB9A-6958587FD3E6},edited,map_y,1170737.74,1170737.853,Soldotna,1626,1564
{80B1E5C2-BB9E-4ADA-B223-19A86DAEE9E4},edited,map_x,-384496.4483,-384497.6419,Russian Mission,1469,1411
{80B1E5C2-BB9E-4ADA-B223-19A86DAEE9E4},edited,map_y,1333242.264,1333242.367,Russian Mission,1469,1411
{80B22708-BF6D-46B9-AEB3-1AF02C2A7D4F},edited,map_x,399683.2062,399681.9297,Kaktovik,878,843
{80B22708-BF6D-46B9-AEB3-1AF02C2A7D4F},edited,map_y,2270336.783,2270336.824,Kaktovik,878,843
{811E6ABE-AD0B-4DE5-BC2B-46B69105F5EF},edited,map_x,-602573.6482,-602574.8408,False Pass,641,612
{811E6ABE-AD0B-4DE5-BC2B-46B69105F5EF},edited,map_y,580735.1778,580735.3624,False Pass,641,612
{812EE745-86FB-46CA-BCD5-0923DCA97BDF},edited,map_x,-447155.0545,-447156.243,Atmautluak,278,268
{812EE745-86FB-46CA-BCD5-0923DCA97BDF},edited,map_y,1236106.007,1236106.121,Atmautluak,278,268
{81330027-5DF1-4FFC-9D97-F8CAFFAA18BB},edited,map_x,-410853.3572,-410854.5675,Sand Point,1519,1459
{81330027-5DF1-4FFC-9D97-F8CAFFAA18BB},edited,map_y,612697.023,612697.196,Sand Point,1519,1459
{8165CCA3-56E8-47A2-8CFE-A8EAD7AB657B},edited,map_x,-282220.2071,-282221.4159,Kiana,963,925
{8165CCA3-56E8-47A2-8CFE-A8EAD7AB657B},edited,map_y,1903949.632,1903949.683,Kiana,963,925
{81AAA6DF-C293-4238-81DE-867DEA949B15},edited,map_x,-410581.368,-410582.5584,Stebbins,1636,1574
{81AAA6DF-C293-4238-81DE-867DEA949B15},edited,map_y,1531516.027,1531516.11,Stebbins,1636,1574
{81AEF4E4-2C4F-49CA-B2D7-9DB10F63C153},edited,map_x,217276.3005,217275.0337,Prudhoe Bay,1872,1801
{81AEF4E4-2C4F-49CA-B2D7-9DB10F63C153},edited,map_y,2262086.497,2262086.532,Prudhoe Bay,1872,1801
{81F15798-5642-47BA-92D1-9D31759AF769},edited,map_x,604044.7611,604043.4972,Eagle,525,496
{81F15798-5642-47BA-92D1-9D31759AF769},edited,map_y,1705784.715,1705784.798,Eagle,525,496
{81F57A32-C25E-45ED-8E5B-08EB3D597D66},edited,map_x,802201.3099,802200.0368,Yakutat,1841,1770
{81F57A32-C25E-45ED-8E5B-08EB3D597D66},edited,map_y,1144080.323,1144080.43,Yakutat,1841,1770
{8246435C-38B7-4C06-83AD-E741DB114913},edited,map_x,-364120.4504,-364121.651,Togiak,1699,1635
{8246435C-38B7-4C06-83AD-E741DB114913},edited,map_y,1024629.21,1024629.343,Togiak,1699,1635
{82786333-0523-4B2A-8D57-1D372E9D3F01},edited,map_x,214704.2262,214702.9836,Anchorage,222,214
{82786333-0523-4B2A-8D57-1D372E9D3F01},edited,map_y,1241282.208,1241282.316,Anchorage,222,214
{827B291B-0875-400B-B99C-BAB1F97A5A3F},edited,map_x,146206.0066,146204.768,Nikiski,1229,1184
{827B291B-0875-400B-B99C-BAB1F97A5A3F},edited,map_y,1197961.636,1197961.747,Nikiski,1229,1184
{82DB30CE-DB64-49B3-872D-4EB71DD98B99},edited,map_x,-459505.1474,-459506.3346,Kasigluk,923,885
{82DB30CE-DB64-49B3-872D-4EB71DD98B99},edited,map_y,1241805.408,1241805.52,Kasigluk,923,885
{82F478F7-CC16-44C5-85B8-F5BB3B1201BA},edited,map_x,-459614.9174,-459616.1046,Kasigluk,919,881
{82F478F7-CC16-44C5-85B8-F5BB3B1201BA},edited,map_y,1239431.1,1239431.213,Kasigluk,919,881
{832D7857-2A62-4375-B073-5F9EE29F2B5A},edited,map_x,214414.2,214412.9575,Anchorage,232,224
{832D7857-2A62-4375-B073-5F9EE29F2B5A},edited,map_y,1252672.103,1252672.21,Anchorage,232,224
{8353797D-296E-4920-83C7-1E71CB31BC64},edited,map_x,-51612.47297,-51613.69908,Iliamna,820,785
{8353797D-296E-4920-83C7-1E71CB31BC64},edited,map_y,1085326.388,1085326.51,Iliamna,820,785
{835A9532-B50F-4307-8766-44E644F988D9},edited,map_x,293437.5565,293436.3088,Kenai,935,897
{835A9532-B50F-4307-8766-44E644F988D9},edited,map_y,1668707.97,1668708.05,Kenai,935,897
{838491D3-14F7-4317-AFC9-3570A079A523},edited,map_x,-605083.8887,-605085.0594,Scammon Bay,1535,1474
{838491D3-14F7-4317-AFC9-3570A079A523},edited,map_y,1371416.822,1371416.922,Scammon Bay,1535,1474
{83932FE5-91EE-4880-BB83-A9D1757E16E1},edited,map_x,1042341.975,1042340.696,Skagway,1605,1543
{83932FE5-91EE-4880-BB83-A9D1757E16E1},edited,map_y,1201073.595,1201073.697,Skagway,1605,1543
{83BF471D-E5BB-4A9E-B610-9B332CDCCFA5},edited,map_x,-545780.8537,-545782.0309,Nome,1251,1206
{83BF471D-E5BB-4A9E-B610-9B332CDCCFA5},edited,map_y,1663011.576,1663011.645,Nome,1251,1206
{83C0B81C-5110-4333-BC95-68B43F5C22F4},edited,map_x,1108829.725,1108828.439,,56,56
{83C0B81C-5110-4333-BC95-68B43F5C22F4},edited,map_y,915584.5278,915584.6326,,56,56
{83E88E4B-2856-41B9-B5D4-97F9A4C21BC1},edited,map_x,60760.84775,60759.61173,Allakaket,140,140
{83E88E4B-2856-41B9-B5D4-97F9A4C21BC1},edited,map_y,1843932.854,1843932.917,Allakaket,140,140
{83EBFCD7-DC31-4A3C-93C1-1EB5548E30F5},edited,map_x,1306839.39,1306838.101,Wrangell,1834,1763
{83EBFCD7-DC31-4A3C-93C1-1EB5548E30F5},edited,map_y,932222.3842,932222.483,Wrangell,1834,1763
{83F3B425-DC65-4A0B-94B5-14D3D08E5901},edited,map_x,-401635.1304,-401636.3235,Toksook Bay,1713,1649
{83F3B425-DC65-4A0B-94B5-14D3D08E5901},edited,map_y,1225454.142,1225454.256,Toksook Bay,1713,1649
{83F44065-C39A-46E4-ABDF-30950D435ED3},edited,map_x,-446951.1234,-446952.3189,Kivalina,999,961
{83F44065-C39A-46E4-ABDF-30950D435ED3},edited,map_y,2009485.949,2009485.985,Kivalina,999,961
{844A9392-863B-4FA8-889B-0947AB68248D},edited,map_x,258316.472,258315.2272,Palmer,1348,1296
{844A9392-863B-4FA8-889B-0947AB68248D},edited,map_y,1299660.841,1299660.945,Palmer,1348,1296
{847E852A-C3F8-4E3F-8540-1D5838E47248},edited,map_x,-227686.7481,-227687.9828,Wainwright,1805,1734
{847E852A-C3F8-4E3F-8540-1D5838E47248},edited,map_y,2304836.357,2304836.374,Wainwright,1805,1734
{84B1808F-27AC-4CA6-8BC7-55D136BFC0C3},edited,map_x,295270.5798,295269.332,Fairbanks,591,562
{84B1808F-27AC-4CA6-8BC7-55D136BFC0C3},edited,map_y,1665878.709,1665878.79,Fairbanks,591,562
{84F06B79-99E4-427C-83B3-79E25AA7481C},edited,map_x,-292552.3268,-292553.5293,Aniak,256,247
{84F06B79-99E4-427C-83B3-79E25AA7481C},edited,map_y,1301277.49,1301277.596,Aniak,256,247
{84F7D2A4-B82A-4EB2-B094-6A324A7066EB},edited,map_x,1181003.56,1181002.271,Port Alexander,1410,1354
{84F7D2A4-B82A-4EB2-B094-6A324A7066EB},edited,map_y,866661.0381,866661.1411,Port Alexander,1410,1354
{850CED72-9482-4635-B3CE-F90A68529277},edited,map_x,219658.4108,219657.168,Anchorage,1873,1802
{850CED72-9482-4635-B3CE-F90A68529277},edited,map_y,1255119.715,1255119.821,Anchorage,1873,1802
{852A9253-8E7F-4AE9-B965-550A2EBFA180},edited,map_x,-944352.2393,-944353.3828,Saint George,1475,1417
{852A9253-8E7F-4AE9-B965-550A2EBFA180},edited,map_y,843740.674,843740.8423,Saint George,1475,1417
{8536A199-0B19-4F30-9F38-76088DDD4D1B},edited,map_x,-571617.0704,-571618.2459,Newtok,1214,1169
{8536A199-0B19-4F30-9F38-76088DDD4D1B},edited,map_y,1262915.871,1262915.983,Newtok,1214,1169
{853920D1-6D8A-4C73-B673-398EF4E1A137},edited,map_x,129407.2504,129406.0116,Ninilchik,1236,1191
{853920D1-6D8A-4C73-B673-398EF4E1A137},edited,map_y,1119675.585,1119675.702,Ninilchik,1236,1191
{855FBE7C-9B33-45BC-8C4D-2394A0C95208},edited,map_x,1250293.684,1250292.396,Petersburg,1364,1312
{855FBE7C-9B33-45BC-8C4D-2394A0C95208},edited,map_y,947502.1654,947502.2659,Petersburg,1364,1312
{85A8FB35-A2EF-4BA5-BF8F-C4766AD36804},edited,map_x,514737.7867,514736.5284,Mentasta Lake,1154,1111
{85A8FB35-A2EF-4BA5-BF8F-C4766AD36804},edited,map_y,1479502.528,1479502.622,Mentasta Lake,1154,1111
{861754D6-9098-4EE9-991A-8A67BE29D4E1},edited,map_x,-384400.7532,-384401.9467,Russian Mission,1470,1412
{861754D6-9098-4EE9-991A-8A67BE29D4E1},edited,map_y,1333231.664,1333231.768,Russian Mission,1470,1412
{8628475F-5F6A-41CC-9E19-59184B52A870},edited,map_x,-140987.173,-140988.3891,Galena,682,651
{8628475F-5F6A-41CC-9E19-59184B52A870},edited,map_y,1645258.563,1645258.639,Galena,682,651
{86E650B9-1319-42EF-B571-A4AFD46E468A},edited,map_x,1326333.642,1326332.351,Thorne Bay,1693,1630
{86E650B9-1319-42EF-B571-A4AFD46E468A},edited,map_y,846819.8295,846819.9276,Thorne Bay,1693,1630
{86F201C8-8EC4-4EC4-8A63-3339D2F4DC72},edited,map_x,362745.1478,362743.8975,Eielson Afb,554,525
{86F201C8-8EC4-4EC4-8A63-3339D2F4DC72},edited,map_y,1464561.096,1464561.19,Eielson Afb,554,525
{8736694E-B515-4A19-AB80-2C87B923D457},edited,map_x,-227961.2622,-227962.4703,Kaltag,906,868
{8736694E-B515-4A19-AB80-2C87B923D457},edited,map_y,1603943.202,1603943.281,Kaltag,906,868
{874475C1-7248-408E-B0F1-2E36A1CA3F6A},edited,map_x,-566485.1985,-566486.3759,Chefornak,375,354
{874475C1-7248-408E-B0F1-2E36A1CA3F6A},edited,map_y,1173932.691,1173932.812,Chefornak,375,354
{875DCE4F-F3F0-4D9C-9E0D-2F07D38F6400},edited,map_x,-76531.08669,-76532.30801,Lime Village,1109,1069
{875DCE4F-F3F0-4D9C-9E0D-2F07D38F6400},edited,map_y,1264658.647,1264658.755,Lime Village,1109,1069
{876E6B25-489C-4734-9FED-335A8FEA21D0},edited,map_x,1391824.417,1391823.125,Ketchikan,957,919
{876E6B25-489C-4734-9FED-335A8FEA21D0},edited,map_y,828346.4181,828346.5137,Ketchikan,957,919
{8772AFDF-4C08-43FA-8E31-88991E65374E},edited,map_x,1201501.029,1201499.743,,41,41
{8772AFDF-4C08-43FA-8E31-88991E65374E},edited,map_y,968117.699,968117.8007,,41,41
{878BC716-270E-4C3D-A08A-4C69C561E231},edited,map_x,-334212.5846,-334213.7833,Kalskag,1874,1803
{878BC716-270E-4C3D-A08A-4C69C561E231},edited,map_y,1300247.881,1300247.987,Kalskag,1874,1803
{87CD167B-6282-4F43-A82E-3D0636CC1156},edited,map_x,-530766.0983,-530767.2978,King Cove,974,936
{87CD167B-6282-4F43-A82E-3D0636CC1156},edited,map_y,594174.2871,594174.4671,King Cove,974,936
{881A7E25-6B8E-43C5-872F-FBB1810B9115},edited,map_x,388363.1702,388361.9129,Fort Yukon,662,633
{881A7E25-6B8E-43C5-872F-FBB1810B9115},edited,map_y,1870792.94,1870793.009,Fort Yukon,662,633
{88271815-7933-4E45-98AD-F580F1F4EAE0},edited,map_x,250891.998,250890.7542,Cantwell,356,337
{88271815-7933-4E45-98AD-F580F1F4EAE0},edited,map_y,1501096.916,1501097.007,Cantwell,356,337
{887DB1BB-123E-4376-ADAC-6E12268D877B},edited,map_x,-637816.3533,-637817.5207,Hooper Bay,780,747
{887DB1BB-123E-4376-ADAC-6E12268D877B},edited,map_y,1341888.635,1341888.738,Hooper Bay,780,747
{8899CFDC-080E-43A2-825F-DF52659E8B93},edited,map_x,-138172.71,-138173.9314,Shungnak,1588,1526
{8899CFDC-080E-43A2-825F-DF52659E8B93},edited,map_y,1884410.247,1884410.303,Shungnak,1588,1526
{88A5A8CE-033C-48C5-B537-5CDF4ED67B25},edited,map_x,-638123.9297,-638125.0971,Hooper Bay,793,760
{88A5A8CE-033C-48C5-B537-5CDF4ED67B25},edited,map_y,1341737.079,1341737.182,Hooper Bay,793,760
{88AED113-8FB3-4795-8643-8390D01668AE},edited,map_x,-11695.2539,-11696.48299,Hughes,797,764
{88AED113-8FB3-4795-8643-8390D01668AE},edited,map_y,1787527.265,1787527.331,Hughes,797,764
{88B8198F-E3E4-4060-94E8-60F4A41385FA},edited,map_x,-393966.1696,-393967.3624,Elim,567,538
{88B8198F-E3E4-4060-94E8-60F4A41385FA},edited,map_y,1652927.15,1652927.222,Elim,567,538
{88EB0B7B-A644-419C-A1A0-A28C818B9BEA},edited,map_x,178400.001,178398.7484,,46,46
{88EB0B7B-A644-419C-A1A0-A28C818B9BEA},edited,map_y,2066286.103,2066286.152,,46,46
{8908D3CF-BA9C-4155-ABD2-D9C6F80840C0},edited,map_x,216957.412,216956.1693,Anchorage,215,207
{8908D3CF-BA9C-4155-ABD2-D9C6F80840C0},edited,map_y,1250131.9,1250132.007,Anchorage,215,207
{8911BFBD-59A5-485A-86C4-7EA6C3180F66},edited,map_x,-820749.884,-820751.0563,Dutch Harbor,521,492
{8911BFBD-59A5-485A-86C4-7EA6C3180F66},edited,map_y,509159.6219,509159.8249,Dutch Harbor,521,492
{892AE18F-C639-4A7B-919E-5536BD309E88},edited,map_x,-571645.1175,-571646.2929,Newtok,1216,1171
{892AE18F-C639-4A7B-919E-5536BD309E88},edited,map_y,1263259.235,1263259.347,Newtok,1216,1171
{894AC954-4844-4F69-B96A-3ED58FAA4D88},edited,map_x,214612.3199,214611.0535,Prudhoe Bay,1448,1390
{894AC954-4844-4F69-B96A-3ED58FAA4D88},edited,map_y,2258518.487,2258518.523,Prudhoe Bay,1448,1390
{8953AD58-33A2-4CD1-9E57-4E6D032987BA},edited,map_x,-553578.0833,-553579.2795,Cold Bay,450,422
{8953AD58-33A2-4CD1-9E57-4E6D032987BA},edited,map_y,613756.6798,613756.8589,Cold Bay,450,422
{8970B1E0-DE4E-4A98-8A1B-5C858F18F05A},edited,map_x,-578651.3819,-578652.5567,Savoonga,1527,1467
{8970B1E0-DE4E-4A98-8A1B-5C858F18F05A},edited,map_y,1762717.206,1762717.264,Savoonga,1527,1467
{89DA62E0-9930-40F0-B0CD-EFE4FCB70133},edited,map_x,-421426.965,-421428.1564,Napaskiak,1195,1150
{89DA62E0-9930-40F0-B0CD-EFE4FCB70133},edited,map_y,1215880.628,1215880.743,Napaskiak,1195,1150
{8A0AA12B-5E97-4768-80B0-F2E86C50DFDD},edited,map_x,292051.6594,292050.4118,Fairbanks,629,600
{8A0AA12B-5E97-4768-80B0-F2E86C50DFDD},edited,map_y,1665734.74,1665734.82,Fairbanks,629,600
{8A108F8E-4CF4-4400-BB47-FDB696592362},edited,map_x,-525520.5645,-525521.7545,Point Hope,1394,1340
{8A108F8E-4CF4-4400-BB47-FDB696592362},edited,map_y,2093592.816,2093592.842,Point Hope,1394,1340
{8A2972AB-84F2-46F0-A771-6C8C7C0AD31B},edited,map_x,-195265.772,-195266.9834,Nulato,1314,1262
{8A2972AB-84F2-46F0-A771-6C8C7C0AD31B},edited,map_y,1646075.346,1646075.421,Nulato,1314,1262
{8A31306C-D494-4731-9E1B-923BC30C4942},edited,map_x,-446973.6037,-446974.7992,Kivalina,992,954
{8A31306C-D494-4731-9E1B-923BC30C4942},edited,map_y,2009510.082,2009510.118,Kivalina,992,954
{8A61B008-E3EC-4C08-8075-DDF79CCEE7F8},edited,map_x,331879.3677,331878.1163,Chenega,385,363
{8A61B008-E3EC-4C08-8075-DDF79CCEE7F8},edited,map_y,1134592.925,1134593.038,Chenega,385,363
{8A77CC14-5CFE-4749-8376-7AA7F17E5A30},edited,map_x,60416.17774,60414.9417,Allakaket,137,137
{8A77CC14-5CFE-4749-8376-7AA7F17E5A30},edited,map_y,1845750.802,1845750.865,Allakaket,137,137
{8AD14672-6D41-4612-9C63-B8526F36290D},edited,map_x,-477110.4898,-477111.6739,Saint Marys,1487,1429
{8AD14672-6D41-4612-9C63-B8526F36290D},edited,map_y,1374923.723,1374923.823,Saint Marys,1487,1429
{8ADDB08B-141C-463F-AF0D-00CB11ED85BB},edited,map_x,-640156.9993,-640158.1665,Hooper Bay,781,748
{8ADDB08B-141C-463F-AF0D-00CB11ED85BB},edited,map_y,1340973.943,1340974.047,Hooper Bay,781,748
{8B560984-93A7-477C-9DB1-FD4EDC9D3DF1},edited,map_x,-542229.8526,-542231.0295,Alakanuk,119,119
{8B560984-93A7-477C-9DB1-FD4EDC9D3DF1},edited,map_y,1458122.45,1458122.541,Alakanuk,119,119
{8B5C76E5-8C77-4629-888C-92E9FEFBA818},edited,map_x,219658.4108,219657.168,Anchorage,1875,1804
{8B5C76E5-8C77-4629-888C-92E9FEFBA818},edited,map_y,1255119.715,1255119.821,Anchorage,1875,1804
{8B65442E-82F6-44DA-BAC0-2C12653106B9},edited,map_x,1108829.725,1108828.439,,55,55
{8B65442E-82F6-44DA-BAC0-2C12653106B9},edited,map_y,915584.5278,915584.6326,,55,55
{8B6EF195-8E41-4B4A-A704-BC446DAE2FBC},edited,map_x,1108450.324,1108449.041,Juneau,850,815
{8B6EF195-8E41-4B4A-A704-BC446DAE2FBC},edited,map_y,1094789.255,1094789.358,Juneau,850,815
{8B741A03-8655-4FDD-999F-F92837F2B6E8},edited,map_x,399516.1698,399514.8933,Kaktovik,888,852
{8B741A03-8655-4FDD-999F-F92837F2B6E8},edited,map_y,2269958.229,2269958.271,Kaktovik,888,852
{8B7B524E-71CF-40B9-BE1E-CAE473BC5CE7},edited,map_x,1041241.087,1041239.806,Gustavus,730,697
{8B7B524E-71CF-40B9-BE1E-CAE473BC5CE7},edited,map_y,1082446.596,1082446.7,Gustavus,730,697
{8B8C1349-1A6E-4941-81A5-24E96C455522},edited,map_x,399277.9118,399276.6354,Kaktovik,881,846
{8B8C1349-1A6E-4941-81A5-24E96C455522},edited,map_y,2270652.174,2270652.216,Kaktovik,881,846
{8BB67B9D-C0EA-4475-BE85-76933EAE09C2},edited,map_x,1296312.961,1296311.671,Coffman Cove,443,415
{8BB67B9D-C0EA-4475-BE85-76933EAE09C2},edited,map_y,876136.2875,876136.3866,Coffman Cove,443,415
{8BD0D6E7-2B7D-4848-9B1D-A309ACA94679},edited,map_x,-364161.6788,-364162.8794,Togiak,1702,1638
{8BD0D6E7-2B7D-4848-9B1D-A309ACA94679},edited,map_y,1024674.312,1024674.444,Togiak,1702,1638
{8BE7431D-D7DE-4CE3-9A08-EF985487928F},edited,map_x,-680470.4702,-680471.6346,Diomede,518,489
{8BE7431D-D7DE-4CE3-9A08-EF985487928F},edited,map_y,1832570.004,1832570.053,Diomede,518,489
{8BF97F0B-2103-496C-8E65-620939823407},edited,map_x,-529863.2684,-529864.4679,King Cove,975,937
{8BF97F0B-2103-496C-8E65-620939823407},edited,map_y,594040.0125,594040.1925,King Cove,975,937
{8C215872-3DF7-46F5-A5B2-7C694F8BF815},edited,map_x,442226.3507,442225.0958,Glennallen,699,666
{8C215872-3DF7-46F5-A5B2-7C694F8BF815},edited,map_y,1376519.373,1376519.472,Glennallen,699,666
{8C281BCB-FCAF-4D86-A387-5CDD46D6DE01},edited,map_x,60414.01288,60412.77684,Allakaket,136,136
{8C281BCB-FCAF-4D86-A387-5CDD46D6DE01},edited,map_y,1845723.621,1845723.684,Allakaket,136,136
{8C28EF0F-18CD-407E-8002-921191C21ED1},edited,map_x,-611770.6019,-611771.7722,Chevak,387,365
{8C28EF0F-18CD-407E-8002-921191C21ED1},edited,map_y,1337732.148,1337732.252,Chevak,387,365
{8C45602F-E138-4FFD-8E8B-C5CA68675B72},edited,map_x,277815.473,277814.2256,Fairbanks,611,582
{8C45602F-E138-4FFD-8E8B-C5CA68675B72},edited,map_y,1707741.37,1707741.447,Fairbanks,611,582
{8C665C51-6648-478E-81D5-2AA3D18973DE},edited,map_x,-309880.1059,-309881.3117,Noorvik,1278,1232
{8C665C51-6648-478E-81D5-2AA3D18973DE},edited,map_y,1891876.563,1891876.614,Noorvik,1278,1232
{8C87980B-33BC-4627-AFBC-6427DFE0F128},edited,map_x,-944364.1202,-944365.2638,Saint George,1478,1420
{8C87980B-33BC-4627-AFBC-6427DFE0F128},edited,map_y,843771.5069,843771.6752,Saint George,1478,1420
{8C88A626-EDAA-4193-BD47-880E50DFC931},edited,map_x,-544687.5483,-544688.7256,Nome,1247,1202
{8C88A626-EDAA-4193-BD47-880E50DFC931},edited,map_y,1662165.181,1662165.25,Nome,1247,1202
{8CC32BC7-7206-4A37-AD96-8E8D803BE4FA},edited,map_x,250530.3072,250529.0629,Palmer,1346,1294
{8CC32BC7-7206-4A37-AD96-8E8D803BE4FA},edited,map_y,1302414.678,1302414.781,Palmer,1346,1294
{8CD94505-4EC1-4C3E-A3F9-4648A47F56CC},edited,map_x,258457.3635,258456.1187,Palmer,1343,1291
{8CD94505-4EC1-4C3E-A3F9-4648A47F56CC},edited,map_y,1300999.08,1300999.183,Palmer,1343,1291
{8D14412D-5103-49AD-8AFB-6B4F425D82DF},edited,map_x,407376.4995,407375.2455,,5,5
{8D14412D-5103-49AD-8AFB-6B4F425D82DF},edited,map_y,1251230.352,1251230.458,,5,5
{8D19934A-76B9-4669-B600-BFECB43DCCF3},edited,map_x,-974161.8574,-974162.995,Saint Paul Island,1512,1452
{8D19934A-76B9-4669-B600-BFECB43DCCF3},edited,map_y,911012.5802,911012.741,Saint Paul Island,1512,1452
{8D3C8994-1BDD-4D5B-9FCF-258A3714140F},edited,map_x,94678.20656,94676.96168,Anaktuvuk Pass,160,159
{8D3C8994-1BDD-4D5B-9FCF-258A3714140F},edited,map_y,2021265.01,2021265.061,Anaktuvuk Pass,160,159
{8D408F52-5CE0-4A95-A586-79D54041D7C7},edited,map_x,-329066.62,-329067.8276,Bethel,313,299
{8D408F52-5CE0-4A95-A586-79D54041D7C7},edited,map_y,2001060.196,2001060.236,Bethel,313,299
{8D426044-9314-4A84-8C3E-53D7A8E8EF82},edited,map_x,-409896.024,-409897.2344,Sand Point,1521,1461
{8D426044-9314-4A84-8C3E-53D7A8E8EF82},edited,map_y,613300.0052,613300.178,Sand Point,1521,1461
{8D44AF61-AB31-4870-AB4E-4D0246D4376E},edited,map_x,1239760.555,1239759.266,Port Protection,1438,1380
{8D44AF61-AB31-4870-AB4E-4D0246D4376E},edited,map_y,893261.198,893261.2989,Port Protection,1438,1380
{8D67D957-D513-43DA-BA7D-8DAA7CD728C8},edited,map_x,238781.7623,238780.5185,Birchwood,337,320
{8D67D957-D513-43DA-BA7D-8DAA7CD728C8},edited,map_y,1277968.817,1277968.922,Birchwood,337,320
{8D76DC1E-DDFB-4491-9559-92EF69C41AAA},edited,map_x,89431.38288,89430.14054,Kodiak,1033,995
{8D76DC1E-DDFB-4491-9559-92EF69C41AAA},edited,map_y,861799.1151,861799.2503,Kodiak,1033,995
{8D812624-BDC6-4331-A085-BA75DC62D419},edited,map_x,-525554.0781,-525555.2681,Point Hope,1390,1336
{8D812624-BDC6-4331-A085-BA75DC62D419},edited,map_y,2093619.926,2093619.952,Point Hope,1390,1336
{8D819DD1-0266-4167-8D95-07E8122F761C},edited,map_x,-612620.8014,-612621.973,Tununak,1732,1665
{8D819DD1-0266-4167-8D95-07E8122F761C},edited,map_y,1228901.093,1228901.208,Tununak,1732,1665
{8D84338F-249C-4902-A550-4DE848EDC2B5},edited,map_x,-422650.9725,-422652.1622,Marshall,1134,1092
{8D84338F-249C-4902-A550-4DE848EDC2B5},edited,map_y,1348023.55,1348023.652,Marshall,1134,1092
{8DD95CDF-8767-4EB6-B07F-09F075FC7FEB},edited,map_x,149213.0059,149211.7664,Kasilof,925,887
{8DD95CDF-8767-4EB6-B07F-09F075FC7FEB},edited,map_y,1158231.929,1158232.043,Kasilof,925,887
{8DFD230E-C5E7-49E1-B2B1-F1DE440DAE7B},edited,map_x,-135925.5456,-135926.7616,Stony River,1647,1585
{8DFD230E-C5E7-49E1-B2B1-F1DE440DAE7B},edited,map_y,1315059.177,1315059.281,Stony River,1647,1585
{8DFDEEB4-A8C9-45E0-9A50-01087533E7EA},edited,map_x,295920.7929,295919.5451,Fairbanks,583,554
{8DFDEEB4-A8C9-45E0-9A50-01087533E7EA},edited,map_y,1667375.724,1667375.805,Fairbanks,583,554
{8E477B32-9CAB-4D31-8463-F93B4E3FE70F},edited,map_x,237700.2082,237698.9645,Eagle River,531,502
{8E477B32-9CAB-4D31-8463-F93B4E3FE70F},edited,map_y,1273434.882,1273434.988,Eagle River,531,502
{8E7FB782-7DEF-47BE-9712-1220B420288B},edited,map_x,-349404.5914,-349405.7924,,80,80
{8E7FB782-7DEF-47BE-9712-1220B420288B},edited,map_y,1861041.136,1861041.189,,80,80
{8E9C13BE-51FB-4A86-A897-0DC38BB3C6A4},edited,map_x,-5547.72243,-5548.952021,Pedro Bay,1355,1303
{8E9C13BE-51FB-4A86-A897-0DC38BB3C6A4},edited,map_y,1088528.387,1088528.508,Pedro Bay,1355,1303
{8EB3E76F-E364-4F3B-B0D5-75669BA8658E},edited,map_x,-281242.274,-281243.4895,Port Heiden,1430,1372
{8EB3E76F-E364-4F3B-B0D5-75669BA8658E},edited,map_y,781465.5823,781465.735,Port Heiden,1430,1372
{8EB99286-AF2B-44D9-8E66-3E5984C63B97},edited,map_x,-665779.959,-665781.125,Mekoryuk,1144,1102
{8EB99286-AF2B-44D9-8E66-3E5984C63B97},edited,map_y,1216934.126,1216934.244,Mekoryuk,1144,1102
{8ED91C17-5C29-4269-B1C3-F14B3B54034B},edited,map_x,454321.1067,454319.8456,Chalkyitsik,366,347
{8ED91C17-5C29-4269-B1C3-F14B3B54034B},edited,map_y,1889823.345,1889823.415,Chalkyitsik,366,347
{8F116362-8543-41B1-84DF-46B0EC78C58B},edited,map_x,-398794.5159,-398795.7075,Saint Michael,1495,1437
{8F116362-8543-41B1-84DF-46B0EC78C58B},edited,map_y,1525443.025,1525443.11,Saint Michael,1495,1437
{8F1DAEF7-4CF1-4340-9398-68F4645A1F18},edited,map_x,-80379.06219,-80380.28214,McGrath,1141,1099
{8F1DAEF7-4CF1-4340-9398-68F4645A1F18},edited,map_y,1443150.152,1443150.246,McGrath,1141,1099
{8F92D9EF-EF82-4775-BCB3-DF53797AF5C0},edited,map_x,-195106.1803,-195107.3917,Nulato,1317,1265
{8F92D9EF-EF82-4775-BCB3-DF53797AF5C0},edited,map_y,1646017.735,1646017.81,Nulato,1317,1265
{8FB9BBBA-7CE5-433A-A414-4C475FF1F8E1},edited,map_x,-420577.5466,-420578.7379,Bethel,310,296
{8FB9BBBA-7CE5-433A-A414-4C475FF1F8E1},edited,map_y,1225582.563,1225582.677,Bethel,310,296
{8FC5ECEA-A6F5-475B-977C-54D1FBDC9365},edited,map_x,476697.6071,476696.3506,Chistochina,420,396
{8FC5ECEA-A6F5-475B-977C-54D1FBDC9365},edited,map_y,1433259.935,1433260.031,Chistochina,420,396
{8FD82835-EB2B-444F-ABFE-B24E94439A61},edited,map_x,-227630.508,-227631.7428,Wainwright,1798,1727
{8FD82835-EB2B-444F-ABFE-B24E94439A61},edited,map_y,2305072.394,2305072.411,Wainwright,1798,1727
{900E68BF-1D5B-4576-AA79-59EAF14176E7},edited,map_x,-574540.653,-574541.8281,Teller,1678,1615
{900E68BF-1D5B-4576-AA79-59EAF14176E7},edited,map_y,1753999.141,1753999.2,Teller,1678,1615
{902C403F-FA1A-4FCC-8980-CD8418AD8F61},edited,map_x,1112368.077,1112366.795,Juneau,855,820
{902C403F-FA1A-4FCC-8980-CD8418AD8F61},edited,map_y,1095684.563,1095684.665,Juneau,855,820
{902FD68A-9632-42F4-9216-EA07E1A8598E},edited,map_x,-153753.1723,-153754.393,King Salmon,983,945
{902FD68A-9632-42F4-9216-EA07E1A8598E},edited,map_y,966974.3417,966974.4749,King Salmon,983,945
{90C4118D-4186-4481-B51A-59065E6E841C},edited,map_x,-173189.7483,-173190.9672,Naknek,1173,1130
{90C4118D-4186-4481-B51A-59065E6E841C},edited,map_y,974112.3102,974112.4433,Naknek,1173,1130
{91083E3A-19D1-4D6F-B057-A329E9283F1F},edited,map_x,-289554.7266,-289555.9344,Manokotak,1128,1087
{91083E3A-19D1-4D6F-B057-A329E9283F1F},edited,map_y,1009393.078,1009393.21,Manokotak,1128,1087
{911BED9C-EC53-44C9-A650-937BDE34EC0D},edited,map_x,388543.7878,388542.5305,Fort Yukon,652,623
{911BED9C-EC53-44C9-A650-937BDE34EC0D},edited,map_y,1870816.86,1870816.929,Fort Yukon,652,623
{9137545A-6738-4180-947F-18EF2B5F7BF9},edited,map_x,-504694.0829,-504695.2642,Mountain Village,1169,1126
{9137545A-6738-4180-947F-18EF2B5F7BF9},edited,map_y,1383007.165,1383007.264,Mountain Village,1169,1126
{9150F0C7-6592-410A-94F0-8D62A5392586},edited,map_x,177259.2591,177258.0176,Rampart,1456,1398
{9150F0C7-6592-410A-94F0-8D62A5392586},edited,map_y,1732233.294,1732233.368,Rampart,1456,1398
{91739D6D-423C-492C-8F39-4D7FD6DC114F},edited,map_x,1296537.545,1296536.254,Coffman Cove,442,414
{91739D6D-423C-492C-8F39-4D7FD6DC114F},edited,map_y,875601.3649,875601.464,Coffman Cove,442,414
{919294F2-5937-4637-AEAB-851700C75F7A},edited,map_x,-553191.5277,-553192.724,Cold Bay,453,425
{919294F2-5937-4637-AEAB-851700C75F7A},edited,map_y,613390.2684,613390.4475,Cold Bay,453,425
{91994F4C-CAB8-4660-93FB-52EF7AC9D2BC},edited,map_x,-257919.7421,-257920.9526,Dillingham,511,482
{91994F4C-CAB8-4660-93FB-52EF7AC9D2BC},edited,map_y,1014285.624,1014285.756,Dillingham,511,482
{919C5058-0CBA-459E-8F22-C9D6305E556C},edited,map_x,95072.23826,95070.99564,Kodiak,1029,991
{919C5058-0CBA-459E-8F22-C9D6305E556C},edited,map_y,865395.1806,865395.3154,Kodiak,1029,991
{91B6F056-6DB5-4A7B-A701-5760274B83B1},edited,map_x,-138203.4268,-138204.6481,Shungnak,1586,1524
{91B6F056-6DB5-4A7B-A701-5760274B83B1},edited,map_y,1884499.902,1884499.957,Shungnak,1586,1524
{91D13034-039C-42D7-A9A4-C1DC142C3BE0},edited,map_x,94592.78625,94591.5414,Anaktuvuk Pass,151,150
{91D13034-039C-42D7-A9A4-C1DC142C3BE0},edited,map_y,2021066.233,2021066.283,Anaktuvuk Pass,151,150
{920525BE-F98F-41CE-AB7F-DBCC02C15A72},edited,map_x,96847.08316,96845.84056,Kodiak,1027,989
{920525BE-F98F-41CE-AB7F-DBCC02C15A72},edited,map_y,869952.8073,869952.9417,Kodiak,1027,989
{92136E75-35E2-441E-86C7-EB3CFA08A9C6},edited,map_x,1324929.802,1324928.509,Hydaburg,807,773
{92136E75-35E2-441E-86C7-EB3CFA08A9C6},edited,map_y,789933.948,789934.046,Hydaburg,807,773
{92196345-FB54-4020-8781-36E2254DDA7B},edited,map_x,1084767.322,1084766.04,,70,70
{92196345-FB54-4020-8781-36E2254DDA7B},edited,map_y,1062657.972,1062658.075,,70,70
{9232BC22-0B6C-423A-B37B-CD4B2A279126},edited,map_x,-272263.2311,-272264.4501,Chignik,404,381
{9232BC22-0B6C-423A-B37B-CD4B2A279126},edited,map_y,707164.2035,707164.3624,Chignik,404,381
{925BEAA7-E1AC-43BE-8EBE-8B54D61F439C},edited,map_x,-136996.34,-136997.5564,Galena,675,644
{925BEAA7-E1AC-43BE-8EBE-8B54D61F439C},edited,map_y,1645730.307,1645730.383,Galena,675,644
{925D5799-A54B-41FD-8583-D7981B826986},edited,map_x,-129907.5442,-129908.7866,Atqasuk,280,270
{925D5799-A54B-41FD-8583-D7981B826986},edited,map_y,2280962.139,2280962.161,Atqasuk,280,270
{92D9A297-0605-4AF5-938B-9B434117412A},edited,map_x,247902.2263,247900.9803,Livengood,1116,1075
{92D9A297-0605-4AF5-938B-9B434117412A},edited,map_y,1733728.985,1733729.061,Livengood,1116,1075
{931CEEFB-1FB9-4F9D-8D10-D18DBC4CC1DF},edited,map_x,-431901.7281,-431902.9171,Golovin,707,674
{931CEEFB-1FB9-4F9D-8D10-D18DBC4CC1DF},edited,map_y,1649503.378,1649503.45,Golovin,707,674
{93566EA2-A919-4717-BB31-81D367FFC7F3},edited,map_x,-637898.0244,-637899.1918,Hooper Bay,784,751
{93566EA2-A919-4717-BB31-81D367FFC7F3},edited,map_y,1341945.328,1341945.432,Hooper Bay,784,751
{93B075DF-FD65-4374-83EE-F837CEB612AA},edited,map_x,1405374,1405372.707,Metlakatla,1161,1118
{93B075DF-FD65-4374-83EE-F837CEB612AA},edited,map_y,807025.0062,807025.1012,Metlakatla,1161,1118
{941478E6-074B-4359-9A54-28CA2129D36F},edited,map_x,426737.8701,426736.6163,Paxson,1352,1300
{941478E6-074B-4359-9A54-28CA2129D36F},edited,map_y,1482566.394,1482566.487,Paxson,1352,1300
{943CE1E4-8EAA-4570-B982-6837734C51BE},edited,map_x,293426.375,293425.1273,Fairbanks,603,574
{943CE1E4-8EAA-4570-B982-6837734C51BE},edited,map_y,1668734.269,1668734.349,Fairbanks,603,574
{946D5691-F5D6-4C5E-9205-073F89821A7D},edited,map_x,1339164.78,1339163.489,Kasaan,911,873
{946D5691-F5D6-4C5E-9205-073F89821A7D},edited,map_y,833548.8611,833548.9587,Kasaan,911,873
{949B583B-D2A5-4C20-8C1B-E7FB18788B6C},edited,map_x,454317.7844,454316.5233,Chalkyitsik,365,346
{949B583B-D2A5-4C20-8C1B-E7FB18788B6C},edited,map_y,1889932.639,1889932.709,Chalkyitsik,365,346
{94C938BE-1557-4311-AE6C-B8BB0565343E},edited,map_x,609161.1231,609159.8604,Northway,1288,1242
{94C938BE-1557-4311-AE6C-B8BB0565343E},edited,map_y,1499933.812,1499933.906,Northway,1288,1242
{94DBEDF4-75CF-44C4-9181-226982180808},edited,map_x,-446973.6037,-446974.7992,Kivalina,997,959
{94DBEDF4-75CF-44C4-9181-226982180808},edited,map_y,2009510.082,2009510.118,Kivalina,997,959
{94F72FDD-056D-44E9-91B5-9AEAA2646F47},edited,map_x,-17515.45361,-17516.68142,Port Alsworth,1421,1365
{94F72FDD-056D-44E9-91B5-9AEAA2646F47},edited,map_y,1134531.134,1134531.252,Port Alsworth,1421,1365
{94FF39D9-B453-4A2D-BD74-6A160024C80D},edited,map_x,-138955.3617,-138956.578,Galena,679,648
{94FF39D9-B453-4A2D-BD74-6A160024C80D},edited,map_y,1644432.574,1644432.65,Galena,679,648
{952659E7-1F6B-458C-B0BD-64F21D2CB9C8},edited,map_x,-409915.2815,-409916.4919,Sand Point,1515,1455
{952659E7-1F6B-458C-B0BD-64F21D2CB9C8},edited,map_y,613301.8888,613302.0617,Sand Point,1515,1455
{9527986F-DC3A-486F-B81A-AC989BA9B5F2},edited,map_x,226160.7932,226159.5511,Palmer,1340,1288
{9527986F-DC3A-486F-B81A-AC989BA9B5F2},edited,map_y,1465980.532,1465980.625,Palmer,1340,1288
{9590870E-3874-48C9-A5A1-809FF3E2A8F7},edited,map_x,-645492.8729,-645494.0409,Wales,1812,1741
{9590870E-3874-48C9-A5A1-809FF3E2A8F7},edited,map_y,1807601.705,1807601.757,Wales,1812,1741
{95AE33D6-5B7B-453A-AC8B-95782D829675},edited,map_x,-410477.4995,-410478.6899,Stebbins,1641,1579
{95AE33D6-5B7B-453A-AC8B-95782D829675},edited,map_y,1531028.855,1531028.939,Stebbins,1641,1579
{95BA79A7-EECB-4B9D-8F6C-82D0C48A0838},edited,map_x,109466.2313,109464.9905,Bettles,324,310
{95BA79A7-EECB-4B9D-8F6C-82D0C48A0838},edited,map_y,1886909.231,1886909.292,Bettles,324,310
{95CEF384-5B51-41F9-868C-ED018C6B3051},edited,map_x,300687.8555,300686.6073,Fairbanks,587,558
{95CEF384-5B51-41F9-868C-ED018C6B3051},edited,map_y,1670988.181,1670988.261,Fairbanks,587,558
{95D354A8-7E2A-4D28-A476-37F53ECD6368},edited,map_x,-526072.9921,-526074.182,Point Hope,1393,1339
{95D354A8-7E2A-4D28-A476-37F53ECD6368},edited,map_y,2093583.178,2093583.204,Point Hope,1393,1339
{95DCBA93-2554-4903-87A5-DCAB9E99CDD8},edited,map_x,-227607.3202,-227608.555,Wainwright,1804,1733
{95DCBA93-2554-4903-87A5-DCAB9E99CDD8},edited,map_y,2304869.315,2304869.332,Wainwright,1804,1733
{95DF95A0-6956-4D5C-9D73-51AD61ADE160},edited,map_x,-184091.2312,-184092.4466,Koliganek,1040,1002
{95DF95A0-6956-4D5C-9D73-51AD61ADE160},edited,map_y,1086308.608,1086308.732,Koliganek,1040,1002
{95F72083-EED7-4AD1-B7BC-434444DFE20A},edited,map_x,252329.247,252328.0004,Seward,1562,1501
{95F72083-EED7-4AD1-B7BC-434444DFE20A},edited,map_y,1132035.829,1132035.943,Seward,1562,1501
{960DA580-1D5B-47A0-BE35-1226E5B9AAF0},edited,map_x,295902.2059,295900.958,Fairbanks,582,553
{960DA580-1D5B-47A0-BE35-1226E5B9AAF0},edited,map_y,1667326.112,1667326.193,Fairbanks,582,553
{960DC572-560B-4542-95CD-B9560B68ECFC},edited,map_x,-130048.5666,-130049.809,Atqasuk,281,271
{960DC572-560B-4542-95CD-B9560B68ECFC},edited,map_y,2280842.365,2280842.387,Atqasuk,281,271
{96237B31-0C4F-486F-99F1-B7F39326C8FA},edited,map_x,410185.643,410184.389,Valdez,1781,1710
{96237B31-0C4F-486F-99F1-B7F39326C8FA},edited,map_y,1262968.125,1262968.23,Valdez,1781,1710
{96591F9F-54A5-4054-B859-E0A7C8852D5A},edited,map_x,-554346.4224,-554347.5981,Nunam Iqua,1321,1269
{96591F9F-54A5-4054-B859-E0A7C8852D5A},edited,map_y,1440599.496,1440599.589,Nunam Iqua,1321,1269
{96705E92-63AB-41A0-B0E8-52639E90CEC8},edited,map_x,-446979.9096,-446981.0982,Tuntutuliak,1731,1664
{96705E92-63AB-41A0-B0E8-52639E90CEC8},edited,map_y,1236015.261,1236015.375,Tuntutuliak,1731,1664
{96BB9651-60E8-4357-9DC1-C24D1519AF25},edited,map_x,-410884.9642,-410886.1745,Sand Point,1518,1458
{96BB9651-60E8-4357-9DC1-C24D1519AF25},edited,map_y,612652.3069,612652.4798,Sand Point,1518,1458
{96C86C0C-2A57-4A26-94E5-72600F5A5FCC},edited,map_x,251331.9555,251330.7111,Palmer,1345,1293
{96C86C0C-2A57-4A26-94E5-72600F5A5FCC},edited,map_y,1296463.464,1296463.568,Palmer,1345,1293
{96E5368E-7124-4460-A687-759DC084F019},edited,map_x,1022859.542,1022858.261,Elfin Cove,564,535
{96E5368E-7124-4460-A687-759DC084F019},edited,map_y,1047183.55,1047183.655,Elfin Cove,564,535
{96FE6742-CA6A-4170-A567-DAE43F26A7A6},edited,map_x,-266722.1252,-266723.3343,Selawik,1539,1478
{96FE6742-CA6A-4170-A567-DAE43F26A7A6},edited,map_y,1861463.75,1861463.805,Selawik,1539,1478
{97124690-7D44-4102-AC45-8181A4D7ED0C},edited,map_x,214292.5498,214291.3073,Anchorage,188,180
{97124690-7D44-4102-AC45-8181A4D7ED0C},edited,map_y,1251919.317,1251919.424,Anchorage,188,180
{973EB153-3564-4267-A075-6C6E8D0F454D},edited,map_x,1112624.207,1112622.925,Juneau,864,829
{973EB153-3564-4267-A075-6C6E8D0F454D},edited,map_y,1095177.501,1095177.603,Juneau,864,829
{9744BE1C-30A9-42EA-BE46-A88FA1F98BF3},edited,map_x,-432163.8328,-432165.0266,Goodnews Bay,709,676
{9744BE1C-30A9-42EA-BE46-A88FA1F98BF3},edited,map_y,1038397.449,1038397.581,Goodnews Bay,709,676
{978129B6-FA2A-40BE-8F70-0AC2A6AD42BC},edited,map_x,-431632.3461,-431633.5399,Goodnews Bay,708,675
{978129B6-FA2A-40BE-8F70-0AC2A6AD42BC},edited,map_y,1038384.567,1038384.7,Goodnews Bay,708,675
{978F2CF3-F873-42E9-A4F4-4744D455FBA9},edited,map_x,-303362.8243,-303364.0296,New Stuyahok,1206,1161
{978F2CF3-F873-42E9-A4F4-4744D455FBA9},edited,map_y,1063863.182,1063863.31,New Stuyahok,1206,1161
{97961562-1051-4566-8A91-2EBDE3E2B851},edited,map_x,-480679.5373,-480680.7206,Kotlik,1059,1021
{97961562-1051-4566-8A91-2EBDE3E2B851},edited,map_y,1486083.615,1486083.703,Kotlik,1059,1021
{97A8BEAA-FAAE-41E6-A071-70852AC87F76},edited,map_x,252081.5862,252080.3398,Livengood,1113,1072
{97A8BEAA-FAAE-41E6-A071-70852AC87F76},edited,map_y,1739656.378,1739656.453,Livengood,1113,1072
{97E77B03-20AE-4291-A9A5-15C73AA55976},edited,map_x,221081.8009,221080.5582,Point Mackenzie,1409,1353
{97E77B03-20AE-4291-A9A5-15C73AA55976},edited,map_y,1275515.266,1275515.371,Point Mackenzie,1409,1353
{97F241AB-0575-407D-896D-47BC5D61389A},edited,map_x,-805145.9384,-805147.0857,Savoonga,1528,1468
{97F241AB-0575-407D-896D-47BC5D61389A},edited,map_y,1625966.775,1625966.845,Savoonga,1528,1468
{984C8F00-5900-483B-B4A1-43D255646FAC},edited,map_x,978796.5715,978795.2938,Haines,738,705
{984C8F00-5900-483B-B4A1-43D255646FAC},edited,map_y,1186510.839,1186510.942,Haines,738,705
{98694E28-FA3A-4F54-951D-F78AD96C9F88},edited,map_x,634865.6498,634864.3837,Cape Yakataga,361,342
{98694E28-FA3A-4F54-951D-F78AD96C9F88},edited,map_y,1176609.319,1176609.426,Cape Yakataga,361,342
{986F0832-D7FF-48D1-A9F4-9AF8CE00BB51},edited,map_x,604221.4393,604220.1754,Eagle,526,497
{986F0832-D7FF-48D1-A9F4-9AF8CE00BB51},edited,map_y,1705500.131,1705500.214,Eagle,526,497
{98C0B2E1-F078-434C-BF55-6F9EDBAEA7A6},edited,map_x,313575.2672,313574.018,Fairbanks,590,561
{98C0B2E1-F078-434C-BF55-6F9EDBAEA7A6},edited,map_y,1687203.725,1687203.804,Fairbanks,590,561
{98D06281-B559-477C-9060-B1774E8EB752},edited,map_x,-604641.7018,-604642.8743,Toksook Bay,1714,1650
{98D06281-B559-477C-9060-B1774E8EB752},edited,map_y,1222094.376,1222094.492,Toksook Bay,1714,1650
{991585AC-A293-4D46-8026-D8384688F8F0},edited,map_x,449463.1463,449461.8894,Cordova,463,435
{991585AC-A293-4D46-8026-D8384688F8F0},edited,map_y,1200640.191,1200640.299,Cordova,463,435
{992B0451-5B75-4FCC-A203-B62B2E651A00},edited,map_x,-1538679.718,-1538680.798,Adak,99,99
{992B0451-5B75-4FCC-A203-B62B2E651A00},edited,map_y,469784.6265,469784.874,Adak,99,99
{994105DB-6F36-41A1-B230-E0373F9E975F},edited,map_x,-574381.9078,-574383.0829,Teller,1684,1621
{994105DB-6F36-41A1-B230-E0373F9E975F},edited,map_y,1753747.756,1753747.815,Teller,1684,1621
{9942D7E8-9989-4E76-8408-2E10FCB167C8},edited,map_x,-80981.6764,-80982.89629,McGrath,1140,1098
{9942D7E8-9989-4E76-8408-2E10FCB167C8},edited,map_y,1443280.618,1443280.712,McGrath,1140,1098
{995EFEC8-6A75-4544-A383-B1F0A2AB57A7},edited,map_x,94762.00559,94760.7607,Anaktuvuk Pass,149,148
{995EFEC8-6A75-4544-A383-B1F0A2AB57A7},edited,map_y,2021511.014,2021511.064,Anaktuvuk Pass,149,148
{996CA338-3112-43BA-964E-BAC877F58828},edited,map_x,451207.1531,451205.8975,Healy,742,709
{996CA338-3112-43BA-964E-BAC877F58828},edited,map_y,1591039.474,1591039.561,Healy,742,709
{997CADE8-A481-4A8A-A027-66C67951720C},edited,map_x,-352597.5512,-352598.7672,Point Lay,1404,1349
{997CADE8-A481-4A8A-A027-66C67951720C},edited,map_y,2220562.66,2220562.68,Point Lay,1404,1349
{9986BFFD-064E-4BA2-A9BC-2E9146E041DE},edited,map_x,1325941.066,1325939.775,Thorne Bay,1691,1628
{9986BFFD-064E-4BA2-A9BC-2E9146E041DE},edited,map_y,846760.0011,846760.0992,Thorne Bay,1691,1628
{9989BDD2-2643-43C7-ADC1-42F7C69E5601},edited,map_x,-448100.053,-448101.2564,Nelson Lagoon,1202,1157
{9989BDD2-2643-43C7-ADC1-42F7C69E5601},edited,map_y,689949.6356,689949.8027,Nelson Lagoon,1202,1157
{9A01FD57-CBD2-4F5D-ABAD-0A5CC6F78CCA},edited,map_x,-540896.959,-540898.1367,Nome,1258,1213
{9A01FD57-CBD2-4F5D-ABAD-0A5CC6F78CCA},edited,map_y,1661054.298,1661054.367,Nome,1258,1213
{9A09CCA7-74E0-41A4-A6D8-9D72251E909D},edited,map_x,1146137.542,1146136.259,Juneau,847,812
{9A09CCA7-74E0-41A4-A6D8-9D72251E909D},edited,map_y,1084460.555,1084460.657,Juneau,847,812
{9A56C5FE-510A-412C-9FCD-D1552C51E820},edited,map_x,472313.6197,472312.3631,Kenny Lake,942,904
{9A56C5FE-510A-412C-9FCD-D1552C51E820},edited,map_y,1337436.763,1337436.864,Kenny Lake,942,904
{9AB2CBDA-D17F-41F4-8F72-7DAB908CC9D1},edited,map_x,402498.1425,402496.8895,Delta Junction,505,476
{9AB2CBDA-D17F-41F4-8F72-7DAB908CC9D1},edited,map_y,1589073.179,1589073.266,Delta Junction,505,476
{9AD06441-8280-48DE-B08B-33FD6F5BBD5C},edited,map_x,219658.4108,219657.168,Anchorage,1876,1805
{9AD06441-8280-48DE-B08B-33FD6F5BBD5C},edited,map_y,1255119.715,1255119.821,Anchorage,1876,1805
{9ADD91D4-F447-462A-9EFB-96369EBC0BD7},edited,map_x,-1535012.101,-1535013.181,Adak,101,101
{9ADD91D4-F447-462A-9EFB-96369EBC0BD7},edited,map_y,473767.3701,473767.6169,Adak,101,101
{9AF340FB-79A0-4D54-9807-CA77612ABF42},edited,map_x,1110420.847,1110419.564,Juneau,858,823
{9AF340FB-79A0-4D54-9807-CA77612ABF42},edited,map_y,1091391.94,1091392.043,Juneau,858,823
{9AF54278-0AC3-48DB-83EF-B042D108462E},edited,map_x,1296144.542,1296143.25,Craig,476,448
{9AF54278-0AC3-48DB-83EF-B042D108462E},edited,map_y,812391.0529,812391.1521,Craig,476,448
{9B515F41-7F7E-44D5-9473-004F31942046},edited,map_x,287939.5136,287938.266,Whittier,1829,1758
{9B515F41-7F7E-44D5-9473-004F31942046},edited,map_y,1210523.628,1210523.737,Whittier,1829,1758
{9B58B56D-A2A6-4894-BE2A-B2BBC4F4E153},edited,map_x,-421606.1622,-421607.3535,Bethel,312,298
{9B58B56D-A2A6-4894-BE2A-B2BBC4F4E153},edited,map_y,1225002.474,1225002.588,Bethel,312,298
{9B6E707C-3648-4486-86B1-87811824DA67},edited,map_x,-637872.7654,-637873.9329,Hooper Bay,783,750
{9B6E707C-3648-4486-86B1-87811824DA67},edited,map_y,1340760.703,1340760.807,Hooper Bay,783,750
{9BA9AAC2-A297-4D86-BA33-73597A255D86},edited,map_x,-262009.9373,-262011.1481,Clark's Point,438,411
{9BA9AAC2-A297-4D86-BA33-73597A255D86},edited,map_y,991122.1037,991122.2373,Clark's Point,438,411
{9BCB41EC-DF28-4A3E-BDB7-216A0745DF9E},edited,map_x,1075476.941,1075475.659,Hoonah,777,744
{9BCB41EC-DF28-4A3E-BDB7-216A0745DF9E},edited,map_y,1050591.198,1050591.302,Hoonah,777,744
{9BD1E836-06B9-4EAA-A631-8CCC69261C22},edited,map_x,409941.1339,409939.8799,Valdez,1794,1723
{9BD1E836-06B9-4EAA-A631-8CCC69261C22},edited,map_y,1262060.176,1262060.281,Valdez,1794,1723
{9C729250-0809-4D28-8591-7130D402279B},edited,map_x,1296586.711,1296585.421,Coffman Cove,445,417
{9C729250-0809-4D28-8591-7130D402279B},edited,map_y,875173.3517,875173.4508,Coffman Cove,445,417
{9C8FED26-AB7E-47BD-840A-3271CFB92E7B},edited,map_x,213419.0995,213417.8571,Anchorage,221,213
{9C8FED26-AB7E-47BD-840A-3271CFB92E7B},edited,map_y,1250478.447,1250478.555,Anchorage,221,213
{9CEC70E8-E407-458B-A62B-57821D8B6094},edited,map_x,-293035.2056,-293036.408,Aniak,250,242
{9CEC70E8-E407-458B-A62B-57821D8B6094},edited,map_y,1301317.854,1301317.96,Aniak,250,242
{9CEDCD36-9995-4BC2-BF28-E57031C681F3},edited,last_edited,2022-12-21T03:55:03Z,2025-12-16T08:44:27Z,Beaver,305,291
{9CEDCD36-9995-4BC2-BF28-E57031C681F3},edited,map_x,295761.1685,295759.9172,Beaver,305,291
{9CEDCD36-9995-4BC2-BF28-E57031C681F3},edited,map_y,1837363.073,1837363.143,Beaver,305,291
{9D116191-6B6E-4AD2-B09D-41FE4B38B659},edited,map_x,-638074.0761,-638075.2435,Hooper Bay,788,755
{9D116191-6B6E-4AD2-B09D-41FE4B38B659},edited,map_y,1341686.244,1341686.348,Hooper Bay,788,755
{9D247D7F-51AC-49F0-89FD-59E47C2F2FC9},edited,map_x,-533859.6173,-533860.7951,Emmonak,571,542
{9D247D7F-51AC-49F0-89FD-59E47C2F2FC9},edited,map_y,1465288.596,1465288.686,Emmonak,571,542
{9D2D53BE-A6BE-4C90-B542-326627B0F06A},edited,map_x,142441.2336,142439.9951,Kenai,931,893
{9D2D53BE-A6BE-4C90-B542-326627B0F06A},edited,map_y,1190985.865,1190985.977,Kenai,931,893
{9D3A72F4-AA05-49D7-B2C6-F108BFE5084F},edited,map_x,-604797.6009,-604798.7716,Scammon Bay,1534,1473
{9D3A72F4-AA05-49D7-B2C6-F108BFE5084F},edited,map_y,1371324.785,1371324.885,Scammon Bay,1534,1473
{9D56DBE7-1A09-4398-8622-73AF3113418C},edited,map_x,-545882.9414,-545884.1186,Fairbanks,628,599
{9D56DBE7-1A09-4398-8622-73AF3113418C},edited,map_y,1663775.837,1663775.906,Fairbanks,628,599
{9D76FA1D-AF1E-40E9-8EA2-47C4C9B0D071},edited,map_x,234087.09,234085.8453,Cooper Landing,458,430
{9D76FA1D-AF1E-40E9-8EA2-47C4C9B0D071},edited,map_y,1173702.729,1173702.841,Cooper Landing,458,430
{9D8271CA-C47C-4335-86DB-840808B20357},edited,map_x,-819664.3566,-819665.5291,Unalaska,1767,1697
{9D8271CA-C47C-4335-86DB-840808B20357},edited,map_y,505154.6906,505154.8939,Unalaska,1767,1697
{9D8422E9-699D-4E93-870C-660389356C64},edited,map_x,-154313.8873,-154315.1079,King Salmon,977,939
{9D8422E9-699D-4E93-870C-660389356C64},edited,map_y,968225.7574,968225.8906,King Salmon,977,939
{9D9BC94E-DF98-4E24-9001-CA01A8CA56F0},edited,map_x,-253688.6494,-253689.8603,Dillingham,515,486
{9D9BC94E-DF98-4E24-9001-CA01A8CA56F0},edited,map_y,1016598.682,1016598.813,Dillingham,515,486
{9DEFD06F-B6FE-479D-9D7A-0EADC169D38B},edited,map_x,238822.3649,238821.121,Eagle River,530,501
{9DEFD06F-B6FE-479D-9D7A-0EADC169D38B},edited,map_y,1265888.664,1265888.77,Eagle River,530,501
{9E08B983-031B-412A-99CF-E3CD28560FC4},edited,map_x,1036919.17,1036917.888,Pelican,1358,1306
{9E08B983-031B-412A-99CF-E3CD28560FC4},edited,map_y,1023535.043,1023535.148,Pelican,1358,1306
{9E268AE2-297F-439B-9514-9CF4C2F92C36},edited,map_x,-168362.2003,-168363.4198,Ambler,143,142
{9E268AE2-297F-439B-9514-9CF4C2F92C36},edited,map_y,1908214.596,1908214.649,Ambler,143,142
{9E27F54B-1C0A-4D44-BDBA-3BA09D587DC3},edited,map_x,95387.51554,95386.27295,Kodiak,1025,987
{9E27F54B-1C0A-4D44-BDBA-3BA09D587DC3},edited,map_y,867032.586,867032.7206,Kodiak,1025,987
{9E3331FD-5B4D-4604-A3AF-A189391E6A96},edited,map_x,-533856.7119,-533857.8897,Emmonak,1877,1806
{9E3331FD-5B4D-4604-A3AF-A189391E6A96},edited,map_y,1465267.405,1465267.495,Emmonak,1877,1806
{9EE26DD2-4A76-4497-A338-80454B55D00E},edited,map_x,-442072.1471,-442073.3384,Quinhagak,1451,1393
{9EE26DD2-4A76-4497-A338-80454B55D00E},edited,map_y,1110414.496,1110414.622,Quinhagak,1451,1393
{9EEEFD45-9229-41CC-9C88-B8BAF8D02172},edited,map_x,1116494.588,1116493.306,Juneau,840,805
{9EEEFD45-9229-41CC-9C88-B8BAF8D02172},edited,map_y,1093541.588,1093541.69,Juneau,840,805
{9F1EAB80-15AC-4B09-9B0B-09F30E3772F1},edited,map_x,604450.0887,604448.8247,Eagle,527,498
{9F1EAB80-15AC-4B09-9B0B-09F30E3772F1},edited,map_y,1706085.706,1706085.79,Eagle,527,498
{9F3D036A-E04E-431E-919E-5677FE81308D},edited,map_x,-952028.8716,-952030.0143,Saint George Island,1481,1423
{9F3D036A-E04E-431E-919E-5677FE81308D},edited,map_y,842686.8552,842687.0238,Saint George Island,1481,1423
{9F79FB88-D416-4714-9F4E-8F1FEC0570C2},edited,map_x,200807.9923,200806.7517,Talkeetna,1657,1595
{9F79FB88-D416-4714-9F4E-8F1FEC0570C2},edited,map_y,1378072.43,1378072.529,Talkeetna,1657,1595
{9FCB9E11-BCB9-4736-AB12-985E5D526459},edited,map_x,310869.4692,310868.2205,North Pole,1282,1236
{9FCB9E11-BCB9-4736-AB12-985E5D526459},edited,map_y,1666421.069,1666421.149,North Pole,1282,1236
{9FE39ADD-F730-47D5-AB1A-CB525E786000},edited,map_x,-419010.0041,-419011.1956,Bethel,309,295
{9FE39ADD-F730-47D5-AB1A-CB525E786000},edited,map_y,1225103.125,1225103.239,Bethel,309,295
{9FE4EA49-0ACD-4C6A-89BF-F196359859F6},edited,map_x,109273.2376,109271.9968,Bettles Field,330,316
{9FE4EA49-0ACD-4C6A-89BF-F196359859F6},edited,map_y,1886542.591,1886542.652,Bettles Field,330,316
{9FF07A4A-E872-482A-AE33-1D74601D306C},edited,map_x,215886.3496,215885.0831,Prudhoe Bay,1440,1382
{9FF07A4A-E872-482A-AE33-1D74601D306C},edited,map_y,2259304.029,2259304.064,Prudhoe Bay,1440,1382
{A01AEC49-0662-40CE-84C2-FF4805EE2D8D},edited,map_x,465422.1164,465420.8587,Cordova,471,443
{A01AEC49-0662-40CE-84C2-FF4805EE2D8D},edited,map_y,1197208.335,1197208.444,Cordova,471,443
{A0289C80-A3E8-4499-84A1-64567897D7FF},edited,map_x,223320.2939,223319.0508,Anchorage,231,223
{A0289C80-A3E8-4499-84A1-64567897D7FF},edited,map_y,1249315.374,1249315.481,Anchorage,231,223
{A07FF7A6-29DD-4F0C-8ED2-992C6C8DC2A6},edited,map_x,-195659.2459,-195660.4572,Nulato,1316,1264
{A07FF7A6-29DD-4F0C-8ED2-992C6C8DC2A6},edited,map_y,1645649.51,1645649.585,Nulato,1316,1264
{A081B9F8-3FE6-48E7-981D-D43D941BC8FF},edited,map_x,-109681.3544,-109682.5748,Huslia,802,768
{A081B9F8-3FE6-48E7-981D-D43D941BC8FF},edited,map_y,1751212.054,1751212.121,Huslia,802,768
{A0835329-AF65-4E84-84CE-7747EB08843C},edited,map_x,115453.7159,115452.4563,Nuiqsut,1302,1256
{A0835329-AF65-4E84-84CE-7747EB08843C},edited,map_y,2250933.122,2250933.155,Nuiqsut,1302,1256
{A0E8B87A-66B0-4FAF-AF1E-22BC549E09C6},edited,map_x,-197710.7843,-197712.0027,Egegik,541,512
{A0E8B87A-66B0-4FAF-AF1E-22BC549E09C6},edited,map_y,917848.0504,917848.1888,Egegik,541,512
{A11B75DB-3AE4-4352-854F-00945DBA7130},edited,map_x,424020.0981,424018.8416,Central,362,343
{A11B75DB-3AE4-4352-854F-00945DBA7130},edited,map_y,1764393.819,1764393.895,Central,362,343
{A13608F5-7F72-484F-9ABF-102B38FF6875},edited,map_x,1144568.896,1144567.611,Angoon,239,231
{A13608F5-7F72-484F-9ABF-102B38FF6875},edited,map_y,1001178.416,1001178.519,Angoon,239,231
{A13AD9DD-E406-41B9-AC83-81282B39C4A9},edited,map_x,288188.072,288186.8244,Whittier,1878,1807
{A13AD9DD-E406-41B9-AC83-81282B39C4A9},edited,map_y,1210201.125,1210201.234,Whittier,1878,1807
{A168E5AD-EFD4-408B-8604-155ACC08560E},edited,map_x,254729.6727,254728.426,Livengood,1115,1074
{A168E5AD-EFD4-408B-8604-155ACC08560E},edited,map_y,1747181.36,1747181.434,Livengood,1115,1074
{A16F2934-D0B1-4C18-8E5B-9ED57B2C5421},edited,map_x,-197719.4724,-197720.6908,Egegik,543,514
{A16F2934-D0B1-4C18-8E5B-9ED57B2C5421},edited,map_y,917466.1048,917466.2432,Egegik,543,514
{A1715C2D-0EE2-43E1-A0EE-B1F07DFECCB7},edited,map_x,-493181.7035,-493182.889,Kongiganak,1054,1016
{A1715C2D-0EE2-43E1-A0EE-B1F07DFECCB7},edited,map_y,1140746.528,1140746.651,Kongiganak,1054,1016
{A1945276-60BA-4DE2-8B03-D3ED2EAEBA26},edited,map_x,1404015.238,1404013.945,Metlakatla,1159,1116
{A1945276-60BA-4DE2-8B03-D3ED2EAEBA26},edited,map_y,807462.2885,807462.3835,Metlakatla,1159,1116
{A1ACAD7B-9BE0-491A-951F-BE7A6A70D642},edited,map_x,-50812.7346,-50813.96078,Iliamna,817,782
{A1ACAD7B-9BE0-491A-951F-BE7A6A70D642},edited,map_y,1085315.374,1085315.496,Iliamna,817,782
{A1B0FDAC-70EF-4983-B621-720E37481700},edited,map_x,95088.35748,95087.11489,Kodiak,1014,976
{A1B0FDAC-70EF-4983-B621-720E37481700},edited,map_y,866377.5265,866377.6611,Kodiak,1014,976
{A1EC74F9-781B-4035-B9D3-8CD0AC3E7511},edited,map_x,-402722.8572,-402724.0503,Kwethluk,1084,1046
{A1EC74F9-781B-4035-B9D3-8CD0AC3E7511},edited,map_y,1223659.739,1223659.853,Kwethluk,1084,1046
{A203032F-1412-4EF3-918D-A214669EF4B4},edited,map_x,-553715.3357,-553716.5319,Cold Bay,451,423
{A203032F-1412-4EF3-918D-A214669EF4B4},edited,map_y,613370.3228,613370.5019,Cold Bay,451,423
{A205A972-EE54-419C-A784-22F6C5EFBEA2},edited,map_x,115362.1636,115360.904,Nuiqsut,1299,1253
{A205A972-EE54-419C-A784-22F6C5EFBEA2},edited,map_y,2251190.059,2251190.092,Nuiqsut,1299,1253
{A210FF9F-C75E-419E-A0E0-E4D737704853},edited,map_x,-12306.06203,-12307.30002,Akhiok,103,103
{A210FF9F-C75E-419E-A0E0-E4D737704853},edited,map_y,769300.953,769301.0978,Akhiok,103,103
{A24C50F8-2F52-4515-9587-E777B549DF91},edited,map_x,1298284.133,1298282.842,Klawock,1001,963
{A24C50F8-2F52-4515-9587-E777B549DF91},edited,map_y,821868.0738,821868.1728,Klawock,1001,963
{A27942C2-FA2F-492A-A3C3-0F16D8FB9618},edited,map_x,-637845.0087,-637846.1761,Hooper Bay,791,758
{A27942C2-FA2F-492A-A3C3-0F16D8FB9618},edited,map_y,1342143.791,1342143.895,Hooper Bay,791,758
{A27DE0D0-3E19-44DB-8FE0-4DB5895E4CD2},edited,map_x,304262.0185,304260.7701,Fairbanks,624,595
{A27DE0D0-3E19-44DB-8FE0-4DB5895E4CD2},edited,map_y,1664966.451,1664966.531,Fairbanks,624,595
{A28261CE-B417-46F6-A18A-F59D145A763C},edited,map_x,-475420.6553,-475421.8419,Tuntutuliak,1728,1662
{A28261CE-B417-46F6-A18A-F59D145A763C},edited,map_y,1181726.718,1181726.837,Tuntutuliak,1728,1662
{A28C0559-38B5-4735-BF6B-26311071B63D},edited,map_x,-574349.6399,-574350.8151,Teller,1680,1617
{A28C0559-38B5-4735-BF6B-26311071B63D},edited,map_y,1753672.466,1753672.525,Teller,1680,1617
{A2A6565E-0AB3-4959-BD55-0557CA9A3A1E},edited,map_x,-331687.1688,-331688.367,Unalakleet,1750,1680
{A2A6565E-0AB3-4959-BD55-0557CA9A3A1E},edited,map_y,1563645.307,1563645.388,Unalakleet,1750,1680
{A2AD11A6-2429-4E57-BB30-097D389AED9F},edited,map_x,151969.088,151967.8486,Kenai,936,898
{A2AD11A6-2429-4E57-BB30-097D389AED9F},edited,map_y,1176328.719,1176328.831,Kenai,936,898
{A2C4E584-2F29-4B2A-BAF5-5D57224E0CE8},edited,map_x,295164.3111,295163.0633,Fairbanks,592,563
{A2C4E584-2F29-4B2A-BAF5-5D57224E0CE8},edited,map_y,1665492.682,1665492.763,Fairbanks,592,563
{A2E2E76C-E71B-4696-9936-258011512563},edited,map_x,1042107.394,1042106.115,Skagway,1603,1541
{A2E2E76C-E71B-4696-9936-258011512563},edited,map_y,1199911.686,1199911.788,Skagway,1603,1541
{A2EC8460-8ABE-4893-B4D3-7CEEDDC03597},edited,map_x,-173765.2358,-173766.4547,South Naknek,1631,1569
{A2EC8460-8ABE-4893-B4D3-7CEEDDC03597},edited,map_y,972233.1036,972233.2369,South Naknek,1631,1569
{A3070A39-1285-484C-AA8A-075CF281AD63},edited,map_x,-196785.4367,-196786.6551,Egegik,548,519
{A3070A39-1285-484C-AA8A-075CF281AD63},edited,map_y,917241.1657,917241.3041,Egegik,548,519
{A33F94B4-31AE-48BE-B2E6-07A4BA6B6E4C},edited,map_x,-542310.1498,-542311.3268,Alakanuk,122,122
{A33F94B4-31AE-48BE-B2E6-07A4BA6B6E4C},edited,map_y,1456165.621,1456165.712,Alakanuk,122,122
{A36D0D2B-DD3E-4F4D-82C7-556B48F7B05E},edited,map_x,-611104.7826,-611105.953,Chevak,397,374
{A36D0D2B-DD3E-4F4D-82C7-556B48F7B05E},edited,map_y,1336776.006,1336776.11,Chevak,397,374
{A3B3F429-09A4-455B-893A-2952BC47D69B},edited,map_x,-556817.1221,-556818.301,Kipnuk,987,949
{A3B3F429-09A4-455B-893A-2952BC47D69B},edited,map_y,1147840.936,1147841.06,Kipnuk,987,949
{A3C09E30-FF98-4742-A0FB-3CBE3697ADBC},edited,map_x,-398533.1789,-398534.3705,Saint Michael,1497,1439
{A3C09E30-FF98-4742-A0FB-3CBE3697ADBC},edited,map_y,1525479.934,1525480.019,Saint Michael,1497,1439
{A3C5A24A-8CD9-4E80-B046-F4962CD034BE},edited,map_x,1296889.298,1296888.006,Craig,480,452
{A3C5A24A-8CD9-4E80-B046-F4962CD034BE},edited,map_y,812532.8737,812532.9728,Craig,480,452
{A40B8C7B-DF45-4488-8F49-74757BD35050},edited,map_x,-645483.0708,-645484.2387,Wales,1810,1739
{A40B8C7B-DF45-4488-8F49-74757BD35050},edited,map_y,1807620.453,1807620.506,Wales,1810,1739
{A41AD6AE-236E-4BD3-9AB7-77691DD47DA1},edited,map_x,89781.9722,89780.73744,Tanana,1666,1604
{A41AD6AE-236E-4BD3-9AB7-77691DD47DA1},edited,map_y,1691713.279,1691713.354,Tanana,1666,1604
{A4337509-34B8-4A34-AC17-8065764A1BFC},edited,map_x,457341.9468,457340.6913,,13,13
{A4337509-34B8-4A34-AC17-8065764A1BFC},edited,map_y,1500295.51,1500295.603,,13,13
{A446513F-92EF-4674-A337-D582E472D82A},edited,map_x,-424541.8465,-424543.0375,Bethel,311,297
{A446513F-92EF-4674-A337-D582E472D82A},edited,map_y,1225081.411,1225081.525,Bethel,311,297
{A4713C99-5157-4572-A54F-A37EA3C662B9},edited,map_x,-173642.4561,-173643.6749,Naknek,1185,1142
{A4713C99-5157-4572-A54F-A37EA3C662B9},edited,map_y,974085.0059,974085.1391,Naknek,1185,1142
{A47A5CD5-7E81-47E9-8195-533AEBF62CEA},edited,map_x,-383441.3297,-383442.531,Noatak,1241,1196
{A47A5CD5-7E81-47E9-8195-533AEBF62CEA},edited,map_y,1982554.916,1982554.957,Noatak,1241,1196
{A4BAA2CF-A008-4738-A346-372CD20F7805},edited,map_x,385796.0885,385794.835,Eielson Afb,550,521
{A4BAA2CF-A008-4738-A346-372CD20F7805},edited,map_y,1703922.237,1703922.316,Eielson Afb,550,521
{A4BFB65F-3817-45CA-8B53-0E122E14A4C1},edited,map_x,-227639.3377,-227640.5725,Wainwright,1799,1728
{A4BFB65F-3817-45CA-8B53-0E122E14A4C1},edited,map_y,2305026.307,2305026.324,Wainwright,1799,1728
{A4C45CB7-78AE-4218-B7EC-684EAC385193},edited,map_x,-281934.8725,-281936.0814,Kiana,968,930
{A4C45CB7-78AE-4218-B7EC-684EAC385193},edited,map_y,1904255.443,1904255.494,Kiana,968,930
{A4C680D0-130E-4F05-9998-29522329BAF6},edited,map_x,-46404.88982,-46406.11635,Iliamna,818,783
{A4C680D0-130E-4F05-9998-29522329BAF6},edited,map_y,1084902.811,1084902.933,Iliamna,818,783
{A4DCAADC-7778-42DC-AE34-3DB4F7E5B534},edited,map_x,138788.5485,138787.3083,Homer,760,727
{A4DCAADC-7778-42DC-AE34-3DB4F7E5B534},edited,map_y,1075968.296,1075968.416,Homer,760,727
{A4E517D5-660D-44FF-8062-76DD31080D64},edited,map_x,-174278.2095,-174279.4283,Naknek,1879,1808
{A4E517D5-660D-44FF-8062-76DD31080D64},edited,map_y,974066.0797,974066.2129,Naknek,1879,1808
{A4E5681F-EF6B-483C-AF08-BFC129E2D93D},edited,map_x,-17613.87747,-17615.10527,Port Alsworth,1416,1360
{A4E5681F-EF6B-483C-AF08-BFC129E2D93D},edited,map_y,1134401.906,1134402.024,Port Alsworth,1416,1360
{A5155750-38EC-47C7-B827-7975F4A90D3E},edited,map_x,-284431.5886,-284432.7972,Kiana,964,926
{A5155750-38EC-47C7-B827-7975F4A90D3E},edited,map_y,1903158.084,1903158.135,Kiana,964,926
{A530462C-BE7E-4917-B358-72FCC00AFB68},edited,map_x,1279449.341,1279448.051,Naukati,1198,1153
{A530462C-BE7E-4917-B358-72FCC00AFB68},edited,map_y,852893.1352,852893.2349,Naukati,1198,1153
{A5398AFB-3BA8-40B9-8A1A-2886C4335A54},edited,map_x,-324392.1137,-324393.3157,Selawik,1549,1488
{A5398AFB-3BA8-40B9-8A1A-2886C4335A54},edited,map_y,1797729.325,1797729.384,Selawik,1549,1488
{A582CD1B-2461-42BC-AD24-4957D48F8D0C},edited,map_x,348763.3292,348762.0784,Cordova,465,437
{A582CD1B-2461-42BC-AD24-4957D48F8D0C},edited,map_y,1243201.404,1243201.511,Cordova,465,437
{A588F617-E750-41C4-86BE-2B7559AFFFFE},edited,map_x,-402607.6295,-402608.8226,Kwethluk,1085,1047
{A588F617-E750-41C4-86BE-2B7559AFFFFE},edited,map_y,1225542.814,1225542.928,Kwethluk,1085,1047
{A5E8D42A-4A72-4380-B9D4-5CC0084B55D2},edited,map_x,-327219.3119,-327220.5106,Unalaska,1770,1700
{A5E8D42A-4A72-4380-B9D4-5CC0084B55D2},edited,map_y,1563910.354,1563910.436,Unalaska,1770,1700
{A60A4DC2-B791-4D51-AC2C-5A319BB965F7},edited,map_x,-130210.0236,-130211.266,Atqasuk,286,276
{A60A4DC2-B791-4D51-AC2C-5A319BB965F7},edited,map_y,2280957.672,2280957.695,Atqasuk,286,276
{A6438E8E-EC86-43B8-A939-ECCBB039056D},edited,map_x,1392133.263,1392131.971,Ketchikan,948,910
{A6438E8E-EC86-43B8-A939-ECCBB039056D},edited,map_y,828296.0942,828296.1899,Ketchikan,948,910
{A6656A06-FB6E-44F6-8DEB-0A79C30970C9},edited,map_x,-277592.459,-277593.6629,Red Devil,1461,1403
{A6656A06-FB6E-44F6-8DEB-0A79C30970C9},edited,map_y,1299211.1,1299211.206,Red Devil,1461,1403
{A6931EBC-3E8A-4E86-827E-9214C8482A3B},edited,map_x,-136897.5362,-136898.7526,Galena,674,643
{A6931EBC-3E8A-4E86-827E-9214C8482A3B},edited,map_y,1645460.272,1645460.348,Galena,674,643
{A6BE53B1-F755-448C-BD1F-63099BD047E5},edited,map_x,-421239.8309,-421241.0222,Bethel,308,294
{A6BE53B1-F755-448C-BD1F-63099BD047E5},edited,map_y,1226017.9,1226018.015,Bethel,308,294
{A6CB6477-FB04-4004-957A-50D44B89565D},edited,map_x,-276336.7687,-276337.9727,Chuathbaluk,422,398
{A6CB6477-FB04-4004-957A-50D44B89565D},edited,map_y,1299762.362,1299762.468,Chuathbaluk,422,398
{A6F3D5DB-5508-4B0A-8A10-9BFCA0BFA601},edited,map_x,509455.4654,509454.2074,Slana,1613,1551
{A6F3D5DB-5508-4B0A-8A10-9BFCA0BFA601},edited,map_y,1453589.402,1453589.497,Slana,1613,1551
{A711DDDE-1999-4493-A3CD-A603CD67B3FF},edited,map_x,-337805.5233,-337806.722,Koyuk,1076,1038
{A711DDDE-1999-4493-A3CD-A603CD67B3FF},edited,map_y,1681707.586,1681707.656,Koyuk,1076,1038
{A7652739-61F7-4745-8408-50A3C13A48AA},edited,map_x,1114287.905,1114286.619,Sitka,1600,1538
{A7652739-61F7-4745-8408-50A3C13A48AA},edited,map_y,939790.0305,939790.1348,Sitka,1600,1538
{A767B6F4-71AF-4BEF-8A8F-CFC0C88774D2},edited,map_x,258554.1005,258552.8535,Seward,1557,1496
{A767B6F4-71AF-4BEF-8A8F-CFC0C88774D2},edited,map_y,1131859.864,1131859.978,Seward,1557,1496
{A7EA9E25-E914-4577-97C7-9D9E1A63BD1C},edited,map_x,60434.43801,60433.20202,Allakaket,131,131
{A7EA9E25-E914-4577-97C7-9D9E1A63BD1C},edited,map_y,1843790.481,1843790.544,Allakaket,131,131
{A7EBAE89-F17F-40AC-8D9F-B0C83C6758D0},edited,map_x,1324746.555,1324745.262,Hydaburg,806,772
{A7EBAE89-F17F-40AC-8D9F-B0C83C6758D0},edited,map_y,790997.1798,790997.2778,Hydaburg,806,772
{A8127B68-83B7-4431-8F66-D91552206E5C},edited,map_x,-140673.5887,-140674.8047,Galena,676,645
{A8127B68-83B7-4431-8F66-D91552206E5C},edited,map_y,1645115.105,1645115.181,Galena,676,645
{A816C762-5E40-489E-89F9-BA4C1D7C7825},edited,map_x,-97669.88595,-97671.13877,Barrow,301,287
{A816C762-5E40-489E-89F9-BA4C1D7C7825},edited,map_y,2372049.515,2372049.531,Barrow,301,287
{A82B5A6A-FC3F-4B18-8C71-C5DD4E03ECC4},edited,map_x,290065.7287,290064.4826,Eielson Afb,555,526
{A82B5A6A-FC3F-4B18-8C71-C5DD4E03ECC4},edited,map_y,1411353.008,1411353.105,Eielson Afb,555,526
{A83D391D-29F1-4CE6-A8B5-E111EC571EA4},edited,map_x,1116384.325,1116383.039,Sitka,1602,1540
{A83D391D-29F1-4CE6-A8B5-E111EC571EA4},edited,map_y,940536.9881,940537.0924,Sitka,1602,1540
{A83E2FB7-E147-4DD4-BD40-5D5698C340FA},edited,map_x,-280169.8291,-280171.0473,Chignik Lagoon,407,384
{A83E2FB7-E147-4DD4-BD40-5D5698C340FA},edited,map_y,709464.3475,709464.5065,Chignik Lagoon,407,384
{A84D01CD-5627-44BC-ADBD-1E3AF860E970},edited,map_x,-168453.7503,-168454.9698,Ambler,147,146
{A84D01CD-5627-44BC-ADBD-1E3AF860E970},edited,map_y,1908063.871,1908063.924,Ambler,147,146
{A88A4221-EFB5-4D98-BE34-4E1A9CA8C2A3},edited,map_x,-309856.8862,-309858.092,Noorvik,1270,1225
{A88A4221-EFB5-4D98-BE34-4E1A9CA8C2A3},edited,map_y,1891560.543,1891560.594,Noorvik,1270,1225
{A8982EF5-33DF-4199-A007-78C5331E926A},edited,map_x,-363515.2781,-363516.4788,Togiak,1705,1641
{A8982EF5-33DF-4199-A007-78C5331E926A},edited,map_y,1025016.514,1025016.647,Togiak,1705,1641
{A8B50C02-94E9-4108-AA7E-7EE23CC1EEF2},edited,map_x,-307010.7701,-307011.9704,Grayling,721,688
{A8B50C02-94E9-4108-AA7E-7EE23CC1EEF2},edited,map_y,1451366.488,1451366.58,Grayling,721,688
{A8BBF513-E14C-4B7B-82CC-147958FFDAD0},edited,map_x,1199305.136,1199303.849,Kake,874,839
{A8BBF513-E14C-4B7B-82CC-147958FFDAD0},edited,map_y,956740.3385,956740.4403,Kake,874,839
{A8C51656-470A-4DE2-9586-AAE7535B2919},edited,map_x,-47708.3131,-47709.53952,Iliamna,826,791
{A8C51656-470A-4DE2-9586-AAE7535B2919},edited,map_y,1085096.777,1085096.898,Iliamna,826,791
{A8DD319B-5CCE-40D5-ACBC-8E90A95348B9},edited,map_x,-176080.311,-176081.5242,Koyukuk,1078,1040
{A8DD319B-5CCE-40D5-ACBC-8E90A95348B9},edited,map_y,1662571.477,1662571.551,Koyukuk,1078,1040
{A8E15613-2636-4E8E-A76D-BF767EC36F40},edited,map_x,60093.12397,60091.88796,Allakaket,135,135
{A8E15613-2636-4E8E-A76D-BF767EC36F40},edited,map_y,1845452.499,1845452.562,Allakaket,135,135
{A919E785-7508-4B03-B79B-5726EAAEF7FC},edited,map_x,89425.73666,89424.50193,Tanana,1665,1603
{A919E785-7508-4B03-B79B-5726EAAEF7FC},edited,map_y,1691458.015,1691458.091,Tanana,1665,1603
{A933ED2A-778A-45EB-8CF9-59AB7F424859},edited,map_x,-475401.3766,-475402.5632,Tuntutuliak,1730,1663
{A933ED2A-778A-45EB-8CF9-59AB7F424859},edited,map_y,1181228.476,1181228.595,Tuntutuliak,1730,1663
{A958F4D2-051D-4E8F-AF6E-9B74D92FE917},edited,map_x,-332930.4974,-332931.6955,Unalakleet,1759,1689
{A958F4D2-051D-4E8F-AF6E-9B74D92FE917},edited,map_y,1563348.027,1563348.108,Unalakleet,1759,1689
{A9739326-6E04-44CC-85BE-78E4EE799C62},edited,map_x,1306720.76,1306719.471,Wrangell,1831,1760
{A9739326-6E04-44CC-85BE-78E4EE799C62},edited,map_y,932749.9847,932750.0835,Wrangell,1831,1760
{A9993CC3-DCF0-49EA-9210-B68096AC8937},edited,map_x,-446840.8566,-446842.0443,White Mountain,1822,1751
{A9993CC3-DCF0-49EA-9210-B68096AC8937},edited,map_y,1666887.287,1666887.357,White Mountain,1822,1751
{A9A5D050-3B47-437F-80C0-8BD0FAA3A474},edited,map_x,-175535.729,-175536.9416,Red Devil,1459,1401
{A9A5D050-3B47-437F-80C0-8BD0FAA3A474},edited,map_y,1316130.543,1316130.647,Red Devil,1459,1401
{A9C3A000-424E-4DCA-83F3-1BAEAB5E58D3},edited,map_x,-18096.72816,-18097.95593,Port Alsworth,1415,1359
{A9C3A000-424E-4DCA-83F3-1BAEAB5E58D3},edited,map_y,1134288.21,1134288.327,Port Alsworth,1415,1359
{A9C92D12-FAE6-4509-996E-95FCD6FDAEA8},edited,map_x,-172924.3525,-172925.5714,Naknek,1179,1136
{A9C92D12-FAE6-4509-996E-95FCD6FDAEA8},edited,map_y,974209.5807,974209.7138,Naknek,1179,1136
{A9D42BE2-8741-44EB-9D76-C45071496923},edited,map_x,1384254.576,1384253.284,Ketchikan,947,909
{A9D42BE2-8741-44EB-9D76-C45071496923},edited,map_y,830988.1164,830988.2123,Ketchikan,947,909
{A9ECBD54-7C82-4C47-932F-979C91AFCEB1},edited,map_x,-102622.9688,-102624.187,Takotna,1651,1589
{A9ECBD54-7C82-4C47-932F-979C91AFCEB1},edited,map_y,1448703.646,1448703.739,Takotna,1651,1589
{AA02A331-9867-4BA3-99F7-81F5B4789144},edited,map_x,438615.4327,438614.1781,Glennallen,702,669
{AA02A331-9867-4BA3-99F7-81F5B4789144},edited,map_y,1376186.148,1376186.247,Glennallen,702,669
{AA03A04C-1699-4D6B-9606-784F5118684C},edited,map_x,305228.5143,305227.2659,North Pole,1284,1238
{AA03A04C-1699-4D6B-9606-784F5118684C},edited,map_y,1665778.386,1665778.467,North Pole,1284,1238
{AA3958B9-E108-4B2D-94B1-50DB4E5D7630},edited,map_x,-190420.647,-190421.8589,,90,90
{AA3958B9-E108-4B2D-94B1-50DB4E5D7630},edited,map_y,1654515.87,1654515.944,,90,90
{AA46E999-9021-49E7-9F8E-58ADC5E2C929},edited,map_x,-101822.2014,-101823.4533,Barrow,300,286
{AA46E999-9021-49E7-9F8E-58ADC5E2C929},edited,map_y,2365903.233,2365903.249,Barrow,300,286
{AA4C91F1-4525-4ADD-93A3-F931F44C5C74},edited,map_x,388278.2987,388277.0414,Fort Yukon,655,626
{AA4C91F1-4525-4ADD-93A3-F931F44C5C74},edited,map_y,1871185.381,1871185.45,Fort Yukon,655,626
{AA7002E5-8CA3-4134-810A-4979F830E599},edited,map_x,-27082.22387,-27083.45833,Karluk,907,869
{AA7002E5-8CA3-4134-810A-4979F830E599},edited,map_y,840550.9156,840551.0555,Karluk,907,869
{AAB281BB-64C6-44DD-AE7A-FBCC90EE0783},edited,map_x,306636.7137,306635.4653,North Pole,1281,1235
{AAB281BB-64C6-44DD-AE7A-FBCC90EE0783},edited,map_y,1663432.941,1663433.022,North Pole,1281,1235
{AAB3F5C1-2AD5-4A34-BB01-B155229C18D5},edited,map_x,-610973.4403,-610974.6107,Chevak,389,367
{AAB3F5C1-2AD5-4A34-BB01-B155229C18D5},edited,map_y,1337092.494,1337092.598,Chevak,389,367
{AABB804C-6713-48DB-8B61-4A5A582D0DE5},edited,map_x,-109877.0196,-109878.24,Huslia,801,767
{AABB804C-6713-48DB-8B61-4A5A582D0DE5},edited,map_y,1751239.492,1751239.559,Huslia,801,767
{AAE0CDFD-B257-4827-AB4E-3FA700BE29A7},edited,map_x,-358441.6987,-358442.8998,Twin Hills,1740,1671
{AAE0CDFD-B257-4827-AB4E-3FA700BE29A7},edited,map_y,1025703.927,1025704.06,Twin Hills,1740,1671
{AB04C3B7-730E-44F4-AD27-ADC5B4B13493},edited,map_x,474459.0389,474457.7805,Eielson Afb,556,527
{AB04C3B7-730E-44F4-AD27-ADC5B4B13493},edited,map_y,1730029.166,1730029.246,Eielson Afb,556,527
{AB061DFF-3825-4970-BD3B-DCD11F9B692B},edited,map_x,-528809.2896,-528810.4893,King Cove,971,933
{AB061DFF-3825-4970-BD3B-DCD11F9B692B},edited,map_y,592448.7495,592448.9296,King Cove,971,933
{AB23A4FE-2B44-4EE0-9ECF-0D11705EC96D},edited,map_x,-602257.5325,-602258.7252,False Pass,640,611
{AB23A4FE-2B44-4EE0-9ECF-0D11705EC96D},edited,map_y,582035.034,582035.2185,False Pass,640,611
{AB75DEC6-BE12-4BD6-8039-6FCBEFD315E7},edited,map_x,90204.11129,90202.86955,Ouzinkie,1334,1282
{AB75DEC6-BE12-4BD6-8039-6FCBEFD315E7},edited,map_y,883202.0497,883202.1834,Ouzinkie,1334,1282
{AB994952-3C53-44E5-816D-B6C2A1A9012A},edited,map_x,-109839.8128,-109841.0332,Huslia,805,771
{AB994952-3C53-44E5-816D-B6C2A1A9012A},edited,map_y,1751258.554,1751258.622,Huslia,805,771
{ABAD2EE2-9E85-4C4A-B842-A3C00F4B54B7},edited,map_x,-307070.0253,-307071.2256,Grayling,715,682
{ABAD2EE2-9E85-4C4A-B842-A3C00F4B54B7},edited,map_y,1451262.31,1451262.402,Grayling,715,682
{ABC8D56B-A787-4CE7-A688-D7B9AAD7DE8B},edited,map_x,1036262.564,1036261.282,Pelican,1357,1305
{ABC8D56B-A787-4CE7-A688-D7B9AAD7DE8B},edited,map_y,1023722.632,1023722.737,Pelican,1357,1305
{AC024D0B-F6A8-4873-A2E6-17A620B1D007},edited,map_x,-533904.0766,-533905.2544,Emmonak,576,547
{AC024D0B-F6A8-4873-A2E6-17A620B1D007},edited,map_y,1465364.796,1465364.886,Emmonak,576,547
{AC2A183B-9056-4584-A18C-B39363D95AD7},edited,map_x,-227493.3197,-227494.5545,Wainwright,1802,1731
{AC2A183B-9056-4584-A18C-B39363D95AD7},edited,map_y,2304925.925,2304925.942,Wainwright,1802,1731
{AC3EBB88-FB69-40A7-BB5C-3C789CD4B663},edited,map_x,430531.7737,430530.5187,,50,50
{AC3EBB88-FB69-40A7-BB5C-3C789CD4B663},edited,map_y,1636744.673,1636744.757,,50,50
{AC577471-586A-4960-BE1D-80611DE3D2C9},edited,map_x,1075992.483,1075991.202,Juneau,857,822
{AC577471-586A-4960-BE1D-80611DE3D2C9},edited,map_y,1137303.448,1137303.551,Juneau,857,822
{AC79B6DF-37F4-4141-A2B0-20447B7A3E1C},edited,map_x,604271.6363,604270.3723,Eagle,524,495
{AC79B6DF-37F4-4141-A2B0-20447B7A3E1C},edited,map_y,1705939.924,1705940.008,Eagle,524,495
{AC8E871E-2494-46AF-8BF8-376AC70ECDB4},edited,map_x,1121590.762,1121589.476,Sitka,1595,1533
{AC8E871E-2494-46AF-8BF8-376AC70ECDB4},edited,map_y,941626.6926,941626.7967,Sitka,1595,1533
{ACBD4800-17CA-4F80-8DDE-714558A21D6F},edited,map_x,305926.8132,305925.5646,Fairbanks,616,587
{ACBD4800-17CA-4F80-8DDE-714558A21D6F},edited,map_y,1673916.297,1673916.377,Fairbanks,616,587
{ACC2E82E-44B3-4A22-9FB0-A4E7A2571A04},edited,map_x,232080.1611,232078.9179,Anderson,238,230
{ACC2E82E-44B3-4A22-9FB0-A4E7A2571A04},edited,map_y,1606165.065,1606165.148,Anderson,238,230
{ACE4A6F5-F863-43EC-A3D7-F3D44ED62F64},edited,map_x,159706.6264,159705.3871,Manley Hot Springs,1122,1081
{ACE4A6F5-F863-43EC-A3D7-F3D44ED62F64},edited,map_y,1675945.343,1675945.42,Manley Hot Springs,1122,1081
{ACFDB0DB-4CB5-4622-965E-BDE30178DF29},edited,map_x,104027.4521,104026.2096,Bettles Field,325,311
{ACFDB0DB-4CB5-4622-965E-BDE30178DF29},edited,map_y,1948291.978,1948292.034,Bettles Field,325,311
{AD0AB2B7-65FB-40CB-A1A9-2316C82F20FA},edited,map_x,-566456.0458,-566457.2232,Chefornak,374,353
{AD0AB2B7-65FB-40CB-A1A9-2316C82F20FA},edited,map_y,1173900.507,1173900.628,Chefornak,374,353
{AD383347-C78A-4F0E-84E7-0A07975B206C},edited,map_x,449055.9657,449054.7089,Cordova,468,440
{AD383347-C78A-4F0E-84E7-0A07975B206C},edited,map_y,1201559.414,1201559.522,Cordova,468,440
{ADA92A6C-1168-4113-9B0F-A9E279CD5BC0},edited,map_x,-544095.7751,-544096.9525,Nome,1260,1215
{ADA92A6C-1168-4113-9B0F-A9E279CD5BC0},edited,map_y,1666949.082,1666949.15,Nome,1260,1215
{ADB712F1-7ED2-48F4-8513-9B6160732903},edited,map_x,237495.7959,237494.5521,Eagle River,529,500
{ADB712F1-7ED2-48F4-8513-9B6160732903},edited,map_y,1266380.924,1266381.03,Eagle River,529,500
{ADDAB7A9-008D-4294-A74F-B722E49B32DC},edited,map_x,159503.1959,159501.9529,Bettles Field,329,315
{ADDAB7A9-008D-4294-A74F-B722E49B32DC},edited,map_y,1845380.7,1845380.765,Bettles Field,329,315
{AE061686-3F3E-4156-A901-5DDB6E3F0237},edited,map_x,-446979.9096,-446981.0982,Nightmute,1224,1179
{AE061686-3F3E-4156-A901-5DDB6E3F0237},edited,map_y,1236015.261,1236015.375,Nightmute,1224,1179
{AE259A2D-93B6-4E34-AEE3-3F39B37685ED},edited,map_x,404565.9498,404564.6952,Cordova,473,445
{AE259A2D-93B6-4E34-AEE3-3F39B37685ED},edited,map_y,1188660.533,1188660.642,Cordova,473,445
{AE3A12BF-C938-4998-B176-94765EAE7B73},edited,map_x,147246.7205,147245.4815,Kenai,932,894
{AE3A12BF-C938-4998-B176-94765EAE7B73},edited,map_y,1180520.229,1180520.341,Kenai,932,894
{AE4C81AC-F533-4FFF-B91D-80DD9CF22EF2},edited,map_x,-611635.1735,-611636.3452,Tununak,1737,1669
{AE4C81AC-F533-4FFF-B91D-80DD9CF22EF2},edited,map_y,1229798.906,1229799.021,Tununak,1737,1669
{AE5F3E72-8390-444C-8C46-BB22FFFF9A8A},edited,map_x,-299030.9544,-299032.1557,Holy Cross,748,715
{AE5F3E72-8390-444C-8C46-BB22FFFF9A8A},edited,map_y,1370969.232,1370969.331,Holy Cross,748,715
{AEBDC0B1-4030-4175-AE7E-71B9DE474AE5},edited,map_x,-129928.3286,-129929.571,Atqasuk,282,272
{AEBDC0B1-4030-4175-AE7E-71B9DE474AE5},edited,map_y,2281010.013,2281010.035,Atqasuk,282,272
{AEC3F544-FBA6-450A-BA4E-FC337AFB6FCA},edited,map_x,161693.3048,161692.059,Coldfoot,456,428
{AEC3F544-FBA6-450A-BA4E-FC337AFB6FCA},edited,map_y,1928987.505,1928987.564,Coldfoot,456,428
{AEE5AF01-1BA4-4D7E-BD47-22025EB97CE9},edited,map_x,252458.1616,252456.9151,Seward,1558,1497
{AEE5AF01-1BA4-4D7E-BD47-22025EB97CE9},edited,map_y,1135828.413,1135828.527,Seward,1558,1497
{AEE8ACD5-5A8B-4579-B55C-5FDE743EBC66},edited,map_x,-944348.3907,-944349.5343,St. George,1880,1809
{AEE8ACD5-5A8B-4579-B55C-5FDE743EBC66},edited,map_y,843627.7573,843627.9256,St. George,1880,1809
{AF00A56B-27C0-4A8F-8C02-0B6F58B1FB45},edited,map_x,-540823.5913,-540824.7722,Shishmaref,1582,1521
{AF00A56B-27C0-4A8F-8C02-0B6F58B1FB45},edited,map_y,1860222.645,1860222.694,Shishmaref,1582,1521
{AF0ABF99-24F8-4E84-AB63-AA9019770C31},edited,map_x,-47329.92394,-47331.14991,Nondalton,1266,1221
{AF0ABF99-24F8-4E84-AB63-AA9019770C31},edited,map_y,1109297.404,1109297.523,Nondalton,1266,1221
{AF0B22FA-9863-4EEB-8301-672C0FE42AEB},edited,map_x,-312022.7571,-312023.9569,Grayling,717,684
{AF0B22FA-9863-4EEB-8301-672C0FE42AEB},edited,map_y,1457604.749,1457604.841,Grayling,717,684
{AF6A455C-7DE7-475E-B400-0270987FA395},edited,map_x,252057.7109,252056.4643,Seward,1559,1498
{AF6A455C-7DE7-475E-B400-0270987FA395},edited,map_y,1135445.083,1135445.197,Seward,1559,1498
{AF91A6A4-0D88-461C-A1B2-664558EEBACB},edited,map_x,-545190.252,-545191.4293,Nome,1253,1208
{AF91A6A4-0D88-461C-A1B2-664558EEBACB},edited,map_y,1662045.014,1662045.083,Nome,1253,1208
{AFA96D1A-F5E6-4F43-B736-7A1701B0E813},edited,map_x,299235.1897,299233.9417,Fairbanks,586,557
{AFA96D1A-F5E6-4F43-B736-7A1701B0E813},edited,map_y,1663300.317,1663300.398,Fairbanks,586,557
{AFF28455-DC30-427A-8DD4-AEA794FA40B2},edited,map_x,-171816.4053,-171817.6243,Naknek,1175,1132
{AFF28455-DC30-427A-8DD4-AEA794FA40B2},edited,map_y,975006.4914,975006.6244,Naknek,1175,1132
{B0066921-3F79-4DC7-A0D1-CDB913214CE5},edited,map_x,-645362.7138,-645363.8818,Wales,1809,1738
{B0066921-3F79-4DC7-A0D1-CDB913214CE5},edited,map_y,1807135.61,1807135.662,Wales,1809,1738
{B00C34E3-78CF-4E85-BB72-D9C79AF1A27A},edited,map_x,-389507.5419,-389508.7361,Akiak,110,110
{B00C34E3-78CF-4E85-BB72-D9C79AF1A27A},edited,map_y,1235726.026,1235726.139,Akiak,110,110
{B05026CD-3A84-439D-A809-4C9614FB88CD},edited,map_x,153531.9959,153530.7549,Homer,761,728
{B05026CD-3A84-439D-A809-4C9614FB88CD},edited,map_y,1087066.119,1087066.238,Homer,761,728
{B057ED6C-AB74-4C0C-A33E-C27C193AC3EA},edited,map_x,1051269.788,1051268.507,Gustavus,728,695
{B057ED6C-AB74-4C0C-A33E-C27C193AC3EA},edited,map_y,1080362.444,1080362.548,Gustavus,728,695
{B05FDC3E-7883-499D-B81D-800F7708DB3C},edited,map_x,-254684.3222,-254685.533,Dillingham,514,485
{B05FDC3E-7883-499D-B81D-800F7708DB3C},edited,map_y,1013957.399,1013957.531,Dillingham,514,485
{B06057DA-8EB9-4521-B9CE-3A2D36CEECCC},edited,map_x,1108829.725,1108828.439,,57,57
{B06057DA-8EB9-4521-B9CE-3A2D36CEECCC},edited,map_y,915584.5278,915584.6326,,57,57
{B07EB472-F08E-4523-850D-3B55EC1020B6},edited,map_x,-389497.7036,-389498.8977,Akiak,114,114
{B07EB472-F08E-4523-850D-3B55EC1020B6},edited,map_y,1235724.952,1235725.065,Akiak,114,114
{B0D43C0D-743A-444E-BA07-F893397FE358},edited,map_x,1274955.385,1274954.095,Whale Pass,1821,1750
{B0D43C0D-743A-444E-BA07-F893397FE358},edited,map_y,880898.8025,880898.9024,Whale Pass,1821,1750
{B111E91E-EB87-4AAA-8E4E-8BE0A7677641},edited,map_x,395305.4095,395304.156,Tatitlek,1668,1606
{B111E91E-EB87-4AAA-8E4E-8BE0A7677641},edited,map_y,1231253.35,1231253.457,Tatitlek,1668,1606
{B1155E19-CC5E-4A58-978B-634BB0EF5F61},edited,map_x,1117552,1117550.717,Juneau,860,825
{B1155E19-CC5E-4A58-978B-634BB0EF5F61},edited,map_y,1092969.57,1092969.673,Juneau,860,825
{B121A7B4-DF9E-473A-AA2E-5B54FF74D1E3},edited,map_x,-583729.8584,-583731.0333,Nightmute,1220,1175
{B121A7B4-DF9E-473A-AA2E-5B54FF74D1E3},edited,map_y,1212284.93,1212285.047,Nightmute,1220,1175
{B14FE478-41B4-4B67-BF61-8D60B9964248},edited,map_x,252974.8676,252973.621,Seward,1556,1495
{B14FE478-41B4-4B67-BF61-8D60B9964248},edited,map_y,1135556.109,1135556.223,Seward,1556,1495
{B15585A9-81DC-44FE-B56A-EDA5807B30C5},edited,map_x,-309856.8862,-309858.092,Noorvik,1269,1224
{B15585A9-81DC-44FE-B56A-EDA5807B30C5},edited,map_y,1891560.543,1891560.594,Noorvik,1269,1224
{B15A52C6-6F30-470D-9BA8-5037E9F1F1EC},edited,map_x,229280.9447,229279.7014,Eielson Afb,552,523
{B15A52C6-6F30-470D-9BA8-5037E9F1F1EC},edited,map_y,1259046.153,1259046.259,Eielson Afb,552,523
{B180DDDE-3929-4A7B-8974-8163ACFD6C3A},edited,map_x,1337844.281,1337842.989,Kasaan,912,874
{B180DDDE-3929-4A7B-8974-8163ACFD6C3A},edited,map_y,834187.2383,834187.3359,Kasaan,912,874
{B18E95A5-0733-4D86-A729-454A57417F73},edited,map_x,-346099.4396,-346100.6367,Shaktoolik,1569,1508
{B18E95A5-0733-4D86-A729-454A57417F73},edited,map_y,1617099.199,1617099.275,Shaktoolik,1569,1508
{B1C31D12-4C17-457D-9F1D-668A0A5F6225},edited,map_x,462817.1503,462815.8945,Slana,1612,1550
{B1C31D12-4C17-457D-9F1D-668A0A5F6225},edited,map_y,1407627.312,1407627.41,Slana,1612,1550
{B1C330CD-F2C3-4C1A-B12A-82BFA2DE8BC7},edited,map_x,1156496.584,1156495.301,,40,40
{B1C330CD-F2C3-4C1A-B12A-82BFA2DE8BC7},edited,map_y,1072302.214,1072302.316,,40,40
{B1C3993C-E3D4-4232-8551-C55E13B0EA36},edited,map_x,293064.3044,293063.0567,Fairbanks,619,590
{B1C3993C-E3D4-4232-8551-C55E13B0EA36},edited,map_y,1666635.839,1666635.919,Fairbanks,619,590
{B1DC4322-ACA2-4952-8441-A4D3090B3A4B},edited,map_x,-174278.2095,-174279.4283,Naknek,1881,1810
{B1DC4322-ACA2-4952-8441-A4D3090B3A4B},edited,map_y,974066.0797,974066.2129,Naknek,1881,1810
{B1E2DF31-83AC-4972-AEB7-DBBB326D649D},edited,map_x,-309856.8862,-309858.092,Noorvik,1275,1230
{B1E2DF31-83AC-4972-AEB7-DBBB326D649D},edited,map_y,1891560.543,1891560.594,Noorvik,1275,1230
{B200FB79-729C-4E7F-95CC-51B7277831CB},edited,map_x,619653.1535,619651.8897,,97,97
{B200FB79-729C-4E7F-95CC-51B7277831CB},edited,map_y,1636020.761,1636020.848,,97,97
{B2287974-A30A-4154-B089-CD95A7185409},edited,map_x,-358616.3628,-358617.5639,Twin Hills,1744,1675
{B2287974-A30A-4154-B089-CD95A7185409},edited,map_y,1025672.523,1025672.656,Twin Hills,1744,1675
{B2361FF5-97F3-44BE-B463-E1BEA5098719},edited,map_x,1388514.026,1388512.734,Ketchikan,944,906
{B2361FF5-97F3-44BE-B463-E1BEA5098719},edited,map_y,829054.0312,829054.127,Ketchikan,944,906
{B247D73E-FA98-4ADA-B5A2-DF5D34CAB83B},edited,map_x,-173905.0957,-173906.3144,Naknek,1184,1141
{B247D73E-FA98-4ADA-B5A2-DF5D34CAB83B},edited,map_y,974049.1197,974049.2528,Naknek,1184,1141
{B27809F4-1A92-40D2-B92B-31644CA598B4},edited,map_x,399227.7902,399226.5137,Kaktovik,883,848
{B27809F4-1A92-40D2-B92B-31644CA598B4},edited,map_y,2270576.545,2270576.587,Kaktovik,883,848
{B2CB3063-B2FF-4B00-8451-105642A700DD},edited,map_x,-271961.1343,-271962.3533,Chignik,402,379
{B2CB3063-B2FF-4B00-8451-105642A700DD},edited,map_y,707328.3198,707328.4786,Chignik,402,379
{B2D66571-9AF4-41D6-B083-AB1294B64E39},edited,map_x,-280100.0485,-280101.2668,Chignik Lagoon,405,382
{B2D66571-9AF4-41D6-B083-AB1294B64E39},edited,map_y,709821.1713,709821.3302,Chignik Lagoon,405,382
{B2FAD1AA-2DFE-4DD3-8E83-70849B14F765},edited,map_x,-533856.7119,-533857.8897,Emmonak,1882,1811
{B2FAD1AA-2DFE-4DD3-8E83-70849B14F765},edited,map_y,1465267.405,1465267.495,Emmonak,1882,1811
{B339EDD1-9BFD-436F-9843-F5E324A97456},edited,map_x,433988.3369,433987.0786,,63,63
{B339EDD1-9BFD-436F-9843-F5E324A97456},edited,map_y,1074576.344,1074576.459,,63,63
{B343C91A-25D7-42DF-B513-17A326BD56A4},edited,map_x,-267149.1091,-267150.3182,Selawik,1548,1487
{B343C91A-25D7-42DF-B513-17A326BD56A4},edited,map_y,1861836.177,1861836.231,Selawik,1548,1487
{B35105C7-0E6D-4238-ABF1-8D7EF7F936A0},edited,map_x,290635.0094,290633.7619,Fairbanks,620,591
{B35105C7-0E6D-4238-ABF1-8D7EF7F936A0},edited,map_y,1664885.45,1664885.53,Fairbanks,620,591
{B35757F9-6BED-4813-9B71-D1F6F2DCA0DF},edited,map_x,-323748.7784,-323749.9805,Buckland,350,331
{B35757F9-6BED-4813-9B71-D1F6F2DCA0DF},edited,map_y,1797318.403,1797318.462,Buckland,350,331
{B366EDFE-8B21-4D77-AFDB-D1639DE91AE0},edited,map_x,-574416.9118,-574418.087,Teller,1676,1613
{B366EDFE-8B21-4D77-AFDB-D1639DE91AE0},edited,map_y,1754024.284,1754024.344,Teller,1676,1613
{B410D852-150D-4717-90A5-44DAC736B163},edited,map_x,-166998.9948,-167000.2083,Sleetmute,1618,1556
{B410D852-150D-4717-90A5-44DAC736B163},edited,map_y,1306622.736,1306622.841,Sleetmute,1618,1556
{B41C346B-C17B-4154-A14C-3B28B36C4C1D},edited,map_x,-441132.996,-441134.1873,Quinhagak,1450,1392
{B41C346B-C17B-4154-A14C-3B28B36C4C1D},edited,map_y,1110955.229,1110955.355,Quinhagak,1450,1392
{B4417888-37CE-4EF6-A26A-55AF825A21AB},edited,map_x,220747.491,220746.2481,Anchorage,228,220
{B4417888-37CE-4EF6-A26A-55AF825A21AB},edited,map_y,1251398.097,1251398.204,Anchorage,228,220
{B461A6E1-EF73-41C4-8195-F61F8C1B730F},edited,map_x,221124.324,221123.0811,Anchorage,171,163
{B461A6E1-EF73-41C4-8195-F61F8C1B730F},edited,map_y,1251715.641,1251715.748,Anchorage,171,163
{B46E79C4-84C1-4A2D-87CF-4831E82CA4A9},edited,map_x,94710.50289,94709.26032,Kodiak,1018,980
{B46E79C4-84C1-4A2D-87CF-4831E82CA4A9},edited,map_y,866279.7711,866279.9058,Kodiak,1018,980
{B46ED03F-5DB4-4255-A1AC-59B085DBF727},edited,map_x,88094.82768,88093.58547,Kodiak,1017,979
{B46ED03F-5DB4-4255-A1AC-59B085DBF727},edited,map_y,862887.2852,862887.4203,Kodiak,1017,979
{B47BDC9C-D98B-4416-91A6-F1A5A1A96B4D},edited,map_x,239354.0528,239352.809,Chugiak,431,405
{B47BDC9C-D98B-4416-91A6-F1A5A1A96B4D},edited,map_y,1279417.074,1279417.179,Chugiak,431,405
{B4946844-727D-478C-B06B-3C7EC55D583C},edited,map_x,-993968.4458,-993969.6012,Nikolski,1232,1187
{B4946844-727D-478C-B06B-3C7EC55D583C},edited,map_y,436710.455,436710.6758,Nikolski,1232,1187
{B4AA41CA-3A16-4E05-A060-1882D5DF320D},edited,map_x,95471.45044,95470.20915,,54,54
{B4AA41CA-3A16-4E05-A060-1882D5DF320D},edited,map_y,911291.9707,911292.1023,,54,54
{B4C2906B-6DF1-4DA7-BA8F-6C9D0CEF2F20},edited,map_x,-509340.3361,-509341.5202,Kwigillingok,1094,1056
{B4C2906B-6DF1-4DA7-BA8F-6C9D0CEF2F20},edited,map_y,1133717.057,1133717.181,Kwigillingok,1094,1056
{B4D5EE26-39E2-46BF-B83C-B634BBA008EB},edited,map_x,-267244.0219,-267245.231,Selawik,1543,1482
{B4D5EE26-39E2-46BF-B83C-B634BBA008EB},edited,map_y,1862021.857,1862021.912,Selawik,1543,1482
{B4D6D584-2183-46FA-A49A-8007A9A27B9B},edited,map_x,584171.9055,584170.6434,Chicken,398,375
{B4D6D584-2183-46FA-A49A-8007A9A27B9B},edited,map_y,1620183.455,1620183.542,Chicken,398,375
{B4EEB435-F160-4956-A029-E65744F94C5E},edited,map_x,1117546.058,1117544.772,Sitka,1591,1529
{B4EEB435-F160-4956-A029-E65744F94C5E},edited,map_y,940617.5684,940617.6727,Sitka,1591,1529
{B50C3F10-1576-41B3-84F8-FA0CA4542BC6},edited,map_x,417281.0228,417279.7694,Paxson,1350,1298
{B50C3F10-1576-41B3-84F8-FA0CA4542BC6},edited,map_y,1502702.913,1502703.005,Paxson,1350,1298
{B5257EDF-FE10-458B-9388-8397A316873E},edited,map_x,132558.4413,132557.2015,Homer,757,724
{B5257EDF-FE10-458B-9388-8397A316873E},edited,map_y,1076636.23,1076636.349,Homer,757,724
{B5302F24-7BC3-4365-B265-9200D736044A},edited,map_x,153508.3285,153507.0875,Homer,762,729
{B5302F24-7BC3-4365-B265-9200D736044A},edited,map_y,1086976.337,1086976.456,Homer,762,729
{B5897603-E5C9-4D4B-9F7C-B66E6EBB82A8},edited,map_x,296699.9595,296698.7116,Fairbanks,596,567
{B5897603-E5C9-4D4B-9F7C-B66E6EBB82A8},edited,map_y,1664085.415,1664085.495,Fairbanks,596,567
{B5A77B3F-AAE4-4D2E-B070-88205D10B320},edited,map_x,-281223.7892,-281225.0047,Port Heiden,1431,1373
{B5A77B3F-AAE4-4D2E-B070-88205D10B320},edited,map_y,781464.2899,781464.4426,Port Heiden,1431,1373
{B5C82EF4-79DB-417C-9A44-A90C8CBCF6EC},edited,map_x,-337890.3831,-337891.5818,Koyuk,1070,1032
{B5C82EF4-79DB-417C-9A44-A90C8CBCF6EC},edited,map_y,1681620.932,1681621.002,Koyuk,1070,1032
{B5D70A47-AC0D-44DA-80B7-98684B3A142F},edited,map_x,-277054.4911,-277055.6949,Chuathbaluk,427,403
{B5D70A47-AC0D-44DA-80B7-98684B3A142F},edited,map_y,1299415.038,1299415.144,Chuathbaluk,427,403
{B5E90817-D98F-4DBE-8C24-C42163277CEA},edited,map_x,-272026.1998,-272027.4189,Chignik,400,377
{B5E90817-D98F-4DBE-8C24-C42163277CEA},edited,map_y,707373.5691,707373.7279,Chignik,400,377
{B5F8918F-A855-4169-9042-2A713EF776E9},edited,map_x,-504393.3392,-504394.5204,Mountain Village,1172,1129
{B5F8918F-A855-4169-9042-2A713EF776E9},edited,map_y,1382693.761,1382693.859,Mountain Village,1172,1129
{B5F9DF89-516A-4284-9CF3-8F1871A3A263},edited,map_x,1238107.121,1238105.832,Point Baker,1386,1332
{B5F9DF89-516A-4284-9CF3-8F1871A3A263},edited,map_y,896407.4467,896407.5477,Point Baker,1386,1332
{B70644C4-0854-45E2-B80A-F541CEB000BF},edited,map_x,-338287.608,-338288.8066,Koyuk,1074,1036
{B70644C4-0854-45E2-B80A-F541CEB000BF},edited,map_y,1681759.781,1681759.851,Koyuk,1074,1036
{B718A85C-8F35-4926-949D-1A17CD92D97A},edited,map_x,1041799.836,1041798.555,Gustavus,724,691
{B718A85C-8F35-4926-949D-1A17CD92D97A},edited,map_y,1082440.062,1082440.166,Gustavus,724,691
{B764FB91-117D-48DF-94E6-BD2A0C3925B6},edited,map_x,388933.59,388932.3327,Fort Yukon,666,635
{B764FB91-117D-48DF-94E6-BD2A0C3925B6},edited,map_y,1870690.623,1870690.692,Fort Yukon,666,635
{B7865DED-BA93-4C1A-8624-E2191CB6ED2E},edited,map_x,-168483.0273,-168484.2467,Ambler,144,143
{B7865DED-BA93-4C1A-8624-E2191CB6ED2E},edited,map_y,1908065.574,1908065.627,Ambler,144,143
{B7885440-B2E6-4B50-8FB3-A4D4295D9536},edited,map_x,-255306.4649,-255307.6757,Dillingham,517,488
{B7885440-B2E6-4B50-8FB3-A4D4295D9536},edited,map_y,1013500.035,1013500.166,Dillingham,517,488
{B78D59B6-B929-4BBF-83B0-AFBDE59D3954},edited,map_x,388346.1302,388344.8729,Fort Yukon,658,629
{B78D59B6-B929-4BBF-83B0-AFBDE59D3954},edited,map_y,1870818.052,1870818.121,Fort Yukon,658,629
{B7C1513A-81D7-4D29-B32B-B54EF5E38F76},edited,map_x,-332610.4907,-332611.6887,Unalakleet,1763,1693
{B7C1513A-81D7-4D29-B32B-B54EF5E38F76},edited,map_y,1562712.244,1562712.326,Unalakleet,1763,1693
{B7CC301C-B675-40C9-80A7-82BA544A799E},edited,map_x,220830.3796,220829.1368,Anchorage,191,183
{B7CC301C-B675-40C9-80A7-82BA544A799E},edited,map_y,1257121.245,1257121.352,Anchorage,191,183
{B7E68FA8-CBBD-45FD-8AAC-B95EF13A029A},edited,map_x,352701.6743,352700.4128,Arctic Village,265,255
{B7E68FA8-CBBD-45FD-8AAC-B95EF13A029A},edited,map_y,2040253.101,2040253.158,Arctic Village,265,255
{B80548E9-C5CF-4823-A943-82BB8ADF4D12},edited,map_x,-267255.7005,-267256.9095,Selawik,1541,1480
{B80548E9-C5CF-4823-A943-82BB8ADF4D12},edited,map_y,1862043.348,1862043.403,Selawik,1541,1480
{B809753A-7350-4257-8302-029E3DAC7A41},edited,map_x,-163308.5053,-163309.7239,Levelock,1102,1064
{B809753A-7350-4257-8302-029E3DAC7A41},edited,map_y,1018162.541,1018162.67,Levelock,1102,1064
{B80B9117-2A48-449E-839A-C42855A531BB},edited,map_x,238250.8251,238249.5818,Healy,745,712
{B80B9117-2A48-449E-839A-C42855A531BB},edited,map_y,1570417.24,1570417.326,Healy,745,712
{B81A6E58-57B2-4A7D-980B-3DA6129191C0},edited,map_x,1150642.776,1150641.493,Juneau,846,811
{B81A6E58-57B2-4A7D-980B-3DA6129191C0},edited,map_y,1088800.134,1088800.235,Juneau,846,811
{B82A34CB-3CD0-4A7F-BFEE-BA349A32E157},edited,map_x,1378150.596,1378149.305,Ketchikan,954,916
{B82A34CB-3CD0-4A7F-BFEE-BA349A32E157},edited,map_y,835940.7246,835940.8208,Ketchikan,954,916
{B82BCD44-0AB9-477F-AB04-130B254298CD},edited,map_x,-46518.28365,-46519.51017,Iliamna,822,787
{B82BCD44-0AB9-477F-AB04-130B254298CD},edited,map_y,1084856.447,1084856.568,Iliamna,822,787
{B82E0630-287E-4591-89C8-CEBAB608667F},edited,map_x,-227517.1295,-227518.3643,Wainwright,1800,1729
{B82E0630-287E-4591-89C8-CEBAB608667F},edited,map_y,2304995.081,2304995.098,Wainwright,1800,1729
{B83E08B4-8B8B-4C46-992F-3376059CFB8E},edited,map_x,83283.02505,83281.79234,Lake Minchumina,1097,1059
{B83E08B4-8B8B-4C46-992F-3376059CFB8E},edited,map_y,1547826.157,1547826.244,Lake Minchumina,1097,1059
{B8B70286-B51A-4677-91C7-E04F9EB3A1E5},edited,map_x,1325436.029,1325434.736,Hydaburg,809,775
{B8B70286-B51A-4677-91C7-E04F9EB3A1E5},edited,map_y,790172.6497,790172.7478,Hydaburg,809,775
{B8D4BCC5-2A6C-4A5F-A0E1-F1F3FDE9F2B4},edited,map_x,-441178.7693,-441179.9606,Quinhagak,1454,1396
{B8D4BCC5-2A6C-4A5F-A0E1-F1F3FDE9F2B4},edited,map_y,1110802.598,1110802.724,Quinhagak,1454,1396
{B8EB3AD2-B5B7-4B0B-A66C-A6BF78D8D867},edited,map_x,1130491.556,1130490.273,Juneau,863,828
{B8EB3AD2-B5B7-4B0B-A66C-A6BF78D8D867},edited,map_y,1088927.188,1088927.291,Juneau,863,828
{B9036553-889F-4AA5-B39F-08B8BACE8D3F},edited,map_x,160361.9234,160360.6834,Soldotna,1624,1562
{B9036553-889F-4AA5-B39F-08B8BACE8D3F},edited,map_y,1170526.51,1170526.622,Soldotna,1624,1562
{B90D6701-CFBA-411A-AA88-820AA5501C37},edited,map_x,-603599.3396,-603600.5123,Toksook Bay,1711,1647
{B90D6701-CFBA-411A-AA88-820AA5501C37},edited,map_y,1222915.459,1222915.576,Toksook Bay,1711,1647
{B989A1D4-E1F6-49C4-AE4A-EE42004D4E92},edited,map_x,252523.7132,252522.4666,Seward,1554,1493
{B989A1D4-E1F6-49C4-AE4A-EE42004D4E92},edited,map_y,1133349.207,1133349.321,Seward,1554,1493
{B9A277E6-8FA2-412D-B000-F529103122C0},edited,map_x,-556871.3936,-556872.5725,Kipnuk,990,952
{B9A277E6-8FA2-412D-B000-F529103122C0},edited,map_y,1147552.311,1147552.434,Kipnuk,990,952
{B9AACFC4-FEA7-440D-9A2F-69CBCDAB04A1},edited,map_x,1011980.962,1011979.684,Klukwan,1008,970
{B9AACFC4-FEA7-440D-9A2F-69CBCDAB04A1},edited,map_y,1184066.032,1184066.134,Klukwan,1008,970
{B9EB1A03-7098-44D3-8382-43D1EC13C97A},edited,map_x,253290.2703,253289.0265,Cantwell,357,338
{B9EB1A03-7098-44D3-8382-43D1EC13C97A},edited,map_y,1501396.228,1501396.319,Cantwell,357,338
{B9F91E61-DD1A-4880-8347-A73C8957CBF9},edited,map_x,547753.8073,547752.5474,,33,33
{B9F91E61-DD1A-4880-8347-A73C8957CBF9},edited,map_y,1531044.567,1531044.658,,33,33
{BA4EE9C3-1152-401B-9F6A-8BEA6C9A7894},edited,map_x,426257.036,426255.7818,Delta Junction,501,472
{BA4EE9C3-1152-401B-9F6A-8BEA6C9A7894},edited,map_y,1577453.382,1577453.47,Delta Junction,501,472
{BA85C1A4-F6AC-4ED4-82F8-22E205D1445F},edited,map_x,82893.20169,82891.96901,Lake Minchumina,1096,1058
{BA85C1A4-F6AC-4ED4-82F8-22E205D1445F},edited,map_y,1547611.678,1547611.764,Lake Minchumina,1096,1058
{BA9A56A1-5224-45F0-B0DD-070DBFFB2559},edited,map_x,-324098.2311,-324099.4331,Kwigillingok,1095,1057
{BA9A56A1-5224-45F0-B0DD-070DBFFB2559},edited,map_y,1797629.313,1797629.372,Kwigillingok,1095,1057
{BACAEA02-40B4-467A-B3B9-39C3197CF50D},edited,map_x,-154418.8231,-154420.0437,King Cove,972,934
{BACAEA02-40B4-467A-B3B9-39C3197CF50D},edited,map_y,968250.4623,968250.5955,King Cove,972,934
{BB305CE8-F6DD-43BD-84C8-0B5E833AF5C6},edited,map_x,-331687.1688,-331688.367,Unalakleet,1751,1681
{BB305CE8-F6DD-43BD-84C8-0B5E833AF5C6},edited,map_y,1563645.307,1563645.388,Unalakleet,1751,1681
{BB50F72C-CB36-4632-9736-BFCF1FD13E72},edited,map_x,1075753.754,1075752.472,Hoonah,774,741
{BB50F72C-CB36-4632-9736-BFCF1FD13E72},edited,map_y,1052763.154,1052763.257,Hoonah,774,741
{BBA36534-3C4E-43D6-BD17-8021C056B7C1},edited,map_x,-10528.86474,-10530.1028,Akhiok,102,102
{BBA36534-3C4E-43D6-BD17-8021C056B7C1},edited,map_y,771100.9958,771101.1404,Akhiok,102,102
{BBE5B557-5508-4F7D-AC95-E0CD329CFF20},edited,map_x,291569.1091,291567.8615,Fairbanks,605,576
{BBE5B557-5508-4F7D-AC95-E0CD329CFF20},edited,map_y,1665354.899,1665354.979,Fairbanks,605,576
{BC2E8F21-077A-42DF-8F52-DE001B0C90B7},edited,map_x,-546537.9492,-546539.1264,Nome,1248,1203
{BC2E8F21-077A-42DF-8F52-DE001B0C90B7},edited,map_y,1663343.685,1663343.754,Nome,1248,1203
{BC39EB0F-6814-4625-93FE-8E550E89A942},edited,map_x,298522.9325,298521.6845,Fairbanks,585,556
{BC39EB0F-6814-4625-93FE-8E550E89A942},edited,map_y,1664572.739,1664572.82,Fairbanks,585,556
{BC7D6512-454F-4C88-AE3B-4FFA5D51901E},edited,map_x,-78545.60782,-78546.82917,,74,74
{BC7D6512-454F-4C88-AE3B-4FFA5D51901E},edited,map_y,1248008.022,1248008.131,,74,74
{BC94FCDF-0AAC-4F61-B6A6-1F6A6D21D34F},edited,map_x,1116887.586,1116886.304,Juneau,843,808
{BC94FCDF-0AAC-4F61-B6A6-1F6A6D21D34F},edited,map_y,1093310.86,1093310.962,Juneau,843,808
{BCA384CB-9569-4872-87E0-87CCFC9D74DE},edited,map_x,219658.4108,219657.168,Anchorage,1883,1812
{BCA384CB-9569-4872-87E0-87CCFC9D74DE},edited,map_y,1255119.715,1255119.821,Anchorage,1883,1812
{BCB8E82D-3D1A-42BE-80FF-E02EE58FAC8E},edited,map_x,-604801.9599,-604803.1306,Scammon Bay,1536,1475
{BCB8E82D-3D1A-42BE-80FF-E02EE58FAC8E},edited,map_y,1371207.731,1371207.831,Scammon Bay,1536,1475
{BCBAA36E-1FD6-4388-B636-77F2EFC7E596},edited,map_x,1122443.827,1122442.544,Juneau,848,813
{BCBAA36E-1FD6-4388-B636-77F2EFC7E596},edited,map_y,1095336.928,1095337.031,Juneau,848,813
{BCD651E8-4423-42E9-8590-DAE2B2CE66E6},edited,map_x,-395332.0505,-395333.2459,Deering,498,469
{BCD651E8-4423-42E9-8590-DAE2B2CE66E6},edited,map_y,1817591.105,1817591.161,Deering,498,469
{BDA7F567-7CCB-440D-B865-2323652B61EB},edited,map_x,115607.9013,115606.6417,Nuiqsut,1304,1258
{BDA7F567-7CCB-440D-B865-2323652B61EB},edited,map_y,2251007.042,2251007.075,Nuiqsut,1304,1258
{BDC6AEBD-A6BF-4D0C-929B-36D15018837C},edited,map_x,252659.8803,252658.6337,Fort Wainwright,649,620
{BDC6AEBD-A6BF-4D0C-929B-36D15018837C},edited,map_y,1135801.248,1135801.362,Fort Wainwright,649,620
{BDEC4C5C-D118-4F4E-B272-32B64D6613A9},edited,map_x,-255398.4897,-255399.7005,Dillingham,512,483
{BDEC4C5C-D118-4F4E-B272-32B64D6613A9},edited,map_y,1013848.168,1013848.299,Dillingham,512,483
{BE1BDB82-E648-4974-8944-E76427AD8699},edited,map_x,225093.7026,225092.4595,Anchorage,223,215
{BE1BDB82-E648-4974-8944-E76427AD8699},edited,map_y,1254762.603,1254762.71,Anchorage,223,215
{BEDF4DA1-CE41-487E-97C9-7DD236954746},edited,map_x,-540560.0124,-540561.1933,Shishmaref,1576,1515
{BEDF4DA1-CE41-487E-97C9-7DD236954746},edited,map_y,1860332.966,1860333.015,Shishmaref,1576,1515
{BEF19A88-DBAC-4119-9202-5151653EB319},edited,map_x,454585.5243,454584.2632,Chalkyitsik,367,348
{BEF19A88-DBAC-4119-9202-5151653EB319},edited,map_y,1890379.33,1890379.4,Chalkyitsik,367,348
{BF76F338-B8AA-4609-AA28-F3921F9695DC},edited,map_x,-399224.0603,-399225.2518,Saint Michael,1493,1435
{BF76F338-B8AA-4609-AA28-F3921F9695DC},edited,map_y,1525406.007,1525406.092,Saint Michael,1493,1435
{BF854CB0-CF80-43E3-A809-F6B36D83690B},edited,map_x,1044335.253,1044333.974,Skagway,1607,1545
{BF854CB0-CF80-43E3-A809-F6B36D83690B},edited,map_y,1208003.769,1208003.871,Skagway,1607,1545
{BFADDBCA-BBE5-4380-8B00-E203145EC46E},edited,map_x,-282469.5038,-282470.7064,Shageluk,1565,1504
{BFADDBCA-BBE5-4380-8B00-E203145EC46E},edited,map_y,1421324.814,1421324.909,Shageluk,1565,1504
{BFB14370-94DF-41D5-859D-B21FCE998FE3},edited,map_x,-70894.84112,-70896.06296,Ruby,1468,1410
{BFB14370-94DF-41D5-859D-B21FCE998FE3},edited,map_y,1642935.844,1642935.921,Ruby,1468,1410
{BFB7DB54-CA46-4BD6-9543-C377A3C476CC},edited,map_x,-347318.9809,-347320.1774,Holy Cross,752,719
{BFB7DB54-CA46-4BD6-9543-C377A3C476CC},edited,map_y,1501009.146,1501009.233,Holy Cross,752,719
{BFBBB1DE-3035-4277-A6A1-635A35EF1A6C},edited,map_x,-504856.619,-504857.8002,Mountain Village,1171,1128
{BFBBB1DE-3035-4277-A6A1-635A35EF1A6C},edited,map_y,1382624.116,1382624.214,Mountain Village,1171,1128
{BFC59C95-ABE4-4959-BE52-7F09A5308991},edited,map_x,388330.7954,388329.5381,Fairbanks,607,578
{BFC59C95-ABE4-4959-BE52-7F09A5308991},edited,map_y,1870768.128,1870768.197,Fairbanks,607,578
{BFF9DB9E-CA56-440D-B966-058492E9DF73},edited,map_x,1116857.519,1116856.237,Ketchikan,955,917
{BFF9DB9E-CA56-440D-B966-058492E9DF73},edited,map_y,1095189.32,1095189.423,Ketchikan,955,917
{BFFC22DE-8C43-473B-A696-5370C6EB2162},edited,map_x,-104232.6718,-104233.8898,Takotna,1652,1590
{BFFC22DE-8C43-473B-A696-5370C6EB2162},edited,map_y,1448057.156,1448057.249,Takotna,1652,1590
{C0078B6F-6E82-4228-8A2C-24B01CE556CE},edited,map_x,-332807.1,-332808.298,Unalakleet,1748,1678
{C0078B6F-6E82-4228-8A2C-24B01CE556CE},edited,map_y,1562732.426,1562732.507,Unalakleet,1748,1678
{C0223FF5-B95B-4CF2-80C4-FB5DCC124ADC},edited,map_x,-611107.2756,-611108.446,Chevak,394,372
{C0223FF5-B95B-4CF2-80C4-FB5DCC124ADC},edited,map_y,1336575.436,1336575.54,Chevak,394,372
{C0345116-F30E-40B5-946D-4AFBF9F8D648},edited,map_x,1113312.74,1113311.454,Sitka,1590,1528
{C0345116-F30E-40B5-946D-4AFBF9F8D648},edited,map_y,940437.6916,940437.7959,Sitka,1590,1528
{C03E703A-17F5-454E-AF91-23C2A4AAD5D1},edited,map_x,-383232.0881,-383233.2895,Noatak,1239,1194
{C03E703A-17F5-454E-AF91-23C2A4AAD5D1},edited,map_y,1982792.682,1982792.722,Noatak,1239,1194
{C0620CC1-EBEF-4F2F-AF56-158342519586},edited,map_x,1296771.121,1296769.829,Craig,485,456
{C0620CC1-EBEF-4F2F-AF56-158342519586},edited,map_y,812072.6828,812072.7819,Craig,485,456
{C07AC1AD-4251-4C10-86A0-278F8ECD612C},edited,map_x,-293156.7679,-293157.9703,Aniak,251,243
{C07AC1AD-4251-4C10-86A0-278F8ECD612C},edited,map_y,1301375.976,1301376.082,Aniak,251,243
{C0A918AD-D63C-470D-8B6E-750AAAA6A2B9},edited,map_x,-544601.2836,-544602.4609,Nome,1252,1207
{C0A918AD-D63C-470D-8B6E-750AAAA6A2B9},edited,map_y,1666449.309,1666449.378,Nome,1252,1207
{C0D0ADB5-AA69-4FA8-9D2A-B8FD8003517D},edited,map_x,-543130.5895,-543131.767,Nome,1261,1216
{C0D0ADB5-AA69-4FA8-9D2A-B8FD8003517D},edited,map_y,1664563.366,1664563.435,Nome,1261,1216
{C104E278-22E5-4954-A955-C765E7F547CA},edited,map_x,297379.9997,297378.7518,Fairbanks,623,594
{C104E278-22E5-4954-A955-C765E7F547CA},edited,map_y,1668764.938,1668765.018,Fairbanks,623,594
{C1258475-1FC1-491C-9142-9658BFEEF0FB},edited,map_x,156986.3328,156985.093,Soldotna,1628,1566
{C1258475-1FC1-491C-9142-9658BFEEF0FB},edited,map_y,1170133.12,1170133.233,Soldotna,1628,1566
{C1443882-281A-4530-989F-8E2696B6131E},edited,map_x,-377413.1499,-377414.3493,Kotzebue,1063,1025
{C1443882-281A-4530-989F-8E2696B6131E},edited,map_y,1905857.507,1905857.555,Kotzebue,1063,1025
{C1777E18-0538-46D5-9FD1-1AB070AA933F},edited,map_x,-280059.0289,-280060.2471,Chignik Lagoon,408,385
{C1777E18-0538-46D5-9FD1-1AB070AA933F},edited,map_y,709702.3808,709702.5398,Chignik Lagoon,408,385
{C1A959C4-95BB-47A3-8681-6A5776CDD88D},edited,map_x,1181094.969,1181093.68,Port Alexander,1412,1356
{C1A959C4-95BB-47A3-8681-6A5776CDD88D},edited,map_y,866290.5337,866290.6367,Port Alexander,1412,1356
{C1ADC4CF-10B4-46CB-869B-B99E2F70453E},edited,map_x,409207.6029,409206.3489,Valdez,1789,1718
{C1ADC4CF-10B4-46CB-869B-B99E2F70453E},edited,map_y,1263212.313,1263212.418,Valdez,1789,1718
{C1CE1A5B-F613-4687-9FF3-B36494EFC3AC},edited,map_x,-280059.0289,-280060.2471,Chignik Lagoon,412,389
{C1CE1A5B-F613-4687-9FF3-B36494EFC3AC},edited,map_y,709702.3808,709702.5398,Chignik Lagoon,412,389
{C253B60F-62F5-4774-B931-D13375BD8265},edited,map_x,146575.7057,146574.467,Kenai,934,896
{C253B60F-62F5-4774-B931-D13375BD8265},edited,map_y,1196787.83,1196787.941,Kenai,934,896
{C26441CB-9315-4F5F-A109-D3725C17B586},edited,map_x,1390907.856,1390906.564,Ketchikan,946,908
{C26441CB-9315-4F5F-A109-D3725C17B586},edited,map_y,828645.0389,828645.1345,Ketchikan,946,908
{C27C9D60-E59E-4014-ADA0-9D09317C648F},edited,map_x,1297000.77,1296999.478,Craig,478,450
{C27C9D60-E59E-4014-ADA0-9D09317C648F},edited,map_y,814049.0313,814049.1304,Craig,478,450
{C2D61671-EB4E-40BE-96BC-49F296E8D8A2},edited,map_x,-526752.2709,-526753.4608,Point Hope,1392,1338
{C2D61671-EB4E-40BE-96BC-49F296E8D8A2},edited,map_y,2093426.515,2093426.541,Point Hope,1392,1338
{C2EE3D68-85C8-4D15-8DCF-735AE274FD08},edited,map_x,-969140.98,-969142.1181,Saint Paul Island,1514,1454
{C2EE3D68-85C8-4D15-8DCF-735AE274FD08},edited,map_y,915053.5727,915053.7328,Saint Paul Island,1514,1454
{C313ACE1-83FE-465B-9DB3-436CB2D48F7D},edited,map_x,146581.4607,146580.2235,Skwentna,1611,1549
{C313ACE1-83FE-465B-9DB3-436CB2D48F7D},edited,map_y,1335281.466,1335281.568,Skwentna,1611,1549
{C3238FD9-9D5F-4558-AB66-9F0E37FF8191},edited,map_x,-446588.0429,-446589.2355,Platinum,1384,1330
{C3238FD9-9D5F-4558-AB66-9F0E37FF8191},edited,map_y,1028194.03,1028194.164,Platinum,1384,1330
{C343C747-D430-467B-8173-BE496195CA2C},edited,map_x,-578633.3467,-578634.5215,Brevig Mission,343,325
{C343C747-D430-467B-8173-BE496195CA2C},edited,map_y,1762644.544,1762644.602,Brevig Mission,343,325
{C34CCB22-D514-4F25-9E87-638161362114},edited,map_x,217288.3093,217287.0658,Minto,1162,1119
{C34CCB22-D514-4F25-9E87-638161362114},edited,map_y,1694947.61,1694947.687,Minto,1162,1119
{C362B0D6-18E9-40CB-AE5C-258DC43E6C77},edited,map_x,-602741.551,-602742.7436,False Pass,1884,1813
{C362B0D6-18E9-40CB-AE5C-258DC43E6C77},edited,map_y,580779.7234,580779.908,False Pass,1884,1813
{C366C8A6-C327-46CE-AE00-04C0BE38C7E2},edited,map_x,-533229.2142,-533230.3921,Emmonak,575,546
{C366C8A6-C327-46CE-AE00-04C0BE38C7E2},edited,map_y,1465098.042,1465098.132,Emmonak,575,546
{C3862905-463C-4F8E-A675-21B92A33CA10},edited,map_x,-420707.6974,-420708.8887,Bethel,1885,1814
{C3862905-463C-4F8E-A675-21B92A33CA10},edited,map_y,1225439.768,1225439.882,Bethel,1885,1814
{C39D8402-2AA1-4195-A7AF-F5576A67671A},edited,map_x,399754.6629,399753.3864,Kaktovik,892,854
{C39D8402-2AA1-4195-A7AF-F5576A67671A},edited,map_y,2270307.416,2270307.457,Kaktovik,892,854
{C3CF8123-C2E0-4D7E-B1D7-DC3226B21876},edited,map_x,-107647.3028,-107648.5255,Igiugig,810,776
{C3CF8123-C2E0-4D7E-B1D7-DC3226B21876},edited,map_y,1038453.279,1038453.405,Igiugig,810,776
{C3F7371E-FD52-4FA5-BEF2-1E1AAA9C2F2D},edited,map_x,-283148.8584,-283150.0738,Port Heiden,1429,1371
{C3F7371E-FD52-4FA5-BEF2-1E1AAA9C2F2D},edited,map_y,778444.6145,778444.7675,Port Heiden,1429,1371
{C42E7D33-D740-4F3C-88CE-CDCB54F1E1C1},edited,map_x,145709.3338,145708.095,Kenai,928,890
{C42E7D33-D740-4F3C-88CE-CDCB54F1E1C1},edited,map_y,1184489.017,1184489.129,Kenai,928,890
{C47D7DBA-4047-4D31-BD3A-280B320E6442},edited,map_x,1041816.175,1041814.896,Skagway,1608,1546
{C47D7DBA-4047-4D31-BD3A-280B320E6442},edited,map_y,1198683.772,1198683.874,Skagway,1608,1546
{C4B4BE90-2902-41BA-BF4B-93E1FAD0149D},edited,map_x,151887.2025,151885.9388,,35,35
{C4B4BE90-2902-41BA-BF4B-93E1FAD0149D},edited,map_y,2274716.14,2274716.173,,35,35
{C4C5D0B6-E282-4658-B458-82DFF089E607},edited,map_x,-446666.5076,-446667.7003,Platinum,1383,1329
{C4C5D0B6-E282-4658-B458-82DFF089E607},edited,map_y,1028333.854,1028333.988,Platinum,1383,1329
{C4E7CA6C-65FB-42A3-887B-D4A9C17BFC85},edited,map_x,454317.7844,454316.5233,Chalkyitsik,364,345
{C4E7CA6C-65FB-42A3-887B-D4A9C17BFC85},edited,map_y,1889932.639,1889932.709,Chalkyitsik,364,345
{C51EFE45-833F-492D-9D41-79A332CA4263},edited,map_x,221851.4369,221850.1939,Anchorage,175,167
{C51EFE45-833F-492D-9D41-79A332CA4263},edited,map_y,1249360.197,1249360.304,Anchorage,175,167
{C5239287-43F6-4C25-8984-4C975E90503E},edited,map_x,-394439.3948,-394440.5875,Elim,570,541
{C5239287-43F6-4C25-8984-4C975E90503E},edited,map_y,1653164.768,1653164.84,Elim,570,541
{C558007A-A0AB-4C4D-A836-9CA4EA3BD493},edited,map_x,-579012.9696,-579014.1444,Chevak,395,373
{C558007A-A0AB-4C4D-A836-9CA4EA3BD493},edited,map_y,1762765.256,1762765.314,Chevak,395,373
{C5CD2299-5D48-457E-A887-9914B94A3D80},edited,map_x,454374.2169,454372.9558,Chalkyitsik,371,350
{C5CD2299-5D48-457E-A887-9914B94A3D80},edited,map_y,1889852.215,1889852.285,Chalkyitsik,371,350
{C5F32E6B-816C-473F-B868-AC94234612E8},edited,map_x,-410447.1002,-410448.2907,Stebbins,1637,1575
{C5F32E6B-816C-473F-B868-AC94234612E8},edited,map_y,1531636.616,1531636.699,Stebbins,1637,1575
{C5F4D4C2-7256-4841-A844-75F247DB7AEB},edited,map_x,-272253.2893,-272254.5084,Chignik,403,380
{C5F4D4C2-7256-4841-A844-75F247DB7AEB},edited,map_y,707143.0781,707143.237,Chignik,403,380
{C5F70E6F-558B-494F-8A4B-85362B35A220},edited,map_x,-373140.0045,-373141.1999,Tuluksak,1722,1656
{C5F70E6F-558B-494F-8A4B-85362B35A220},edited,map_y,1254823.387,1254823.498,Tuluksak,1722,1656
{C60251DB-41AE-4DAB-AC00-F999EA235D54},edited,map_x,-346266.26,-346267.4572,Shaktoolik,1574,1513
{C60251DB-41AE-4DAB-AC00-F999EA235D54},edited,map_y,1617363.981,1617364.057,Shaktoolik,1574,1513
{C668154A-D1ED-4408-B774-186E91D7BC7E},edited,map_x,1200712.692,1200711.405,Kake,875,840
{C668154A-D1ED-4408-B774-186E91D7BC7E},edited,map_y,956059.0725,956059.1743,Kake,875,840
{C678BE69-8301-45BA-8BB8-7BD23D530023},edited,map_x,189817.6607,189816.4096,,44,44
{C678BE69-8301-45BA-8BB8-7BD23D530023},edited,map_y,2017017.357,2017017.411,,44,44
{C6F86AE2-7719-442B-88C0-08D0176E33BE},edited,map_x,1075755.01,1075753.728,Hoonah,771,738
{C6F86AE2-7719-442B-88C0-08D0176E33BE},edited,map_y,1052784.795,1052784.899,Hoonah,771,738
{C70F025D-17AF-456C-8E48-D5735931DDB5},edited,map_x,414493.8419,414492.5876,Valdez,1784,1713
{C70F025D-17AF-456C-8E48-D5735931DDB5},edited,map_y,1262232.657,1262232.762,Valdez,1784,1713
{C7184088-386E-4C35-A4AB-2D0D9F2B3A77},edited,map_x,97037.41929,97036.17662,Kodiak,1030,992
{C7184088-386E-4C35-A4AB-2D0D9F2B3A77},edited,map_y,868395.8548,868395.9893,Kodiak,1030,992
{C7381421-CE6D-4452-8BB7-96893AC454E8},edited,map_x,1084760.445,1084759.163,,67,67
{C7381421-CE6D-4452-8BB7-96893AC454E8},edited,map_y,1062655.978,1062656.082,,67,67
{C739225D-BEFB-4FFE-9018-AAA89364833B},edited,map_x,1113319.841,1113318.555,Sitka,1597,1535
{C739225D-BEFB-4FFE-9018-AAA89364833B},edited,map_y,940439.738,940439.8423,Sitka,1597,1535
{C73C3438-575C-42A1-B923-9C7224431065},edited,map_x,-307100.8986,-307102.0988,Grayling,719,686
{C73C3438-575C-42A1-B923-9C7224431065},edited,map_y,1451196.635,1451196.727,Grayling,719,686
{C7474B3B-DBB9-4CAF-B697-A0283730EE6B},edited,map_x,-456068.4272,-456069.6148,Nunapitchuk,1322,1270
{C7474B3B-DBB9-4CAF-B697-A0283730EE6B},edited,map_y,1241563.364,1241563.477,Nunapitchuk,1322,1270
{C79DD2E6-D5FF-43CB-B4E3-362A2D1FD2CD},edited,map_x,244080.2659,244079.022,Wasilla,1820,1749
{C79DD2E6-D5FF-43CB-B4E3-362A2D1FD2CD},edited,map_y,1296806.71,1296806.814,Wasilla,1820,1749
{C7AFD7D7-F9B4-4937-A4B4-AEDADCEAD51A},edited,map_x,-665774.3831,-665775.5492,Mekoryuk,1146,1104
{C7AFD7D7-F9B4-4937-A4B4-AEDADCEAD51A},edited,map_y,1217092.78,1217092.898,Mekoryuk,1146,1104
{C8717693-9691-48EF-828D-267CFD4347C9},edited,map_x,-446962.2923,-446963.4878,Kivalina,995,957
{C8717693-9691-48EF-828D-267CFD4347C9},edited,map_y,2009597.269,2009597.305,Kivalina,995,957
{C8837112-5BF5-4885-80C3-89AC55F0D248},edited,map_x,-574605.5726,-574606.7477,Teller,1673,1610
{C8837112-5BF5-4885-80C3-89AC55F0D248},edited,map_y,1754101.351,1754101.41,Teller,1673,1610
{C89DCAD2-C6AE-44E9-A966-0697EE252D72},edited,map_x,-346099.4396,-346100.6367,Shaktoolik,1571,1510
{C89DCAD2-C6AE-44E9-A966-0697EE252D72},edited,map_y,1617099.199,1617099.275,Shaktoolik,1571,1510
{C89E8FC3-B4E0-4B5C-BB68-B3E740D304C5},edited,map_x,403122.6586,403121.4055,Delta Junction,506,477
{C89E8FC3-B4E0-4B5C-BB68-B3E740D304C5},edited,map_y,1587777.887,1587777.974,Delta Junction,506,477
{C8DF6A5F-A2B8-4E05-A26C-E2CFB7A19B4D},edited,map_x,272204.9315,272203.6849,Portage,1439,1381
{C8DF6A5F-A2B8-4E05-A26C-E2CFB7A19B4D},edited,map_y,1214137.785,1214137.894,Portage,1439,1381
{C8EC9D39-F5C7-4B8E-94A5-4B7BE891EF44},edited,map_x,-862653.0926,-862654.233,Savoonga,1531,1470
{C8EC9D39-F5C7-4B8E-94A5-4B7BE891EF44},edited,map_y,1650681.309,1650681.376,Savoonga,1531,1470
{C9115959-A754-41E2-9301-60F06A3FCABD},edited,map_x,-352527.3931,-352528.609,Point Lay,1401,1346
{C9115959-A754-41E2-9301-60F06A3FCABD},edited,map_y,2220350.1,2220350.12,Point Lay,1401,1346
{C995496F-83BC-4D90-B7A0-8346CD6E515C},edited,map_x,165701.3982,165700.1597,Trapper Creek,1720,1654
{C995496F-83BC-4D90-B7A0-8346CD6E515C},edited,map_y,1343795.161,1343795.262,Trapper Creek,1720,1654
{C9AFF599-4CD8-41B4-97E2-04CEFD79683A},edited,map_x,-168356.8775,-168358.097,Holy Cross,754,721
{C9AFF599-4CD8-41B4-97E2-04CEFD79683A},edited,map_y,1908214.286,1908214.339,Holy Cross,754,721
{C9BC00FA-491A-4D02-BFB8-B40977DA2016},edited,map_x,438458.6037,438457.3481,Valdez,1786,1715
{C9BC00FA-491A-4D02-BFB8-B40977DA2016},edited,map_y,1258357.734,1258357.84,Valdez,1786,1715
{C9C55A93-61A6-4764-B097-78DBF717D1B2},edited,map_x,223281.768,223280.525,Anchorage,202,194
{C9C55A93-61A6-4764-B097-78DBF717D1B2},edited,map_y,1256597.558,1256597.664,Anchorage,202,194
{C9E914FB-038D-497D-9C7E-7920E1429211},edited,map_x,400815.6546,400814.4018,Eielson Afb,551,522
{C9E914FB-038D-497D-9C7E-7920E1429211},edited,map_y,1565575.246,1565575.334,Eielson Afb,551,522
{CA12C55C-A65F-44D1-BF96-F6C28B1C5113},edited,map_x,-578651.8874,-578653.0622,Brevig Mission,339,322
{CA12C55C-A65F-44D1-BF96-F6C28B1C5113},edited,map_y,1762744.994,1762745.052,Brevig Mission,339,322
{CA25E36E-8FCA-45E3-AB5A-0B05B3A26097},edited,map_x,1339179.539,1339178.247,Kasaan,910,872
{CA25E36E-8FCA-45E3-AB5A-0B05B3A26097},edited,map_y,833625.6013,833625.6989,Kasaan,910,872
{CA46A88C-BFAC-4DAA-87F9-5F98FFA280A8},edited,map_x,-216889.4827,-216890.6917,Crooked Creek,488,459
{CA46A88C-BFAC-4DAA-87F9-5F98FFA280A8},edited,map_y,1327129.346,1327129.449,Crooked Creek,488,459
{CA683C07-E679-44CC-AEB6-F59AE56BC91A},edited,map_x,-373524.0338,-373525.2292,Tuluksak,1726,1660
{CA683C07-E679-44CC-AEB6-F59AE56BC91A},edited,map_y,1254527.433,1254527.544,Tuluksak,1726,1660
{CA9377E2-F045-4E12-899E-A00B06C00908},edited,map_x,-456277.9682,-456279.1558,Nunapitchuk,1324,1272
{CA9377E2-F045-4E12-899E-A00B06C00908},edited,map_y,1241590.196,1241590.309,Nunapitchuk,1324,1272
{CAAC5221-829D-4B94-872F-BF7B98979A46},edited,map_x,58864.48672,58863.25406,Grayling,716,683
{CAAC5221-829D-4B94-872F-BF7B98979A46},edited,map_y,1699955.929,1699956.003,Grayling,716,683
{CAAE0ACC-7057-49EF-8361-8E6DB054D284},edited,map_x,-1365606.863,-1365607.968,Atka,272,262
{CAAE0ACC-7057-49EF-8361-8E6DB054D284},edited,map_y,452528.6383,452528.8782,Atka,272,262
{CAC8C78D-3D19-4C6F-A779-DE02FB53C120},edited,map_x,-556780.9098,-556782.0887,Kipnuk,986,948
{CAC8C78D-3D19-4C6F-A779-DE02FB53C120},edited,map_y,1147807.804,1147807.927,Kipnuk,986,948
{CB050A66-FBE4-4B19-A6CB-68222A86FE8B},edited,map_x,1117826.311,1117825.029,Juneau,839,804
{CB050A66-FBE4-4B19-A6CB-68222A86FE8B},edited,map_y,1093429.705,1093429.808,Juneau,839,804
{CB3D1D62-2E1D-4B0D-94E5-48A58F4CFBBF},edited,map_x,1180939.884,1180938.595,Port Alexander,1413,1357
{CB3D1D62-2E1D-4B0D-94E5-48A58F4CFBBF},edited,map_y,866570.8819,866570.9849,Port Alexander,1413,1357
{CB4253E4-9DE9-4D95-AF37-62AF93235BC4},edited,map_x,579224.7862,579223.5235,Eielson Afb,557,528
{CB4253E4-9DE9-4D95-AF37-62AF93235BC4},edited,map_y,1695598.859,1695598.942,Eielson Afb,557,528
{CB5F15FA-D66B-441C-BF8C-63502D037209},edited,map_x,201319.1871,201317.9465,Talkeetna,1660,1598
{CB5F15FA-D66B-441C-BF8C-63502D037209},edited,map_y,1375231.312,1375231.411,Talkeetna,1660,1598
{CB681F0F-2520-4EDD-ADBB-7F514E5CB705},edited,map_x,1112583.478,1112582.196,Juneau,852,817
{CB681F0F-2520-4EDD-ADBB-7F514E5CB705},edited,map_y,1095350.421,1095350.523,Juneau,852,817
{CB76F2D9-3BE8-4FBD-AA72-19659BA88B47},edited,map_x,213522.7795,213521.5134,Prudhoe Bay,1444,1386
{CB76F2D9-3BE8-4FBD-AA72-19659BA88B47},edited,map_y,2255635.09,2255635.126,Prudhoe Bay,1444,1386
{CBB7DC3E-0AF5-41C6-A7B3-5C65F6397177},edited,map_x,-421640.7613,-421641.9526,Oscarville,1331,1279
{CBB7DC3E-0AF5-41C6-A7B3-5C65F6397177},edited,map_y,1217844.105,1217844.22,Oscarville,1331,1279
{CBC48C5B-1B5E-410F-97DE-D67332C3B6DD},edited,map_x,1387263.861,1387262.569,Ketchikan,945,907
{CBC48C5B-1B5E-410F-97DE-D67332C3B6DD},edited,map_y,828502.3497,828502.4455,Ketchikan,945,907
{CC18CA40-3547-4E41-A733-8A4082DD1FA6},edited,map_x,-352779.4386,-352780.6545,Point Lay,1403,1348
{CC18CA40-3547-4E41-A733-8A4082DD1FA6},edited,map_y,2220364.204,2220364.223,Point Lay,1403,1348
{CC464040-DC6C-40F1-8945-651DE5EAB4F4},edited,map_x,149149.9033,149148.6639,Kasilof,924,886
{CC464040-DC6C-40F1-8945-651DE5EAB4F4},edited,map_y,1158297.668,1158297.782,Kasilof,924,886
{CC5DD9BA-0777-46CB-8C5A-B4093F71E8A7},edited,map_x,225920.7638,225919.5205,Anchorage,201,193
{CC5DD9BA-0777-46CB-8C5A-B4093F71E8A7},edited,map_y,1246948.782,1246948.889,Anchorage,201,193
{CC640165-0D81-487D-A9C2-561FACFE5085},edited,map_x,-332874.2614,-332875.4595,Unalakleet,1760,1690
{CC640165-0D81-487D-A9C2-561FACFE5085},edited,map_y,1563075.044,1563075.125,Unalakleet,1760,1690
{CC88A802-1D40-443D-9C55-23F9F8729518},edited,map_x,388256.7102,388255.4529,Fort Yukon,654,625
{CC88A802-1D40-443D-9C55-23F9F8729518},edited,map_y,1871161.997,1871162.066,Fort Yukon,654,625
{CC97B0FE-5F7B-484B-BCA6-F6A7AEC05666},edited,map_x,1128408.255,1128406.972,Juneau,838,803
{CC97B0FE-5F7B-484B-BCA6-F6A7AEC05666},edited,map_y,1089719.405,1089719.507,Juneau,838,803
{CCE658EB-BACB-4015-9254-BEC151035E99},edited,map_x,88497.4383,88496.19661,Ouzinkie,1333,1281
{CCE658EB-BACB-4015-9254-BEC151035E99},edited,map_y,880864.907,880865.0408,Ouzinkie,1333,1281
{CD097E8A-4E3A-4726-A8A1-A9E1F06AE093},edited,map_x,-46567.0935,-46568.31951,Nondalton,1263,1218
{CD097E8A-4E3A-4726-A8A1-A9E1F06AE093},edited,map_y,1110270.704,1110270.824,Nondalton,1263,1218
{CD1EA217-9CF2-47B5-94D1-728942BB55A6},edited,map_x,106968.3015,106967.061,Bettles Field,327,313
{CD1EA217-9CF2-47B5-94D1-728942BB55A6},edited,map_y,1882835.937,1882835.998,Bettles Field,327,313
{CD4AD297-08F9-487A-AF26-CA811742EFAE},edited,map_x,217876.8346,217875.592,Point McKenzie,1886,1815
{CD4AD297-08F9-487A-AF26-CA811742EFAE},edited,map_y,1260878.063,1260878.17,Point McKenzie,1886,1815
{CD59A84B-EAA2-435A-B68A-251A0FA02239},edited,map_x,-384326.254,-384327.4476,Russian Mission,1474,1416
{CD59A84B-EAA2-435A-B68A-251A0FA02239},edited,map_y,1333292.088,1333292.191,Russian Mission,1474,1416
{CDF44668-FCE1-412E-9AED-B6E36850A02B},edited,map_x,449810.4678,449809.2109,Cordova,472,444
{CDF44668-FCE1-412E-9AED-B6E36850A02B},edited,map_y,1201791.135,1201791.243,Cordova,472,444
{CDFDD706-0D5A-4E70-8BBE-5C6E499DC2C1},edited,map_x,604800.8977,604799.6338,Eagle,528,499
{CDFDD706-0D5A-4E70-8BBE-5C6E499DC2C1},edited,map_y,1705363.494,1705363.578,Eagle,528,499
{CE3676FB-5E29-4BA0-ABC8-A95B8EA061B0},edited,map_x,465203.952,465202.6943,Cordova,460,432
{CE3676FB-5E29-4BA0-ABC8-A95B8EA061B0},edited,map_y,1197723.951,1197724.06,Cordova,460,432
{CE6D73AC-0A81-486A-8D5A-376A624F516B},edited,map_x,218064.7326,218063.4898,Anchorage,209,201
{CE6D73AC-0A81-486A-8D5A-376A624F516B},edited,map_y,1246882.575,1246882.682,Anchorage,209,201
{CEBBA7D6-6120-4AEA-8289-21EF73999913},edited,map_x,-541325.9855,-541327.1663,Shishmaref,1585,1523
{CEBBA7D6-6120-4AEA-8289-21EF73999913},edited,map_y,1860045.819,1860045.868,Shishmaref,1585,1523
{CEBF6A18-6725-4A8C-8A3A-A21D32473D23},edited,map_x,-493358.3967,-493359.5822,Kongiganak,1055,1017
{CEBF6A18-6725-4A8C-8A3A-A21D32473D23},edited,map_y,1140859.856,1140859.98,Kongiganak,1055,1017
{CEDEBA38-2030-4837-8FFD-E164080B8CC2},edited,map_x,-76604.42539,-76605.6467,Lime Village,1111,1071
{CEDEBA38-2030-4837-8FFD-E164080B8CC2},edited,map_y,1264728.514,1264728.621,Lime Village,1111,1071
{CEFEF0C0-D1C6-4A0B-ABF5-66311BFEFFF9},edited,map_x,96743.9044,96742.66175,Kodiak,1023,985
{CEFEF0C0-D1C6-4A0B-ABF5-66311BFEFFF9},edited,map_y,868115.8554,868115.9898,Kodiak,1023,985
{CF093664-3A16-4A3C-9347-0A6A8D6A81B2},edited,map_x,-571679.7942,-571680.9696,Newtok,1219,1174
{CF093664-3A16-4A3C-9347-0A6A8D6A81B2},edited,map_y,1263333.984,1263334.096,Newtok,1219,1174
{CF53613F-3E89-446F-98A3-CA1D7E676BA7},edited,map_x,-534643.3811,-534644.5589,Emmonak,579,550
{CF53613F-3E89-446F-98A3-CA1D7E676BA7},edited,map_y,1465503.834,1465503.924,Emmonak,579,550
{CFEEF21E-22F1-43C9-9C18-375689F362A6},edited,map_x,-7358.94568,-7360.175113,Pedro Bay,1354,1302
{CFEEF21E-22F1-43C9-9C18-375689F362A6},edited,map_y,1089541.698,1089541.819,Pedro Bay,1354,1302
{D006AEA8-FB4B-4EC8-8B12-A7A3D223249C},edited,map_x,-540092.6835,-540093.8607,Alakanuk,123,123
{D006AEA8-FB4B-4EC8-8B12-A7A3D223249C},edited,map_y,1456035.236,1456035.327,Alakanuk,123,123
{D01D9DD1-1629-411F-9602-1EBA924BC4D1},edited,map_x,-602535.3264,-602536.519,False Pass,639,610
{D01D9DD1-1629-411F-9602-1EBA924BC4D1},edited,map_y,581669.8062,581669.9907,False Pass,639,610
{D01F6BDD-1243-4DD4-8535-C3B8E665FA0C},edited,map_x,-69591.59985,-69592.82178,Ruby,1464,1406
{D01F6BDD-1243-4DD4-8535-C3B8E665FA0C},edited,map_y,1642191.889,1642191.967,Ruby,1464,1406
{D044CE70-F602-4D76-8E80-C741490CDEC2},edited,map_x,-377433.4229,-377434.6224,Kotzebue,1068,1030
{D044CE70-F602-4D76-8E80-C741490CDEC2},edited,map_y,1906263.365,1906263.413,Kotzebue,1068,1030
{D09AC76A-E60F-4EFE-915F-BDE854349BA0},edited,map_x,217847.4225,217846.1791,Minto,1166,1123
{D09AC76A-E60F-4EFE-915F-BDE854349BA0},edited,map_y,1695164.054,1695164.132,Minto,1166,1123
{D0A200D0-FFC1-4BCC-9DD2-A24F7835EAD8},edited,map_x,352615.0033,352613.7528,,21,21
{D0A200D0-FFC1-4BCC-9DD2-A24F7835EAD8},edited,map_y,1614194.696,1614194.781,,21,21
{D0D325AD-A296-437B-9213-8A2FD2F3621D},edited,map_x,161701.2317,161699.986,Coldfoot,457,429
{D0D325AD-A296-437B-9213-8A2FD2F3621D},edited,map_y,1928987.95,1928988.01,Coldfoot,457,429
{D0E49797-847C-4472-A8D7-96DC9775EAFE},edited,map_x,-336970.5317,-336971.7301,Lower Kalskag,1117,1076
{D0E49797-847C-4472-A8D7-96DC9775EAFE},edited,map_y,1297316.393,1297316.499,Lower Kalskag,1117,1076
{D0F2748C-7DEB-450F-8C52-E8CB21ECA1B0},edited,map_x,145329.3913,145328.1501,Homer,755,722
{D0F2748C-7DEB-450F-8C52-E8CB21ECA1B0},edited,map_y,1051937.047,1051937.168,Homer,755,722
{D10571D4-A159-4D6B-8CEB-92361739EC24},edited,map_x,-446425.7586,-446426.9512,Platinum,1887,1816
{D10571D4-A159-4D6B-8CEB-92361739EC24},edited,map_y,1027721.379,1027721.513,Platinum,1887,1816
{D12CFD70-6484-4BD7-8274-44742430D06D},edited,map_x,94678.20656,94676.96168,Anaktuvuk Pass,155,154
{D12CFD70-6484-4BD7-8274-44742430D06D},edited,map_y,2021265.01,2021265.061,Anaktuvuk Pass,155,154
{D16B7CA0-CE7A-4D65-864E-5B2599DECFA6},edited,map_x,388305.253,388303.9957,Galena,684,653
{D16B7CA0-CE7A-4D65-864E-5B2599DECFA6},edited,map_y,1871188.95,1871189.019,Galena,684,653
{D1E9B280-33D0-4584-B779-96F3378A1E4B},edited,map_x,1339136.074,1339134.782,Kasaan,915,877
{D1E9B280-33D0-4584-B779-96F3378A1E4B},edited,map_y,833754.4662,833754.5638,Kasaan,915,877
{D1EB681F-FE8B-4DEF-BC9B-29CC5CC7CE27},edited,map_x,-574384.1808,-574385.3559,Teller,1675,1612
{D1EB681F-FE8B-4DEF-BC9B-29CC5CC7CE27},edited,map_y,1754198.077,1754198.137,Teller,1675,1612
{D1F05634-C359-4D56-976B-BAD0A2DA4669},edited,map_x,223015.0563,223013.8132,Anchorage,176,168
{D1F05634-C359-4D56-976B-BAD0A2DA4669},edited,map_y,1247435.741,1247435.848,Anchorage,176,168
{D259579F-391E-4012-8B57-3FBC580FC61B},edited,map_x,332439.7924,332438.541,Chenega,381,359
{D259579F-391E-4012-8B57-3FBC580FC61B},edited,map_y,1136062.421,1136062.534,Chenega,381,359
{D2806126-38C8-426E-99E5-86A20E20DD7E},edited,map_x,-463339.5476,-463340.7332,Pilot Station,1377,1323
{D2806126-38C8-426E-99E5-86A20E20DD7E},edited,map_y,1359943.852,1359943.953,Pilot Station,1377,1323
{D288D4AE-A1D2-4647-BFB5-535070CDD4C4},edited,map_x,-298964.8544,-298966.0557,Holy Cross,753,720
{D288D4AE-A1D2-4647-BFB5-535070CDD4C4},edited,map_y,1371436.155,1371436.254,Holy Cross,753,720
{D290AE1E-2F5C-419B-A813-0A64071A1325},edited,map_x,-420985.5676,-420986.7589,Bethel,317,303
{D290AE1E-2F5C-419B-A813-0A64071A1325},edited,map_y,1226620.359,1226620.473,Bethel,317,303
{D2A1D2AB-3C74-4DF2-9B24-C49AF3155E70},edited,map_x,-197194.1503,-197195.3654,Ekwok,560,531
{D2A1D2AB-3C74-4DF2-9B24-C49AF3155E70},edited,map_y,1044382.59,1044382.717,Ekwok,560,531
{D2B6AD33-B4EC-4CBE-8876-6A89A68C69DB},edited,map_x,-446765.4915,-446766.68,Atmautluak,275,265
{D2B6AD33-B4EC-4CBE-8876-6A89A68C69DB},edited,map_y,1236690.163,1236690.276,Atmautluak,275,265
{D2C6A9F9-037C-4AA8-8FDC-6D9CE0A36EEC},edited,map_x,244453.476,244452.2324,Healy,743,710
{D2C6A9F9-037C-4AA8-8FDC-6D9CE0A36EEC},edited,map_y,1554422.937,1554423.024,Healy,743,710
{D2C96C71-BCAE-424D-9393-241DF0F42EE0},edited,map_x,214653.1114,214651.845,Prudhoe Bay,1446,1388
{D2C96C71-BCAE-424D-9393-241DF0F42EE0},edited,map_y,2258649.431,2258649.467,Prudhoe Bay,1446,1388
{D32639C4-3E15-4313-904F-B53FE9C4C207},edited,map_x,-446979.9096,-446981.0982,Tununak,1733,1666
{D32639C4-3E15-4313-904F-B53FE9C4C207},edited,map_y,1236015.261,1236015.375,Tununak,1733,1666
{D32C5145-0F7B-4CCD-98DA-4F63C5C70400},edited,map_x,439768.1178,439766.8631,Glennallen,705,672
{D32C5145-0F7B-4CCD-98DA-4F63C5C70400},edited,map_y,1376361.362,1376361.461,Glennallen,705,672
{D33E9F72-38F5-4436-A633-27A623F29032},edited,map_x,-432836.8235,-432838.0138,Napakiak,1193,1148
{D33E9F72-38F5-4436-A633-27A623F29032},edited,map_y,1215863.888,1215864.004,Napakiak,1193,1148
{D3AB658E-4DCD-4C78-969F-0BA4EA63EC9F},edited,map_x,-384068.0723,-384069.2658,Russian Mission,1472,1414
{D3AB658E-4DCD-4C78-969F-0BA4EA63EC9F},edited,map_y,1333057.488,1333057.591,Russian Mission,1472,1414
{D3C67F95-4D95-4DED-8E34-558CEA3B78CE},edited,map_x,252850.7313,252849.4847,Seward,1555,1494
{D3C67F95-4D95-4DED-8E34-558CEA3B78CE},edited,map_y,1134555.424,1134555.538,Seward,1555,1494
{D41F7208-7E6A-4C09-8B46-B4441F8857CF},edited,map_x,-299030.9544,-299032.1557,Holy Cross,750,717
{D41F7208-7E6A-4C09-8B46-B4441F8857CF},edited,map_y,1370969.232,1370969.331,Holy Cross,750,717
{D43C27D7-B4F2-487C-8D23-889506ADBB70},edited,map_x,158735.6154,158734.3765,,92,92
{D43C27D7-B4F2-487C-8D23-889506ADBB70},edited,map_y,1247301.853,1247301.961,,92,92
{D4480803-987D-48DA-80DF-D4C7F0E68FE3},edited,map_x,320102.0267,320100.7776,North Pole,1279,1233
{D4480803-987D-48DA-80DF-D4C7F0E68FE3},edited,map_y,1657667.186,1657667.268,North Pole,1279,1233
{D4587BF4-E139-47DD-BC30-428544F2F8A8},edited,map_x,-441628.8279,-441630.0192,Quinhagak,1452,1394
{D4587BF4-E139-47DD-BC30-428544F2F8A8},edited,map_y,1110608.926,1110609.052,Quinhagak,1452,1394
{D45BE12C-652A-4463-9CA9-3542B3E29AC2},edited,map_x,-130242.6497,-130243.8921,Atqasuk,294,280
{D45BE12C-652A-4463-9CA9-3542B3E29AC2},edited,map_y,2281046.278,2281046.3,Atqasuk,294,280
{D4A39204-F52E-488C-B922-27139E1FD5E4},edited,map_x,-459486.5923,-459487.7796,Kasigluk,1888,1817
{D4A39204-F52E-488C-B922-27139E1FD5E4},edited,map_y,1241871.846,1241871.959,Kasigluk,1888,1817
{D4DC4358-AD2A-4F62-A059-4266EFCD6437},edited,map_x,305220.4751,305219.2262,Fairbanks,608,579
{D4DC4358-AD2A-4F62-A059-4266EFCD6437},edited,map_y,1700061.957,1700062.036,Fairbanks,608,579
{D4FB8AB8-618F-4FBA-BDDC-292B669758E6},edited,map_x,-337799.7842,-337800.9829,Koyuk,1071,1033
{D4FB8AB8-618F-4FBA-BDDC-292B669758E6},edited,map_y,1681706.965,1681707.035,Koyuk,1071,1033
{D528E31C-2076-4981-8108-ACAE1377AAB6},edited,map_x,-431829.6124,-431830.8062,Goodnews Bay,712,679
{D528E31C-2076-4981-8108-ACAE1377AAB6},edited,map_y,1038407.184,1038407.317,Goodnews Bay,712,679
{D5406CE7-E5F0-4CD2-9308-D182C109FBFF},edited,map_x,-47708.64448,-47709.87043,Nondalton,1267,1222
{D5406CE7-E5F0-4CD2-9308-D182C109FBFF},edited,map_y,1108899.519,1108899.639,Nondalton,1267,1222
{D54CE33A-6C0C-486B-ABA1-2034B64E891D},edited,map_x,1296616.637,1296615.347,Coffman Cove,446,418
{D54CE33A-6C0C-486B-ABA1-2034B64E891D},edited,map_y,875555.8171,875555.9162,Coffman Cove,446,418
{D54EFE07-2827-4A72-B381-179D181BB4F4},edited,map_x,-463851.0698,-463852.2554,Pilot Station,1374,1320
{D54EFE07-2827-4A72-B381-179D181BB4F4},edited,map_y,1359902.516,1359902.616,Pilot Station,1374,1320
{D56D7018-E852-420A-B32D-D20B5B07A893},edited,map_x,-332883.0041,-332884.2022,Unalakleet,1754,1684
{D56D7018-E852-420A-B32D-D20B5B07A893},edited,map_y,1563048.536,1563048.617,Unalakleet,1754,1684
{D573C229-77DD-4562-A220-718A3BE11844},edited,map_x,60112.15756,60110.92155,Allakaket,138,138
{D573C229-77DD-4562-A220-718A3BE11844},edited,map_y,1845452.886,1845452.949,Allakaket,138,138
{D5803C6E-27CF-4FEB-A024-8178DC9ED46E},edited,map_x,93311.21533,93309.97216,Kodiak,1022,984
{D5803C6E-27CF-4FEB-A024-8178DC9ED46E},edited,map_y,843909.0226,843909.1589,Kodiak,1022,984
{D5834F27-2798-4F85-ACD2-68A063A0C5AD},edited,map_x,149176.0338,149174.793,Fritz Creek,671,640
{D5834F27-2798-4F85-ACD2-68A063A0C5AD},edited,map_y,1082885.921,1082886.04,Fritz Creek,671,640
{D5BCC064-B7B2-4BA0-8911-B9BB258591BB},edited,map_x,148178.5537,148177.3148,Kenai,938,900
{D5BCC064-B7B2-4BA0-8911-B9BB258591BB},edited,map_y,1184158.827,1184158.939,Kenai,938,900
{D5D3CEB4-1913-4496-9C63-0A9124E8357A},edited,map_x,403112.2527,403110.9997,Fort Greely,642,613
{D5D3CEB4-1913-4496-9C63-0A9124E8357A},edited,map_y,1579720.552,1579720.64,Fort Greely,642,613
{D6060993-C880-4CFD-9A13-0D44D3A81F53},edited,map_x,-459700.0794,-459701.2666,Kasigluk,917,879
{D6060993-C880-4CFD-9A13-0D44D3A81F53},edited,map_y,1239235.587,1239235.7,Kasigluk,917,879
{D60C23D0-11CC-4BD4-ACD0-86109EA5F37A},edited,map_x,-197765.1865,-197766.4048,Egegik,545,516
{D60C23D0-11CC-4BD4-ACD0-86109EA5F37A},edited,map_y,917693.7662,917693.9047,Egegik,545,516
{D60CDEBF-4FAB-4440-A647-D4CC1187D243},edited,map_x,-766383.5536,-766384.7311,Akutan,115,115
{D60CDEBF-4FAB-4440-A647-D4CC1187D243},edited,map_y,525974.8112,525975.0095,Akutan,115,115
{D61C075A-5C1A-4E6A-BCE5-D342E1793C3B},edited,map_x,145230.3303,145229.0895,Homer,768,735
{D61C075A-5C1A-4E6A-BCE5-D342E1793C3B},edited,map_y,1070906.615,1070906.734,Homer,768,735
{D67235C3-3D8B-485F-B7AF-4D964FCAA312},edited,map_x,228165.3659,228164.1226,Anchorage,206,198
{D67235C3-3D8B-485F-B7AF-4D964FCAA312},edited,map_y,1257469.243,1257469.35,Anchorage,206,198
{D6A3659F-8B2C-4447-BE15-E82D27D62AF2},edited,map_x,388308.4146,388307.1573,Fort Yukon,657,628
{D6A3659F-8B2C-4447-BE15-E82D27D62AF2},edited,map_y,1870833.585,1870833.654,Fort Yukon,657,628
{D6DCE4DB-5CDA-4A88-843D-D8ACEF31E2C5},edited,map_x,95047.88637,95046.64374,Kodiak,1031,993
{D6DCE4DB-5CDA-4A88-843D-D8ACEF31E2C5},edited,map_y,865353.6782,865353.8129,Kodiak,1031,993
{D6E3DB89-1C97-4D38-98FF-7A9988BCDCFE},edited,map_x,-566953.7517,-566954.9291,Chefornak,373,352
{D6E3DB89-1C97-4D38-98FF-7A9988BCDCFE},edited,map_y,1171719.028,1171719.149,Chefornak,373,352
{D6E40633-C0D4-4AF8-9429-3CEC7CADC45F},edited,map_x,295749.7673,295748.5195,Fairbanks,601,572
{D6E40633-C0D4-4AF8-9429-3CEC7CADC45F},edited,map_y,1666258.846,1666258.926,Fairbanks,601,572
{D7037064-2B6C-4EB3-8145-FF0C714AEA24},edited,map_x,-479291.7062,-479292.8896,Kotlik,1056,1018
{D7037064-2B6C-4EB3-8145-FF0C714AEA24},edited,map_y,1486337.716,1486337.804,Kotlik,1056,1018
{D720738D-2DD8-45E6-B817-894344848C7F},edited,map_x,246637.9432,246636.6917,Chandalar,372,351
{D720738D-2DD8-45E6-B817-894344848C7F},edited,map_y,1936962.357,1936962.418,Chandalar,372,351
{D7310362-3F08-4501-8005-DF61067A12BF},edited,map_x,-334839.0485,-334840.247,Upper Kalskag,1776,1705
{D7310362-3F08-4501-8005-DF61067A12BF},edited,map_y,1300527.125,1300527.231,Upper Kalskag,1776,1705
{D74EF297-A73B-4181-A759-56C37FDE41DF},edited,map_x,-483212.2948,-483213.4782,Saint Marys,1486,1428
{D74EF297-A73B-4181-A759-56C37FDE41DF},edited,map_y,1376681.156,1376681.255,Saint Marys,1486,1428
{D76F15DE-85A3-44BE-AE59-2A6533F81512},edited,map_x,246774.8172,246773.5735,Healy,741,708
{D76F15DE-85A3-44BE-AE59-2A6533F81512},edited,map_y,1552964.753,1552964.84,Healy,741,708
{D7CDBBEC-A81A-4C94-965B-2B315201ED4A},edited,map_x,449495.025,449493.7682,Cordova,470,442
{D7CDBBEC-A81A-4C94-965B-2B315201ED4A},edited,map_y,1201139.488,1201139.596,Cordova,470,442
{D87C846D-981B-4E88-AB27-A2DDBF25E98C},edited,map_x,-324098.2311,-324099.4331,Chefornak,379,357
{D87C846D-981B-4E88-AB27-A2DDBF25E98C},edited,map_y,1797629.313,1797629.372,Chefornak,379,357
{D8881101-0C3A-4E26-822F-05D557E5AF33},edited,map_x,-402439.6109,-402440.8039,Kwethluk,1889,1818
{D8881101-0C3A-4E26-822F-05D557E5AF33},edited,map_y,1225585.742,1225585.856,Kwethluk,1889,1818
{D8ACD98E-7DEB-42E9-A3B7-80BBD2D3E1C8},edited,map_x,-455666.4269,-455667.6145,Nunapitchuk,1326,1274
{D8ACD98E-7DEB-42E9-A3B7-80BBD2D3E1C8},edited,map_y,1242234.561,1242234.674,Nunapitchuk,1326,1274
{D8DD03D1-0045-4F20-808E-99BCCD553C35},edited,map_x,60101.28122,60100.04521,Allakaket,139,139
{D8DD03D1-0045-4F20-808E-99BCCD553C35},edited,map_y,1845452.665,1845452.728,Allakaket,139,139
{D8E39A41-4ACE-4C9A-8FA8-F5201ED04032},edited,map_x,88503.60835,88502.37368,Tanana,1663,1601
{D8E39A41-4ACE-4C9A-8FA8-F5201ED04032},edited,map_y,1691567.774,1691567.849,Tanana,1663,1601
{D90B5B01-B43C-47E6-AFBE-60E05BEBF7DC},edited,map_x,410086.5632,410085.3092,Valdez,1783,1712
{D90B5B01-B43C-47E6-AFBE-60E05BEBF7DC},edited,map_y,1261630.32,1261630.425,Valdez,1783,1712
{D92BD537-BC5E-45D8-B5D5-467F33E6FB74},edited,map_x,388289.5443,388288.287,Fort Yukon,661,632
{D92BD537-BC5E-45D8-B5D5-467F33E6FB74},edited,map_y,1870831.087,1870831.156,Fort Yukon,661,632
{D933651F-909C-49D8-AE55-BA247D25FBCD},edited,map_x,1066634.369,1066633.088,,38,38
{D933651F-909C-49D8-AE55-BA247D25FBCD},edited,map_y,1125072.358,1125072.461,,38,38
{D98885C5-A822-4810-810F-CB8B2F5DFDB0},edited,map_x,89383.47958,89382.23783,Ouzinkie,1337,1285
{D98885C5-A822-4810-810F-CB8B2F5DFDB0},edited,map_y,880925.9121,880926.0459,Ouzinkie,1337,1285
{D99442DA-9542-41C2-88DE-A2C473548FDD},edited,map_x,178203.2188,178201.9703,Bettles Field,328,314
{D99442DA-9542-41C2-88DE-A2C473548FDD},edited,map_y,1973211.12,1973211.176,Bettles Field,328,314
{D99D1073-2B1A-442D-A734-E3D9DCEDD425},edited,map_x,388669.0891,388667.8318,Fort Yukon,651,622
{D99D1073-2B1A-442D-A734-E3D9DCEDD425},edited,map_y,1871196.091,1871196.161,Fort Yukon,651,622
{D9A24C50-F9F2-454E-B9C8-750EE585D541},edited,map_x,387461.1326,387459.8753,Fort Yukon,670,639
{D9A24C50-F9F2-454E-B9C8-750EE585D541},edited,map_y,1871392.03,1871392.099,Fort Yukon,670,639
{D9A44F25-7BD5-452C-B8EC-E436366772FE},edited,map_x,-332945.3892,-332946.5873,Unalakleet,1753,1683
{D9A44F25-7BD5-452C-B8EC-E436366772FE},edited,map_y,1563349.557,1563349.638,Unalakleet,1753,1683
{D9B91291-5840-478F-A822-A19E95DA2C23},edited,map_x,-266456.513,-266457.7221,Selawik,1540,1479
{D9B91291-5840-478F-A822-A19E95DA2C23},edited,map_y,1861235.388,1861235.442,Selawik,1540,1479
{D9EF5217-BAAC-4EEF-8883-FE240CA4CBDC},edited,map_x,-476647.0936,-476648.2777,Saint Mary's,1490,1432
{D9EF5217-BAAC-4EEF-8883-FE240CA4CBDC},edited,map_y,1374721.467,1374721.567,Saint Mary's,1490,1432
{D9FE15B2-31C8-46BC-9A6D-F66958E9E233},edited,map_x,-289220.7195,-289221.9274,Manokotak,1131,1089
{D9FE15B2-31C8-46BC-9A6D-F66958E9E233},edited,map_y,1009771.329,1009771.462,Manokotak,1131,1089
{DA511820-2AB6-4A95-BBFA-684B0F675A1A},edited,map_x,-297114.2997,-297115.5047,,82,82
{DA511820-2AB6-4A95-BBFA-684B0F675A1A},edited,map_y,1815055.631,1815055.689,,82,82
{DA554104-8A28-4429-9F7B-CE414FB1DD37},edited,map_x,-459486.5923,-459487.7796,Kasigluk,1890,1819
{DA554104-8A28-4429-9F7B-CE414FB1DD37},edited,map_y,1241871.846,1241871.959,Kasigluk,1890,1819
{DA84F06B-802C-4550-9C22-FE03979714E2},edited,map_x,215005.9688,215004.7262,Anchorage,220,212
{DA84F06B-802C-4550-9C22-FE03979714E2},edited,map_y,1249007.971,1249008.079,Anchorage,220,212
{DA956473-B640-4963-9D10-1421DF815278},edited,map_x,201636.2323,201634.9768,,47,47
{DA956473-B640-4963-9D10-1421DF815278},edited,map_y,2094045.918,2094045.966,,47,47
{DA9AE6EB-3E04-4550-A71C-981B511781C4},edited,map_x,109194.1715,109192.9308,Bettles Field,326,312
{DA9AE6EB-3E04-4550-A71C-981B511781C4},edited,map_y,1886431.131,1886431.192,Bettles Field,326,312
{DAB1B98D-CCC0-4662-920A-432A27A48097},edited,map_x,-571826.2162,-571827.3916,,3,3
{DAB1B98D-CCC0-4662-920A-432A27A48097},edited,map_y,1263378.374,1263378.485,,3,3
{DAC83E96-633B-4414-8CEC-1D32B57B3ED9},edited,map_x,-50270.86544,-50272.09173,Newhalen,1213,1168
{DAC83E96-633B-4414-8CEC-1D32B57B3ED9},edited,map_y,1081396.754,1081396.876,Newhalen,1213,1168
{DAEC5650-5C4C-492E-B977-651DB9917A01},edited,map_x,1200288.981,1200287.694,Kake,867,832
{DAEC5650-5C4C-492E-B977-651DB9917A01},edited,map_y,955762.7697,955762.8715,Kake,867,832
{DB4A3350-A9BC-4AF3-A19B-3FEA13954BDD},edited,map_x,-347318.9809,-347320.1774,,91,91
{DB4A3350-A9BC-4AF3-A19B-3FEA13954BDD},edited,map_y,1501009.146,1501009.233,,91,91
{DB8F47BD-14D1-4503-BECA-6523E2C003B7},edited,map_x,-994609.0296,-994610.1849,Nikolski,1233,1188
{DB8F47BD-14D1-4503-BECA-6523E2C003B7},edited,map_y,436418.802,436419.0229,Nikolski,1233,1188
{DBA4C5BF-0B56-42B8-8DE2-271388AAFF3D},edited,map_x,399651.0933,399649.8168,Kaktovik,889,853
{DBA4C5BF-0B56-42B8-8DE2-271388AAFF3D},edited,map_y,2270358.81,2270358.852,Kaktovik,889,853
{DBCFD06D-526C-4AAD-BD2A-072EA1EFBE48},edited,map_x,634865.6498,634864.3837,Cape Yakataga,358,339
{DBCFD06D-526C-4AAD-BD2A-072EA1EFBE48},edited,map_y,1176609.319,1176609.426,Cape Yakataga,358,339
{DC1660F8-7010-4048-8650-DFA40389687F},edited,map_x,453139.0564,453137.7977,Circle,432,406
{DC1660F8-7010-4048-8650-DFA40389687F},edited,map_y,1797110.967,1797111.042,Circle,432,406
{DC3FECD9-9A70-472C-8141-F082D544889E},edited,map_x,224501.0189,224499.7731,Stevens Village,1642,1580
{DC3FECD9-9A70-472C-8141-F082D544889E},edited,map_y,1792390.122,1792390.193,Stevens Village,1642,1580
{DC5823E8-AB66-4C44-A453-9F0A1FFBA77F},edited,map_x,-316421.1707,-316422.3701,Anvik,263,253
{DC5823E8-AB66-4C44-A453-9F0A1FFBA77F},edited,map_y,1423708.047,1423708.141,Anvik,263,253
{DC601FC1-3A2B-4C80-9F95-10FE3EDD9761},edited,map_x,-526317.3535,-526318.5434,Point Hope,1396,1341
{DC601FC1-3A2B-4C80-9F95-10FE3EDD9761},edited,map_y,2093589.392,2093589.418,Point Hope,1396,1341
{DC60B9F5-62A5-457E-A0B7-8BA4851ABE97},edited,map_x,-267250.2928,-267251.5018,Selawik,1542,1481
{DC60B9F5-62A5-457E-A0B7-8BA4851ABE97},edited,map_y,1862042.857,1862042.912,Selawik,1542,1481
{DC63FF5C-C2A2-4923-89EF-FD5BA149B40C},edited,map_x,-302315.7909,-302316.994,,83,83
{DC63FF5C-C2A2-4923-89EF-FD5BA149B40C},edited,map_y,1743958.153,1743958.217,,83,83
{DC7AB0D0-85E7-4037-A97D-5136255831FA},edited,map_x,-261814.1479,-261815.3586,Clark's Point,435,409
{DC7AB0D0-85E7-4037-A97D-5136255831FA},edited,map_y,991717.2796,991717.4132,Clark's Point,435,409
{DC804955-7654-4EBB-AC92-0A0266163C08},edited,map_x,-282237.5918,-282238.8006,Kiana,961,923
{DC804955-7654-4EBB-AC92-0A0266163C08},edited,map_y,1903992.169,1903992.22,Kiana,961,923
{DCB13A71-B53D-45F9-928A-929F2BF933C1},edited,map_x,-421482.5582,-421483.7495,Oscarville,1332,1280
{DCB13A71-B53D-45F9-928A-929F2BF933C1},edited,map_y,1217825.508,1217825.623,Oscarville,1332,1280
{DCC6BD42-2620-46F3-B756-171CA27E6222},edited,map_x,215314.4824,215313.2399,Anchorage,219,211
{DCC6BD42-2620-46F3-B756-171CA27E6222},edited,map_y,1250031.984,1250032.092,Anchorage,219,211
{DCE1573C-EE52-4563-81A1-532110C2CE26},edited,map_x,-376049.9993,-376051.1989,Kotzebue,1069,1031
{DCE1573C-EE52-4563-81A1-532110C2CE26},edited,map_y,1907135.9,1907135.948,Kotzebue,1069,1031
{DCEA69CC-0392-4D6B-83AF-6DF819F9F130},edited,map_x,-197434.0516,-197435.27,Egegik,544,515
{DCEA69CC-0392-4D6B-83AF-6DF819F9F130},edited,map_y,917656.4447,917656.5832,Egegik,544,515
{DD445EE1-3F10-4146-A63C-843325C1AEA0},edited,map_x,-395257.2964,-395258.4918,Deering,496,467
{DD445EE1-3F10-4146-A63C-843325C1AEA0},edited,map_y,1817396.263,1817396.32,Deering,496,467
{DD6207A5-AD90-42B2-93C6-4A2AF3EF6A60},edited,map_x,-167120.1606,-167121.3741,Sleetmute,1615,1553
{DD6207A5-AD90-42B2-93C6-4A2AF3EF6A60},edited,map_y,1306649.025,1306649.13,Sleetmute,1615,1553
{DDA6FB76-5380-4BC4-93FD-1522BFE1A796},edited,map_x,354017.1889,354015.9273,Arctic Village,269,259
{DDA6FB76-5380-4BC4-93FD-1522BFE1A796},edited,map_y,2041047.434,2041047.491,Arctic Village,269,259
{DDBEA947-84DD-4443-88BD-348496D95D9D},edited,map_x,142602.9509,142601.7105,Homer,767,734
{DDBEA947-84DD-4443-88BD-348496D95D9D},edited,map_y,1082532.608,1082532.727,Homer,767,734
{DDD6686D-1B80-4635-9915-CF8C6D9CC472},edited,map_x,115487.2413,115485.9817,Nuiqsut,1300,1254
{DDD6686D-1B80-4635-9915-CF8C6D9CC472},edited,map_y,2250867.695,2250867.728,Nuiqsut,1300,1254
{DDE35DBE-E122-4919-AC13-F1C44D4FA731},edited,map_x,-805454.763,-805455.9103,Savoonga,1526,1466
{DDE35DBE-E122-4919-AC13-F1C44D4FA731},edited,map_y,1625974.705,1625974.776,Savoonga,1526,1466
{DE0B34DB-8C02-4D9D-94E1-A19418FBBABD},edited,map_x,-665796.7309,-665797.8969,Mekoryuk,1151,1108
{DE0B34DB-8C02-4D9D-94E1-A19418FBBABD},edited,map_y,1217027.498,1217027.616,Mekoryuk,1151,1108
{DE28396A-DEE2-44C9-B2DA-6D1A8CF2EFCE},edited,map_x,-553424.1131,-553425.3093,Cold Bay,448,420
{DE28396A-DEE2-44C9-B2DA-6D1A8CF2EFCE},edited,map_y,613290.7193,613290.8984,Cold Bay,448,420
{DE33EAF6-CE90-4E59-BD71-AC863E6D0244},edited,map_x,-604658.7713,-604659.942,Scammon Bay,1532,1471
{DE33EAF6-CE90-4E59-BD71-AC863E6D0244},edited,map_y,1371411.218,1371411.318,Scammon Bay,1532,1471
{DE51C970-B898-40CE-AADC-9FA47BA4D7DB},edited,map_x,-80409.95041,-80411.17035,McGrath,1139,1097
{DE51C970-B898-40CE-AADC-9FA47BA4D7DB},edited,map_y,1443150.891,1443150.985,McGrath,1139,1097
{DE58A4B0-4535-43C7-A7EF-69081AB2F18A},edited,map_x,-324098.2311,-324099.4331,Buckland,353,334
{DE58A4B0-4535-43C7-A7EF-69081AB2F18A},edited,map_y,1797629.313,1797629.372,Buckland,353,334
{DEB163BB-3EFE-46BC-8642-B72714A3D58C},edited,map_x,145749.7395,145748.5009,Kenai,930,892
{DEB163BB-3EFE-46BC-8642-B72714A3D58C},edited,map_y,1195121.47,1195121.581,Kenai,930,892
{DEC23BD2-8C24-47A8-8716-E64D51BA97CC},edited,map_x,-282986.4266,-282987.642,Port Heiden,1425,1369
{DEC23BD2-8C24-47A8-8716-E64D51BA97CC},edited,map_y,778480.9907,778481.1437,Port Heiden,1425,1369
{DEC507FE-8A64-4440-BA11-D2663D6C51B2},edited,map_x,404994.4975,404993.2425,,4,4
{DEC507FE-8A64-4440-BA11-D2663D6C51B2},edited,map_y,1161295.363,1161295.473,,4,4
{DECC4CB4-9217-4FA6-A6F1-FB5AF9F5A76D},edited,map_x,-126714.7575,-126715.9799,Kobuk,1010,972
{DECC4CB4-9217-4FA6-A6F1-FB5AF9F5A76D},edited,map_y,1885979.762,1885979.818,Kobuk,1010,972
{DEF25DC7-2502-4A06-BE1A-12930080D395},edited,map_x,-50576.91387,-50578.14006,Iliamna,815,780
{DEF25DC7-2502-4A06-BE1A-12930080D395},edited,map_y,1085312.159,1085312.281,Iliamna,815,780
{DF089F3D-FF57-46E4-926F-17F5878F0CE9},edited,map_x,-277234.9639,-277236.1678,Chuathbaluk,423,399
{DF089F3D-FF57-46E4-926F-17F5878F0CE9},edited,map_y,1298936.297,1298936.403,Chuathbaluk,423,399
{DF0BDB23-DC4E-4D7C-9FBB-24B6A044714B},edited,map_x,-637948.7896,-637949.9571,Hooper Bay,787,754
{DF0BDB23-DC4E-4D7C-9FBB-24B6A044714B},edited,map_y,1340705.296,1340705.4,Hooper Bay,787,754
{DF0D091B-FBBB-4517-AA45-0BAA2F320FDE},edited,map_x,-281781.3909,-281782.5998,Kiana,967,929
{DF0D091B-FBBB-4517-AA45-0BAA2F320FDE},edited,map_y,1904506.012,1904506.062,Kiana,967,929
{DF11E142-0A1B-4FD7-870D-B2432FB23B38},edited,map_x,1296224.374,1296223.082,Craig,479,451
{DF11E142-0A1B-4FD7-870D-B2432FB23B38},edited,map_y,813818.184,813818.2831,Craig,479,451
{DF2B4DBC-053C-4B0A-8693-01DB75BA149B},edited,map_x,158710.6249,158709.3861,,42,42
{DF2B4DBC-053C-4B0A-8693-01DB75BA149B},edited,map_y,1248448.737,1248448.845,,42,42
{DF60A289-BFB7-4882-92EA-89D65B32D0B7},edited,map_x,-292504.7824,-292505.9849,Aniak,243,235
{DF60A289-BFB7-4882-92EA-89D65B32D0B7},edited,map_y,1300643.336,1300643.442,Aniak,243,235
{DF6648FB-7E01-4D97-AD35-9477293F4C57},edited,map_x,258440.8272,258439.5824,Palmer,1338,1286
{DF6648FB-7E01-4D97-AD35-9477293F4C57},edited,map_y,1299423.605,1299423.708,Palmer,1338,1286
{DF7DE3EA-8366-4CB9-8D57-C492F2B43793},edited,map_x,1381427.591,1381426.299,Ketchikan,949,911
{DF7DE3EA-8366-4CB9-8D57-C492F2B43793},edited,map_y,827413.3377,827413.4337,Ketchikan,949,911
{DF8A51FF-9743-44F6-9433-B5029478C477},edited,map_x,-665894.3292,-665895.4953,Mekoryuk,1145,1103
{DF8A51FF-9743-44F6-9433-B5029478C477},edited,map_y,1216795.666,1216795.784,Mekoryuk,1145,1103
{DFFEA010-C78E-4C70-A5A9-0089FFA544FA},edited,map_x,109260.1214,109258.8806,Bettles,322,308
{DFFEA010-C78E-4C70-A5A9-0089FFA544FA},edited,map_y,1886677.724,1886677.786,Bettles,322,308
{E01A6243-BF36-4B61-A01B-F4A0F8AEA260},edited,map_x,-442113.1038,-442114.294,Eek,539,510
{E01A6243-BF36-4B61-A01B-F4A0F8AEA260},edited,map_y,1163365.529,1163365.65,Eek,539,510
{E01B3F6B-7D46-4185-BC28-80C76DB7851D},edited,map_x,-26058.80664,-26060.0412,Karluk,908,870
{E01B3F6B-7D46-4185-BC28-80C76DB7851D},edited,map_y,839964.6974,839964.8374,Karluk,908,870
{E02F82E9-0CBA-4960-8280-19B03E874280},edited,map_x,221204.4256,221203.1832,Houston,795,762
{E02F82E9-0CBA-4960-8280-19B03E874280},edited,map_y,1301718.869,1301718.973,Houston,795,762
{E044B030-CE0C-407D-9875-B4B4609B1B50},edited,map_x,-324107.8439,-324109.0459,Buckland,348,329
{E044B030-CE0C-407D-9875-B4B4609B1B50},edited,map_y,1797514.213,1797514.272,Buckland,348,329
{E06E92CB-E637-4120-967B-1F567B0B9489},edited,map_x,-277247.8493,-277249.0532,Chuathbaluk,424,400
{E06E92CB-E637-4120-967B-1F567B0B9489},edited,map_y,1298937.316,1298937.423,Chuathbaluk,424,400
{E096E9C5-5AA4-461D-8092-4758490F6C81},edited,map_x,218705.5326,218704.2899,Anchorage,195,187
{E096E9C5-5AA4-461D-8092-4758490F6C81},edited,map_y,1252995.35,1252995.457,Anchorage,195,187
{E09E2D7A-3D9D-4BC8-8FB4-8E2A425B1C82},edited,map_x,-50199.29439,-50200.5207,Newhalen,1212,1167
{E09E2D7A-3D9D-4BC8-8FB4-8E2A425B1C82},edited,map_y,1081375.31,1081375.432,Newhalen,1212,1167
{E0A8AC68-CE38-4642-AC6E-8E5679E9D539},edited,map_x,1077209.709,1077208.427,Hoonah,770,737
{E0A8AC68-CE38-4642-AC6E-8E5679E9D539},edited,map_y,1052201.935,1052202.039,Hoonah,770,737
{E1382C04-8BCB-4CB3-8640-A3678801E8F8},edited,map_x,-146977.9531,-146979.1741,King Salmon,980,942
{E1382C04-8BCB-4CB3-8640-A3678801E8F8},edited,map_y,975925.1704,975925.3028,King Salmon,980,942
{E1693C3D-F6A9-432D-8B18-315BB5BCFB77},edited,map_x,-413211.564,-413212.7742,Sand Point,1517,1457
{E1693C3D-F6A9-432D-8B18-315BB5BCFB77},edited,map_y,609841.3034,609841.4767,Sand Point,1517,1457
{E17122C9-87B6-4F81-A62D-DA62D26F8FA0},edited,map_x,94587.68637,94586.44149,Anaktuvuk Pass,156,155
{E17122C9-87B6-4F81-A62D-DA62D26F8FA0},edited,map_y,2021592.887,2021592.937,Anaktuvuk Pass,156,155
{E1A25DB3-FA3A-4228-B3DF-72F39484C323},edited,map_x,-17117.11746,-17118.34528,Port Alsworth,1418,1362
{E1A25DB3-FA3A-4228-B3DF-72F39484C323},edited,map_y,1135334.752,1135334.869,Port Alsworth,1418,1362
{E20099E2-C75B-43CE-A5A2-EA64F5F047EF},edited,map_x,-130268.3173,-130269.5596,Atqasuk,287,277
{E20099E2-C75B-43CE-A5A2-EA64F5F047EF},edited,map_y,2281134.524,2281134.546,Atqasuk,287,277
{E2092758-6B1B-4406-9634-61C15D25036D},edited,map_x,428105.6623,428104.4084,Paxson,1349,1297
{E2092758-6B1B-4406-9634-61C15D25036D},edited,map_y,1478980.491,1478980.584,Paxson,1349,1297
{E21C4E02-36BA-461C-B1E8-98CFECCDF0C8},edited,map_x,-11690.65679,-11691.88588,Hughes,798,765
{E21C4E02-36BA-461C-B1E8-98CFECCDF0C8},edited,map_y,1787282.761,1787282.827,Hughes,798,765
{E235FE1E-DEC6-48D1-8D3B-838C2CC84F63},edited,map_x,-861996.1426,-861997.283,Gambell,1891,1820
{E235FE1E-DEC6-48D1-8D3B-838C2CC84F63},edited,map_y,1650247.271,1650247.339,Gambell,1891,1820
{E239BC24-44CF-4882-8407-56CAEAEE0463},edited,map_x,-969566.4158,-969567.5539,Saint Paul,1505,1445
{E239BC24-44CF-4882-8407-56CAEAEE0463},edited,map_y,913635.9183,913636.0786,Saint Paul,1505,1445
{E240391E-9F85-4887-8186-65EAC9A003FE},edited,map_x,-173616.3792,-173617.5981,South Naknek,1630,1568
{E240391E-9F85-4887-8186-65EAC9A003FE},edited,map_y,971468.3515,971468.4848,South Naknek,1630,1568
{E24B5472-872F-4239-A116-FC23CC2087AB},edited,map_x,-69917.57781,-69918.79868,McGrath,1143,1101
{E24B5472-872F-4239-A116-FC23CC2087AB},edited,map_y,1400458.029,1400458.126,McGrath,1143,1101
{E2523660-1F61-490B-90E2-2359BED4159E},edited,map_x,226875.5532,226874.3098,Anchorage,190,182
{E2523660-1F61-490B-90E2-2359BED4159E},edited,map_y,1240148.608,1240148.715,Anchorage,190,182
{E2564600-5F0C-4B9C-8869-F3712D55D68D},edited,map_x,224492.7153,224491.4695,Stevens Village,1645,1583
{E2564600-5F0C-4B9C-8869-F3712D55D68D},edited,map_y,1792389.503,1792389.574,Stevens Village,1645,1583
{E280D44D-4D91-4A5E-BCBA-2A77A8DC8D4F},edited,map_x,613902.0376,613900.7741,,43,43
{E280D44D-4D91-4A5E-BCBA-2A77A8DC8D4F},edited,map_y,1628100.025,1628100.113,,43,43
{E2861BD3-C905-4D5D-B58F-B62EF99C0B2D},edited,map_x,218105.9997,218104.7562,Minto,1163,1120
{E2861BD3-C905-4D5D-B58F-B62EF99C0B2D},edited,map_y,1695652.761,1695652.839,Minto,1163,1120
{E28836DE-2C57-40A3-B75C-FB7EB08D38C3},edited,map_x,-272187.1794,-272188.3984,Chignik,401,378
{E28836DE-2C57-40A3-B75C-FB7EB08D38C3},edited,map_y,707227.3656,707227.5245,Chignik,401,378
{E2BF956B-CE4D-4E04-954E-9B2D99151089},edited,map_x,-173387.5482,-173388.767,Naknek,1177,1134
{E2BF956B-CE4D-4E04-954E-9B2D99151089},edited,map_y,974339.7864,974339.9195,Naknek,1177,1134
{E2C20C9D-DC5C-4D14-B512-E8C41312EA92},edited,map_x,-541163.9245,-541165.1053,Shishmaref,1580,1519
{E2C20C9D-DC5C-4D14-B512-E8C41312EA92},edited,map_y,1860105.747,1860105.795,Shishmaref,1580,1519
{E2CFD171-4F72-4EE8-AA24-C3C8C233BAA9},edited,map_x,-197765.1865,-197766.4048,Egegik,549,520
{E2CFD171-4F72-4EE8-AA24-C3C8C233BAA9},edited,map_y,917693.7662,917693.9047,Egegik,549,520
{E2EBBB67-58E8-4EED-B69B-A03B77169EB6},edited,map_x,212400.0631,212398.8209,Wasilla,1817,1746
{E2EBBB67-58E8-4EED-B69B-A03B77169EB6},edited,map_y,1270810.43,1270810.536,Wasilla,1817,1746
{E2EF0E5B-287E-4122-A175-2E0B85FD9D17},edited,map_x,331022.658,331021.4025,Venetie,1795,1724
{E2EF0E5B-287E-4122-A175-2E0B85FD9D17},edited,map_y,1914405.541,1914405.606,Venetie,1795,1724
{E32D2921-8176-4468-A0AB-9AE351693922},edited,map_x,290220.7766,290219.5291,Fairbanks,634,605
{E32D2921-8176-4468-A0AB-9AE351693922},edited,map_y,1663479.929,1663480.01,Fairbanks,634,605
{E3DA4A6D-2545-4031-85A7-7F30CDA34F87},edited,map_x,156306.0784,156304.8137,,98,98
{E3DA4A6D-2545-4031-85A7-7F30CDA34F87},edited,map_y,2283824.49,2283824.522,,98,98
{E3EF8439-0613-41E1-B9C0-DC105BB3B3C0},edited,map_x,-324392.1137,-324393.3157,Kiana,969,931
{E3EF8439-0613-41E1-B9C0-DC105BB3B3C0},edited,map_y,1797729.325,1797729.384,Kiana,969,931
{E40F47E8-DDAF-49A1-933C-821B7401109C},edited,map_x,-315162.0953,-315163.2964,,81,81
{E40F47E8-DDAF-49A1-933C-821B7401109C},edited,map_y,1697807.513,1697807.582,,81,81
{E4218125-2B99-44D5-8CFD-349D1CAA389F},edited,map_x,1128052.579,1128051.296,Juneau,853,818
{E4218125-2B99-44D5-8CFD-349D1CAA389F},edited,map_y,1089982.003,1089982.105,Juneau,853,818
{E42F70E0-8C41-4CE1-BE91-311B05D93B33},edited,map_x,-377014.1874,-377015.3869,Kotzebue,1892,1821
{E42F70E0-8C41-4CE1-BE91-311B05D93B33},edited,map_y,1906550.493,1906550.541,Kotzebue,1892,1821
{E440AFDF-429C-43EF-97E7-E99BC8872AF7},edited,map_x,409001.0424,408999.7885,Valdez,1792,1721
{E440AFDF-429C-43EF-97E7-E99BC8872AF7},edited,map_y,1262288.223,1262288.328,Valdez,1792,1721
{E474BE21-EF86-4234-AB76-B32CE68F896D},edited,map_x,-525488.1811,-525489.3711,Point Hope,1397,1342
{E474BE21-EF86-4234-AB76-B32CE68F896D},edited,map_y,2093586.538,2093586.564,Point Hope,1397,1342
{E4AB4D46-CF85-4C56-9B07-82B5AA1F0492},edited,map_x,297207.8455,297206.5976,Fairbanks,631,602
{E4AB4D46-CF85-4C56-9B07-82B5AA1F0492},edited,map_y,1664318.058,1664318.139,Fairbanks,631,602
{E4B7575E-9F3B-44DD-88D5-F0519B402055},edited,map_x,-333885.5091,-333886.7077,Upper Kalskag,1775,1704
{E4B7575E-9F3B-44DD-88D5-F0519B402055},edited,map_y,1300031.557,1300031.663,Upper Kalskag,1775,1704
{E4CF3B9E-8613-49C3-94A8-E46B9248AE34},edited,map_x,451373.2455,451371.9899,Delta Junction,507,478
{E4CF3B9E-8613-49C3-94A8-E46B9248AE34},edited,map_y,1591014.632,1591014.719,Delta Junction,507,478
{E4EE10B6-0678-4598-BDAB-CF65C3FE1ABD},edited,map_x,-433307.0145,-433308.2047,Napakiak,1188,1145
{E4EE10B6-0678-4598-BDAB-CF65C3FE1ABD},edited,map_y,1216236.944,1216237.06,Napakiak,1188,1145
{E52F8BF1-0669-4629-8E08-E889F6CF8435},edited,map_x,-969577.7027,-969578.8408,Saint Paul,1508,1448
{E52F8BF1-0669-4629-8E08-E889F6CF8435},edited,map_y,913666.8174,913666.9777,Saint Paul,1508,1448
{E53E0A9F-D574-4511-81AC-AF770008F760},edited,map_x,115528.2689,115527.0093,Nuiqsut,1296,1250
{E53E0A9F-D574-4511-81AC-AF770008F760},edited,map_y,2250896.328,2250896.361,Nuiqsut,1296,1250
{E55B146D-4351-4F1D-838C-CBE8D7A2A8FC},edited,map_x,-70898.35195,-70899.57379,Ruby,1467,1409
{E55B146D-4351-4F1D-838C-CBE8D7A2A8FC},edited,map_y,1642779.304,1642779.381,Ruby,1467,1409
{E670FA80-0EEE-4383-AF9E-7B7B187485C4},edited,map_x,-17819.50521,-17820.733,Port Alsworth,1414,1358
{E670FA80-0EEE-4383-AF9E-7B7B187485C4},edited,map_y,1134423.378,1134423.496,Port Alsworth,1414,1358
{E6878C9C-E636-4C33-A5F5-14420473C72B},edited,map_x,95337.53167,95336.28907,Kodiak,1026,988
{E6878C9C-E636-4C33-A5F5-14420473C72B},edited,map_y,866854.0758,866854.2104,Kodiak,1026,988
{E6AB9F80-923B-43FA-B7E0-74FB0874B59A},edited,map_x,332022.7864,332021.5374,Palmer,1347,1295
{E6AB9F80-923B-43FA-B7E0-74FB0874B59A},edited,map_y,1328097.244,1328097.345,Palmer,1347,1295
{E6B99EC5-748C-4D83-97F7-7E5E958EB571},edited,map_x,-50549.20123,-50550.42743,Iliamna,828,793
{E6B99EC5-748C-4D83-97F7-7E5E958EB571},edited,map_y,1085339.086,1085339.208,Iliamna,828,793
{E6E8B171-EEAD-4097-8EF3-6EE74CECD474},edited,map_x,-324124.4228,-324125.6248,Buckland,351,332
{E6E8B171-EEAD-4097-8EF3-6EE74CECD474},edited,map_y,1797516,1797516.059,Buckland,351,332
{E6F89934-850D-4A9A-ACEE-2DD093C349F2},edited,map_x,-184000.3278,-184001.5431,Koliganek,1043,1005
{E6F89934-850D-4A9A-ACEE-2DD093C349F2},edited,map_y,1086276.773,1086276.897,Koliganek,1043,1005
{E7455FE8-21D1-4DB9-B9A2-3E131F07722C},edited,map_x,-476816.9535,-476818.1376,Saint Marys,1484,1426
{E7455FE8-21D1-4DB9-B9A2-3E131F07722C},edited,map_y,1374724.409,1374724.508,Saint Marys,1484,1426
{E762FF48-E51C-4FF1-BB99-94DA3D5D0CB4},edited,map_x,1198524.644,1198523.357,Kake,873,838
{E762FF48-E51C-4FF1-BB99-94DA3D5D0CB4},edited,map_y,956568.4718,956568.5736,Kake,873,838
{E77A8666-C3DB-4AE5-ABD7-A169FFB122E7},edited,map_x,-282011.252,-282012.4609,Kiana,970,932
{E77A8666-C3DB-4AE5-ABD7-A169FFB122E7},edited,map_y,1904106.299,1904106.35,Kiana,970,932
{E77A942D-7D0A-45CD-8F29-13F7F85F71A3},edited,map_x,-446787.1003,-446788.2929,Platinum,1379,1325
{E77A942D-7D0A-45CD-8F29-13F7F85F71A3},edited,map_y,1028712.27,1028712.404,Platinum,1379,1325
{E784CB11-693E-4ACD-99C8-A9E006782F07},edited,map_x,-253487.8357,-253489.0466,Dillingham,516,487
{E784CB11-693E-4ACD-99C8-A9E006782F07},edited,map_y,1016516.851,1016516.982,Dillingham,516,487
{E7B9AC7C-E3C6-4313-A350-5414BFE26A53},edited,map_x,-422799.6988,-422800.8885,Noatak,1242,1197
{E7B9AC7C-E3C6-4313-A350-5414BFE26A53},edited,map_y,1348151.764,1348151.866,Noatak,1242,1197
{E7D371F4-1EF0-4BEC-B0F0-BDDE7CDEFF07},edited,map_x,300716.9042,300715.656,Fort Wainwright,646,617
{E7D371F4-1EF0-4BEC-B0F0-BDDE7CDEFF07},edited,map_y,1665924.097,1665924.178,Fort Wainwright,646,617
{E7ECD652-D585-4837-8BEC-05FA96860368},edited,map_x,-424392.9992,-424394.1902,Bethel,319,305
{E7ECD652-D585-4837-8BEC-05FA96860368},edited,map_y,1224451.931,1224452.045,Bethel,319,305
{E7F7C72E-3C31-4C85-AC61-D685DE531E55},edited,map_x,-544936.9133,-544938.0906,Nome,1255,1210
{E7F7C72E-3C31-4C85-AC61-D685DE531E55},edited,map_y,1661842.092,1661842.161,Nome,1255,1210
{E854004D-0A4D-48A9-A6FE-DEC878FA235C},edited,map_x,-544835.7407,-544836.918,Nome,1256,1211
{E854004D-0A4D-48A9-A6FE-DEC878FA235C},edited,map_y,1662819.853,1662819.922,Nome,1256,1211
{E867DC72-3920-4177-BBB6-DA377D5FDC91},edited,map_x,-352466.343,-352467.5589,Point Lay,1399,1344
{E867DC72-3920-4177-BBB6-DA377D5FDC91},edited,map_y,2220301.173,2220301.193,Point Lay,1399,1344
{E8C7FE98-2833-47DB-A566-8D25750D48D2},edited,map_x,-401635.1304,-401636.3235,Napakiak,1189,1146
{E8C7FE98-2833-47DB-A566-8D25750D48D2},edited,map_y,1225454.142,1225454.256,Napakiak,1189,1146
{E8D942CE-3386-4DE8-8667-2A8395EDE2F3},edited,map_x,1041902.763,1041901.484,Skagway,1606,1544
{E8D942CE-3386-4DE8-8667-2A8395EDE2F3},edited,map_y,1198893.493,1198893.595,Skagway,1606,1544
{E8EBA337-4E99-462B-B598-48ACEC1CF721},edited,map_x,1121615.034,1121613.752,Juneau,851,816
{E8EBA337-4E99-462B-B598-48ACEC1CF721},edited,map_y,1094152.79,1094152.893,Juneau,851,816
{E9120740-60FA-4B54-926C-BF402402BE41},edited,map_x,222363.269,222362.0259,Anchorage,199,191
{E9120740-60FA-4B54-926C-BF402402BE41},edited,map_y,1243632.996,1243633.103,Anchorage,199,191
{E951B02D-CDE8-4D02-A808-236A1E749DDC},edited,map_x,215312.8312,215311.5886,Anchorage,184,176
{E951B02D-CDE8-4D02-A808-236A1E749DDC},edited,map_y,1250059.241,1250059.348,Anchorage,184,176
{E96D8287-193E-47D7-B6ED-C714E62819BD},edited,map_x,-197807.0074,-197808.2258,Egegik,547,518
{E96D8287-193E-47D7-B6ED-C714E62819BD},edited,map_y,917716.3797,917716.5181,Egegik,547,518
{E9721470-3863-4DF0-8FA9-DEE71E0F717F},edited,map_x,410432.8873,410431.6333,Valdez,1785,1714
{E9721470-3863-4DF0-8FA9-DEE71E0F717F},edited,map_y,1262570.693,1262570.799,Valdez,1785,1714
{E97E7FA3-5A3B-497A-9EFF-6E3E1832C369},edited,map_x,258308.1427,258306.8979,Palmer,1344,1292
{E97E7FA3-5A3B-497A-9EFF-6E3E1832C369},edited,map_y,1300871.716,1300871.819,Palmer,1344,1292
{E98D3FA4-6365-44C5-9736-E87A8555B71D},edited,map_x,226276.1946,226274.9513,Anchorage,197,189
{E98D3FA4-6365-44C5-9736-E87A8555B71D},edited,map_y,1246882.449,1246882.556,Anchorage,197,189
{E98F3A3E-E585-4EEE-80D1-92ED1E2D5F56},edited,map_x,-332408.0303,-332409.2284,Unalakleet,1761,1691
{E98F3A3E-E585-4EEE-80D1-92ED1E2D5F56},edited,map_y,1562191.325,1562191.406,Unalakleet,1761,1691
{EA033FEC-60D8-448B-A49A-6DCACE5AB189},edited,map_x,-377678.0065,-377679.206,Kotzebue,1065,1027
{EA033FEC-60D8-448B-A49A-6DCACE5AB189},edited,map_y,1906049.199,1906049.247,Kotzebue,1065,1027
{EA1C6A09-2625-46E4-91BB-34FC46FBC729},edited,map_x,1160830.311,1160829.028,,32,32
{EA1C6A09-2625-46E4-91BB-34FC46FBC729},edited,map_y,1129104.306,1129104.408,,32,32
{EA679999-727C-4A29-8C51-BD75D33F8B4C},edited,map_x,-1365948.209,-1365949.315,Atka,273,263
{EA679999-727C-4A29-8C51-BD75D33F8B4C},edited,map_y,452238.9298,452239.1698,Atka,273,263
{EA8037D3-7189-4248-9499-E94F9DEB1ECB},edited,map_x,-175281.9994,-175283.2121,Red Devil,1460,1402
{EA8037D3-7189-4248-9499-E94F9DEB1ECB},edited,map_y,1315871.748,1315871.852,Red Devil,1460,1402
{EA99F3E6-95C7-4A2D-B594-6959266E71F9},edited,map_x,-862726.5437,-862727.6841,Gambell,693,661
{EA99F3E6-95C7-4A2D-B594-6959266E71F9},edited,map_y,1650651.935,1650652.003,Gambell,693,661
{EA9E93F1-9EBE-4EE2-8F15-4B90BEAFEAE5},edited,map_x,263020.0587,263018.8138,Sutton,1650,1588
{EA9E93F1-9EBE-4EE2-8F15-4B90BEAFEAE5},edited,map_y,1311428.569,1311428.672,Sutton,1650,1588
{EA9FD404-2758-49CB-81A4-82A43AF09848},edited,map_x,298451.0286,298449.7806,Fairbanks,633,604
{EA9FD404-2758-49CB-81A4-82A43AF09848},edited,map_y,1669181.227,1669181.307,Fairbanks,633,604
{EAEFD0BA-2E87-4EE1-AE9D-B356943D2788},edited,map_x,-553447.2357,-553448.432,Cold Bay,449,421
{EAEFD0BA-2E87-4EE1-AE9D-B356943D2788},edited,map_y,613204.6488,613204.8279,Cold Bay,449,421
{EB31C6E5-4774-40D4-BFE5-5D80850118C3},edited,map_x,269765.6028,269764.3562,,31,31
{EB31C6E5-4774-40D4-BFE5-5D80850118C3},edited,map_y,1196887.124,1196887.234,,31,31
{EB324C93-9396-4768-B372-5073A1FBE274},edited,map_x,-18855.35851,-18856.5833,Nikolai,1230,1185
{EB324C93-9396-4768-B372-5073A1FBE274},edited,map_y,1449349.941,1449350.034,Nikolai,1230,1185
{EB39FAA6-2449-4158-A5F0-0D771F933278},edited,map_x,-50542.73693,-50543.96313,Iliamna,821,786
{EB39FAA6-2449-4158-A5F0-0D771F933278},edited,map_y,1085311.694,1085311.816,Iliamna,821,786
{EB7C0400-4008-4293-A2E5-5436D5F383E3},edited,map_x,-42265.5125,-42266.7401,Kokhanok,1036,998
{EB7C0400-4008-4293-A2E5-5436D5F383E3},edited,map_y,1049941.647,1049941.772,Kokhanok,1036,998
{EBAB23EE-9C6B-4BD5-A51F-1E23EFD52514},edited,map_x,-398944.3715,-398945.563,Saint Michael,1496,1438
{EBAB23EE-9C6B-4BD5-A51F-1E23EFD52514},edited,map_y,1525392.569,1525392.654,Saint Michael,1496,1438
{EBE4B52C-8327-4736-B32F-36B795B4C16F},edited,map_x,-130265.9986,-130267.2409,Atqasuk,296,282
{EBE4B52C-8327-4736-B32F-36B795B4C16F},edited,map_y,2281134.404,2281134.426,Atqasuk,296,282
{EC24F4B9-DE86-407E-A1E8-020A81196406},edited,map_x,281119.457,281118.2098,,26,26
{EC24F4B9-DE86-407E-A1E8-020A81196406},edited,map_y,1211592.829,1211592.938,,26,26
{EC3737B3-4DF5-43BE-B889-8854827FF5FA},edited,map_x,202604.7566,202603.5013,,73,73
{EC3737B3-4DF5-43BE-B889-8854827FF5FA},edited,map_y,2089491.727,2089491.775,,73,73
{ECBCD8D2-3AC3-4138-99A9-100BBD56D4ED},edited,map_x,-862653.0926,-862654.233,Gambell,692,660
{ECBCD8D2-3AC3-4138-99A9-100BBD56D4ED},edited,map_y,1650681.309,1650681.376,Gambell,692,660
{ECE40BF8-AC76-495C-82E6-79FBF77BAE00},edited,map_x,221733.422,221732.1791,Anchorage,173,165
{ECE40BF8-AC76-495C-82E6-79FBF77BAE00},edited,map_y,1256233.689,1256233.795,Anchorage,173,165
{ECE99F26-72D5-4DB9-84A6-747709CDD668},edited,map_x,212173.0724,212171.8301,Anchorage,182,174
{ECE99F26-72D5-4DB9-84A6-747709CDD668},edited,map_y,1250048.221,1250048.328,Anchorage,182,174
{ED065D32-B350-4A2B-A53C-282E4A15376A},edited,map_x,-402229.4349,-402230.6279,Akiachak,106,106
{ED065D32-B350-4A2B-A53C-282E4A15376A},edited,map_y,1236842.273,1236842.385,Akiachak,106,106
{ED4F5011-31F9-4D8C-88A0-EED50DDE9C4C},edited,map_x,1404436.365,1404435.072,Metlakatla,1160,1117
{ED4F5011-31F9-4D8C-88A0-EED50DDE9C4C},edited,map_y,807473.3943,807473.4894,Metlakatla,1160,1117
{ED76EDD9-CFFA-446D-983F-B066C8D335BD},edited,map_x,-196982.0839,-196983.299,Ekwok,562,533
{ED76EDD9-CFFA-446D-983F-B066C8D335BD},edited,map_y,1044726.82,1044726.948,Ekwok,562,533
{ED80EB74-DD45-4CF1-AF10-93AF97EA137C},edited,map_x,-294564.2317,-294565.4489,Chignik Lake,416,393
{ED80EB74-DD45-4CF1-AF10-93AF97EA137C},edited,map_y,704285.3229,704285.4829,Chignik Lake,416,393
{ED965264-815C-46DB-A2C0-252D0EDEEB45},edited,map_x,-332943.2995,-332944.4976,Unalakleet,1757,1687
{ED965264-815C-46DB-A2C0-252D0EDEEB45},edited,map_y,1563369.896,1563369.978,Unalakleet,1757,1687
{EDA71B0B-E7D6-4E52-BD75-CDA27756C3FE},edited,map_x,-168297.1766,-168298.3962,Ambler,146,145
{EDA71B0B-E7D6-4E52-BD75-CDA27756C3FE},edited,map_y,1909608.438,1909608.491,Ambler,146,145
{EE035FC2-70D9-42A6-B940-D1F97F642616},edited,map_x,-130242.6497,-130243.8921,Nuiqsut,1312,1260
{EE035FC2-70D9-42A6-B940-D1F97F642616},edited,map_y,2281046.278,2281046.3,Nuiqsut,1312,1260
{EE1FBA59-8354-45FF-8D5B-ADC9DDBE6A5E},edited,map_x,395506.8742,395505.6207,Tatitlek,1669,1607
{EE1FBA59-8354-45FF-8D5B-ADC9DDBE6A5E},edited,map_y,1230664.364,1230664.471,Tatitlek,1669,1607
{EE49D47C-9B92-431B-9D0B-77844BA21CF8},edited,map_x,354055.8228,354054.5612,Stevens Village,1643,1581
{EE49D47C-9B92-431B-9D0B-77844BA21CF8},edited,map_y,2041229.335,2041229.391,Stevens Village,1643,1581
{EE90D296-0F4B-47F2-A7ED-8AAE074E53AD},edited,last_edited,2022-12-21T03:55:03Z,2025-12-16T02:47:47Z,Aniak,248,240
{EE90D296-0F4B-47F2-A7ED-8AAE074E53AD},edited,map_x,-293455.2054,-293456.4078,Aniak,248,240
{EE90D296-0F4B-47F2-A7ED-8AAE074E53AD},edited,map_y,1301373.567,1301373.673,Aniak,248,240
{EE9F299B-7FBB-46A0-A9F0-61E7D1B5A1E7},edited,map_x,-103588.7633,-103589.9885,,93,93
{EE9F299B-7FBB-46A0-A9F0-61E7D1B5A1E7},edited,map_y,951091.9377,951092.0712,,93,93
{EEF98AEC-B3D9-49F8-B68D-1051218EE404},edited,map_x,158914.2205,158912.9806,Soldotna,1623,1561
{EEF98AEC-B3D9-49F8-B68D-1051218EE404},edited,map_y,1170961.716,1170961.829,Soldotna,1623,1561
{EEFF47E2-0593-4707-A88F-5C25BC48F5D0},edited,map_x,399215.2087,399213.9322,Kaktovik,884,849
{EEFF47E2-0593-4707-A88F-5C25BC48F5D0},edited,map_y,2270202.044,2270202.086,Kaktovik,884,849
{EF0093E9-D1F3-42AA-B772-A3A3E6267575},edited,map_x,1076199.106,1076197.824,Hoonah,779,746
{EF0093E9-D1F3-42AA-B772-A3A3E6267575},edited,map_y,1052472.346,1052472.45,Hoonah,779,746
{EF318649-1C9B-45B9-8616-DCC8F7FB4907},edited,map_x,-972886.8849,-972888.0226,Saint Paul,1504,1444
{EF318649-1C9B-45B9-8616-DCC8F7FB4907},edited,map_y,911733.0876,911733.2483,Saint Paul,1504,1444
{EF608B80-7931-4342-A64A-98E73B563C54},edited,map_x,-282544.4154,-282545.618,Shageluk,1568,1507
{EF608B80-7931-4342-A64A-98E73B563C54},edited,map_y,1421289.991,1421290.085,Shageluk,1568,1507
{EF799C7C-48D8-475B-816B-6D08F25BBB08},edited,map_x,1384012.325,1384011.033,Ketchikan,952,914
{EF799C7C-48D8-475B-816B-6D08F25BBB08},edited,map_y,834208.3155,834208.4115,Ketchikan,952,914
{EF7B6BA1-2FF6-404A-9A5F-01A83B09D969},edited,map_x,-820749.884,-820751.0563,Sand Point,1516,1456
{EF7B6BA1-2FF6-404A-9A5F-01A83B09D969},edited,map_y,509159.6219,509159.8249,Sand Point,1516,1456
{EFA2FFD0-5E26-4F0B-AB88-C80C174ED85B},edited,map_x,-820587.675,-820588.8474,Unalaska,1764,1694
{EFA2FFD0-5E26-4F0B-AB88-C80C174ED85B},edited,map_y,506366.5683,506366.7716,Unalaska,1764,1694
{EFB8BB07-4BF6-42EF-8860-505B1E26AE40},edited,map_x,158451.375,158450.1351,Soldotna,1625,1563
{EFB8BB07-4BF6-42EF-8860-505B1E26AE40},edited,map_y,1165611.795,1165611.908,Soldotna,1625,1563
{EFDF3393-228B-44BE-B646-0D8E1DD9AA52},edited,map_x,-196758.2625,-196759.4776,Ekwok,559,530
{EFDF3393-228B-44BE-B646-0D8E1DD9AA52},edited,map_y,1045097.78,1045097.907,Ekwok,559,530
{F0062498-93C4-45AC-AB62-A5CBF508003C},edited,map_x,-187066.8227,-187068.0341,,29,29
{F0062498-93C4-45AC-AB62-A5CBF508003C},edited,map_y,1571373.71,1571373.791,,29,29
{F0234DED-3087-44A2-B87A-59E8A8561D5E},edited,map_x,-459712.3187,-459713.506,Kasigluk,920,882
{F0234DED-3087-44A2-B87A-59E8A8561D5E},edited,map_y,1239347.296,1239347.409,Kasigluk,920,882
{F04DC3EA-5855-4E10-91BD-CFE7A24D6FED},edited,map_x,1192950.937,1192949.653,,37,37
{F04DC3EA-5855-4E10-91BD-CFE7A24D6FED},edited,map_y,1034017.253,1034017.354,,37,37
{F05FA2FA-A821-4D39-B9E0-CC3DD65848FD},edited,map_x,-402313.6364,-402314.8295,Kwethluk,1083,1045
{F05FA2FA-A821-4D39-B9E0-CC3DD65848FD},edited,map_y,1225550.968,1225551.082,Kwethluk,1083,1045
{F060B769-BCA9-4B91-A1E7-E936A99285B7},edited,map_x,399464.5657,399463.2892,Kaktovik,886,850
{F060B769-BCA9-4B91-A1E7-E936A99285B7},edited,map_y,2270058.466,2270058.508,Kaktovik,886,850
{F0743589-FDEE-4485-B8E0-66C6997B864A},edited,map_x,90152.93023,90151.69544,Tanana,1667,1605
{F0743589-FDEE-4485-B8E0-66C6997B864A},edited,map_y,1691655.944,1691656.019,Tanana,1667,1605
{F0A479C4-125F-4C07-90E6-6C5B434E39C3},edited,map_x,-665656.2944,-665657.4605,Mekoryuk,1149,1107
{F0A479C4-125F-4C07-90E6-6C5B434E39C3},edited,map_y,1216938.948,1216939.065,Mekoryuk,1149,1107
{F0B55A5E-4D44-483F-959F-F391B03E5092},edited,map_x,236658.2703,236657.0269,Anderson,237,229
{F0B55A5E-4D44-483F-959F-F391B03E5092},edited,map_y,1598624.937,1598625.021,Anderson,237,229
{F0DAA8B9-C1E9-4BD4-95C4-640F84ECCF64},edited,map_x,-767334.8965,-767336.074,Akutan,118,118
{F0DAA8B9-C1E9-4BD4-95C4-640F84ECCF64},edited,map_y,525897.1748,525897.3731,Akutan,118,118
{F0DC7758-EFFA-4B91-84B0-2C2C02EBA419},edited,map_x,295972.2337,295970.9824,Beaver,303,289
{F0DC7758-EFFA-4B91-84B0-2C2C02EBA419},edited,map_y,1837179.525,1837179.594,Beaver,303,289
{F0E3811E-BDAC-4B95-A047-6232801A109E},edited,map_x,137520.0619,137518.8217,Homer,763,730
{F0E3811E-BDAC-4B95-A047-6232801A109E},edited,map_y,1075941.779,1075941.898,Homer,763,730
{F0FFCC8F-A5B7-4ADC-8C28-C7FC319FCDDB},edited,map_x,388379.345,388378.0877,Galena,688,656
{F0FFCC8F-A5B7-4ADC-8C28-C7FC319FCDDB},edited,map_y,1870795.082,1870795.151,Galena,688,656
{F1134CBD-470B-4F6C-9283-B5D4F61D0DF3},edited,map_x,399223.3676,399222.0912,Kaktovik,877,842
{F1134CBD-470B-4F6C-9283-B5D4F61D0DF3},edited,map_y,2270332.018,2270332.06,Kaktovik,877,842
{F121AA8F-FCE6-469A-AD26-98BD7D63BAEA},edited,map_x,-309822.949,-309824.1548,Noorvik,1268,1223
{F121AA8F-FCE6-469A-AD26-98BD7D63BAEA},edited,map_y,1891625.096,1891625.147,Noorvik,1268,1223
{F12EDD5E-D488-4E3E-9514-878127D92029},edited,map_x,-262498.0802,-262499.2897,Aleknagik,127,127
{F12EDD5E-D488-4E3E-9514-878127D92029},edited,map_y,1040462.354,1040462.483,Aleknagik,127,127
{F1376769-3624-43A5-9248-CADA5B67B566},edited,map_x,-821084.4148,-821085.587,Dutch Harbor,523,494
{F1376769-3624-43A5-9248-CADA5B67B566},edited,map_y,510148.9141,510149.117,Dutch Harbor,523,494
{F14F033F-F95C-4CFA-AFFE-C591A2DE7B3E},edited,map_x,252757.7102,252756.4636,Seward,1553,1492
{F14F033F-F95C-4CFA-AFFE-C591A2DE7B3E},edited,map_y,1134528.489,1134528.603,Seward,1553,1492
{F1657983-D3E3-44A8-96D8-91DFAD79BC5E},edited,map_x,227801.3346,227800.0913,Anchorage,207,199
{F1657983-D3E3-44A8-96D8-91DFAD79BC5E},edited,map_y,1254778.024,1254778.131,Anchorage,207,199
{F1892C1C-7746-461E-AC83-9074494AF69A},edited,map_x,1079868.006,1079866.725,,94,94
{F1892C1C-7746-461E-AC83-9074494AF69A},edited,map_y,1131381.079,1131381.181,,94,94
{F19B2D16-1835-43FE-9850-72DF8B05E016},edited,map_x,415753.3233,415752.0689,Valdez,1793,1722
{F19B2D16-1835-43FE-9850-72DF8B05E016},edited,map_y,1257850.712,1257850.818,Valdez,1793,1722
{F207D927-3A36-41F6-8394-36D45D4847EC},edited,map_x,-352804.865,-352806.0809,Point Lay,1405,1350
{F207D927-3A36-41F6-8394-36D45D4847EC},edited,map_y,2220408.273,2220408.293,Point Lay,1405,1350
{F23482A5-67DC-4289-8D90-2F5BB44CD164},edited,map_x,-176556.9768,-176558.1953,Naknek,1176,1133
{F23482A5-67DC-4289-8D90-2F5BB44CD164},edited,map_y,977885.5803,977885.7132,Naknek,1176,1133
{F2783EA8-D735-446B-A993-92559DEB2E11},edited,map_x,-140131.8939,-140133.11,Galena,683,652
{F2783EA8-D735-446B-A993-92559DEB2E11},edited,map_y,1645063.771,1645063.847,Galena,683,652
{F28E3A63-4862-46AA-A43E-F021AEEE73F2},edited,map_x,-665783.9849,-665785.151,Mekoryuk,1153,1110
{F28E3A63-4862-46AA-A43E-F021AEEE73F2},edited,map_y,1217004.303,1217004.421,Mekoryuk,1153,1110
{F29B8DDC-91DB-4ACC-8F34-04F488ED7F05},edited,map_x,-109551.1726,-109552.393,Huslia,803,769
{F29B8DDC-91DB-4ACC-8F34-04F488ED7F05},edited,map_y,1750690.535,1750690.603,Huslia,803,769
{F3136DB4-1CCC-4368-967C-3AC99CF344A2},edited,map_x,-130171.8005,-130173.0429,Atqasuk,285,275
{F3136DB4-1CCC-4368-967C-3AC99CF344A2},edited,map_y,2281022.563,2281022.585,Atqasuk,285,275
{F313E433-CE77-4111-841E-7DFD145175BC},edited,map_x,-228052.0216,-228053.2296,Kaltag,1893,1822
{F313E433-CE77-4111-841E-7DFD145175BC},edited,map_y,1604038.447,1604038.526,Kaltag,1893,1822
{F3C6E0AA-DC43-46B0-9BBD-B22D1A9461DF},edited,map_x,-579012.9696,-579014.1444,Toksook Bay,1717,1652
{F3C6E0AA-DC43-46B0-9BBD-B22D1A9461DF},edited,map_y,1762765.256,1762765.314,Toksook Bay,1717,1652
{F3E0843B-7A8E-4A0B-A1D2-E8B831675754},edited,map_x,-395251.8067,-395253.002,Deering,497,468
{F3E0843B-7A8E-4A0B-A1D2-E8B831675754},edited,map_y,1817395.537,1817395.593,Deering,497,468
{F3E0DE08-0FD6-4919-BEE4-F765A692A71A},edited,map_x,-944348.3907,-944349.5343,St. George,1894,1823
{F3E0DE08-0FD6-4919-BEE4-F765A692A71A},edited,map_y,843627.7573,843627.9256,St. George,1894,1823
{F3EF96EB-8041-43F1-871A-2D499664F19D},edited,map_x,1253161.535,1253160.246,,53,53
{F3EF96EB-8041-43F1-871A-2D499664F19D},edited,map_y,879990.5837,879990.6842,,53,53
{F3F5E887-8B3A-4E61-A0EA-95B7A28D000B},edited,map_x,-541105.5194,-541106.7002,Shishmaref,1581,1520
{F3F5E887-8B3A-4E61-A0EA-95B7A28D000B},edited,map_y,1860453.897,1860453.946,Shishmaref,1581,1520
{F40348F2-5021-4CCE-92F5-0C245CCF8E63},edited,map_x,399358.5965,399357.3201,Kaktovik,887,851
{F40348F2-5021-4CCE-92F5-0C245CCF8E63},edited,map_y,2269913.072,2269913.113,Kaktovik,887,851
{F454630A-16D4-4DA7-8F38-7F966AF61A9F},edited,map_x,-170616.225,-170617.444,Naknek,1174,1131
{F454630A-16D4-4DA7-8F38-7F966AF61A9F},edited,map_y,975826.9092,975827.0421,Naknek,1174,1131
{F495099F-BE9E-49DE-BD7B-1C31183F8BDE},edited,map_x,468515.5589,468514.3022,Glennallen,704,671
{F495099F-BE9E-49DE-BD7B-1C31183F8BDE},edited,map_y,1308262.254,1308262.356,Glennallen,704,671
{F4A0B42D-9258-4292-977E-751F0E59A70C},edited,map_x,-272641.9745,-272643.1935,Chignik,1895,1824
{F4A0B42D-9258-4292-977E-751F0E59A70C},edited,map_y,708178.5296,708178.6884,Chignik,1895,1824
{F4A5FE3C-02D9-4F5F-98A3-E675FC30C462},edited,map_x,1116855.001,1116853.715,Sitka,1599,1537
{F4A5FE3C-02D9-4F5F-98A3-E675FC30C462},edited,map_y,941091.4143,941091.5186,Sitka,1599,1537
{F4B4F5F1-E086-430C-BAC8-81ED0B39F112},edited,map_x,1181049.231,1181047.942,Port Alexander,1411,1355
{F4B4F5F1-E086-430C-BAC8-81ED0B39F112},edited,map_y,866653.4201,866653.5231,Port Alexander,1411,1355
{F4B5DEE4-6F15-445D-84EB-5A6938C710D8},edited,map_x,302618.4292,302617.1809,Fort Wainwright,647,618
{F4B5DEE4-6F15-445D-84EB-5A6938C710D8},edited,map_y,1667966.943,1667967.023,Fort Wainwright,647,618
{F4D6963C-5D38-438F-805F-32542198763E},edited,map_x,-18339.3224,-18340.55015,Port Alsworth,1417,1361
{F4D6963C-5D38-438F-805F-32542198763E},edited,map_y,1134337.198,1134337.315,Port Alsworth,1417,1361
{F5248E29-E273-4E51-9DE6-31E437308952},edited,map_x,203225.7489,203224.5081,Talkeetna,1658,1596
{F5248E29-E273-4E51-9DE6-31E437308952},edited,map_y,1372458.872,1372458.971,Talkeetna,1658,1596
{F568A4A6-B0FA-414A-9577-CF79370E1A1A},edited,map_x,252591.0531,252589.8065,Seward,1564,1503
{F568A4A6-B0FA-414A-9577-CF79370E1A1A},edited,map_y,1134537.54,1134537.654,Seward,1564,1503
{F5AD660F-BFB2-45F7-A0DD-3D6376AE81F5},edited,map_x,1051964.22,1051962.939,Gustavus,723,690
{F5AD660F-BFB2-45F7-A0DD-3D6376AE81F5},edited,map_y,1081331.112,1081331.216,Gustavus,723,690
{F5DD5967-D189-418D-894D-841F2B1535F8},edited,map_x,-437116.0167,-437117.2094,,77,77
{F5DD5967-D189-418D-894D-841F2B1535F8},edited,map_y,1066229.465,1066229.595,,77,77
{F5EA86DC-3AD5-4EBB-9B32-1E3296DE10A4},edited,map_x,183537.8856,183536.6439,Prudhoe Bay,1443,1385
{F5EA86DC-3AD5-4EBB-9B32-1E3296DE10A4},edited,map_y,1164706.253,1164706.366,Prudhoe Bay,1443,1385
{F5EEFC5C-66FC-4AD0-ABCE-A2FE24FE5CEC},edited,map_x,251575.6563,251574.4125,Cantwell,355,336
{F5EEFC5C-66FC-4AD0-ABCE-A2FE24FE5CEC},edited,map_y,1501060.014,1501060.104,Cantwell,355,336
{F681A2B1-247E-42A5-9190-DF9189FC6EDF},edited,map_x,-101917.635,-101918.887,Barrow,297,283
{F681A2B1-247E-42A5-9190-DF9189FC6EDF},edited,map_y,2367217.286,2367217.302,Barrow,297,283
{F729F6FD-CA95-4695-B3B0-6992D56CFD1B},edited,map_x,61095.86829,61094.63224,Allakaket,130,130
{F729F6FD-CA95-4695-B3B0-6992D56CFD1B},edited,map_y,1844183.994,1844184.057,Allakaket,130,130
{F7542599-C08C-4AC9-B79E-0886B80A0C3F},edited,map_x,-446425.7586,-446426.9512,Platinum,1896,1825
{F7542599-C08C-4AC9-B79E-0886B80A0C3F},edited,map_y,1027721.379,1027721.513,Platinum,1896,1825
{F75EDA26-FB7A-4212-9A92-1EFC1B431DCE},edited,map_x,-541164.3981,-541165.5789,Shishmaref,1575,1514
{F75EDA26-FB7A-4212-9A92-1EFC1B431DCE},edited,map_y,1860057.522,1860057.571,Shishmaref,1575,1514
{F7B5D498-D033-4DA4-8410-BF6B12F3DF66},edited,map_x,-533265.8787,-533267.0566,Emmonak,574,545
{F7B5D498-D033-4DA4-8410-BF6B12F3DF66},edited,map_y,1465124.624,1465124.714,Emmonak,574,545
{F7BC2F70-DEB3-4539-8EB4-8CE743DC31AB},edited,map_x,-80799.22541,-80800.44532,McGrath,1142,1100
{F7BC2F70-DEB3-4539-8EB4-8CE743DC31AB},edited,map_y,1443542.343,1443542.436,McGrath,1142,1100
{F7C0D388-EB07-4DCE-80C9-FF3BB5BD234F},edited,map_x,1128555.695,1128554.412,Juneau,865,830
{F7C0D388-EB07-4DCE-80C9-FF3BB5BD234F},edited,map_y,1089835.479,1089835.581,Juneau,865,830
{F7CD73E8-FFE8-4CCA-9375-B27B2CEE2101},edited,map_x,1297317.041,1297315.75,Klawock,1002,964
{F7CD73E8-FFE8-4CCA-9375-B27B2CEE2101},edited,map_y,821717.3981,821717.4972,Klawock,1002,964
{F7DD87D6-0CF8-4210-8D91-0811CAD7E2A5},edited,map_x,1410826.549,1410825.257,,6,6
{F7DD87D6-0CF8-4210-8D91-0811CAD7E2A5},edited,map_y,846993.0143,846993.1094,,6,6
{F82686D1-FA4A-47B8-84CD-E00DB30C843C},edited,map_x,-974182.9347,-974184.0723,St. Paul,1897,1826
{F82686D1-FA4A-47B8-84CD-E00DB30C843C},edited,map_y,910533.2723,910533.4332,St. Paul,1897,1826
{F838A24B-74C8-4827-BDA2-B393AB91F423},edited,map_x,159088.2997,159087.0597,Soldotna,1622,1560
{F838A24B-74C8-4827-BDA2-B393AB91F423},edited,map_y,1166445.88,1166445.993,Soldotna,1622,1560
{F842B64F-E61B-446B-B295-990120CE5CA2},edited,map_x,-432170.7544,-432171.9482,Goodnews Bay,710,677
{F842B64F-E61B-446B-B295-990120CE5CA2},edited,map_y,1038398.243,1038398.376,Goodnews Bay,710,677
{F84F522D-6A01-40D7-9D01-97D1EF0E401B},edited,map_x,352714.3746,352713.1131,Arctic Village,268,258
{F84F522D-6A01-40D7-9D01-97D1EF0E401B},edited,map_y,2040254.722,2040254.779,Arctic Village,268,258
{F85C69A4-3110-49AB-8573-452FE30EEAB7},edited,map_x,-394674.3894,-394675.5821,Elim,568,539
{F85C69A4-3110-49AB-8573-452FE30EEAB7},edited,map_y,1652274.65,1652274.722,Elim,568,539
{F86D1C30-E88A-4241-900F-40D7DF2C4CD5},edited,map_x,-174278.2095,-174279.4283,Naknek,1898,1827
{F86D1C30-E88A-4241-900F-40D7DF2C4CD5},edited,map_y,974066.0797,974066.2129,Naknek,1898,1827
{F89CBAB9-8EE3-4852-BC80-4FC7BC0CB3EF},edited,map_x,331461.9896,331460.7341,Venetie,1796,1725
{F89CBAB9-8EE3-4852-BC80-4FC7BC0CB3EF},edited,map_y,1914258.15,1914258.215,Venetie,1796,1725
{F8C85392-830A-4255-ABF8-BD69EBAAEBF7},edited,map_x,-203140.7947,-203142.015,Ugashik,1747,1677
{F8C85392-830A-4255-ABF8-BD69EBAAEBF7},edited,map_y,840549.0569,840549.202,Ugashik,1747,1677
{F9070B81-4310-41C8-A97D-D03C967F42A9},edited,map_x,-554432.7261,-554433.9018,Nunam Iqua,1319,1267
{F9070B81-4310-41C8-A97D-D03C967F42A9},edited,map_y,1440904.173,1440904.266,Nunam Iqua,1319,1267
{F90B614D-0126-446C-8EA2-D45D46B53701},edited,map_x,1051885.414,1051884.133,Gustavus,726,693
{F90B614D-0126-446C-8EA2-D45D46B53701},edited,map_y,1081819.154,1081819.258,Gustavus,726,693
{F92B3587-546E-46A3-B6CA-7532E1CA09F9},edited,map_x,-420676.604,-420677.7953,Bethel,316,302
{F92B3587-546E-46A3-B6CA-7532E1CA09F9},edited,map_y,1225477.354,1225477.468,Bethel,316,302
{F93EBEDC-66D5-4E8B-82A0-9F5BDB091DD5},edited,map_x,144919.6557,144918.417,Kenai,933,895
{F93EBEDC-66D5-4E8B-82A0-9F5BDB091DD5},edited,map_y,1185570.939,1185571.051,Kenai,933,895
{F9448E88-297B-4A3D-9C04-D55A61CA4E0B},edited,map_x,115479.8466,115478.587,Nuiqsut,1294,1248
{F9448E88-297B-4A3D-9C04-D55A61CA4E0B},edited,map_y,2251135.132,2251135.164,Nuiqsut,1294,1248
{F9454094-3027-4D64-990B-DC14F65AD11C},edited,map_x,-544687.5483,-544688.7256,Nome,1246,1201
{F9454094-3027-4D64-990B-DC14F65AD11C},edited,map_y,1662165.181,1662165.25,Nome,1246,1201
{F9896EFC-C80E-4D8F-9717-DEC9D59550B7},edited,map_x,-168253.0424,-168254.2619,Ambler,142,141
{F9896EFC-C80E-4D8F-9717-DEC9D59550B7},edited,map_y,1909633.01,1909633.063,Ambler,142,141
{F9922F7E-63F1-4190-A7B0-695BCB54A77F},edited,map_x,567458.449,567457.1877,Eielson Afb,553,524
{F9922F7E-63F1-4190-A7B0-695BCB54A77F},edited,map_y,1612490.316,1612490.403,Eielson Afb,553,524
{F9A3F8E4-4D4A-4EC2-9917-B3464DC4BC42},edited,map_x,1391364.664,1391363.372,Ketchikan,959,921
{F9A3F8E4-4D4A-4EC2-9917-B3464DC4BC42},edited,map_y,829179.4242,829179.5199,Ketchikan,959,921
{F9DB899A-9514-44F0-A6B5-B8193D735639},edited,map_x,433988.3369,433987.0786,,65,65
{F9DB899A-9514-44F0-A6B5-B8193D735639},edited,map_y,1074576.344,1074576.459,,65,65
{FA1F5BF7-9E47-47F2-97D1-CC25786A50B2},edited,map_x,-974182.9347,-974184.0723,St. Paul,1899,1828
{FA1F5BF7-9E47-47F2-97D1-CC25786A50B2},edited,map_y,910533.2723,910533.4332,St. Paul,1899,1828
{FA312230-C0C1-4ED5-B3B1-1E14FDD7A61B},edited,map_x,-281500.9745,-281502.19,Port Heiden,1423,1367
{FA312230-C0C1-4ED5-B3B1-1E14FDD7A61B},edited,map_y,782227.9685,782228.1211,Port Heiden,1423,1367
{FA4C73B2-596D-48AE-A49A-70B70258ED8D},edited,map_x,1387259.31,1387258.018,Ketchikan,953,915
{FA4C73B2-596D-48AE-A49A-70B70258ED8D},edited,map_y,829184.784,829184.8798,Ketchikan,953,915
{FA53E1C8-0845-4954-BE87-36058654B230},edited,map_x,606142.6157,606141.3532,Northway,1287,1241
{FA53E1C8-0845-4954-BE87-36058654B230},edited,map_y,1501105.608,1501105.701,Northway,1287,1241
{FA7B5845-7940-4C5F-8EAA-A7A359D16B42},edited,map_x,-526235.633,-526236.8229,Point Hope,1388,1334
{FA7B5845-7940-4C5F-8EAA-A7A359D16B42},edited,map_y,2093704.073,2093704.099,Point Hope,1388,1334
{FA9A470E-A5C1-4191-BB0D-7B2A1FC6454C},edited,map_x,-352592.8026,-352594.0185,Point Lay,1398,1343
{FA9A470E-A5C1-4191-BB0D-7B2A1FC6454C},edited,map_y,2220562.012,2220562.032,Point Lay,1398,1343
{FAAF6A17-564C-409A-A614-9F39370808A1},edited,map_x,-104634.5901,-104635.8081,Takotna,1653,1591
{FAAF6A17-564C-409A-A614-9F39370808A1},edited,map_y,1448137.91,1448138.003,Takotna,1653,1591
{FAC08AF5-2D55-4F59-A66B-90E72DBC6E90},edited,map_x,-255408.0371,-255409.2479,Dillingham,509,480
{FAC08AF5-2D55-4F59-A66B-90E72DBC6E90},edited,map_y,1013602.619,1013602.75,Dillingham,509,480
{FACB07C6-BCA3-48B2-85F6-AC60C6860B65},edited,map_x,60774.45016,60773.21414,Allakaket,132,132
{FACB07C6-BCA3-48B2-85F6-AC60C6860B65},edited,map_y,1843933.133,1843933.197,Allakaket,132,132
{FAD572FC-11B2-4DE4-B16A-D59A71D55896},edited,map_x,-289572.1639,-289573.3717,Manokotak,1129,1088
{FAD572FC-11B2-4DE4-B16A-D59A71D55896},edited,map_y,1009394.408,1009394.541,Manokotak,1129,1088
{FAFA9E0C-DDE5-4987-8789-2B08C79EA31C},edited,map_x,1325197.071,1325195.778,Hydaburg,808,774
{FAFA9E0C-DDE5-4987-8789-2B08C79EA31C},edited,map_y,790165.3257,790165.4237,Hydaburg,808,774
{FAFEBD1F-25B1-4F8A-87F2-3478B694F763},edited,map_x,-574549.0624,-574550.2375,Teller,1679,1616
{FAFEBD1F-25B1-4F8A-87F2-3478B694F763},edited,map_y,1754000.725,1754000.784,Teller,1679,1616
{FB1215D5-A0E0-4889-8D27-2E9CE4564801},edited,map_x,-228241.4749,-228242.6829,Kaltag,901,863
{FB1215D5-A0E0-4889-8D27-2E9CE4564801},edited,map_y,1604366.095,1604366.173,Kaltag,901,863
{FB134D16-49E3-46D3-907B-F546E8F4C681},edited,map_x,201017.5827,201016.3421,Talkeetna,1655,1593
{FB134D16-49E3-46D3-907B-F546E8F4C681},edited,map_y,1377407.964,1377408.062,Talkeetna,1655,1593
{FB4DD9E6-3392-4E3E-A574-C2E4FF9A0CE0},edited,map_x,218536.3955,218535.1519,Minto,1167,1124
{FB4DD9E6-3392-4E3E-A574-C2E4FF9A0CE0},edited,map_y,1695819.391,1695819.468,Minto,1167,1124
{FB96C24B-7E2D-41A4-BB41-17A5FC20670F},edited,map_x,-476675.7917,-476676.9758,Saint Marys,1485,1427
{FB96C24B-7E2D-41A4-BB41-17A5FC20670F},edited,map_y,1374746.128,1374746.228,Saint Marys,1485,1427
{FC1A0FF3-1FFB-4CF5-804C-3CB2F5811594},edited,map_x,-324143.7648,-324144.9668,Buckland,347,328
{FC1A0FF3-1FFB-4CF5-804C-3CB2F5811594},edited,map_y,1797518.085,1797518.145,Buckland,347,328
{FC332169-1A4B-42A4-BB5F-E595065D2DED},edited,map_x,-45913.84011,-45915.06666,Iliamna,827,792
{FC332169-1A4B-42A4-BB5F-E595065D2DED},edited,map_y,1085633.91,1085634.031,Iliamna,827,792
{FC344191-8F9F-4DF7-84FF-90BA3D492D11},edited,map_x,290176.4459,290175.1985,Fairbanks,584,555
{FC344191-8F9F-4DF7-84FF-90BA3D492D11},edited,map_y,1663298.096,1663298.176,Fairbanks,584,555
{FC4F1FED-EBC1-4847-BD73-63BF9DA79F57},edited,map_x,-378410.9154,-378412.1144,Togiak,1700,1636
{FC4F1FED-EBC1-4847-BD73-63BF9DA79F57},edited,map_y,1038459.471,1038459.602,Togiak,1700,1636
{FC5CF6B6-4F4D-419A-9C9C-AF80A016FA7C},edited,map_x,-533281.2218,-533282.3997,Emmonak,577,548
{FC5CF6B6-4F4D-419A-9C9C-AF80A016FA7C},edited,map_y,1465127.075,1465127.165,Emmonak,577,548
{FC655AD0-5508-4BE0-9D1F-1871442754F8},edited,map_x,221696.601,221695.3581,Anchorage,211,203
{FC655AD0-5508-4BE0-9D1F-1871442754F8},edited,map_y,1255513.207,1255513.314,Anchorage,211,203
{FC7172A9-1AD9-4D0C-A042-488D9BE77C44},edited,map_x,580.9221339,579.6854726,Larsen Bay,1101,1063
{FC7172A9-1AD9-4D0C-A042-488D9BE77C44},edited,map_y,837091.4502,837091.5896,Larsen Bay,1101,1063
{FC75D2A6-024E-4C86-8398-DC9589B89F9C},edited,map_x,441709.736,441708.4812,Glennallen,701,668
{FC75D2A6-024E-4C86-8398-DC9589B89F9C},edited,map_y,1376452.758,1376452.857,Glennallen,701,668
{FC8F1A13-5A59-478C-BC2A-D235F70BF4CC},edited,map_x,1110343.851,1110342.565,Sitka,1598,1536
{FC8F1A13-5A59-478C-BC2A-D235F70BF4CC},edited,map_y,945062.907,945063.0114,Sitka,1598,1536
{FC9DA1C8-6339-4597-A442-0F5C02A65B78},edited,map_x,109586.3863,109585.1455,Evansville,581,552
{FC9DA1C8-6339-4597-A442-0F5C02A65B78},edited,map_y,1887069.71,1887069.771,Evansville,581,552
{FCEC525F-001B-49F9-A011-4EBF4AE8918E},edited,map_x,-447475.1302,-447476.3178,White Mountain,1900,1829
{FCEC525F-001B-49F9-A011-4EBF4AE8918E},edited,map_y,1667266.544,1667266.614,White Mountain,1900,1829
{FCF5DE13-804A-4060-9FE1-B8560D4A7056},edited,map_x,-398358.4347,-398359.6263,Saint Michael,1501,1442
{FCF5DE13-804A-4060-9FE1-B8560D4A7056},edited,map_y,1525232.033,1525232.118,Saint Michael,1501,1442
{FD9A149F-BACE-4BFC-8875-99A90D1FC7C9},edited,map_x,1115931.904,1115930.622,Juneau,841,806
{FD9A149F-BACE-4BFC-8875-99A90D1FC7C9},edited,map_y,1094867.978,1094868.081,Juneau,841,806
{FDBC58AD-8866-43BC-880C-54DBF59C43F6},edited,map_x,1278682.134,1278680.843,Naukati Bay,1181,1138
{FDBC58AD-8866-43BC-880C-54DBF59C43F6},edited,map_y,852623.3315,852623.4312,Naukati Bay,1181,1138
{FDD95CA1-7593-453A-B389-E07884735185},edited,map_x,-554588.3462,-554589.5219,Nunam Iqua,1318,1266
{FDD95CA1-7593-453A-B389-E07884735185},edited,map_y,1440210.613,1440210.706,Nunam Iqua,1318,1266
{FDF3F3FC-28C1-46DD-AF3B-029C231E2328},edited,map_x,-665758.7815,-665759.9475,Mekoryuk,1147,1105
{FDF3F3FC-28C1-46DD-AF3B-029C231E2328},edited,map_y,1217048.226,1217048.344,Mekoryuk,1147,1105
{FE1C1D96-F623-4694-ADA9-82D02F405415},edited,map_x,-557002.8007,-557003.9796,Newtok,1218,1173
{FE1C1D96-F623-4694-ADA9-82D02F405415},edited,map_y,1147095.918,1147096.042,Newtok,1218,1173
{FE63D401-849B-48B1-8FAF-6B046322D185},edited,map_x,-410514.1349,-410515.3253,Stebbins,1638,1576
{FE63D401-849B-48B1-8FAF-6B046322D185},edited,map_y,1531102.166,1531102.25,Stebbins,1638,1576
{FE69B373-CEA6-404B-946F-69BC55AC0A15},edited,map_x,219658.4108,219657.168,Anchorage,1901,1830
{FE69B373-CEA6-404B-946F-69BC55AC0A15},edited,map_y,1255119.715,1255119.821,Anchorage,1901,1830
{FE795A58-DA50-40C1-B72F-CD71CEDB3793},edited,map_x,-80397.59512,-80398.81507,McGrath,1902,1831
{FE795A58-DA50-40C1-B72F-CD71CEDB3793},edited,map_y,1443150.596,1443150.689,McGrath,1902,1831
{FE80FFE4-DA2A-4520-83FA-EBF49A90B09C},edited,map_x,-334620.918,-334622.1166,Upper Kalskag,1773,1702
{FE80FFE4-DA2A-4520-83FA-EBF49A90B09C},edited,map_y,1300259.426,1300259.532,Upper Kalskag,1773,1702
{FEF19473-F330-472E-B4D7-1BFE5DAC285F},edited,map_x,471019.2684,471018.0116,,23,23
{FEF19473-F330-472E-B4D7-1BFE5DAC285F},edited,map_y,1305189.218,1305189.32,,23,23
{FF09F5E1-BD51-4156-859E-5064DAB7B4FE},edited,map_x,-316897.3879,-316898.5873,Anvik,262,252
{FF09F5E1-BD51-4156-859E-5064DAB7B4FE},edited,map_y,1424177.534,1424177.628,Anvik,262,252
{FF2FD009-AF6E-448D-A99A-94EBEEAFB344},edited,map_x,89644.51404,89643.27929,Tanana,1662,1600
{FF2FD009-AF6E-448D-A99A-94EBEEAFB344},edited,map_y,1691416.668,1691416.743,Tanana,1662,1600
{FF611883-59A7-4F35-9580-8631875F301E},edited,map_x,-316378.8762,-316380.0757,Anvik,260,251
{FF611883-59A7-4F35-9580-8631875F301E},edited,map_y,1423724.646,1423724.741,Anvik,260,251
{FF7AD52D-4ED4-4440-8BE8-F4F4F99CAB0E},edited,map_x,1116495.513,1116494.231,Juneau,842,807
{FF7AD52D-4ED4-4440-8BE8-F4F4F99CAB0E},edited,map_y,1093563.233,1093563.335,Juneau,842,807
{FF9C2E22-B0F4-4471-A542-FF86F28C55DE},edited,map_x,-410421.502,-410422.6924,Stebbins,1634,1572
{FF9C2E22-B0F4-4471-A542-FF86F28C55DE},edited,map_y,1531475.358,1531475.442,Stebbins,1634,1572
{FFAACF52-4DDD-43E9-BF72-FE3F8A80F480},edited,map_x,192624.6642,192623.4242,Trapper Creek,1719,1653
{FFAACF52-4DDD-43E9-BF72-FE3F8A80F480},edited,map_y,1386672.432,1386672.53,Trapper Creek,1719,1653
{FFC6D08E-A827-4B6C-891F-D6C2D7CA90FC},edited,map_x,-821131.0387,-821132.211,Unalaska,1769,1699
{FFC6D08E-A827-4B6C-891F-D6C2D7CA90FC},edited,map_y,507036.574,507036.7773,Unalaska,1769,1699
{FFF367B0-972E-4126-B5A7-31F3709A99A6},edited,map_x,189024.6242,189023.3809,,20,20
{FFF367B0-972E-4126-B5A7-31F3709A99A6},edited,map_y,1781639.143,1781639.214,,20,20
{FFFDF6A3-B357-4C44-B64A-EFF940529D00},edited,map_x,-611567.6797,-611568.8514,Tununak,1735,1668
{FFFDF6A3-B357-4C44-B64A-EFF940529D00},edited,map_y,1229738.876,1229738.992,Tununak,1735,1668
{FFFE3140-EE71-41D1-A6C0-CAE8A0D5466C},edited,map_x,1006134.03,1006132.749,Elfin Cove,563,534
{FFFE3140-EE71-41D1-A6C0-CAE8A0D5466C},edited,map_y,1043185.044,1043185.149,Elfin Cove,563,534
{002D6C33-4661-4F1D-AA72-EFC096D8B369},removed,,,,Chalkyitsik,370,
{00A2423A-02DD-4D90-8CB0-968E8F565855},removed,,,,Atqasuk,291,
{043520B4-CA58-4D9A-A9F6-555706C6FAC7},removed,,,,Igiugig,813,
{08EF11A1-FAD7-4BF0-B868-E46655E8EA48},removed,,,,Aniak,252,
{0B4B4DA6-9C1B-4718-9A8F-EF5DCAB522D8},removed,,,,Chuathbaluk,428,
{11407B2E-1F8B-4824-8AAC-2506B9FF7215},removed,,,,Chalkyitsik,368,
{141C56EE-1656-43B6-9311-09A4CA8FE92C},removed,,,,Fort Yukon,665,
{1F61F1E2-FC70-4128-846D-130BFA2DBDF4},removed,,,,Clark's Point,439,
{31A503C7-5399-43F7-9BFC-CD3DE731491C},removed,,,,Gambell,694,
{338E3F10-0E7A-4ABE-982C-50609EE96775},removed,,,,Nuiqsut,1307,
{342E2DC7-A23D-4143-B110-051E807F6FB9},removed,,,,Levelock,1106,
{3707DA78-C7C9-42D7-9BDF-DD0CEB68CBCF},removed,,,,Clark's Point,436,
{3713199D-C95C-4158-ADFE-C5C1FE425640},removed,,,,Craig,484,
{3E899034-5174-43C9-B63E-0A50390F1BBF},removed,,,,Atqasuk,290,
{498BA9F9-57A7-460B-9679-C259D9285CC4},removed,,,,Anaktuvuk Pass,165,
{50CEEB5E-B9DA-441B-A466-12FD715E29CC},removed,,,,Tatitlek,1670,
{511E9D7F-D0E3-4EF9-B65E-2C96CF56044A},removed,,,,Birch Creek,335,
{558BB9D2-4F54-4E1C-95C2-9295EBEAC1CD},removed,,,,Tununak,1736,
{55E8E465-A65F-440D-9D03-5EDCB6B6AA94},removed,,,,Anaktuvuk Pass,168,
{5D7BBA2A-8BB6-4CCF-920E-3E1B47AC85EE},removed,,,,Tuntutuliak,1729,
{633887FB-4693-4039-8763-EE5916EB8C70},removed,,,,Hughes,799,
{63ED6E7B-9DCD-45EA-B8CD-A9A88D2816C3},removed,,,,Brevig Mission,345,
{65B42E6B-24F8-4E87-94F1-6944E74EE67B},removed,,,,Thorne Bay,1696,
{65B8CB22-E1DC-48A2-946F-F05ECA9A76F1},removed,,,,Mekoryuk,1150,
{674C725E-2B1C-40D2-8808-6B7D43627B33},removed,,,,Twin Hills,1745,
{73F2B10A-7E64-4A36-9377-D9388C88AA23},removed,,,,Anaktuvuk Pass,167,
{74D2D10D-C73A-4939-AF83-A4D6FE538506},removed,,,,Noorvik,1277,
{7692F760-DB39-414B-A120-D92730979BCC},removed,,,,Port Heiden,1428,
{7AF7AC03-1C8F-4EA7-A2B6-1BE55DC35FA9},removed,,,,Chignik Lake,418,
{7C70AEC7-1C3A-4867-92DF-B24C9EED18CF},removed,,,,Point Hope,1395,
{7E6C2D97-3C25-41C7-B19B-3BBDB82F582A},removed,,,,Manokotak,1130,
{7F5BBEC0-345C-4BD6-9FA4-2381CE0D74BD},removed,,,,Brevig Mission,342,
{81AB3B0A-7A03-4F69-B4A1-6572E396792D},removed,,,,Toksook Bay,1716,
{83F62FE0-EDD5-46C8-A2DE-471BF84A6B18},removed,,,,Atqasuk,293,
{8505AE3D-4C11-431A-AFBC-E2CD78BEBC65},removed,,,,Kaktovik,890,
{87208110-3640-4A7D-8C1C-B9F9D1A56ED7},removed,,,,Birch Creek,336,
{88246794-EB2D-40A0-971E-D1F2490858D5},removed,,,,Allakaket,141,
{894DF206-B8E9-48C1-BD2E-EAC89B6ED56F},removed,,,,Napakiak,1191,
{89B778BC-3127-4F6E-B101-5991DA47EC26},removed,,,,Nuiqsut,1308,
{92DB6096-0C49-4293-A3C3-2ECC7F9E5B6E},removed,,,,Pilot Point,1372,
{92E0AF85-56AF-4686-99F2-92F73CE37660},removed,,,,Lime Village,1112,
{934F8040-0352-4283-A325-7B7D29A2F36D},removed,,,,Kaktovik,885,
{93B0C607-E6A9-4772-80A0-A1CB8F194B6C},removed,,,,Chevak,396,
{976F2E20-F026-4FD3-B367-2A1F851B7A83},removed,,,,Port Heiden,1427,
{9C66BCA2-0E50-46B8-A430-7F05E8F9E427},removed,,,,Anaktuvuk Pass,162,
{A683A9D1-FB48-4678-8EFF-35498B21F2A5},removed,,,,Upper Kalskag,1772,
{AAF0C489-CFA4-4B3D-8225-E3A86442EBED},removed,,,,Toksook Bay,1718,
{ABEFFA98-89B3-488A-9157-894CD825033A},removed,,,,Birch Creek,333,
{AC7AE947-7B03-4A9E-ADDF-90A993019617},removed,,,,Point Lay,1408,
{AC92A5C0-148B-4196-9E68-F931CFCDC780},removed,,,,Nuiqsut,1306,
{B0C898DA-56CA-444A-BB4B-24720DFC4FEB},removed,,,,Anaktuvuk Pass,164,
{B5C4A80A-EBE8-43B1-97E5-13DBC3386D74},removed,,,,Saint Michael,1502,
{BC9605CA-082C-4019-9976-F61BE9C2BEA8},removed,,,,Tununak,1738,
{C09FA922-353B-4A69-BCF8-F07352EAB55B},removed,,,,Levelock,1105,
{C9FC7970-46A5-4E7A-B070-693B758A6505},removed,,,,Galena,685,
{CC2BF2C6-ADA9-481E-9BD6-76C5A72A34F4},removed,,,,Kaktovik,891,
{CE433761-B0D9-4161-8401-5EF31E44C6D5},removed,,,,Nuiqsut,1309,
{D177DC96-6782-4B7A-A0DF-F5FAC47DCF3F},removed,,,,Chuathbaluk,429,
{D61016DB-4F79-41D7-AFAA-FAA6C912824A},removed,,,,Anvik,261,
{D757BE2A-F56B-4FE8-84A0-2715EC65E6EB},removed,,,,Shishmaref,1583,
{DACE43E7-3929-4EAF-A8BD-A30101E62AD1},removed,,,,Chefornak,377,
{DD215762-9ED5-4345-86B8-05476DB61A71},removed,,,,Atqasuk,292,
{DE72FA99-EE26-4F59-BC5C-04A00137E955},removed,,,,Fort Yukon,664,
{DFD81F19-5EE9-4C80-BA6F-1449CB0B02E7},removed,,,,Savoonga,1530,
{E26BD0A9-306F-4B9A-B4F1-455855184D61},removed,,,,Anaktuvuk Pass,166,
{E4603DF1-062E-46B4-B972-86EC06249D23},removed,,,,Saint Michael,1500,
{E91F0640-EE24-434F-B8AD-A970E303F630},removed,,,,Napakiak,1190,
{EA360645-E984-41CB-A622-F650A6981DE5},removed,,,,Nuiqsut,1305,
{EA86287E-89C1-4D51-A6EE-5259CB05739B},removed,,,,Pilot Point,1373,
{F5682527-F6B3-4629-A821-3EEFC8B9A7F1},removed,,,,Nuiqsut,1311,
{FCC5E01A-293A-439C-8132-70C13BAA7A7B},removed,,,,Anaktuvuk Pass,163,
