own_boundary_km,facility_pid,label,outcome,inside,near_2km,outcome_type,priority,facility_id,csv_row,lat,lon,note,already_in_review,map
1603.06,f000292,Klawock,mismatch: inside Allakaket,Allakaket,"Allakaket, New Allakaket",mismatch (own boundary >10 km away),review,1595,1006,66.549243,-152.632721,,Decision log: set coordinates (ready),
1161.08,f000147,Unalakleet,mismatch: inside Unalaska,Unalaska,Unalaska,mismatch (own boundary >10 km away),review,1255,1756,53.88274,-166.550742,,Decision log: set coordinates (ready),
1144.39,f001606,Unalaska,outside all boundaries (own boundary exists elsewhere),,,"outside, >10 km from own boundary",review,1096,1770,63.89194,-160.6842,,Decision log: set coordinates (ready),
1078.2,f001627,Prudhoe Bay,outside all boundaries (own boundary exists elsewhere),,,"outside, >10 km from own boundary",review,820,1443,60.427222,-150.653611,,NEW — not yet reviewed,
838.67,f000531,Fairbanks,mismatch: inside Nome,Nome,Nome,mismatch (own boundary >10 km away),review,1058,626,64.51252,-165.4303,,Decision log: undecided (pending),
838.67,f001218,Fairbanks,mismatch: inside Nome,Nome,Nome,mismatch (own boundary >10 km away),review,1060,628,64.51252,-165.4303,,Decision log: undecided (pending),
785.87,f000268,Coldfoot,outside all boundaries (own boundary exists elsewhere),,,"outside, >10 km from own boundary",review,772,457,67.252778,-131.699722,,Decision log: set coordinates (ready),
776.05,f000283,Bethel,outside all boundaries (own boundary exists elsewhere),,,"outside, >10 km from own boundary",review,600,313,67.79558,-161.7611,,Decision log: set coordinates (ready),
738.67,f001019,Point Lay,mismatch: inside Kaktovik,Kaktovik,Kaktovik,mismatch (own boundary >10 km away),review,1761,1406,70.129193,-143.609572,,Stacks review: set coordinates (AEA 2025 point) (awaiting your decision),
685.27,f000435,Kwigillingok,mismatch: inside Buckland,Buckland,Buckland,mismatch (own boundary >10 km away),review,1618,1095,65.97995,-161.131753,,Stacks review: set coordinates (awaiting your decision),
676.96,f000391,Kongiganak,mismatch: inside Buckland,Buckland,Buckland,mismatch (own boundary >10 km away),review,1605,1052,65.97995,-161.131753,,Stacks review: set coordinates + review capacity (awaiting your decision),
667.11,f001581,Chefornak,mismatch: inside Buckland,Buckland,Buckland,mismatch (own boundary >10 km away),review,1375,379,65.97995,-161.131753,,Stacks review: set coordinates + review capacity (awaiting your decision),
630.48,f001826,Noatak,mismatch: inside Marshall,Marshall,Marshall,mismatch (own boundary >10 km away),review,1686,1242,61.878444,-162.084732,,NEW — not yet reviewed,
622.1,f000941,Wainwright,outside all boundaries (own boundary exists elsewhere),,Kaktovik,"outside, >10 km from own boundary",review,1937,1808,70.12872,-143.622074,,Stacks review: set coordinates + review capacity (awaiting your decision),
580.98,f000650,Hooper Bay,mismatch: inside Galena,Galena,Galena,mismatch (own boundary >10 km away),review,1504,786,64.733919,-156.918809,,Stacks review: set coordinates (AEA 2025 point) (awaiting your decision),
564.81,f001486,Galena,mismatch: inside Fort Yukon,Fort Yukon,Fort Yukon,mismatch (own boundary >10 km away),review,1471,684,66.567962,-145.25809,,Stacks review: set coordinates + review capacity (awaiting your decision),
564.71,f000066,Galena,mismatch: inside Fort Yukon,Fort Yukon,Fort Yukon,mismatch (own boundary >10 km away),review,1475,688,66.564199,-145.257639,,Stacks review: set coordinates (awaiting your decision),
549.44,f000216,Holy Cross,mismatch: inside Ambler,Ambler,Ambler,mismatch (own boundary >10 km away),review,1496,754,67.087671,-157.856722,,Stacks review: relabel to keep farm (awaiting your decision),
543.34,f001250,Nightmute,mismatch: inside Iliamna,Iliamna,"Iliamna, Newhalen",mismatch (own boundary >10 km away),review,1680,1228,59.755523,-154.902174,,Stacks review: relabel to keep farm (awaiting your decision),
538.49,f000764,Nightmute,mismatch: inside Brevig Mission,Brevig Mission,Brevig Mission,mismatch (own boundary >10 km away),review,1678,1226,65.332712,-166.494224,,Stacks review: set coordinates + review capacity (awaiting your decision),
536.89,f000154,Toksook Bay,mismatch: inside Brevig Mission,Brevig Mission,Brevig Mission,mismatch (own boundary >10 km away),review,1897,1717,65.332712,-166.494224,,Stacks review: set coordinates + review capacity (awaiting your decision),
528.29,f000329,Kaktovik,mismatch: inside Atqasuk,Atqasuk,Atqasuk,mismatch (own boundary >10 km away),review,1560,891,70.483335,-157.426035,,Stacks review: drop record (awaiting your decision),
528.26,f000058,Kaktovik,mismatch: inside Atqasuk,Atqasuk,Atqasuk,mismatch (own boundary >10 km away),review,1562,893,70.481532,-157.42508,,Stacks review: set coordinates + review capacity (awaiting your decision),
527.2,f000505,Tununak,mismatch: inside Brevig Mission,Brevig Mission,Brevig Mission,mismatch (own boundary >10 km away),review,1913,1739,65.332712,-166.494224,,Stacks review: set coordinates + review capacity (awaiting your decision),
520.88,f000358,King Cove,mismatch: inside King Salmon,King Salmon,King Salmon,mismatch (own boundary >10 km away),review,898,972,58.683749,-156.672126,,Decision log: set label (ready),
504.48,f001469,Kenai,mismatch: inside College,College,"College, Fairbanks",mismatch (own boundary >10 km away),review,902,935,64.856066,-147.802751,,Decision log: set coordinates (ready),
491.82,f000632,Perryville,mismatch: inside Iliamna,Iliamna,"Iliamna, Newhalen",mismatch (own boundary >10 km away),review,1733,1362,59.755523,-154.902174,,Stacks review: set coordinates + review capacity (awaiting your decision),
485.46,f000804,Wales,mismatch: inside Ambler,Ambler,Ambler,mismatch (own boundary >10 km away),review,1940,1813,67.087671,-157.856722,,Stacks review: set coordinates + review capacity (awaiting your decision),
440.44,f001524,Grayling,outside all boundaries (own boundary exists elsewhere),,,"outside, >10 km from own boundary",review,1141,716,65.254278,-152.740853,,NEW — not yet reviewed,
430.17,f000943,Point Hope,mismatch: inside Atqasuk,Atqasuk,Atqasuk,mismatch (own boundary >10 km away),review,1752,1395,70.483335,-157.426035,,Stacks review: drop record (awaiting your decision),
426.26,f001514,Chevak,mismatch: inside Brevig Mission,Brevig Mission,Brevig Mission,mismatch (own boundary >10 km away),review,1385,395,65.332712,-166.494224,,Stacks review: set coordinates + review capacity (awaiting your decision),
425.52,f000118,Fairbanks,outside all boundaries (own boundary exists elsewhere),,,"outside, >10 km from own boundary",review,761,609,68.627944,-149.593994,,NEW — not yet reviewed,
415.34,f000719,Sand Point,mismatch: inside Unalaska,Unalaska,Unalaska,mismatch (own boundary >10 km away),review,445,1516,53.896944,-166.54,,Stacks review: set coordinates (awaiting your decision),
397.94,f000508,Eielson Afb,outside all boundaries (own boundary exists elsewhere),,,"outside, >10 km from own boundary",review,51,552,61.245907,-149.710691,,Decision log: set label (ready),
374.71,f001585,Ketchikan,outside all boundaries (own boundary exists elsewhere),,,"outside, >10 km from own boundary",review,797,955,58.37542,-134.574986,,Decision log: set coordinates (confirm),
372.31,f000327,Fairbanks,outside all boundaries (own boundary exists elsewhere),,,"outside, >10 km from own boundary",review,779,612,68.150225,-149.406443,,NEW — not yet reviewed,
325.09,f000120,Kodiak,outside all boundaries (own boundary exists elsewhere),,,"outside, >10 km from own boundary",review,239,1011,54.853056,-152.39288,,Decision log: set coordinates (ready),
297.51,f001579,Noorvik,mismatch: inside Kaltag,Kaltag,Kaltag,mismatch (own boundary >10 km away),review,1692,1273,64.322902,-158.724053,,Decision log: undecided (pending),
289.32,f001572,Saint Michael,mismatch: inside Brevig Mission,Brevig Mission,Brevig Mission,mismatch (own boundary >10 km away),review,1811,1499,65.332895,-166.486424,,Stacks review: relabel to keep farm (awaiting your decision),
289.32,f000443,Saint Michael,mismatch: inside Brevig Mission,Brevig Mission,Brevig Mission,mismatch (own boundary >10 km away),review,1812,1500,65.332895,-166.486424,,Stacks review: drop record (awaiting your decision),
283.48,f001261,Stebbins,mismatch: inside Brevig Mission,Brevig Mission,Brevig Mission,mismatch (own boundary >10 km away),review,1855,1639,65.332712,-166.494224,,Stacks review: set coordinates + review capacity (awaiting your decision),
275.55,f001399,Stevens Village,mismatch: inside Arctic Village,Arctic Village,Arctic Village,mismatch (own boundary >10 km away),review,1858,1643,68.128386,-145.535502,,Decision log: set label (ready),
262.61,f000139,Savoonga,mismatch: inside Brevig Mission,Brevig Mission,Brevig Mission,mismatch (own boundary >10 km away),review,1826,1527,65.332895,-166.486424,,Stacks review: set coordinates + review capacity (awaiting your decision),
246.73,f001602,Eielson Afb,outside all boundaries (own boundary exists elsewhere),,,"outside, >10 km from own boundary",review,218,557,64.74017,-141.76533,,NEW — not yet reviewed,
245.15,f000920,Nuiqsut,mismatch: inside Atqasuk,Atqasuk,Atqasuk,mismatch (own boundary >10 km away),review,1717,1311,70.483335,-157.426035,,Stacks review: drop record (awaiting your decision),
245.12,f000052,Nuiqsut,mismatch: inside Atqasuk,Atqasuk,Atqasuk,mismatch (own boundary >10 km away),review,1718,1312,70.482405,-157.425305,,Stacks review: set coordinates + review capacity (awaiting your decision),
245.1,f001571,Nuiqsut,mismatch: inside Atqasuk,Atqasuk,Atqasuk,mismatch (own boundary >10 km away),review,1716,1310,70.481532,-157.42508,,Stacks review: set coordinates + review capacity (awaiting your decision),
236.1,f000425,Eielson Afb,outside all boundaries (own boundary exists elsewhere),,,"outside, >10 km from own boundary",review,215,555,62.56333,-148.33583,,NEW — not yet reviewed,
233.55,f000810,Eielson Afb,outside all boundaries (own boundary exists elsewhere),,,"outside, >10 km from own boundary",review,219,553,64.0264,-142.31425,,NEW — not yet reviewed,
215.95,f001076,Point Lay,mismatch: inside Atqasuk,Atqasuk,Atqasuk,mismatch (own boundary >10 km away),review,1763,1408,70.483335,-157.426035,,Stacks review: drop record (awaiting your decision),
215.94,f001590,Point Lay,mismatch: inside Atqasuk,Atqasuk,Atqasuk,mismatch (own boundary >10 km away),review,1762,1407,70.482405,-157.425305,,Stacks review: set coordinates + review capacity (awaiting your decision),
214.64,f001192,Fairbanks,mismatch: inside Fort Yukon,Fort Yukon,Fort Yukon,mismatch (own boundary >10 km away),review,754,607,66.563958,-145.258792,,Decision log: set label (ready),
197.19,f000140,Toksook Bay,mismatch: inside Kwethluk,Kwethluk,Kwethluk,mismatch (own boundary >10 km away),review,1893,1713,60.81077,-161.422558,,Stacks review: set coordinates + review capacity (awaiting your decision),
196.66,f001518,Koyukuk,mismatch: inside Buckland,Buckland,Buckland,mismatch (own boundary >10 km away),review,1614,1081,65.97995,-161.131753,,Stacks review: set coordinates (awaiting your decision),
182.27,f001663,Eielson Afb,outside all boundaries (own boundary exists elsewhere),,,"outside, >10 km from own boundary",review,214,554,62.97445,-146.81445,,NEW — not yet reviewed,
171.98,f001711,Ketchikan,outside all boundaries (own boundary exists elsewhere),,,"outside, >10 km from own boundary",review,639,950,56.743611,-133.0775,,NEW — not yet reviewed,
170.17,f001773,Healy,mismatch: inside Healy Lake,Healy Lake,Healy Lake,mismatch (own boundary >10 km away),review,632,742,64.000306,-144.734444,,NEW — not yet reviewed,
165.13,f001460,Palmer,outside all boundaries (own boundary exists elsewhere),,,"outside, >10 km from own boundary",review,14,1340,63.094331,-149.507401,,NEW — not yet reviewed,
157.56,f001752,Eielson Afb,outside all boundaries (own boundary exists elsewhere),,,"outside, >10 km from own boundary",review,216,556,65.2025,-143.83,,NEW — not yet reviewed,
150.17,f000872,Tununak,mismatch: inside Atmautluak,Atmautluak,Atmautluak,mismatch (own boundary >10 km away),review,1907,1733,60.856858,-162.276528,,Stacks review: set coordinates + review capacity (awaiting your decision),
150.17,f000368,Tununak,mismatch: inside Atmautluak,Atmautluak,Atmautluak,mismatch (own boundary >10 km away),review,1910,1736,60.856858,-162.276528,,Stacks review: drop record (awaiting your decision),
139.73,f001717,White Mountain,mismatch: inside Stebbins,Stebbins,Stebbins,mismatch (own boundary >10 km away),review,1942,1827,63.515687,-162.285557,,Stacks review: set coordinates + review capacity (awaiting your decision),
136.88,f001448,Kipnuk,mismatch: inside Atmautluak,Atmautluak,Atmautluak,mismatch (own boundary >10 km away),review,1584,988,60.856858,-162.276528,,Stacks review: set coordinates + review capacity (awaiting your decision),
133.32,f000627,Nightmute,mismatch: inside Atmautluak,Atmautluak,Atmautluak,mismatch (own boundary >10 km away),review,1676,1224,60.856858,-162.276528,,Stacks review: set coordinates + review capacity (awaiting your decision),
132.0,f001444,Holy Cross,outside all boundaries (own boundary exists elsewhere),,,"outside, >10 km from own boundary",review,1145,752,63.313508,-160.957692,,NEW — not yet reviewed,
131.93,f001732,Palmer,outside all boundaries (own boundary exists elsewhere),,,"outside, >10 km from own boundary",review,13,1339,62.688429,-150.232928,,NEW — not yet reviewed,
130.85,f001269,Chefornak,mismatch: inside Atmautluak,Atmautluak,Atmautluak,mismatch (own boundary >10 km away),review,1372,376,60.856858,-162.276528,,Stacks review: relabel to keep farm (awaiting your decision),
130.85,f001632,Chefornak,mismatch: inside Atmautluak,Atmautluak,Atmautluak,mismatch (own boundary >10 km away),review,1373,377,60.856858,-162.276528,,Stacks review: drop record (awaiting your decision),
125.68,f001528,Cordova,outside all boundaries (own boundary exists elsewhere),,,"outside, >10 km from own boundary",review,884,467,60.799221,-148.08927,,NEW — not yet reviewed,
122.0,f000856,Cordova,outside all boundaries (own boundary exists elsewhere),,,"outside, >10 km from own boundary",review,881,466,60.519637,-148.093326,,NEW — not yet reviewed,
115.36,f000129,Newtok,mismatch: inside Kipnuk,Kipnuk,Kipnuk,mismatch (own boundary >10 km away),review,1671,1218,59.934137,-164.038194,,Decision log: drop facility (confirm),
114.18,f000227,Kiana,mismatch: inside Buckland,Buckland,Buckland,mismatch (own boundary >10 km away),review,1578,969,65.980507,-161.138453,,Stacks review: relabel to keep farm (awaiting your decision),
114.05,f000093,New Stuyahok,outside all boundaries (own boundary exists elsewhere),,,"outside, >10 km from own boundary",review,407,1206,59.4571,-159.3748,,Decision log: set coordinates (ready),
113.23,f001398,Red Devil,mismatch: inside Aniak,Aniak,Aniak,mismatch (own boundary >10 km away),review,1790,1461,61.580835,-159.551052,,Stacks review: set coordinates + review capacity (awaiting your decision),
110.07,f001430,Bettles Field,outside all boundaries (own boundary exists elsewhere),,,"outside, >10 km from own boundary",review,767,328,67.667361,-149.824972,,NEW — not yet reviewed,
106.59,f000940,Cordova,outside all boundaries (own boundary exists elsewhere),,,"outside, >10 km from own boundary",review,880,465,61.018044,-147.516204,,NEW — not yet reviewed,
104.28,f000970,Eielson Afb,mismatch: inside Fort Greely,Fort Greely,Fort Greely,mismatch (own boundary >10 km away),review,217,551,63.83333,-145.82217,,NEW — not yet reviewed,
96.19,f001384,Fort Yukon,mismatch: inside Beaver,Beaver,Beaver,mismatch (own boundary >10 km away),review,1457,663,66.359666,-147.396613,,NEW — not yet reviewed,
83.79,f000090,Selawik,mismatch: inside Buckland,Buckland,Buckland,mismatch (own boundary >10 km away),review,1838,1549,65.980507,-161.138453,,Stacks review: set coordinates + review capacity (awaiting your decision),
76.36,f000851,Palmer,mismatch: inside Glacier View,Glacier View,Glacier View,mismatch (own boundary >10 km away),review,812,1347,61.788126,-147.675583,,NEW — not yet reviewed,
73.16,f000554,Kaltag,mismatch: inside Koyukuk,Koyukuk,Koyukuk,mismatch (own boundary >10 km away),review,1563,903,64.87965,-157.718668,,Stacks review: set coordinates + review capacity (awaiting your decision),
72.01,f001599,Fairbanks,mismatch: inside Harding-Birch Lakes,Harding-Birch Lakes,Harding-Birch Lakes,mismatch (own boundary >10 km away),review,780,613,64.3795,-146.3972,,NEW — not yet reviewed,
70.81,f000472,Livengood,outside all boundaries (own boundary exists elsewhere),,,"outside, >10 km from own boundary",review,800,1114,66.014481,-149.814301,,NEW — not yet reviewed,
68.35,f001271,Glennallen,outside all boundaries (own boundary exists elsewhere),,Tonsina,"outside, >10 km from own boundary",review,787,704,61.47272,-145.15216,,NEW — not yet reviewed,
68.29,f001005,Eielson Afb,outside all boundaries (own boundary exists elsewhere),,,"outside, >10 km from own boundary",review,220,550,65.08027,-145.7777,,NEW — not yet reviewed,
65.71,f000297,Glennallen,mismatch: inside Tonsina,Tonsina,Tonsina,mismatch (own boundary >10 km away),review,786,703,61.5135,-145.029,,NEW — not yet reviewed,
64.05,f000498,Bettles Field,outside all boundaries (own boundary exists elsewhere),,,"outside, >10 km from own boundary",review,768,329,66.527364,-150.423192,,NEW — not yet reviewed,
61.81,f000929,Valdez,mismatch: inside Cordova,Cordova,Cordova,mismatch (own boundary >10 km away),review,322,1782,60.499369,-145.479589,,NEW — not yet reviewed,
61.31,f000060,Bettles Field,outside all boundaries (own boundary exists elsewhere),,,"outside, >10 km from own boundary",review,23,325,67.476046,-151.581901,,NEW — not yet reviewed,
59.84,f001333,Slana,outside all boundaries (own boundary exists elsewhere),,,"outside, >10 km from own boundary",review,199,1612,62.36,-145.0058,,NEW — not yet reviewed,
58.64,f000831,Haines,outside all boundaries (own boundary exists elsewhere),,,"outside, >10 km from own boundary",review,857,738,59.500427,-136.451343,,NEW — not yet reviewed,
57.71,f000832,Savoonga,mismatch: inside Gambell,Gambell,Gambell,mismatch (own boundary >10 km away),review,1830,1531,63.779113,-171.734058,,Stacks review: set coordinates + review capacity (awaiting your decision),
57.65,f000534,Craig,mismatch: inside Coffman Cove,Coffman Cove,Coffman Cove,mismatch (own boundary >10 km away),review,1418,481,56.017179,-132.828041,,Decision log: undecided (pending),
54.77,f001084,Delta Junction,outside all boundaries (own boundary exists elsewhere),,,"outside, >10 km from own boundary",review,550,502,64.45465,-144.908947,,NEW — not yet reviewed,
52.95,f000228,Petersburg,outside all boundaries (own boundary exists elsewhere),,,"outside, >10 km from own boundary",review,815,1365,56.236042,-132.981428,,Decision log: no change (ready),
50.53,f001263,Delta Junction,outside all boundaries (own boundary exists elsewhere),,,"outside, >10 km from own boundary",review,773,504,63.585515,-145.987103,,NEW — not yet reviewed,
48.95,f000888,Metlakatla,outside all boundaries (own boundary exists elsewhere),,,"outside, >10 km from own boundary",review,806,1156,54.9175,-130.8422,,NEW — not yet reviewed,
48.09,f001564,Haines,outside all boundaries (own boundary exists elsewhere),,,"outside, >10 km from own boundary",review,853,737,59.40245,-136.33455,,NEW — not yet reviewed,
44.98,f000917,Delta Junction,mismatch: inside Healy Lake,Healy Lake,Healy Lake,mismatch (own boundary >10 km away),review,1197,507,63.999927,-144.731094,,Decision log: set label (confirm),
43.97,f000649,Tuntutuliak,mismatch: inside Atmautluak,Atmautluak,Atmautluak,mismatch (own boundary >10 km away),review,1906,1731,60.856858,-162.276528,,Stacks review: set coordinates + review capacity (awaiting your decision),
43.8,f001422,Selawik,mismatch: inside Kiana,Kiana,Kiana,mismatch (own boundary >10 km away),review,1834,1545,66.973926,-160.429116,,Stacks review: set coordinates + review capacity (awaiting your decision),
43.25,f000642,Haines,outside all boundaries (own boundary exists elsewhere),,"Covenant Life, Mosquito Lake","outside, >10 km from own boundary",review,852,736,59.41892,-136.227785,,NEW — not yet reviewed,
41.85,f000896,Lower Kalskag,mismatch: inside Aniak,Aniak,Aniak,mismatch (own boundary >10 km away),review,1630,1119,61.580835,-159.551052,,Stacks review: set coordinates + review capacity (awaiting your decision),
41.65,f001336,Fairbanks,outside all boundaries (own boundary exists elsewhere),,,"outside, >10 km from own boundary",review,778,611,65.2175,-148.0572,,NEW — not yet reviewed,
40.33,f000051,Cordova,outside all boundaries (own boundary exists elsewhere),,,"outside, >10 km from own boundary",review,1062,473,60.48095,-146.5993,,NEW — not yet reviewed,
40.33,f001361,Cordova,outside all boundaries (own boundary exists elsewhere),,,"outside, >10 km from own boundary",review,1063,474,60.48095,-146.5993,,NEW — not yet reviewed,
39.94,f000653,Upper Kalskag,mismatch: inside Aniak,Aniak,Aniak,mismatch (own boundary >10 km away),review,1923,1771,61.580835,-159.551052,,Stacks review: set coordinates + review capacity (awaiting your decision),
39.94,f000836,Upper Kalskag,mismatch: inside Aniak,Aniak,Aniak,mismatch (own boundary >10 km away),review,1924,1772,61.580835,-159.551052,,Stacks review: drop record (awaiting your decision),
39.42,f001519,Valdez,outside all boundaries (own boundary exists elsewhere),,,"outside, >10 km from own boundary",review,832,1788,61.344126,-145.268358,,NEW — not yet reviewed,
36.93,f001679,McGrath,outside all boundaries (own boundary exists elsewhere),,,"outside, >10 km from own boundary",review,1076,1143,62.57034,-155.3641,,NEW — not yet reviewed,
32.93,f000444,Wasilla,mismatch: inside Point MacKenzie,Point MacKenzie,Point MacKenzie,mismatch (own boundary >10 km away),review,595,1817,61.360181,-150.012503,,NEW — not yet reviewed,
32.25,f000974,Prudhoe Bay,outside all boundaries (own boundary exists elsewhere),,,"outside, >10 km from own boundary",review,817,1442,69.7893,-148.4925,,NEW — not yet reviewed,
31.89,f001704,Wasilla,mismatch: inside Point MacKenzie,Point MacKenzie,Point MacKenzie,mismatch (own boundary >10 km away),review,592,1816,61.41665,-150.079139,,NEW — not yet reviewed,
30.63,f000950,Napakiak,mismatch: inside Kwethluk,Kwethluk,Kwethluk,mismatch (own boundary >10 km away),review,1654,1189,60.81077,-161.422558,,Stacks review: relabel to keep farm (awaiting your decision),
29.89,f001339,Noorvik,mismatch: inside Kiana,Kiana,Kiana,mismatch (own boundary >10 km away),review,1693,1274,66.971509,-160.438257,,Stacks review: set coordinates (AEA 2025 point) (awaiting your decision),
29.89,f001746,Noorvik,mismatch: inside Kiana,Kiana,Kiana,mismatch (own boundary >10 km away),review,1696,1277,66.971509,-160.438257,,Stacks review: drop record (awaiting your decision),
29.69,f000208,Homer,outside all boundaries (own boundary exists elsewhere),,Fox River,"outside, >10 km from own boundary",review,1005,766,59.778581,-150.940139,,NEW — not yet reviewed,
27.69,f000289,Fairbanks,outside all boundaries (own boundary exists elsewhere),,,"outside, >10 km from own boundary",review,759,608,65.125844,-147.490665,,NEW — not yet reviewed,
27.57,f000486,Pilot Point,mismatch: inside Ugashik,Ugashik,Ugashik,mismatch (own boundary >10 km away),review,452,1369,57.578333,-157.053889,,Decision log: no change (ready),
22.36,f001088,Delta Junction,mismatch: inside Deltana,Deltana,Deltana,mismatch (own boundary >10 km away),review,541,501,63.909763,-145.27708,,NEW — not yet reviewed,
20.05,f000284,Kodiak,outside all boundaries (own boundary exists elsewhere),,,"outside, >10 km from own boundary",review,425,1022,57.588947,-152.435519,,NEW — not yet reviewed,
14.8,f001087,Kenai,mismatch: inside Nikiski,Nikiski,Nikiski,mismatch (own boundary >10 km away),low (neighbouring place),1069,939,60.72583,-151.3513,,NEW — not yet reviewed,
14.35,f000874,Kenai,mismatch: inside Nikiski,Nikiski,Nikiski,mismatch (own boundary >10 km away),low (neighbouring place),701,934,60.728862,-151.303059,,NEW — not yet reviewed,
12.99,f000646,Kenai,mismatch: inside Nikiski,Nikiski,Nikiski,mismatch (own boundary >10 km away),low (neighbouring place),379,930,60.714203,-151.319408,,NEW — not yet reviewed,
12.64,f001008,Homer,mismatch: inside Fritz Creek,Fritz Creek,Fritz Creek,mismatch (own boundary >10 km away),low (neighbouring place),687,761,59.746088,-151.258425,,NEW — not yet reviewed,
12.6,f001544,Chuathbaluk,mismatch: inside Aniak,Aniak,Aniak,mismatch (own boundary >10 km away),low (neighbouring place),1404,429,61.580835,-159.551052,,NEW — not yet reviewed,
12.55,f001547,Homer,mismatch: inside Fritz Creek,Fritz Creek,Fritz Creek,mismatch (own boundary >10 km away),low (neighbouring place),691,762,59.74515,-151.258929,,NEW — not yet reviewed,
10.02,f000475,Kenai,mismatch: inside Nikiski,Nikiski,Nikiski,mismatch (own boundary >10 km away),low (neighbouring place),559,931,60.678519,-151.383179,,NEW — not yet reviewed,
9.26,f000721,Teller,mismatch: inside Brevig Mission,Brevig Mission,Brevig Mission,mismatch (own boundary within 10 km),low (neighbouring place),1875,1682,65.332895,-166.486424,,NEW — not yet reviewed,
9.1,f000984,Fairbanks,mismatch: inside Fox,Fox,"Fox, Steele Creek",mismatch (own boundary within 10 km),low (neighbouring place),1103,630,64.957606,-147.617087,,NEW — not yet reviewed,
9.04,f000552,Fairbanks,mismatch: inside Ester,Ester,"Chena Ridge, Ester",mismatch (own boundary within 10 km),low (neighbouring place),838,617,64.844124,-148.010438,,NEW — not yet reviewed,
7.98,f000711,North Pole,mismatch: inside Badger,Badger,"Badger, Fairbanks",mismatch (own boundary within 10 km),low (neighbouring place),1113,1284,64.819916,-147.561082,,NEW — not yet reviewed,
7.03,f000416,North Pole,mismatch: inside Badger,Badger,"Badger, Fairbanks",mismatch (own boundary within 10 km),low (neighbouring place),707,1280,64.794104,-147.569191,,NEW — not yet reviewed,
5.98,f001588,Fairbanks,mismatch: inside Steele Creek,Steele Creek,Steele Creek,mismatch (own boundary within 10 km),low (neighbouring place),1118,632,64.930298,-147.496575,,NEW — not yet reviewed,
5.92,f001130,Palmer,mismatch: inside North Lakes,North Lakes,"Fishhook, Gateway, North Lakes, South Lakes",mismatch (own boundary within 10 km),low (neighbouring place),811,1346,61.6198,-149.256574,,NEW — not yet reviewed,
5.79,f001381,Healy,mismatch: inside Ferry,Ferry,Ferry,mismatch (own boundary within 10 km),low (neighbouring place),1027,744,64.059764,-148.900105,,NEW — not yet reviewed,
5.7,f001048,North Pole,mismatch: inside Badger,Badger,"Badger, Fairbanks",mismatch (own boundary within 10 km),low (neighbouring place),708,1281,64.797669,-147.536443,,NEW — not yet reviewed,
5.68,f000790,Kodiak,mismatch: inside Kodiak Station,Kodiak Station,"Kodiak Station, Womens Bay",mismatch (own boundary within 10 km),low (neighbouring place),181,1016,57.731111,-152.508333,,NEW — not yet reviewed,
5.02,f000170,Palmer,mismatch: inside Gateway,Gateway,"Gateway, South Lakes",mismatch (own boundary within 10 km),low (neighbouring place),758,1345,61.566172,-149.249664,,NEW — not yet reviewed,
4.92,f001186,North Pole,mismatch: inside Badger,Badger,Badger,mismatch (own boundary within 10 km),low (neighbouring place),836,1282,64.820541,-147.441508,,NEW — not yet reviewed,
4.74,f001268,Kenai,mismatch: inside Kalifornsky,Kalifornsky,Kalifornsky,mismatch (own boundary within 10 km),low (neighbouring place),1154,940,60.474677,-151.274396,,NEW — not yet reviewed,
4.52,f000781,Kenai,mismatch: inside Salamatof,Salamatof,"Nikiski, Salamatof",mismatch (own boundary within 10 km),low (neighbouring place),700,933,60.6293,-151.341665,,NEW — not yet reviewed,
3.95,f000658,Fairbanks,mismatch: inside South Van Horn,South Van Horn,"Chena Ridge, College, South Van Horn",mismatch (own boundary within 10 km),low (neighbouring place),15,584,64.810359,-147.881601,,NEW — not yet reviewed,
3.93,f000407,Kodiak,mismatch: inside Kodiak Station,Kodiak Station,"Kodiak Station, Womens Bay",mismatch (own boundary within 10 km),low (neighbouring place),420,1017,57.759841,-152.515949,,NEW — not yet reviewed,
3.86,f000393,Kodiak,mismatch: inside Kodiak Station,Kodiak Station,"Kodiak Station, Womens Bay",mismatch (own boundary within 10 km),low (neighbouring place),506,1028,57.747064,-152.495672,,NEW — not yet reviewed,
3.78,f001555,Fairbanks,mismatch: inside South Van Horn,South Van Horn,"Chena Ridge, College, South Van Horn",mismatch (own boundary within 10 km),low (neighbouring place),1252,634,64.812009,-147.880345,,NEW — not yet reviewed,
3.65,f001028,Kodiak,mismatch: inside Kodiak Station,Kodiak Station,"Kodiak Station, Womens Bay",mismatch (own boundary within 10 km),low (neighbouring place),422,1019,57.748889,-152.494167,,NEW — not yet reviewed,
3.55,f000645,Kodiak,mismatch: inside Kodiak Station,Kodiak Station,"Kodiak Station, Womens Bay",mismatch (own boundary within 10 km),low (neighbouring place),1071,1033,57.7499,-152.4938,,NEW — not yet reviewed,
3.46,f001803,Homer,mismatch: inside Diamond Ridge,Diamond Ridge,"Diamond Ridge, Fritz Creek",mismatch (own boundary within 10 km),low (neighbouring place),1051,767,59.70942,-151.4565,,NEW — not yet reviewed,
3.4,f001437,Kenai,mismatch: inside Salamatof,Salamatof,Salamatof,mismatch (own boundary within 10 km),low (neighbouring place),94,928,60.61927,-151.32805,,NEW — not yet reviewed,
3.37,f001400,Kasilof,mismatch: inside Kalifornsky,Kalifornsky,"Cohoe, Kalifornsky",mismatch (own boundary within 10 km),low (neighbouring place),147,924,60.383995,-151.284605,,NEW — not yet reviewed,
3.3,f001440,Kasilof,mismatch: inside Kalifornsky,Kalifornsky,"Cohoe, Kalifornsky",mismatch (own boundary within 10 km),low (neighbouring place),867,925,60.383435,-151.28357,,NEW — not yet reviewed,
3.3,f001719,Point Mackenzie,mismatch: inside Knik-Fairview,Knik-Fairview,Knik-Fairview,mismatch (own boundary within 10 km),low (neighbouring place),384,1409,61.3974,-149.8444,,NEW — not yet reviewed,
3.07,f000783,Soldotna,mismatch: inside Kalifornsky,Kalifornsky,Kalifornsky,mismatch (own boundary within 10 km),low (neighbouring place),697,1625,60.44592,-151.109737,,NEW — not yet reviewed,
2.92,f000022,Fairbanks,mismatch: inside South Van Horn,South Van Horn,"Chena Ridge, College, South Van Horn",mismatch (own boundary within 10 km),low (neighbouring place),173,589,64.817654,-147.867934,,NEW — not yet reviewed,
2.81,f000845,Fairbanks,mismatch: inside South Van Horn,South Van Horn,"College, South Van Horn",mismatch (own boundary within 10 km),low (neighbouring place),1059,627,64.81086,-147.84806,,NEW — not yet reviewed,
2.79,f001025,Seward,mismatch: inside Bear Creek,Bear Creek,Bear Creek,mismatch (own boundary within 10 km),low (neighbouring place),696,1561,60.168995,-149.40275,,NEW — not yet reviewed,
2.78,f000413,Wasilla,mismatch: inside Tanaina,Tanaina,"Fishhook, North Lakes, Tanaina",mismatch (own boundary within 10 km),low (neighbouring place),70,1814,61.61929,-149.388814,,NEW — not yet reviewed,
2.54,f001680,Fairbanks,mismatch: inside College,College,"Chena Ridge, College, South Van Horn",mismatch (own boundary within 10 km),low (neighbouring place),1009,620,64.824332,-147.868898,,NEW — not yet reviewed,
2.41,f001485,Homer,mismatch: inside Diamond Ridge,Diamond Ridge,Diamond Ridge,mismatch (own boundary within 10 km),low (neighbouring place),789,765,59.681892,-151.62446,,NEW — not yet reviewed,
2.26,f001484,Soldotna,mismatch: inside Kalifornsky,Kalifornsky,Kalifornsky,mismatch (own boundary within 10 km),low (neighbouring place),381,1622,60.453137,-151.097387,,NEW — not yet reviewed,
2.01,f000844,North Pole,mismatch: inside Badger,Badger,Badger,mismatch (own boundary within 10 km),low (neighbouring place),169,1279,64.734178,-147.266703,,NEW — not yet reviewed,
18.34,f001549,Homer,outside all boundaries (own boundary exists elsewhere),,Seldovia Village,"outside, >10 km from own boundary",low (just outside own boundary),20,755,59.434992,-151.429035,,NEW — not yet reviewed,
18.33,f000229,Trapper Creek,outside all boundaries (own boundary exists elsewhere),,Skwentna,"outside, >10 km from own boundary",low (just outside own boundary),1177,1720,62.0344,-150.8222,,NEW — not yet reviewed,
17.56,f001570,Fairbanks,outside all boundaries (own boundary exists elsewhere),,,"outside, >10 km from own boundary",low (just outside own boundary),1057,625,65.03511,-147.5011,,NEW — not yet reviewed,
16.71,f001150,Fairbanks,outside all boundaries (own boundary exists elsewhere),,,"outside, >10 km from own boundary",low (just outside own boundary),523,594,65.024195,-147.652178,,NEW — not yet reviewed,
16.47,f000488,Fairbanks,outside all boundaries (own boundary exists elsewhere),,Steele Creek,"outside, >10 km from own boundary",low (just outside own boundary),209,590,65.00362,-147.34101,,NEW — not yet reviewed,
16.37,f000176,Nome,outside all boundaries (own boundary exists elsewhere),,,"outside, >10 km from own boundary",low (just outside own boundary),1122,1259,64.452517,-164.996342,,NEW — not yet reviewed,
16.2,f000385,Elfin Cove,outside all boundaries (own boundary exists elsewhere),,,"outside, >10 km from own boundary",low (just outside own boundary),776,563,58.1986,-136.6397,,NEW — not yet reviewed,
14.55,f000440,Valdez,outside all boundaries (own boundary exists elsewhere),,,"outside, >10 km from own boundary",low (just outside own boundary),831,1787,61.2044,-145.630456,,NEW — not yet reviewed,
12.68,f000616,Petersburg,outside all boundaries (own boundary exists elsewhere),,,"outside, >10 km from own boundary",low (just outside own boundary),814,1364,56.7564,-133.1795,,NEW — not yet reviewed,
12.22,f001523,Moose Pass,outside all boundaries (own boundary exists elsewhere),,,"outside, >10 km from own boundary",low (just outside own boundary),16,1168,60.50189,-149.142878,,NEW — not yet reviewed,
11.65,f001580,Paxson,outside all boundaries (own boundary exists elsewhere),,,"outside, >10 km from own boundary",low (just outside own boundary),821,1351,62.80367,-145.317799,,NEW — not yet reviewed,
10.85,f000985,Petersburg,outside all boundaries (own boundary exists elsewhere),,,"outside, >10 km from own boundary",low (just outside own boundary),547,1363,56.612645,-132.821937,,NEW — not yet reviewed,
9.57,f000151,Paxson,outside all boundaries (own boundary exists elsewhere),,,"outside, within 10 km of own boundary",low (just outside own boundary),813,1350,63.256544,-145.650167,,NEW — not yet reviewed,
8.89,f001838,Unalakleet,outside all boundaries (own boundary exists elsewhere),,,"outside, within 10 km of own boundary",low (just outside own boundary),1144,1755,63.9887,-160.883394,,NEW — not yet reviewed,
8.71,f001054,Chignik Lagoon,outside all boundaries (own boundary exists elsewhere),,Chignik Lake,"outside, within 10 km of own boundary",low (just outside own boundary),540,406,56.26295,-158.70535,,NEW — not yet reviewed,
8.08,f001568,Togiak,outside all boundaries (own boundary exists elsewhere),,,"outside, within 10 km of own boundary",low (just outside own boundary),1125,1700,59.169983,-160.6515,,NEW — not yet reviewed,
7.13,f001327,Aleknagik,outside all boundaries (own boundary exists elsewhere),,,"outside, within 10 km of own boundary",low (just outside own boundary),1111,126,59.430556,-158.842222,,NEW — not yet reviewed,
6.8,f001664,Hope,outside all boundaries (own boundary exists elsewhere),,,"outside, within 10 km of own boundary",low (just outside own boundary),370,794,60.785,-149.430222,,NEW — not yet reviewed,
6.72,f000822,Ketchikan,outside all boundaries (own boundary exists elsewhere),,,"outside, within 10 km of own boundary",low (just outside own boundary),728,954,55.442886,-131.800563,,NEW — not yet reviewed,
5.61,f000659,Metlakatla,outside all boundaries (own boundary exists elsewhere),,,"outside, within 10 km of own boundary",low (just outside own boundary),1077,1157,55.0604,-131.578,,NEW — not yet reviewed,
5.42,f000348,Valdez,outside all boundaries (own boundary exists elsewhere),,,"outside, within 10 km of own boundary",low (just outside own boundary),319,1779,61.140875,-145.749133,,NEW — not yet reviewed,
4.68,f001244,Kake,outside all boundaries (own boundary exists elsewhere),,,"outside, within 10 km of own boundary",low (just outside own boundary),796,868,56.9811,-133.806097,,NEW — not yet reviewed,
4.22,f000362,Skagway,outside all boundaries (own boundary exists elsewhere),,,"outside, within 10 km of own boundary",low (just outside own boundary),859,1607,59.527273,-135.229763,,NEW — not yet reviewed,
4.16,f001550,Ketchikan,outside all boundaries (own boundary exists elsewhere),,,"outside, within 10 km of own boundary",low (just outside own boundary),633,949,55.360889,-131.795861,,NEW — not yet reviewed,
3.56,f001200,Grayling,outside all boundaries (own boundary exists elsewhere),,,"outside, within 10 km of own boundary",low (just outside own boundary),1142,717,62.958069,-160.174358,,NEW — not yet reviewed,
3.36,f001835,Coldfoot,outside all boundaries (own boundary exists elsewhere),,,"outside, within 10 km of own boundary",low (just outside own boundary),770,456,67.278,-150.269,,NEW — not yet reviewed,
2.8,f001575,Kodiak,outside all boundaries (own boundary exists elsewhere),,,"outside, within 10 km of own boundary",low (just outside own boundary),1097,1034,57.77503,-152.3398,,NEW — not yet reviewed,
2.63,f000249,Nenana,outside all boundaries (own boundary exists elsewhere),,,"outside, within 10 km of own boundary",low (just outside own boundary),1085,1204,64.59,-149.0728,,NEW — not yet reviewed,
2.38,f001811,Kiana,outside all boundaries (own boundary exists elsewhere),,,"outside, within 10 km of own boundary",low (just outside own boundary),1139,964,66.96075,-160.490972,,NEW — not yet reviewed,
2.33,f001226,Kenai,outside all boundaries (own boundary exists elsewhere),,Salamatof,"outside, within 10 km of own boundary",low (just outside own boundary),1068,938,60.61556,-151.283,,NEW — not yet reviewed,
2.07,f000946,Manokotak,outside all boundaries (own boundary exists elsewhere),,,"outside, within 10 km of own boundary",low (just outside own boundary),406,1126,58.9376,-158.8995,,NEW — not yet reviewed,
2.05,f000179,Ketchikan,outside all boundaries (own boundary exists elsewhere),,,"outside, within 10 km of own boundary",low (just outside own boundary),720,952,55.410868,-131.722042,,NEW — not yet reviewed,
2.05,f000931,Klawock,outside all boundaries (own boundary exists elsewhere),,,"outside, within 10 km of own boundary",low (just outside own boundary),430,1000,55.579216,-133.071024,,NEW — not yet reviewed,
,f001187,Clear,cannot check (no boundary for this community); sits inside Anderson,Anderson,Anderson,cannot check,info,262,441,64.292893,-149.167801,Kept as labelled: no boundary to test against.,NEW — not yet reviewed,
,f001794,Deadhorse,cannot check (no boundary for this community); sits inside Prudhoe Bay,Prudhoe Bay,Prudhoe Bay,cannot check,info,1427,493,70.257094,-148.435388,Kept as labelled: no boundary to test against.,NEW — not yet reviewed,
,f001286,Eklutna,cannot check (no boundary for this community); sits inside Beluga,Beluga,Beluga,cannot check,info,677,558,61.185716,-151.037597,Kept as labelled: no boundary to test against.,NEW — not yet reviewed,
,f000099,Fort Wainwright,cannot check (no boundary for this community); sits inside Fairbanks,Fairbanks,Fairbanks,cannot check,info,100,644,64.841625,-147.611426,Kept as labelled: no boundary to test against.,NEW — not yet reviewed,
,f000059,Fort Wainwright,cannot check (no boundary for this community); sits inside Fairbanks,Fairbanks,Fairbanks,cannot check,info,101,645,64.841625,-147.611426,Kept as labelled: no boundary to test against.,NEW — not yet reviewed,
,f001453,Fort Wainwright,cannot check (no boundary for this community); sits inside Fairbanks,Fairbanks,"Fairbanks, South Van Horn",cannot check,info,50,646,64.825093,-147.655443,Kept as labelled: no boundary to test against.,NEW — not yet reviewed,
,f000664,Fort Wainwright,cannot check (no boundary for this community); sits inside Fairbanks,Fairbanks,Fairbanks,cannot check,info,103,647,64.841625,-147.611426,Kept as labelled: no boundary to test against.,NEW — not yet reviewed,
,f001810,Fort Wainwright,cannot check (no boundary for this community); sits inside Fairbanks,Fairbanks,Fairbanks,cannot check,info,105,648,64.841625,-147.611426,Kept as labelled: no boundary to test against.,NEW — not yet reviewed,
,f000732,Fort Wainwright,cannot check (no boundary for this community); sits inside Seward,Seward,"Bear Creek, Seward",cannot check,info,104,649,60.132528,-149.433,Kept as labelled: no boundary to test against.,Decision log: set label (confirm),
1.93,f000173,Akiachak,match (within 2 km of boundary),,Akiachak,match,none,390,104,60.917,-161.4857,,NEW — not yet reviewed,
1.79,f000326,Denali National Park,match (within 2 km of boundary),,Denali Park,match,none,1166,508,63.724475,-148.959571,,NEW — not yet reviewed,
1.56,f000251,Fairbanks,match (within 2 km of boundary),Steele Creek,"Fairbanks, Steele Creek",match,none,837,616,64.891897,-147.529808,,NEW — not yet reviewed,
1.51,f001403,Fairbanks,match (within 2 km of boundary),South Van Horn,"Chena Ridge, College, Fairbanks, South Van Horn",match,none,679,605,64.827633,-147.848367,,NEW — not yet reviewed,
1.44,f001377,Kodiak,match (within 2 km of boundary),,"Kodiak, Kodiak Station",match,none,180,1015,57.775556,-152.480278,,NEW — not yet reviewed,
1.16,f000172,Scammon Bay,match (within 2 km of boundary),,Scammon Bay,match,none,668,1533,61.855556,-165.599781,,NEW — not yet reviewed,
1.05,f001240,Tok,match (within 2 km of boundary),,Tok,match,none,317,1708,63.322644,-142.808842,,NEW — not yet reviewed,
0.98,f000076,Fairbanks,match (within 2 km of boundary),College,"College, Fairbanks",match,none,654,603,64.856175,-147.802819,,NEW — not yet reviewed,
0.92,f001729,Kodiak,match (within 2 km of boundary),Mill Bay,"Kodiak, Mill Bay",match,none,505,1027,57.821299,-152.365537,,NEW — not yet reviewed,
0.89,f001589,Fairbanks,match (within 2 km of boundary),South Van Horn,"College, Fairbanks, South Van Horn",match,none,1061,629,64.83076,-147.8375,,NEW — not yet reviewed,
0.79,f001761,Soldotna,match (within 2 km of boundary),Kalifornsky,"Kalifornsky, Soldotna",match,none,1188,1629,60.49095,-151.158349,,NEW — not yet reviewed,
0.79,f000694,Valdez,match (within 2 km of boundary),,Valdez,match,none,830,1786,61.0644,-145.8291,,NEW — not yet reviewed,
0.66,f000436,Bettles Field,match (within 2 km of boundary),,"Bettles, Evansville",match,none,621,327,66.885397,-151.569344,,NEW — not yet reviewed,
0.62,f001270,Fairbanks,match (within 2 km of boundary),Farmers Loop,"Fairbanks, Farmers Loop, Steele Creek",match,none,522,593,64.869022,-147.674372,,NEW — not yet reviewed,
0.62,f001401,Levelock,match (within 2 km of boundary),,Levelock,match,none,450,1102,59.126667,-156.863056,,NEW — not yet reviewed,
0.6,f001129,Soldotna,match (within 2 km of boundary),Kalifornsky,"Kalifornsky, Ridgeway, Soldotna",match,none,69,1621,60.493134,-151.14604,,NEW — not yet reviewed,
0.6,f001052,Tuluksak,match (within 2 km of boundary),,Tuluksak,match,none,416,1721,61.0884,-160.9274,,NEW — not yet reviewed,
0.57,f000581,Healy,match (within 2 km of boundary),Ferry,"Ferry, Healy",match,none,1028,745,64.019461,-149.115715,,NEW — not yet reviewed,
0.48,f000891,Teller,match (within 2 km of boundary),,Teller,match,none,363,1674,65.242144,-166.332194,,NEW — not yet reviewed,
0.46,f001370,Klawock,match (within 2 km of boundary),,Klawock,match,none,1594,1005,55.541209,-133.102276,,NEW — not yet reviewed,
0.42,f001616,Copper Center,match (within 2 km of boundary),Silver Springs,"Copper Center, Silver Springs",match,none,1175,459,62.020605,-145.36342,,NEW — not yet reviewed,
0.41,f001595,Kaktovik,match (within 2 km of boundary),,Kaktovik,match,none,1548,879,70.130455,-143.636158,,NEW — not yet reviewed,
0.38,f001092,Akiachak,match (within 2 km of boundary),,Akiachak,match,none,722,105,60.911406,-161.45699,,NEW — not yet reviewed,
0.38,f001591,Akiachak,match (within 2 km of boundary),,Akiachak,match,none,723,106,60.9114,-161.456999,,NEW — not yet reviewed,
0.38,f000028,Akiachak,match (within 2 km of boundary),,Akiachak,match,none,724,107,60.911406,-161.456999,,NEW — not yet reviewed,
0.34,f000054,Fairbanks,match (within 2 km of boundary),South Van Horn,"Fairbanks, South Van Horn",match,none,68,586,64.802811,-147.691838,,NEW — not yet reviewed,
0.3,f001600,Fort Yukon,match (within 2 km of boundary),,Fort Yukon,match,none,1450,656,66.559375,-145.207756,,NEW — not yet reviewed,
0.29,f001372,Ketchikan,match (within 2 km of boundary),,Ketchikan,match,none,2,945,55.352797,-131.703193,,NEW — not yet reviewed,
0.28,f000918,Chefornak,match (within 2 km of boundary),,Chefornak,match,none,394,373,60.1381,-164.2829,,NEW — not yet reviewed,
0.27,f000205,Dot Lake,match (within 2 km of boundary),Dot Lake Village,"Dot Lake, Dot Lake Village",match,none,133,519,63.65775,-144.058628,,NEW — not yet reviewed,
0.24,f000501,Hydaburg,match (within 2 km of boundary),,Hydaburg,match,none,635,806,55.214444,-132.825,,NEW — not yet reviewed,
0.23,f001802,Soldotna,match (within 2 km of boundary),Kalifornsky,"Kalifornsky, Soldotna",match,none,699,1627,60.48827,-151.149588,,NEW — not yet reviewed,
0.2,f000247,Nome,match (within 2 km of boundary),,Nome,match,none,1086,1258,64.49611,-165.3183,,NEW — not yet reviewed,
0.17,f001232,Kenai,match (within 2 km of boundary),Salamatof,"Kenai, Salamatof",match,none,588,932,60.583189,-151.302881,,NEW — not yet reviewed,
0.15,f000567,Anaktuvuk Pass,match (within 2 km of boundary),,Anaktuvuk Pass,match,none,1292,154,68.134645,-151.745083,,NEW — not yet reviewed,
0.12,f001058,Kalskag,match (within 2 km of boundary),Lower Kalskag,"Lower Kalskag, Upper Kalskag",match,none,464,894,61.526121,-160.348529,,Decision log: set label (ready),
0.11,f001538,Kalskag,match (within 2 km of boundary),Lower Kalskag,"Lower Kalskag, Upper Kalskag",match,none,465,895,61.526216,-160.348395,,Decision log: set label (ready),
0.1,f001351,Kaktovik,match (within 2 km of boundary),,Kaktovik,match,none,1546,877,70.129827,-143.621363,,NEW — not yet reviewed,
0.1,f001056,Kaktovik,match (within 2 km of boundary),,Kaktovik,match,none,1554,885,70.129827,-143.621363,,NEW — not yet reviewed,
0.09,f000837,Eagle,match (within 2 km of boundary),,Eagle,match,none,1168,527,64.790278,-141.203139,,NEW — not yet reviewed,
0.09,f001692,Fairbanks,match (within 2 km of boundary),College,"College, Fairbanks, South Van Horn",match,none,1000,619,64.837869,-147.814497,,NEW — not yet reviewed,
0.07,f000045,Hydaburg,match (within 2 km of boundary),,Hydaburg,match,none,1515,807,55.204819,-132.8275,,NEW — not yet reviewed,
0.07,f000527,Kiana,match (within 2 km of boundary),,Kiana,match,none,89,960,66.975,-160.441,,NEW — not yet reviewed,
0.07,f001149,Ouzinkie,match (within 2 km of boundary),,Ouzinkie,match,none,433,1334,57.941156,-152.472408,,NEW — not yet reviewed,
0.06,f001376,Eagle,match (within 2 km of boundary),,Eagle,match,none,629,525,64.788333,-141.212778,,NEW — not yet reviewed,
0.06,f000938,Kiana,match (within 2 km of boundary),,Kiana,match,none,1575,966,66.975286,-160.43403,,NEW — not yet reviewed,
0.06,f000731,Kiana,match (within 2 km of boundary),,Kiana,match,none,1576,967,66.975302,-160.433773,,NEW — not yet reviewed,
0.06,f001040,Shishmaref,match (within 2 km of boundary),,Shishmaref,match,none,1843,1581,66.25781,-166.073301,,NEW — not yet reviewed,
0.05,f000870,Eagle,match (within 2 km of boundary),,Eagle,match,none,309,524,64.789156,-141.2074,,NEW — not yet reviewed,
0.05,f001016,Kaktovik,match (within 2 km of boundary),,Kaktovik,match,none,1552,883,70.132094,-143.620183,,NEW — not yet reviewed,
0.05,f001396,Kalskag,match (within 2 km of boundary),Lower Kalskag,"Lower Kalskag, Upper Kalskag",match,none,916,896,61.526748,-160.347688,,Decision log: set label (ready),
0.05,f001629,Kiana,match (within 2 km of boundary),,Kiana,match,none,947,961,66.970222,-160.443081,,NEW — not yet reviewed,
0.05,f001221,Kiana,match (within 2 km of boundary),,Kiana,match,none,948,962,66.970066,-160.442807,,NEW — not yet reviewed,
0.05,f001426,Kiana,match (within 2 km of boundary),,Kiana,match,none,949,963,66.969917,-160.442499,,NEW — not yet reviewed,
0.03,f000404,Kaktovik,match (within 2 km of boundary),,Kaktovik,match,none,1553,884,70.12872,-143.622074,,Stacks review: keep (farm record) (awaiting your decision),
0.03,f000861,Point Baker,match (within 2 km of boundary),,"Point Baker, Port Protection",match,none,1744,1386,56.353559,-133.622594,,NEW — not yet reviewed,
0.03,f001546,Skagway,match (within 2 km of boundary),,Skagway,match,none,1187,1609,59.4482,-135.3214,,NEW — not yet reviewed,
0.02,f000542,Anaktuvuk Pass,match (within 2 km of boundary),,Anaktuvuk Pass,match,none,1289,151,68.135859,-151.74357,,NEW — not yet reviewed,
0.02,f000034,Anaktuvuk Pass,match (within 2 km of boundary),,Anaktuvuk Pass,match,none,1305,167,68.135859,-151.74357,,NEW — not yet reviewed,
0.02,f001728,Chevak,match (within 2 km of boundary),,Chevak,match,none,395,387,61.5367,-165.6015,,NEW — not yet reviewed,
0.02,f001739,King Salmon,match (within 2 km of boundary),,King Salmon,match,none,1215,983,58.672699,-156.659731,,NEW — not yet reviewed,
,f001688,,no label,,,no label,none,229,2,61.269243,-149.640262,Kept: record has no community label.,NEW — not yet reviewed,
,f001659,,no label,Newtok,Newtok,no label,none,245,3,60.940668,-164.633869,Kept: record has no community label.,NEW — not yet reviewed,
,f000588,,no label,,,no label,none,25,4,60.2375,-146.6467,Kept: record has no community label.,NEW — not yet reviewed,
,f000717,,no label,Valdez,Valdez,no label,none,30,5,61.03405,-146.4183,Kept: record has no community label.,NEW — not yet reviewed,
,f000253,,no label,,,no label,none,31,6,55.43915,-131.255278,Kept: record has no community label.,NEW — not yet reviewed,
,f000159,,no label,,,no label,none,212,7,64.00361,-147.95556,Kept: record has no community label.,NEW — not yet reviewed,
,f000027,,no label,,,no label,none,42,8,69.3667,-152.143056,Kept: record has no community label.,NEW — not yet reviewed,
,f001780,,no label,,,no label,none,63,9,66.1881,-155.7152,Kept: record has no community label.,NEW — not yet reviewed,
,f000399,,no label,,,no label,none,75,10,56.847222,-154.243333,Kept: record has no community label.,NEW — not yet reviewed,
,f000935,,no label,Excursion Inlet,Excursion Inlet,no label,none,78,11,58.417557,-135.44456,Kept: record has no community label.,NEW — not yet reviewed,
,f000322,,no label,,,no label,none,114,12,58.129,-152.561,Kept: record has no community label.,NEW — not yet reviewed,
,f001014,,no label,,,no label,none,157,13,63.18797,-144.86473,Kept: record has no community label.,NEW — not yet reviewed,
,f001402,,no label,,,no label,none,179,14,57.685833,-152.895,Kept: record has no community label.,NEW — not yet reviewed,
,f000258,,no label,,,no label,none,196,15,65.6893,-164.8225,Kept: record has no community label.,NEW — not yet reviewed,
,f001655,,no label,Akutan,Akutan,no label,none,213,16,54.14916,-165.61042,Kept: record has no community label.,NEW — not yet reviewed,
,f000680,,no label,,,no label,none,266,17,68.078011,-149.582739,Kept: record has no community label.,NEW — not yet reviewed,
,f000296,,no label,,,no label,none,269,18,66.823072,-150.669617,Kept: record has no community label.,NEW — not yet reviewed,
,f000805,,no label,,,no label,none,274,19,68.761417,-148.870039,Kept: record has no community label.,NEW — not yet reviewed,
,f001815,,no label,,,no label,none,275,20,65.939592,-149.852056,Kept: record has no community label.,NEW — not yet reviewed,
,f000749,,no label,Harding-Birch Lakes,Harding-Birch Lakes,no label,none,279,21,64.315978,-146.688433,Kept: record has no community label.,NEW — not yet reviewed,
,f001831,,no label,,,no label,none,281,22,65.362711,-146.088306,Kept: record has no community label.,NEW — not yet reviewed,
,f000212,,no label,,Tonsina,no label,none,301,23,61.442531,-145.113072,Kept: record has no community label.,NEW — not yet reviewed,
,f001552,,no label,,,no label,none,312,24,64.314625,-141.420458,Kept: record has no community label.,NEW — not yet reviewed,
,f000599,,no label,,,no label,none,318,25,63.415667,-145.75015,Kept: record has no community label.,NEW — not yet reviewed,
,f000948,,no label,,,no label,none,371,26,60.7897,-148.8137,Kept: record has no community label.,NEW — not yet reviewed,
,f000666,,no label,Glacier View,Glacier View,no label,none,382,27,61.796033,-148.013911,Kept: record has no community label.,NEW — not yet reviewed,
,f001574,,no label,,,no label,none,442,28,57.588611,-152.435556,Kept: record has no community label.,NEW — not yet reviewed,
,f000777,,no label,,,no label,none,510,29,64.057983,-157.838783,Kept: record has no community label.,NEW — not yet reviewed,
,f000232,,no label,,,no label,none,531,30,62.9774,-149.640283,Kept: record has no community label.,NEW — not yet reviewed,
,f000910,,no label,,,no label,none,533,31,60.666306,-149.042633,Kept: record has no community label.,NEW — not yet reviewed,
,f001012,,no label,,,no label,none,548,32,58.549408,-133.681041,Kept: record has no community label.,NEW — not yet reviewed,
,f000829,,no label,Tok,Tok,no label,none,549,33,63.337818,-142.987802,Kept: record has no community label.,NEW — not yet reviewed,
,f001083,,no label,Prudhoe Bay,Prudhoe Bay,no label,none,618,34,70.203917,-148.453183,Kept: record has no community label.,NEW — not yet reviewed,
,f001190,,no label,,,no label,none,619,35,70.413649,-150.016794,Kept: record has no community label.,NEW — not yet reviewed,
,f001511,,no label,,,no label,none,627,36,56.584722,-132.866944,Kept: record has no community label.,NEW — not yet reviewed,
,f000458,,no label,,,no label,none,628,37,57.651333,-133.647528,Kept: record has no community label.,NEW — not yet reviewed,
,f000331,,no label,,,no label,none,630,38,58.759167,-135.259444,Kept: record has no community label.,NEW — not yet reviewed,
,f001759,,no label,,Craig,no label,none,644,39,55.463611,-133.078611,Kept: record has no community label.,NEW — not yet reviewed,
,f000279,,no label,,,no label,none,645,40,58.075917,-134.042,Kept: record has no community label.,NEW — not yet reviewed,
,f000323,,no label,,,no label,none,648,41,57.065222,-133.841333,Kept: record has no community label.,NEW — not yet reviewed,
,f001229,,no label,Beluga,Beluga,no label,none,676,42,61.185716,-151.037597,Kept: record has no community label.,NEW — not yet reviewed,
,f000499,,no label,,,no label,none,719,43,64.088,-141.3193,Kept: record has no community label.,NEW — not yet reviewed,
,f001249,,no label,,,no label,none,819,44,68.0555,-149.483889,Kept: record has no community label.,NEW — not yet reviewed,
,f000813,,no label,,,no label,none,825,45,69.117398,-148.940215,Kept: record has no community label.,NEW — not yet reviewed,
,f001454,,no label,,,no label,none,826,46,68.507097,-149.6786,Kept: record has no community label.,NEW — not yet reviewed,
,f000557,,no label,,,no label,none,827,47,68.743199,-149.067833,Kept: record has no community label.,NEW — not yet reviewed,
,f000145,,no label,Mountain Village,Mountain Village,no label,none,835,48,62.088051,-163.7273,Kept: record has no community label.,NEW — not yet reviewed,
,f000110,,no label,,,no label,none,839,49,58.965,-155.095667,Kept: record has no community label.,NEW — not yet reviewed,
,f001727,,no label,,,no label,none,840,50,64.431166,-145.027862,Kept: record has no community label.,NEW — not yet reviewed,
,f001480,,no label,Excursion Inlet,Excursion Inlet,no label,none,854,51,58.380216,-135.423175,Kept: record has no community label.,NEW — not yet reviewed,
,f000878,,no label,,,no label,none,855,52,62.031111,-158.233333,Kept: record has no community label.,NEW — not yet reviewed,
,f001747,,no label,,,no label,none,983,53,56.1725,-133.4712,Kept: record has no community label.,NEW — not yet reviewed,
,f001135,,no label,,,no label,none,1008,54,58.191389,-152.371667,Kept: record has no community label.,NEW — not yet reviewed,
,f001181,,no label,,,no label,none,1038,55,56.85222,-135.5519,Kept: record has no community label.,NEW — not yet reviewed,
,f000576,,no label,,,no label,none,1039,56,56.85222,-135.5519,Kept: record has no community label.,NEW — not yet reviewed,
,f000733,,no label,,,no label,none,1040,57,56.85222,-135.5519,Kept: record has no community label.,NEW — not yet reviewed,
,f001476,,no label,,,no label,none,1041,58,56.85222,-135.5519,Kept: record has no community label.,NEW — not yet reviewed,
,f000023,,no label,,,no label,none,1042,59,56.85222,-135.5519,Kept: record has no community label.,NEW — not yet reviewed,
,f001238,,no label,,,no label,none,1078,60,59.43769,-146.3274,Kept: record has no community label.,NEW — not yet reviewed,
,f001683,,no label,,,no label,none,1079,61,59.44994,-146.3072,Kept: record has no community label.,NEW — not yet reviewed,
,f000033,,no label,,,no label,none,1080,62,59.437691,-146.3065,Kept: record has no community label.,NEW — not yet reviewed,
,f000997,,no label,,,no label,none,1081,63,59.437691,-146.3065,Kept: record has no community label.,NEW — not yet reviewed,
,f000401,,no label,,,no label,none,1082,64,59.437691,-146.3065,Kept: record has no community label.,NEW — not yet reviewed,
,f000983,,no label,,,no label,none,1083,65,59.437691,-146.3065,Kept: record has no community label.,NEW — not yet reviewed,
,f001136,,no label,,,no label,none,1084,66,59.437691,-146.3065,Kept: record has no community label.,NEW — not yet reviewed,
,f001497,,no label,,,no label,none,1089,67,58.17766,-135.2589,Kept: record has no community label.,NEW — not yet reviewed,
,f000673,,no label,,,no label,none,1090,68,58.17766,-135.2588,Kept: record has no community label.,NEW — not yet reviewed,
,f001452,,no label,,,no label,none,1091,69,58.17766,-135.2588,Kept: record has no community label.,NEW — not yet reviewed,
,f000549,,no label,,,no label,none,1092,70,58.17766,-135.2588,Kept: record has no community label.,NEW — not yet reviewed,
,f000029,,no label,,,no label,none,1108,71,68.0714,-149.5846,Kept: record has no community label.,NEW — not yet reviewed,
,f000937,,no label,,,no label,none,1109,72,69.447164,-148.625594,Kept: record has no community label.,NEW — not yet reviewed,
,f001233,,no label,,,no label,none,1110,73,68.701472,-149.052544,Kept: record has no community label.,NEW — not yet reviewed,
,f001505,,no label,,,no label,none,1120,74,61.205556,-155.466667,Kept: record has no community label.,NEW — not yet reviewed,
,f001817,,no label,,,no label,none,1123,75,64.617122,-164.201942,Kept: record has no community label.,NEW — not yet reviewed,
,f000047,,no label,,Golovin,no label,none,1124,76,64.566168,-162.958768,Kept: record has no community label.,NEW — not yet reviewed,
,f001478,,no label,,,no label,none,1126,77,59.360272,-161.731306,Kept: record has no community label.,NEW — not yet reviewed,
,f000725,,no label,,,no label,none,1127,78,59.297619,-158.122872,Kept: record has no community label.,NEW — not yet reviewed,
,f001706,,no label,,,no label,none,1128,79,59.044817,-159.671908,Kept: record has no community label.,NEW — not yet reviewed,
,f001450,,no label,,,no label,none,1129,80,66.520822,-161.847883,Kept: record has no community label.,NEW — not yet reviewed,
,f001125,,no label,,,no label,none,1130,81,65.096953,-160.715208,Kept: record has no community label.,NEW — not yet reviewed,
,f001769,,no label,,,no label,none,1131,82,66.160697,-160.579867,Kept: record has no community label.,NEW — not yet reviewed,
,f000117,,no label,,,no label,none,1132,83,65.520492,-160.539811,Kept: record has no community label.,NEW — not yet reviewed,
,f000714,,no label,,,no label,none,1133,84,64.686686,-160.679972,Kept: record has no community label.,NEW — not yet reviewed,
,f000713,,no label,,,no label,none,1134,85,65.086447,-154.118467,Kept: record has no community label.,NEW — not yet reviewed,
,f001121,,no label,,,no label,none,1135,86,65.087611,-152.740853,Kept: record has no community label.,NEW — not yet reviewed,
,f000526,,no label,,,no label,none,1136,87,64.888906,-155.521036,Kept: record has no community label.,NEW — not yet reviewed,
,f000809,,no label,,,no label,none,1137,88,64.821817,-159.45515,Kept: record has no community label.,NEW — not yet reviewed,
,f000204,,no label,,,no label,none,1138,89,67.217892,-162.729303,Kept: record has no community label.,NEW — not yet reviewed,
,f000933,,no label,,,no label,none,1140,90,64.800091,-158.010362,Kept: record has no community label.,NEW — not yet reviewed,
,f001612,,no label,,,no label,none,1143,91,63.313508,-160.957692,Kept: record has no community label.,NEW — not yet reviewed,
,f000975,,no label,Beluga,Beluga,no label,none,1152,92,61.175339,-151.038144,Kept: record has no community label.,NEW — not yet reviewed,
,f001266,,no label,,,no label,none,1170,93,58.54572,-155.78513,Kept: record has no community label.,NEW — not yet reviewed,
,f000814,,no label,,,no label,none,1185,94,58.780333,-135.008417,Kept: record has no community label.,NEW — not yet reviewed,
,f000778,,no label,,,no label,none,1225,95,63.567841,-156.002721,Kept: record has no community label.,NEW — not yet reviewed,
,f001174,,no label,,,no label,none,1241,96,63.025576,-141.02621,Kept: record has no community label.,NEW — not yet reviewed,
,f000760,,no label,,,no label,none,1247,97,64.1478,-141.1722,Kept: record has no community label.,NEW — not yet reviewed,
,f001490,,no label,,Prudhoe Bay,no label,none,1260,98,70.494286,-149.886402,Kept: record has no community label.,NEW — not yet reviewed,
0.0,f001419,Adak,match,Adak,Adak,match,none,102,99,51.853453,-176.654613,,NEW — not yet reviewed,
0.0,f000758,Adak,match,Adak,Adak,match,none,461,100,51.875,-176.6425,,NEW — not yet reviewed,
0.0,f000144,Adak,match,Adak,Adak,match,none,1228,101,51.898377,-176.623922,,NEW — not yet reviewed,
0.0,f001037,Akhiok,match,Akhiok,Akhiok,match,none,498,102,56.946561,-154.173428,,NEW — not yet reviewed,
0.0,f000511,Akhiok,match,Akhiok,Akhiok,match,none,721,103,56.930246,-154.202593,,NEW — not yet reviewed,
0.0,f000237,Akiak,match,Akiak,Akiak,match,none,391,108,60.9059,-161.2274,,NEW — not yet reviewed,
0.0,f000887,Akiak,match,Akiak,Akiak,match,none,725,109,60.907493,-161.228427,,NEW — not yet reviewed,
0.0,f001211,Akiak,match,Akiak,Akiak,match,none,1263,110,60.914026,-161.220752,,NEW — not yet reviewed,
0.0,f001354,Akiak,match,Akiak,Akiak,match,none,1264,111,60.910176,-161.218724,,NEW — not yet reviewed,
0.0,f001496,Akiak,match,Akiak,Akiak,match,none,1265,112,60.909613,-161.219217,,NEW — not yet reviewed,
0.0,f000652,Akiak,match,Akiak,Akiak,match,none,1266,113,60.912247,-161.217286,,NEW — not yet reviewed,
0.0,f000606,Akiak,match,Akiak,Akiak,match,none,1267,114,60.914036,-161.220516,,NEW — not yet reviewed,
0.0,f001447,Akutan,match,Akutan,Akutan,match,none,138,115,54.134957,-165.772239,,NEW — not yet reviewed,
0.0,f001003,Akutan,match,Akutan,Akutan,match,none,194,116,54.134062,-165.777634,,NEW — not yet reviewed,
0.0,f001168,Akutan,match,Akutan,Akutan,match,none,457,117,54.144444,-165.603889,,NEW — not yet reviewed,
0.0,f000723,Akutan,match,Akutan,Akutan,match,none,1268,118,54.13257,-165.786305,,NEW — not yet reviewed,
0.0,f000095,Alakanuk,match,Alakanuk,Alakanuk,match,none,660,119,62.70215,-164.669714,,NEW — not yet reviewed,
0.0,f000833,Alakanuk,match,Alakanuk,Alakanuk,match,none,1269,120,62.684935,-164.665168,,NEW — not yet reviewed,
0.0,f000186,Alakanuk,match,Alakanuk,Alakanuk,match,none,1270,121,62.686527,-164.621885,,NEW — not yet reviewed,
0.0,f000665,Alakanuk,match,Alakanuk,Alakanuk,match,none,1271,122,62.684675,-164.665162,,NEW — not yet reviewed,
0.0,f001601,Alakanuk,match,Alakanuk,Alakanuk,match,none,1272,123,62.686631,-164.621834,,NEW — not yet reviewed,
0.0,f001262,Alatna,match,Alatna,"Alatna, Allakaket, New Allakaket",match,none,1273,124,66.553986,-152.701723,,NEW — not yet reviewed,
0.0,f000538,Aleknagik,match,Aleknagik,Aleknagik,match,none,109,125,59.279365,-158.624474,,NEW — not yet reviewed,
0.0,f000668,Aleknagik,match,Aleknagik,Aleknagik,match,none,1274,127,59.275739,-158.6246,,NEW — not yet reviewed,
0.0,f000375,Aleknagik,match,Aleknagik,Aleknagik,match,none,1275,128,59.278748,-158.62166,,NEW — not yet reviewed,
0.0,f000240,Aleknagik,match,Aleknagik,Aleknagik,match,none,1276,129,59.27581,-158.599312,,NEW — not yet reviewed,
0.0,f001712,Allakaket,match,Allakaket,"Allakaket, New Allakaket",match,none,282,130,66.549467,-152.629469,,NEW — not yet reviewed,
0.0,f000242,Allakaket,match,"Allakaket, New Allakaket","Allakaket, New Allakaket",match,none,479,131,66.545954,-152.644432,,NEW — not yet reviewed,
0.0,f001296,Allakaket,match,"Allakaket, New Allakaket","Allakaket, New Allakaket",match,none,480,132,66.547314,-152.636694,,NEW — not yet reviewed,
0.0,f000411,Allakaket,match,Allakaket,"Alatna, Allakaket, New Allakaket",match,none,481,133,66.563325,-152.644167,,NEW — not yet reviewed,
0.0,f001140,Allakaket,match,Allakaket,"Allakaket, New Allakaket",match,none,879,134,66.549306,-152.632667,,NEW — not yet reviewed,
0.0,f000295,Allakaket,match,Allakaket,"Alatna, Allakaket, New Allakaket",match,none,1277,135,66.560954,-152.651277,,NEW — not yet reviewed,
0.0,f001315,Allakaket,match,Allakaket,"Alatna, Allakaket, New Allakaket",match,none,1278,136,66.563457,-152.644062,,NEW — not yet reviewed,
0.0,f001176,Allakaket,match,Allakaket,"Alatna, Allakaket, New Allakaket",match,none,1279,137,66.563669,-152.643922,,NEW — not yet reviewed,
0.0,f001801,Allakaket,match,Allakaket,"Alatna, Allakaket, New Allakaket",match,none,1280,138,66.56098,-152.650912,,NEW — not yet reviewed,
0.0,f000536,Allakaket,match,Allakaket,"Alatna, Allakaket, New Allakaket",match,none,1281,139,66.561121,-152.651105,,NEW — not yet reviewed,
0.0,f001648,Allakaket,match,"Allakaket, New Allakaket","Allakaket, New Allakaket",match,none,1282,140,66.547162,-152.637024,,NEW — not yet reviewed,
0.0,f000828,Allakaket,match,Allakaket,"Alatna, Allakaket, New Allakaket",match,none,1283,141,66.563457,-152.644062,,NEW — not yet reviewed,
0.0,f000342,Ambler,match,Ambler,Ambler,match,none,324,142,67.100383,-157.856203,,NEW — not yet reviewed,
0.0,f001807,Ambler,match,Ambler,Ambler,match,none,905,143,67.087702,-157.85682,,NEW — not yet reviewed,
0.0,f001718,Ambler,match,Ambler,Ambler,match,none,1233,144,67.086167,-157.859384,,NEW — not yet reviewed,
0.0,f001082,Ambler,match,Ambler,Ambler,match,none,1284,145,67.086489,-157.860338,,NEW — not yet reviewed,
0.0,f000383,Ambler,match,Ambler,Ambler,match,none,1285,146,67.100324,-157.857184,,NEW — not yet reviewed,
0.0,f001737,Ambler,match,Ambler,Ambler,match,none,1286,147,67.08633,-157.858731,,NEW — not yet reviewed,
0.0,f000128,Ambler,match,Ambler,Ambler,match,none,1287,148,67.086504,-157.856492,,NEW — not yet reviewed,
0.0,f000312,Anaktuvuk Pass,match,Anaktuvuk Pass,Anaktuvuk Pass,match,none,467,149,68.139851,-151.739197,,NEW — not yet reviewed,
0.0,f000977,Anaktuvuk Pass,match,Anaktuvuk Pass,Anaktuvuk Pass,match,none,1288,150,68.13993,-151.738978,,NEW — not yet reviewed,
0.0,f000926,Anaktuvuk Pass,match,Anaktuvuk Pass,Anaktuvuk Pass,match,none,1290,152,68.142826,-151.733378,,NEW — not yet reviewed,
0.0,f000589,Anaktuvuk Pass,match,Anaktuvuk Pass,Anaktuvuk Pass,match,none,1291,153,68.143186,-151.7343,,NEW — not yet reviewed,
0.0,f001031,Anaktuvuk Pass,match,Anaktuvuk Pass,Anaktuvuk Pass,match,none,1293,155,68.137661,-151.741478,,NEW — not yet reviewed,
0.0,f000876,Anaktuvuk Pass,match,Anaktuvuk Pass,Anaktuvuk Pass,match,none,1294,156,68.140594,-151.743291,,NEW — not yet reviewed,
0.0,f000841,Anaktuvuk Pass,match,Anaktuvuk Pass,Anaktuvuk Pass,match,none,1295,157,68.139221,-151.736639,,NEW — not yet reviewed,
0.0,f001036,Anaktuvuk Pass,match,Anaktuvuk Pass,Anaktuvuk Pass,match,none,1296,158,68.136027,-151.743195,,NEW — not yet reviewed,
0.0,f000305,Anaktuvuk Pass,match,Anaktuvuk Pass,Anaktuvuk Pass,match,none,1297,159,68.137733,-151.73901,,NEW — not yet reviewed,
0.0,f001023,Anaktuvuk Pass,match,Anaktuvuk Pass,Anaktuvuk Pass,match,none,1298,160,68.137689,-151.741392,,NEW — not yet reviewed,
0.0,f001357,Anaktuvuk Pass,match,Anaktuvuk Pass,Anaktuvuk Pass,match,none,1299,161,68.143202,-151.733936,,NEW — not yet reviewed,
0.0,f001806,Anaktuvuk Pass,match,Anaktuvuk Pass,Anaktuvuk Pass,match,none,1300,162,68.13993,-151.738978,,NEW — not yet reviewed,
0.0,f000187,Anaktuvuk Pass,match,Anaktuvuk Pass,Anaktuvuk Pass,match,none,1301,163,68.140594,-151.743291,,NEW — not yet reviewed,
0.0,f001341,Anaktuvuk Pass,match,Anaktuvuk Pass,Anaktuvuk Pass,match,none,1302,164,68.139221,-151.736639,,NEW — not yet reviewed,
0.0,f000441,Anaktuvuk Pass,match,Anaktuvuk Pass,Anaktuvuk Pass,match,none,1303,165,68.137733,-151.73901,,NEW — not yet reviewed,
0.0,f001423,Anaktuvuk Pass,match,Anaktuvuk Pass,Anaktuvuk Pass,match,none,1304,166,68.137689,-151.741392,,NEW — not yet reviewed,
0.0,f000193,Anaktuvuk Pass,match,Anaktuvuk Pass,Anaktuvuk Pass,match,none,1306,168,68.142826,-151.733378,,NEW — not yet reviewed,
0.0,f001441,Anchor Point,match,Anchor Point,"Anchor Point, Nikolaevsk",match,none,81,169,59.797304,-151.630334,,NEW — not yet reviewed,
0.0,f000902,Anchor Point,match,Anchor Point,Anchor Point,match,none,1180,170,59.783633,-151.832998,,NEW — not yet reviewed,
,f000601,Anchorage,cannot check (no boundary for this community),,,cannot check,none,34,171,61.185104,-149.87143,Kept as labelled: no boundary to test against.,NEW — not yet reviewed,
,f001743,Anchorage,cannot check (no boundary for this community),,,cannot check,none,38,172,61.194434,-150.000744,Kept as labelled: no boundary to test against.,NEW — not yet reviewed,
,f001470,Anchorage,cannot check (no boundary for this community),,,cannot check,none,55,173,61.225104,-149.854826,Kept as labelled: no boundary to test against.,NEW — not yet reviewed,
,f001653,Anchorage,cannot check (no boundary for this community),,,cannot check,none,56,174,66.5,-161.03,Kept as labelled: no boundary to test against.,NEW — not yet reviewed,
,f000751,Anchorage,cannot check (no boundary for this community),,,cannot check,none,67,175,61.163647,-149.860623,Kept as labelled: no boundary to test against.,NEW — not yet reviewed,
,f001418,Anchorage,cannot check (no boundary for this community),,,cannot check,none,84,176,61.145942,-149.841271,Kept as labelled: no boundary to test against.,NEW — not yet reviewed,
,f000995,Anchorage,cannot check (no boundary for this community),,,cannot check,none,91,177,61.220768,-149.859755,Kept as labelled: no boundary to test against.,NEW — not yet reviewed,
,f001285,Anchorage,cannot check (no boundary for this community),,,cannot check,none,93,178,61.223877,-149.842827,Kept as labelled: no boundary to test against.,NEW — not yet reviewed,
,f000317,Anchorage,cannot check (no boundary for this community),,,cannot check,none,153,179,61.173416,-149.981573,Kept as labelled: no boundary to test against.,NEW — not yet reviewed,
,f001230,Anchorage,cannot check (no boundary for this community),,,cannot check,none,154,180,61.175137,-150.040068,Kept as labelled: no boundary to test against.,NEW — not yet reviewed,
,f001147,Anchorage,cannot check (no boundary for this community),,,cannot check,none,155,181,61.175137,-150.040068,Kept as labelled: no boundary to test against.,NEW — not yet reviewed,
,f000585,Anchorage,cannot check (no boundary for this community),,,cannot check,none,156,182,61.175137,-150.040068,Kept as labelled: no boundary to test against.,NEW — not yet reviewed,
,f000612,Anchorage,cannot check (no boundary for this community),,,cannot check,none,168,183,61.174252,-149.877008,Kept as labelled: no boundary to test against.,NEW — not yet reviewed,
,f001638,Anchorage,cannot check (no boundary for this community),,,cannot check,none,171,184,61.173416,-149.981573,Kept as labelled: no boundary to test against.,NEW — not yet reviewed,
,f000907,Anchorage,cannot check (no boundary for this community),,,cannot check,none,367,185,61.182151,-149.841137,Kept as labelled: no boundary to test against.,NEW — not yet reviewed,
,f000660,Anchorage,cannot check (no boundary for this community),,,cannot check,none,526,186,61.225189,-149.888607,Kept as labelled: no boundary to test against.,NEW — not yet reviewed,
,f001406,Anchorage,cannot check (no boundary for this community),,,cannot check,none,539,187,61.23037,-149.829686,Kept as labelled: no boundary to test against.,NEW — not yet reviewed,
,f000392,Anchorage,cannot check (no boundary for this community),,,cannot check,none,557,188,61.190665,-149.998416,Kept as labelled: no boundary to test against.,NEW — not yet reviewed,
,f000782,Anchorage,cannot check (no boundary for this community),,,cannot check,none,558,189,61.215273,-149.896286,Kept as labelled: no boundary to test against.,NEW — not yet reviewed,
,f000355,Anchorage,cannot check (no boundary for this community),,,cannot check,none,561,190,61.078625,-149.777994,Kept as labelled: no boundary to test against.,NEW — not yet reviewed,
,f000818,Anchorage,cannot check (no boundary for this community),,,cannot check,none,562,191,61.233374,-149.870591,Kept as labelled: no boundary to test against.,NEW — not yet reviewed,
,f000211,Anchorage,cannot check (no boundary for this community),,,cannot check,none,564,192,61.130144,-149.830036,Kept as labelled: no boundary to test against.,NEW — not yet reviewed,
,f001352,Anchorage,cannot check (no boundary for this community),,,cannot check,none,566,193,61.113337,-149.857772,Kept as labelled: no boundary to test against.,NEW — not yet reviewed,
,f001193,Anchorage,cannot check (no boundary for this community),,,cannot check,none,567,194,61.12882,-149.931462,Kept as labelled: no boundary to test against.,NEW — not yet reviewed,
,f001260,Anchorage,cannot check (no boundary for this community),,,cannot check,none,568,195,61.197852,-149.915035,Kept as labelled: no boundary to test against.,NEW — not yet reviewed,
,f000013,Anchorage,cannot check (no boundary for this community),,,cannot check,none,569,196,61.200768,-149.800467,Kept as labelled: no boundary to test against.,NEW — not yet reviewed,
,f000053,Anchorage,cannot check (no boundary for this community),,,cannot check,none,570,197,61.139,-149.781206,Kept as labelled: no boundary to test against.,NEW — not yet reviewed,
,f000727,Anchorage,cannot check (no boundary for this community),,,cannot check,none,571,198,61.100036,-149.808216,Kept as labelled: no boundary to test against.,NEW — not yet reviewed,
,f000072,Anchorage,cannot check (no boundary for this community),,,cannot check,none,572,199,61.112288,-149.857739,Kept as labelled: no boundary to test against.,NEW — not yet reviewed,
,f001731,Anchorage,cannot check (no boundary for this community),,,cannot check,none,573,200,61.17956,-149.810193,Kept as labelled: no boundary to test against.,NEW — not yet reviewed,
,f000273,Anchorage,cannot check (no boundary for this community),,,cannot check,none,574,201,61.139785,-149.78774,Kept as labelled: no boundary to test against.,NEW — not yet reviewed,
,f000192,Anchorage,cannot check (no boundary for this community),,,cannot check,none,575,202,61.227366,-149.825492,Kept as labelled: no boundary to test against.,NEW — not yet reviewed,
,f000614,Anchorage,cannot check (no boundary for this community),,,cannot check,none,576,203,61.251312,-149.677416,Kept as labelled: no boundary to test against.,NEW — not yet reviewed,
,f000160,Anchorage,cannot check (no boundary for this community),,,cannot check,none,577,204,61.175757,-149.920979,Kept as labelled: no boundary to test against.,NEW — not yet reviewed,
,f001253,Anchorage,cannot check (no boundary for this community),,,cannot check,none,578,205,61.193766,-149.83612,Kept as labelled: no boundary to test against.,NEW — not yet reviewed,
,f001252,Anchorage,cannot check (no boundary for this community),,,cannot check,none,580,206,61.232519,-149.733378,Kept as labelled: no boundary to test against.,NEW — not yet reviewed,
,f000702,Anchorage,cannot check (no boundary for this community),,,cannot check,none,581,207,61.208716,-149.74346,Kept as labelled: no boundary to test against.,NEW — not yet reviewed,
,f001224,Anchorage,cannot check (no boundary for this community),,,cannot check,none,583,208,61.222604,-149.810481,Kept as labelled: no boundary to test against.,NEW — not yet reviewed,
,f001343,Anchorage,cannot check (no boundary for this community),,,cannot check,none,584,209,61.143587,-149.933928,Kept as labelled: no boundary to test against.,NEW — not yet reviewed,
,f000363,Anchorage,cannot check (no boundary for this community),,,cannot check,none,586,210,61.200111,-149.805961,Kept as labelled: no boundary to test against.,NEW — not yet reviewed,
,f000402,Anchorage,cannot check (no boundary for this community),,,cannot check,none,594,211,61.218681,-149.856339,Kept as labelled: no boundary to test against.,NEW — not yet reviewed,
,f001102,Anchorage,cannot check (no boundary for this community),,,cannot check,none,602,212,61.172713,-149.971071,Kept as labelled: no boundary to test against.,NEW — not yet reviewed,
,f001144,Anchorage,cannot check (no boundary for this community),,,cannot check,none,607,213,61.181348,-149.978803,Kept as labelled: no boundary to test against.,NEW — not yet reviewed,
,f000075,Anchorage,cannot check (no boundary for this community),,,cannot check,none,675,214,61.168813,-149.91066,Kept as labelled: no boundary to test against.,NEW — not yet reviewed,
,f000210,Anchorage,cannot check (no boundary for this community),,,cannot check,none,678,215,61.17336,-149.950886,Kept as labelled: no boundary to test against.,NEW — not yet reviewed,
,f000583,Anchorage,cannot check (no boundary for this community),,,cannot check,none,746,216,61.191893,-149.813856,Kept as labelled: no boundary to test against.,NEW — not yet reviewed,
,f000633,Anchorage,cannot check (no boundary for this community),,,cannot check,none,1010,217,61.175562,-149.96954,Kept as labelled: no boundary to test against.,NEW — not yet reviewed,
,f000398,Anchorage,cannot check (no boundary for this community),,,cannot check,none,1021,218,61.2228,-149.846634,Kept as labelled: no boundary to test against.,NEW — not yet reviewed,
,f000288,Anchorage,cannot check (no boundary for this community),,,cannot check,none,1031,219,61.173354,-149.981584,Kept as labelled: no boundary to test against.,NEW — not yet reviewed,
,f000477,Anchorage,cannot check (no boundary for this community),,,cannot check,none,1032,220,61.16433,-149.9884,Kept as labelled: no boundary to test against.,NEW — not yet reviewed,
,f001017,Anchorage,cannot check (no boundary for this community),,,cannot check,none,1033,221,61.17819,-150.0163,Kept as labelled: no boundary to test against.,NEW — not yet reviewed,
,f000484,Anchorage,cannot check (no boundary for this community),,,cannot check,none,1034,222,61.095465,-150.0027,Kept as labelled: no boundary to test against.,NEW — not yet reviewed,
,f001503,Anchorage,cannot check (no boundary for this community),,,cannot check,none,1112,223,61.209983,-149.793897,Kept as labelled: no boundary to test against.,NEW — not yet reviewed,
,f000265,Anchorage,cannot check (no boundary for this community),,,cannot check,none,1115,224,61.158545,-149.890626,Kept as labelled: no boundary to test against.,NEW — not yet reviewed,
,f000220,Anchorage,cannot check (no boundary for this community),,,cannot check,none,1116,225,61.179085,-149.889834,Kept as labelled: no boundary to test against.,NEW — not yet reviewed,
,f000682,Anchorage,cannot check (no boundary for this community),,,cannot check,none,1147,226,61.229876,-149.747791,Kept as labelled: no boundary to test against.,NEW — not yet reviewed,
,f000748,Anchorage,cannot check (no boundary for this community),,,cannot check,none,1148,227,61.12168,-149.868103,Kept as labelled: no boundary to test against.,NEW — not yet reviewed,
,f000365,Anchorage,cannot check (no boundary for this community),,,cannot check,none,1149,228,61.182452,-149.878806,Kept as labelled: no boundary to test against.,NEW — not yet reviewed,
,f001551,Anchorage,cannot check (no boundary for this community),,,cannot check,none,1159,229,61.160014,-149.980347,Kept as labelled: no boundary to test against.,NEW — not yet reviewed,
,f001755,Anchorage,cannot check (no boundary for this community),,,cannot check,none,1178,230,61.215114,-149.885049,Kept as labelled: no boundary to test against.,NEW — not yet reviewed,
,f001018,Anchorage,cannot check (no boundary for this community),,,cannot check,none,1179,231,61.162468,-149.833296,Kept as labelled: no boundary to test against.,NEW — not yet reviewed,
,f000313,Anchorage,cannot check (no boundary for this community),,,cannot check,none,1216,232,61.197323,-149.995361,Kept as labelled: no boundary to test against.,NEW — not yet reviewed,
,f000547,Anchorage,cannot check (no boundary for this community),,,cannot check,none,1226,233,61.216899,-149.849193,Kept as labelled: no boundary to test against.,NEW — not yet reviewed,
,f001495,Anchorage,cannot check (no boundary for this community),,,cannot check,none,1239,234,61.218323,-149.882261,Kept as labelled: no boundary to test against.,NEW — not yet reviewed,
,f000644,Anchorage,cannot check (no boundary for this community),,,cannot check,none,1248,235,61.163672,-149.990711,Kept as labelled: no boundary to test against.,NEW — not yet reviewed,
,f001535,Anchorage,cannot check (no boundary for this community),,,cannot check,none,1258,236,61.238791,-149.885931,Kept as labelled: no boundary to test against.,NEW — not yet reviewed,
0.0,f001114,Anderson,match,Anderson,Anderson,match,none,986,237,64.2725,-149.105833,,NEW — not yet reviewed,
0.0,f000235,Anderson,match,Anderson,Anderson,match,none,987,238,64.342808,-149.18887,,NEW — not yet reviewed,
0.0,f000006,Angoon,match,Angoon,Angoon,match,none,122,239,57.497958,-134.584621,,NEW — not yet reviewed,
0.0,f000973,Angoon,match,Angoon,Angoon,match,none,871,240,57.499035,-134.58584,,NEW — not yet reviewed,
0.0,f001425,Angoon,match,Angoon,Angoon,match,none,1307,241,57.498989,-134.585731,,NEW — not yet reviewed,
0.0,f000898,Angoon,match,Angoon,Angoon,match,none,1308,242,57.493512,-134.567256,,NEW — not yet reviewed,
0.0,f001356,Aniak,match,Aniak,Aniak,match,none,444,243,61.575,-159.532,,NEW — not yet reviewed,
0.0,f000681,Aniak,match,Aniak,Aniak,match,none,744,244,61.5959,-159.602,,NEW — not yet reviewed,
0.0,f000146,Aniak,match,Aniak,Aniak,match,none,901,245,61.577899,-159.52551,,NEW — not yet reviewed,
0.0,f001098,Aniak,match,Aniak,Aniak,match,none,1160,246,61.580522,-159.550216,,NEW — not yet reviewed,
0.0,f001650,Aniak,match,Aniak,Aniak,match,none,1309,247,61.574738,-159.535345,,NEW — not yet reviewed,
0.0,f001726,Aniak,match,Aniak,Aniak,match,none,1310,248,61.580835,-159.551052,,Stacks review: keep (farm record) (awaiting your decision),
0.0,f000622,Aniak,match,Aniak,Aniak,match,none,1311,249,61.580764,-159.544056,,NEW — not yet reviewed,
0.0,f001533,Aniak,match,Aniak,Aniak,match,none,1312,250,61.5806,-159.543005,,NEW — not yet reviewed,
0.0,f001201,Aniak,match,Aniak,Aniak,match,none,1313,251,61.581132,-159.545408,,NEW — not yet reviewed,
0.0,f001675,Aniak,match,Aniak,Aniak,match,none,1314,252,61.581132,-159.545408,,NEW — not yet reviewed,
0.0,f001254,Aniak,match,Aniak,Aniak,match,none,1315,253,61.574319,-159.534701,,NEW — not yet reviewed,
0.0,f000564,Aniak,match,Aniak,Aniak,match,none,1316,254,61.581305,-159.546288,,NEW — not yet reviewed,
0.0,f000194,Aniak,match,Aniak,Aniak,match,none,1317,255,61.574258,-159.535838,,NEW — not yet reviewed,
0.0,f001696,Aniak,match,Aniak,Aniak,match,none,1318,256,61.580631,-159.53395,,NEW — not yet reviewed,
0.0,f000271,Anvik,match,Anvik,Anvik,match,none,325,257,62.649269,-160.192389,,NEW — not yet reviewed,
0.0,f000963,Anvik,match,Anvik,Anvik,match,none,906,258,62.649833,-160.193662,,NEW — not yet reviewed,
0.0,f000667,Anvik,match,Anvik,Anvik,match,none,1014,259,62.64904,-160.194273,,NEW — not yet reviewed,
0.0,f001298,Anvik,match,Anvik,Anvik,match,none,1319,260,62.652687,-160.197735,,NEW — not yet reviewed,
0.0,f000115,Anvik,match,Anvik,Anvik,match,none,1320,261,62.652687,-160.197735,,NEW — not yet reviewed,
0.0,f001479,Anvik,match,Anvik,Anvik,match,none,1321,262,62.656176,-160.208635,,NEW — not yet reviewed,
0.0,f001323,Anvik,match,Anvik,Anvik,match,none,1322,263,62.652492,-160.198545,,NEW — not yet reviewed,
0.0,f001481,Anvik,match,Anvik,Anvik,match,none,1323,264,62.652445,-160.198797,,NEW — not yet reviewed,
0.0,f001561,Arctic Village,match,Arctic Village,Arctic Village,match,none,903,265,68.121318,-145.570505,,NEW — not yet reviewed,
0.0,f001143,Arctic Village,match,Arctic Village,Arctic Village,match,none,904,266,68.121318,-145.570505,,NEW — not yet reviewed,
0.0,f000955,Arctic Village,match,Arctic Village,Arctic Village,match,none,1324,267,68.125456,-145.538871,,NEW — not yet reviewed,
0.0,f001543,Arctic Village,match,Arctic Village,Arctic Village,match,none,1325,268,68.12123,-145.570258,,NEW — not yet reviewed,
0.0,f000155,Arctic Village,match,Arctic Village,Arctic Village,match,none,1326,269,68.126915,-145.537004,,NEW — not yet reviewed,
0.0,f001213,Arctic Village,match,Arctic Village,Arctic Village,match,none,1327,270,68.127866,-145.535588,,NEW — not yet reviewed,
0.0,f001626,Atka,match,Atka,Atka,match,none,456,271,52.216111,-174.206389,,NEW — not yet reviewed,
0.0,f001203,Atka,match,Atka,Atka,match,none,1328,272,52.201273,-174.19509,,NEW — not yet reviewed,
0.0,f001742,Atka,match,Atka,Atka,match,none,1329,273,52.197925,-174.198459,,NEW — not yet reviewed,
0.0,f001684,Atka,match,Atka,Atka,match,none,1330,274,52.201268,-174.195087,,NEW — not yet reviewed,
0.0,f001383,Atmautluak,match,Atmautluak,Atmautluak,match,none,392,275,60.8631,-162.2742,,NEW — not yet reviewed,
0.0,f000546,Atmautluak,match,Atmautluak,Atmautluak,match,none,995,276,60.857212,-162.279779,,NEW — not yet reviewed,
0.0,f001522,Atmautluak,match,Atmautluak,Atmautluak,match,none,996,277,60.857324,-162.279866,,NEW — not yet reviewed,
0.0,f000889,Atmautluak,match,Atmautluak,Atmautluak,match,none,997,278,60.857435,-162.27996,,NEW — not yet reviewed,
0.0,f001665,Atmautluak,match,Atmautluak,Atmautluak,match,none,1331,279,60.858321,-162.276147,,NEW — not yet reviewed,
0.0,f000541,Atqasuk,match,Atqasuk,Atqasuk,match,none,468,280,70.481944,-157.416389,,NEW — not yet reviewed,
0.0,f000157,Atqasuk,match,Atqasuk,Atqasuk,match,none,1332,281,70.480689,-157.41992,,NEW — not yet reviewed,
0.0,f001139,Atqasuk,match,Atqasuk,Atqasuk,match,none,1333,282,70.482292,-157.417066,,NEW — not yet reviewed,
0.0,f001026,Atqasuk,match,Atqasuk,Atqasuk,match,none,1334,283,70.482349,-157.420263,,NEW — not yet reviewed,
0.0,f000293,Atqasuk,match,Atqasuk,Atqasuk,match,none,1335,284,70.482094,-157.421829,,NEW — not yet reviewed,
0.0,f001703,Atqasuk,match,Atqasuk,Atqasuk,match,none,1336,285,70.482163,-157.423492,,NEW — not yet reviewed,
0.0,f000854,Atqasuk,match,Atqasuk,Atqasuk,match,none,1337,286,70.481625,-157.42434,,NEW — not yet reviewed,
0.0,f000330,Atqasuk,match,Atqasuk,Atqasuk,match,none,1338,287,70.483288,-157.426089,,NEW — not yet reviewed,
0.0,f000989,Atqasuk,match,Atqasuk,Atqasuk,match,none,1339,288,70.48165,-157.42316,,NEW — not yet reviewed,
0.0,f000015,Atqasuk,match,Atqasuk,Atqasuk,match,none,1340,289,70.477158,-157.418525,,NEW — not yet reviewed,
0.0,f001337,Atqasuk,match,Atqasuk,Atqasuk,match,none,1341,290,70.482292,-157.417066,,NEW — not yet reviewed,
0.0,f000294,Atqasuk,match,Atqasuk,Atqasuk,match,none,1342,291,70.482094,-157.421829,,NEW — not yet reviewed,
0.0,f000103,Atqasuk,match,Atqasuk,Atqasuk,match,none,1343,292,70.483288,-157.426089,,NEW — not yet reviewed,
0.0,f000078,Atqasuk,match,Atqasuk,Atqasuk,match,none,1344,293,70.480689,-157.41992,,NEW — not yet reviewed,
0.0,f000495,Atqasuk,match,Atqasuk,Atqasuk,match,none,1345,294,70.482405,-157.425305,,Stacks review: keep (farm record) (awaiting your decision),
0.0,f001475,Atqasuk,match,Atqasuk,Atqasuk,match,none,1346,295,70.481532,-157.42508,,Stacks review: keep (farm record) (awaiting your decision),
0.0,f001115,Atqasuk,match,Atqasuk,Atqasuk,match,none,1347,296,70.483335,-157.426035,,Stacks review: keep (farm record) (awaiting your decision),
0.0,f001809,Barrow,match,Utqiagvik,Utqiagvik,match,none,265,297,71.283314,-156.775994,,NEW — not yet reviewed,
0.0,f000793,Barrow,match,Utqiagvik,Utqiagvik,match,none,469,298,71.289259,-156.768336,,NEW — not yet reviewed,
0.0,f000580,Barrow,match,Utqiagvik,Utqiagvik,match,none,605,299,71.2917,-156.7805,,NEW — not yet reviewed,
0.0,f000566,Barrow,match,Utqiagvik,Utqiagvik,match,none,765,300,71.2712,-156.772,,NEW — not yet reviewed,
0.0,f000530,Barrow,match,Utqiagvik,Utqiagvik,match,none,878,301,71.329325,-156.66573,,NEW — not yet reviewed,
0.0,f000700,Beaver,match,Beaver,Beaver,match,none,283,302,66.361425,-147.401067,,NEW — not yet reviewed,
0.0,f001022,Beaver,match,Beaver,Beaver,match,none,958,303,66.3596,-147.3967,,NEW — not yet reviewed,
0.0,f000061,Beaver,match,Beaver,Beaver,match,none,959,304,66.3596,-147.3967,,NEW — not yet reviewed,
0.0,f001368,Beaver,match,Beaver,Beaver,match,none,1348,305,66.361391,-147.401028,,NEW — not yet reviewed,
0.0,f001188,Bethel,match,Bethel,Bethel,match,none,227,306,60.775411,-161.84633,,NEW — not yet reviewed,
0.0,f000254,Bethel,match,Bethel,Bethel,match,none,228,307,60.776772,-161.849133,,NEW — not yet reviewed,
0.0,f001116,Bethel,match,Bethel,Bethel,match,none,22,308,60.795919,-161.78283,,NEW — not yet reviewed,
0.0,f001397,Bethel,match,Bethel,Bethel,match,none,72,309,60.79,-161.74,,NEW — not yet reviewed,
0.0,f000325,Bethel,match,Bethel,Bethel,match,none,172,310,60.792747,-161.769699,,NEW — not yet reviewed,
0.0,f000250,Bethel,match,Bethel,Bethel,match,none,393,311,60.784,-161.8412,,NEW — not yet reviewed,
0.0,f000808,Bethel,match,Bethel,Bethel,match,none,597,312,60.786383,-161.787278,,NEW — not yet reviewed,
0.0,f000838,Bethel,match,Bethel,Bethel,match,none,750,314,60.790894,-161.7742,,NEW — not yet reviewed,
0.0,f001091,Bethel,match,Bethel,Bethel,match,none,766,315,60.794173,-161.760889,,NEW — not yet reviewed,
0.0,f000481,Bethel,match,Bethel,Bethel,match,none,892,316,60.791566,-161.771342,,NEW — not yet reviewed,
0.0,f001651,Bethel,match,Bethel,Bethel,match,none,893,317,60.801425,-161.779445,,NEW — not yet reviewed,
0.0,f001833,Bethel,match,Bethel,Bethel,match,none,1035,318,60.79194,-161.8763,,NEW — not yet reviewed,
0.0,f000737,Bethel,match,Bethel,Bethel,match,none,1036,319,60.77856,-161.8371,,NEW — not yet reviewed,
0.0,f000087,Bettles,match,"Bettles, Evansville","Bettles, Evansville",match,none,1349,320,66.923453,-151.508147,,Decision log: set label (ready),
0.0,f000466,Bettles,match,Bettles,"Bettles, Evansville",match,none,1350,321,66.918175,-151.516689,,Decision log: set label (ready),
0.0,f000762,Bettles,match,Bettles,"Bettles, Evansville",match,none,1351,322,66.919264,-151.51405,,Decision log: set label (ready),
0.0,f001757,Bettles,match,"Bettles, Evansville","Bettles, Evansville",match,none,1352,323,66.921721,-151.507715,,Decision log: set label (ready),
0.0,f000105,Bettles,match,"Bettles, Evansville","Bettles, Evansville",match,none,1353,324,66.921214,-151.509126,,Decision log: set label (ready),
0.0,f001640,Bettles Field,match,Bettles,"Bettles, Evansville",match,none,284,326,66.917067,-151.515686,,NEW — not yet reviewed,
0.0,f000339,Bettles Field,match,Bettles,"Bettles, Evansville",match,none,1167,330,66.91799,-151.51384,,NEW — not yet reviewed,
0.0,f000387,Big Lake,match,Big Lake,Big Lake,match,none,1037,331,61.56945,-149.9671,,NEW — not yet reviewed,
0.0,f000056,Birch Creek,match,Birch Creek,Birch Creek,match,none,285,332,66.268964,-145.818236,,NEW — not yet reviewed,
0.0,f000867,Birch Creek,match,Birch Creek,Birch Creek,match,none,1354,333,66.26315,-145.819031,,NEW — not yet reviewed,
0.0,f001721,Birch Creek,match,Birch Creek,Birch Creek,match,none,1355,334,66.26315,-145.819031,,NEW — not yet reviewed,
0.0,f001799,Birch Creek,match,Birch Creek,Birch Creek,match,none,1356,335,66.26315,-145.819031,,NEW — not yet reviewed,
0.0,f001145,Birch Creek,match,Birch Creek,Birch Creek,match,none,1357,336,66.26315,-145.819031,,NEW — not yet reviewed,
,f001694,Birchwood,cannot check (no boundary for this community),,,cannot check,none,528,337,61.409083,-149.509572,Kept as labelled: no boundary to test against.,NEW — not yet reviewed,
,f000135,Bird Creek,cannot check (no boundary for this community),,,cannot check,none,1181,338,60.969818,-149.448823,Kept as labelled: no boundary to test against.,NEW — not yet reviewed,
0.0,f001206,Brevig Mission,match,Brevig Mission,Brevig Mission,match,none,257,339,65.332985,-166.486487,,NEW — not yet reviewed,
0.0,f001705,Brevig Mission,match,Brevig Mission,Brevig Mission,match,none,907,340,65.331357,-166.481104,,NEW — not yet reviewed,
0.0,f001483,Brevig Mission,match,Brevig Mission,Brevig Mission,match,none,1358,341,65.331415,-166.486515,,NEW — not yet reviewed,
0.0,f001332,Brevig Mission,match,Brevig Mission,Brevig Mission,match,none,1359,342,65.331415,-166.486515,,NEW — not yet reviewed,
0.0,f000575,Brevig Mission,match,Brevig Mission,Brevig Mission,match,none,1360,343,65.332297,-166.485722,,NEW — not yet reviewed,
0.0,f000255,Brevig Mission,match,Brevig Mission,Brevig Mission,match,none,1361,344,65.332712,-166.494224,,Stacks review: keep (farm record) (awaiting your decision),
0.0,f000198,Brevig Mission,match,Brevig Mission,Brevig Mission,match,none,1362,345,65.331415,-166.486515,,NEW — not yet reviewed,
0.0,f000356,Brevig Mission,match,Brevig Mission,Brevig Mission,match,none,1363,346,65.333977,-166.492221,,NEW — not yet reviewed,
0.0,f000857,Buckland,match,Buckland,Buckland,match,none,182,347,65.978963,-161.132575,,NEW — not yet reviewed,
0.0,f001158,Buckland,match,Buckland,Buckland,match,none,183,348,65.978752,-161.131744,,NEW — not yet reviewed,
0.0,f000944,Buckland,match,Buckland,Buckland,match,none,184,349,65.978839,-161.132163,,NEW — not yet reviewed,
0.0,f000083,Buckland,match,Buckland,Buckland,match,none,185,350,65.977551,-161.123457,,NEW — not yet reviewed,
0.0,f000091,Buckland,match,Buckland,Buckland,match,none,186,351,65.978839,-161.132163,,NEW — not yet reviewed,
0.0,f001170,Buckland,match,Buckland,Buckland,match,none,328,352,65.980425,-161.138483,,NEW — not yet reviewed,
0.0,f000521,Buckland,match,Buckland,Buckland,match,none,1364,353,65.97995,-161.131753,,Stacks review: keep (farm record) (awaiting your decision),
0.0,f001113,Cantwell,match,Cantwell,Cantwell,match,none,276,354,63.388958,-148.885272,,NEW — not yet reviewed,
0.0,f000996,Cantwell,match,Cantwell,Cantwell,match,none,527,355,63.391236,-148.951497,,NEW — not yet reviewed,
0.0,f001411,Cantwell,match,Cantwell,Cantwell,match,none,988,356,63.392059,-148.965106,,NEW — not yet reviewed,
0.0,f001798,Cantwell,match,Cantwell,Cantwell,match,none,1244,357,63.393076,-148.916738,,NEW — not yet reviewed,
,f000628,Cape Yakataga,cannot check (no boundary for this community),,,cannot check,none,1043,358,60.08201,-142.4934,Kept as labelled: no boundary to test against.,NEW — not yet reviewed,
,f000041,Cape Yakataga,cannot check (no boundary for this community),,,cannot check,none,1044,359,60.08201,-142.4934,Kept as labelled: no boundary to test against.,NEW — not yet reviewed,
,f001002,Cape Yakataga,cannot check (no boundary for this community),,,cannot check,none,1045,360,60.08617,-142.4887,Kept as labelled: no boundary to test against.,NEW — not yet reviewed,
,f001311,Cape Yakataga,cannot check (no boundary for this community),,,cannot check,none,1046,361,60.08201,-142.4934,Kept as labelled: no boundary to test against.,NEW — not yet reviewed,
0.0,f000256,Central,match,Central,Central,match,none,286,362,65.573336,-144.79535,,NEW — not yet reviewed,
0.0,f000285,Chalkyitsik,match,Chalkyitsik,Chalkyitsik,match,none,287,363,66.648444,-143.728628,,NEW — not yet reviewed,
0.0,f000424,Chalkyitsik,match,Chalkyitsik,Chalkyitsik,match,none,475,364,66.650109,-143.728981,,NEW — not yet reviewed,
0.0,f001277,Chalkyitsik,match,Chalkyitsik,Chalkyitsik,match,none,476,365,66.650109,-143.728981,,NEW — not yet reviewed,
0.0,f000862,Chalkyitsik,match,Chalkyitsik,Chalkyitsik,match,none,477,366,66.648994,-143.72935,,NEW — not yet reviewed,
0.0,f000631,Chalkyitsik,match,Chalkyitsik,Chalkyitsik,match,none,1365,367,66.653592,-143.721562,,NEW — not yet reviewed,
0.0,f001487,Chalkyitsik,match,Chalkyitsik,Chalkyitsik,match,none,1366,368,66.649208,-143.728031,,NEW — not yet reviewed,
0.0,f001736,Chalkyitsik,match,Chalkyitsik,Chalkyitsik,match,none,1367,369,66.650055,-143.728965,,NEW — not yet reviewed,
0.0,f001282,Chalkyitsik,match,Chalkyitsik,Chalkyitsik,match,none,1368,370,66.653592,-143.721562,,NEW — not yet reviewed,
0.0,f001515,Chalkyitsik,match,Chalkyitsik,Chalkyitsik,match,none,1369,371,66.649208,-143.728031,,NEW — not yet reviewed,
,f000282,Chandalar,cannot check (no boundary for this community),,,cannot check,none,1047,372,67.295384,-148.301133,Kept as labelled: no boundary to test against.,NEW — not yet reviewed,
0.0,f001307,Chefornak,match,Chefornak,Chefornak,match,none,1370,374,60.157946,-164.280097,,NEW — not yet reviewed,
0.0,f000753,Chefornak,match,Chefornak,Chefornak,match,none,1371,375,60.158245,-164.28074,,NEW — not yet reviewed,
0.0,f001342,Chefornak,match,Chefornak,Chefornak,match,none,1374,378,60.158784,-164.276363,,NEW — not yet reviewed,
0.0,f000637,Chefornak,match,Chefornak,Chefornak,match,none,1376,380,60.157567,-164.282457,,NEW — not yet reviewed,
0.0,f000434,Chenega,match,Chenega,Chenega,match,none,372,381,60.0781,-147.9974,,NEW — not yet reviewed,
0.0,f000108,Chenega,match,Chenega,Chenega,match,none,882,382,60.050643,-148.067744,,NEW — not yet reviewed,
0.0,f001462,Chenega,match,Chenega,Chenega,match,none,965,383,60.065534,-148.012479,,NEW — not yet reviewed,
0.0,f001765,Chenega,match,Chenega,Chenega,match,none,1377,384,60.065914,-148.012009,,NEW — not yet reviewed,
0.0,f001394,Chenega,match,Chenega,Chenega,match,none,1378,385,60.065521,-148.009833,,NEW — not yet reviewed,
0.0,f000863,Chenega,match,Chenega,Chenega,match,none,1379,386,60.065621,-148.012733,,NEW — not yet reviewed,
0.0,f000516,Chevak,match,Chevak,Chevak,match,none,908,388,61.525348,-165.590571,,NEW — not yet reviewed,
0.0,f000189,Chevak,match,Chevak,Chevak,match,none,962,389,61.532188,-165.584571,,NEW — not yet reviewed,
0.0,f000134,Chevak,match,Chevak,Chevak,match,none,1380,390,61.528094,-165.586196,,NEW — not yet reviewed,
0.0,f001029,Chevak,match,Chevak,Chevak,match,none,1381,391,61.527736,-165.589543,,NEW — not yet reviewed,
0.0,f001374,Chevak,match,Chevak,Chevak,match,none,1382,392,61.528554,-165.584715,,NEW — not yet reviewed,
0.0,f000830,Chevak,match,Chevak,Chevak,match,none,1383,393,61.529178,-165.586346,,NEW — not yet reviewed,
0.0,f001344,Chevak,match,Chevak,Chevak,match,none,1384,394,61.527419,-165.585445,,NEW — not yet reviewed,
0.0,f001457,Chevak,match,Chevak,Chevak,match,none,1386,396,61.528094,-165.586196,,NEW — not yet reviewed,
0.0,f001225,Chevak,match,Chevak,Chevak,match,none,1387,397,61.529168,-165.586067,,NEW — not yet reviewed,
0.0,f000382,Chicken,match,Chicken,Chicken,match,none,307,398,64.0676,-141.948978,,NEW — not yet reviewed,
0.0,f001392,Chicken,match,Chicken,Chicken,match,none,313,399,64.050472,-141.785553,,NEW — not yet reviewed,
0.0,f000171,Chignik,match,Chignik,Chignik,match,none,885,400,56.29452,-158.403439,,NEW — not yet reviewed,
0.0,f000096,Chignik,match,Chignik,Chignik,match,none,1199,401,56.29296,-158.40581,,NEW — not yet reviewed,
0.0,f001509,Chignik,match,Chignik,Chignik,match,none,1388,402,56.294142,-158.40232,,NEW — not yet reviewed,
0.0,f000712,Chignik,match,Chignik,Chignik,match,none,1389,403,56.292297,-158.406783,,NEW — not yet reviewed,
0.0,f000438,Chignik,match,Chignik,Chignik,match,none,1390,404,56.292374,-158.407038,,NEW — not yet reviewed,
0.0,f000636,Chignik Lagoon,match,Chignik Lagoon,Chignik Lagoon,match,none,83,405,56.311484,-158.536359,,NEW — not yet reviewed,
0.0,f001414,Chignik Lagoon,match,Chignik Lagoon,Chignik Lagoon,match,none,1200,407,56.308375,-158.537202,,NEW — not yet reviewed,
0.0,f001499,Chignik Lagoon,match,Chignik Lagoon,Chignik Lagoon,match,none,1391,408,56.31044,-158.535668,,NEW — not yet reviewed,
0.0,f001674,Chignik Lagoon,match,Chignik Lagoon,Chignik Lagoon,match,none,1392,409,56.31044,-158.535668,,NEW — not yet reviewed,
0.0,f000928,Chignik Lagoon,match,Chignik Lagoon,Chignik Lagoon,match,none,1393,410,56.31044,-158.535668,,NEW — not yet reviewed,
0.0,f001184,Chignik Lagoon,match,Chignik Lagoon,Chignik Lagoon,match,none,1394,411,56.31044,-158.535668,,NEW — not yet reviewed,
0.0,f000951,Chignik Lagoon,match,Chignik Lagoon,Chignik Lagoon,match,none,1395,412,56.31044,-158.535658,,NEW — not yet reviewed,
0.0,f001142,Chignik Lagoon,match,Chignik Lagoon,Chignik Lagoon,match,none,1396,413,56.31044,-158.535658,,NEW — not yet reviewed,
0.0,f001598,Chignik Lagoon,match,Chignik Lagoon,Chignik Lagoon,match,none,1397,414,56.31044,-158.535658,,NEW — not yet reviewed,
0.0,f001442,Chignik Lake,match,Chignik Lake,Chignik Lake,match,none,1201,415,56.253686,-158.764985,,NEW — not yet reviewed,
0.0,f000651,Chignik Lake,match,Chignik Lake,Chignik Lake,match,none,1398,416,56.252945,-158.76342,,NEW — not yet reviewed,
0.0,f001720,Chignik Lake,match,Chignik Lake,Chignik Lake,match,none,1399,417,56.252946,-158.76342,,NEW — not yet reviewed,
0.0,f000590,Chignik Lake,match,Chignik Lake,Chignik Lake,match,none,1400,418,56.252945,-158.76342,,NEW — not yet reviewed,
0.0,f001154,Chiniak,match,Chiniak,Chiniak,match,none,499,419,57.613544,-152.234361,,NEW — not yet reviewed,
0.0,f000706,Chistochina,match,Chistochina,Chistochina,match,none,623,420,62.57,-144.67,,NEW — not yet reviewed,
0.0,f000848,Chitina,match,Chitina,Chitina,match,none,300,421,61.583261,-144.433381,,NEW — not yet reviewed,
0.0,f001258,Chuathbaluk,match,Chuathbaluk,Chuathbaluk,match,none,401,422,61.5789,-159.2262,,NEW — not yet reviewed,
0.0,f000663,Chuathbaluk,match,Chuathbaluk,Chuathbaluk,match,none,963,423,61.570905,-159.241913,,NEW — not yet reviewed,
0.0,f001793,Chuathbaluk,match,Chuathbaluk,Chuathbaluk,match,none,964,424,61.570868,-159.242119,,NEW — not yet reviewed,
0.0,f000304,Chuathbaluk,match,Chuathbaluk,Chuathbaluk,match,none,1161,425,61.573646,-159.249603,,NEW — not yet reviewed,
0.0,f000792,Chuathbaluk,match,Chuathbaluk,Chuathbaluk,match,none,1401,426,61.571911,-159.246736,,NEW — not yet reviewed,
0.0,f001553,Chuathbaluk,match,Chuathbaluk,Chuathbaluk,match,none,1402,427,61.575348,-159.239205,,NEW — not yet reviewed,
0.0,f001068,Chuathbaluk,match,Chuathbaluk,Chuathbaluk,match,none,1403,428,61.575348,-159.239205,,NEW — not yet reviewed,
0.0,f001308,Chuathbaluk,match,Chuathbaluk,Chuathbaluk,match,none,1405,430,61.571798,-159.246425,,NEW — not yet reviewed,
,f001767,Chugiak,cannot check (no boundary for this community),,,cannot check,none,368,431,61.421577,-149.497038,Kept as labelled: no boundary to test against.,NEW — not yet reviewed,
0.0,f001562,Circle,match,Circle,Circle,match,none,1013,432,65.826664,-144.066804,,NEW — not yet reviewed,
0.0,f001783,Clarks Point,match,Clark's Point,Clark's Point,match,none,110,433,58.836247,-158.544473,,Decision log: set label (ready),
0.0,f001658,Clarks Point,match,Clark's Point,Clark's Point,match,none,402,434,58.8369,-158.5293,,Decision log: set label (ready),
0.0,f000369,Clark's Point,match,Clark's Point,Clark's Point,match,none,1406,435,58.841318,-158.553786,,NEW — not yet reviewed,
0.0,f000225,Clark's Point,match,Clark's Point,Clark's Point,match,none,1407,436,58.841318,-158.553786,,NEW — not yet reviewed,
0.0,f001587,Clark's Point,match,Clark's Point,Clark's Point,match,none,1408,437,58.834857,-158.547697,,NEW — not yet reviewed,
0.0,f001698,Clark's Point,match,Clark's Point,Clark's Point,match,none,1409,438,58.835766,-158.556415,,NEW — not yet reviewed,
0.0,f001689,Clark's Point,match,Clark's Point,Clark's Point,match,none,1410,439,58.835766,-158.556415,,NEW — not yet reviewed,
0.0,f000231,Clark's Point,match,Clark's Point,Clark's Point,match,none,1411,440,58.835318,-158.555949,,NEW — not yet reviewed,
0.0,f001348,Coffman Cove,match,Coffman Cove,Coffman Cove,match,none,426,442,56.014922,-132.829368,,NEW — not yet reviewed,
0.0,f000934,Coffman Cove,match,Coffman Cove,Coffman Cove,match,none,624,443,56.02,-132.83,,NEW — not yet reviewed,
0.0,f000263,Coffman Cove,match,Coffman Cove,Coffman Cove,match,none,1217,444,56.013856,-132.827763,,NEW — not yet reviewed,
0.0,f001242,Coffman Cove,match,Coffman Cove,Coffman Cove,match,none,1412,445,56.010963,-132.830708,,NEW — not yet reviewed,
0.0,f000625,Coffman Cove,match,Coffman Cove,Coffman Cove,match,none,1413,446,56.014263,-132.82846,,NEW — not yet reviewed,
0.0,f001823,Cold Bay,match,Cold Bay,Cold Bay,match,none,21,447,55.202968,-162.719201,,NEW — not yet reviewed,
0.0,f000084,Cold Bay,match,Cold Bay,Cold Bay,match,none,139,448,55.204632,-162.719734,,NEW — not yet reviewed,
0.0,f001536,Cold Bay,match,Cold Bay,Cold Bay,match,none,440,449,55.203889,-162.72,,NEW — not yet reviewed,
0.0,f001257,Cold Bay,match,Cold Bay,Cold Bay,match,none,1052,451,55.20515,-162.7244,,NEW — not yet reviewed,
0.0,f000046,Cold Bay,match,Cold Bay,Cold Bay,match,none,1053,452,55.20526,-162.7245,,NEW — not yet reviewed,
0.0,f001071,Cold Bay,match,Cold Bay,Cold Bay,match,none,1414,453,55.205903,-162.716409,,NEW — not yet reviewed,
0.0,f000019,Cold Bay,match,Cold Bay,Cold Bay,match,none,1415,454,55.202512,-162.719974,,NEW — not yet reviewed,
0.0,f001573,Coldfoot,match,Coldfoot,Coldfoot,match,none,267,455,67.255158,-150.186828,,NEW — not yet reviewed,
0.0,f000224,Cooper Landing,match,Cooper Landing,Cooper Landing,match,none,375,458,60.481656,-149.723748,,NEW — not yet reviewed,
0.0,f000175,Cordova,match,Cordova,Cordova,match,none,24,460,60.496576,-145.480225,,NEW — not yet reviewed,
0.0,f001439,Cordova,match,Cordova,Cordova,match,none,77,461,60.552052,-145.759432,,NEW — not yet reviewed,
0.0,f000704,Cordova,match,Cordova,Cordova,match,none,126,462,60.543611,-145.757778,,NEW — not yet reviewed,
0.0,f000430,Cordova,match,Cordova,Cordova,match,none,127,463,60.540278,-145.758889,,NEW — not yet reviewed,
0.0,f001537,Cordova,match,Cordova,Cordova,match,none,195,464,60.544512,-145.758301,,NEW — not yet reviewed,
0.0,f000916,Cordova,match,Cordova,Cordova,match,none,886,468,60.548976,-145.764208,,NEW — not yet reviewed,
0.0,f001421,Cordova,match,Cordova,Cordova,match,none,894,469,60.542638,-145.763783,,NEW — not yet reviewed,
0.0,f000303,Cordova,match,Cordova,Cordova,match,none,984,470,60.544641,-145.757214,,NEW — not yet reviewed,
0.0,f000675,Cordova,match,Cordova,Cordova,match,none,1054,471,60.49178,-145.4775,,NEW — not yet reviewed,
0.0,f000380,Cordova,match,Cordova,Cordova,match,none,1055,472,60.55,-145.75,,NEW — not yet reviewed,
0.0,f000012,Craig,match,Craig,Craig,match,none,553,475,55.487721,-133.140937,,NEW — not yet reviewed,
0.0,f000766,Craig,match,Craig,Craig,match,none,625,476,55.476917,-133.148722,,NEW — not yet reviewed,
0.0,f000715,Craig,match,Craig,Craig,match,none,626,477,55.489278,-133.134111,,NEW — not yet reviewed,
0.0,f001359,Craig,match,Craig,Craig,match,none,985,478,55.488702,-133.127701,,NEW — not yet reviewed,
0.0,f000697,Craig,match,Craig,Craig,match,none,1416,479,55.488811,-133.140541,,NEW — not yet reviewed,
0.0,f000337,Craig,match,Craig,Craig,match,none,1417,480,55.476011,-133.136808,,NEW — not yet reviewed,
0.0,f000855,Craig,match,Craig,Craig,match,none,1419,482,55.475983,-133.136894,,NEW — not yet reviewed,
0.0,f000868,Craig,match,Craig,Craig,match,none,1420,483,55.476471,-133.147381,,NEW — not yet reviewed,
0.0,f001558,Craig,match,Craig,Craig,match,none,1421,484,55.476011,-133.136808,,NEW — not yet reviewed,
0.0,f001120,Craig,match,Craig,Craig,match,none,1422,485,55.472554,-133.140928,,NEW — not yet reviewed,
0.0,f000318,Craig,match,Craig,Craig,match,none,1423,486,55.478067,-133.140614,,NEW — not yet reviewed,
0.0,f000787,Crooked Creek,match,Crooked Creek,Crooked Creek,match,none,1162,487,61.863985,-158.138373,,NEW — not yet reviewed,
0.0,f001255,Crooked Creek,match,Crooked Creek,Crooked Creek,match,none,1221,488,61.860528,-158.137361,,NEW — not yet reviewed,
0.0,f001248,Crooked Creek,match,Crooked Creek,Crooked Creek,match,none,1424,489,61.865053,-158.131331,,NEW — not yet reviewed,
0.0,f001295,Crooked Creek,match,Crooked Creek,Crooked Creek,match,none,1425,490,61.869313,-158.112974,,NEW — not yet reviewed,
0.0,f000081,Crooked Creek,match,Crooked Creek,Crooked Creek,match,none,1426,491,61.86049,-158.137468,,NEW — not yet reviewed,
0.0,f001482,Crown Point,match,Crown Point,"Crown Point, Moose Pass, Primrose",match,none,376,492,60.414671,-149.373787,,NEW — not yet reviewed,
0.0,f001137,Deering,match,Deering,Deering,match,none,991,494,66.080154,-162.738359,,NEW — not yet reviewed,
0.0,f000209,Deering,match,Deering,Deering,match,none,992,495,66.080099,-162.738219,,NEW — not yet reviewed,
0.0,f001223,Deering,match,Deering,Deering,match,none,993,496,66.080099,-162.738219,,NEW — not yet reviewed,
0.0,f001818,Deering,match,Deering,Deering,match,none,994,497,66.080017,-162.73816,,NEW — not yet reviewed,
0.0,f001614,Deering,match,Deering,Deering,match,none,1428,498,66.081589,-162.740442,,NEW — not yet reviewed,
0.0,f000497,Delta Junction,match,Delta Junction,"Delta Junction, Fort Greely",match,none,308,499,64.037342,-145.735011,,NEW — not yet reviewed,
0.0,f000847,Delta Junction,match,Delta Junction,"Delta Junction, Fort Greely",match,none,497,500,64.033501,-145.729401,,NEW — not yet reviewed,
0.0,f000418,Delta Junction,match,Delta Junction,Delta Junction,match,none,706,503,64.064853,-145.741449,,NEW — not yet reviewed,
0.0,f001236,Delta Junction,match,Delta Junction,"Delta Junction, Fort Greely",match,none,999,505,64.040156,-145.728699,,NEW — not yet reviewed,
0.0,f000161,Delta Junction,match,Delta Junction,"Delta Junction, Deltana, Fort Greely",match,none,1023,506,64.028035,-145.719372,,NEW — not yet reviewed,
0.0,f000011,Dillingham,match,Dillingham,Dillingham,match,none,18,509,59.040439,-158.468289,,NEW — not yet reviewed,
0.0,f001177,Dillingham,match,Dillingham,Dillingham,match,none,73,510,59.07,-158.58,,NEW — not yet reviewed,
0.0,f000816,Dillingham,match,Dillingham,Dillingham,match,none,403,511,59.0451,-158.5128,,NEW — not yet reviewed,
0.0,f000018,Dillingham,match,Dillingham,Dillingham,match,none,542,512,59.042635,-158.468346,,NEW — not yet reviewed,
0.0,f001032,Dillingham,match,Dillingham,Dillingham,match,none,751,513,59.041506,-158.464625,,NEW — not yet reviewed,
0.0,f001195,Dillingham,match,Dillingham,Dillingham,match,none,774,514,59.044111,-158.456047,,NEW — not yet reviewed,
0.0,f001044,Dillingham,match,Dillingham,Dillingham,match,none,863,515,59.06817,-158.441704,,NEW — not yet reviewed,
0.0,f001520,Dillingham,match,Dillingham,Dillingham,match,none,864,516,59.067733,-158.438244,,NEW — not yet reviewed,
0.0,f000981,Dillingham,match,Dillingham,Dillingham,match,none,895,517,59.03969,-158.466416,,NEW — not yet reviewed,
0.0,f001604,Diomede,match,Diomede,Diomede,match,none,19,518,65.759294,-168.950585,,NEW — not yet reviewed,
0.0,f001305,Dutch Harbor,match,Unalaska,Unalaska,match,none,163,520,53.88725,-166.546839,,Decision log: set label (ready),
0.0,f000895,Dutch Harbor,match,Unalaska,Unalaska,match,none,443,521,53.896944,-166.54,,Decision log: set label (ready),
0.0,f000335,Dutch Harbor,match,Unalaska,Unalaska,match,none,865,522,53.912423,-166.506715,,Decision log: set label (ready),
0.0,f000532,Dutch Harbor,match,Unalaska,Unalaska,match,none,1049,523,53.90514,-166.5478,,Decision log: set label (ready),
0.0,f000864,Eagle,match,Eagle,Eagle,match,none,775,526,64.785389,-141.210269,,NEW — not yet reviewed,
0.0,f001576,Eagle,match,Eagle,"Eagle, Eagle Village",match,none,1249,528,64.783277,-141.198879,,NEW — not yet reviewed,
,f000456,Eagle River,cannot check (no boundary for this community),,,cannot check,none,563,529,61.306506,-149.548285,Kept as labelled: no boundary to test against.,NEW — not yet reviewed,
,f001199,Eagle River,cannot check (no boundary for this community),,,cannot check,none,579,530,61.301195,-149.524178,Kept as labelled: no boundary to test against.,NEW — not yet reviewed,
,f000277,Eagle River,cannot check (no boundary for this community),,,cannot check,none,582,531,61.369222,-149.535578,Kept as labelled: no boundary to test against.,NEW — not yet reviewed,
,f001617,Eagle River,cannot check (no boundary for this community),,,cannot check,none,585,532,61.29722,-149.57198,Kept as labelled: no boundary to test against.,NEW — not yet reviewed,
,f001347,Eagle River,cannot check (no boundary for this community),,,cannot check,none,596,533,61.302667,-149.578619,Kept as labelled: no boundary to test against.,NEW — not yet reviewed,
0.0,f000722,Edna Bay,match,Edna Bay,Edna Bay,match,none,967,534,55.9636,-133.6212,,NEW — not yet reviewed,
0.0,f000570,Edna Bay,match,Edna Bay,Edna Bay,match,none,1218,535,55.943702,-133.663389,,NEW — not yet reviewed,
0.0,f000839,Eek,match,Eek,Eek,match,none,396,536,60.2145,-162.0404,,NEW — not yet reviewed,
0.0,f000849,Eek,match,Eek,Eek,match,none,551,537,60.22,-162.03417,,NEW — not yet reviewed,
0.0,f000142,Eek,match,Eek,Eek,match,none,909,538,60.218645,-162.030308,,NEW — not yet reviewed,
0.0,f001647,Eek,match,Eek,Eek,match,none,1429,539,60.217397,-162.025644,,NEW — not yet reviewed,
0.0,f000165,Eek,match,Eek,Eek,match,none,1430,540,60.21574,-162.025097,,NEW — not yet reviewed,
0.0,f000873,Egegik,match,Egegik,Egegik,match,none,518,541,58.2156,-157.3758,,NEW — not yet reviewed,
0.0,f001506,Egegik,match,Egegik,Egegik,match,none,866,542,58.214707,-157.376069,,NEW — not yet reviewed,
0.0,f001637,Egegik,match,Egegik,Egegik,match,none,1202,543,58.21232,-157.375756,,NEW — not yet reviewed,
0.0,f000550,Egegik,match,Egegik,Egegik,match,none,1431,544,58.213969,-157.370933,,NEW — not yet reviewed,
0.0,f001241,Egegik,match,Egegik,Egegik,match,none,1432,545,58.214286,-157.376608,,NEW — not yet reviewed,
0.0,f001326,Egegik,match,Egegik,Egegik,match,none,1433,546,58.209052,-157.37575,,NEW — not yet reviewed,
0.0,f000901,Egegik,match,Egegik,Egegik,match,none,1434,547,58.214376,-157.377295,,NEW — not yet reviewed,
0.0,f001153,Egegik,match,Egegik,Egegik,match,none,1435,548,58.210646,-157.359571,,NEW — not yet reviewed,
0.0,f000308,Egegik,match,Egegik,Egegik,match,none,1436,549,58.214286,-157.376587,,NEW — not yet reviewed,
0.0,f000410,Ekwok,match,Ekwok,Ekwok,match,none,404,559,59.3531,-157.4731,,NEW — not yet reviewed,
0.0,f001644,Ekwok,match,Ekwok,Ekwok,match,none,946,560,59.346408,-157.480083,,NEW — not yet reviewed,
0.0,f001110,Ekwok,match,Ekwok,Ekwok,match,none,968,561,59.346351,-157.479288,,NEW — not yet reviewed,
0.0,f000562,Ekwok,match,Ekwok,Ekwok,match,none,1437,562,59.349623,-157.476761,,NEW — not yet reviewed,
0.0,f000568,Elfin Cove,match,Elfin Cove,Elfin Cove,match,none,1438,564,58.19433,-136.34647,,NEW — not yet reviewed,
0.0,f000688,Elim,match,Elim,Elim,match,none,260,565,64.615949,-162.264699,,NEW — not yet reviewed,
0.0,f000892,Elim,match,Elim,Elim,match,none,910,566,64.609819,-162.275172,,NEW — not yet reviewed,
0.0,f001622,Elim,match,Elim,Elim,match,none,990,567,64.617366,-162.260215,,NEW — not yet reviewed,
0.0,f000510,Elim,match,Elim,Elim,match,none,1007,568,64.610915,-162.273258,,NEW — not yet reviewed,
0.0,f000703,Elim,match,Elim,Elim,match,none,1439,569,64.618158,-162.260334,,NEW — not yet reviewed,
0.0,f000455,Elim,match,Elim,Elim,match,none,1440,570,64.61909,-162.270647,,NEW — not yet reviewed,
0.0,f001740,Emmonak,match,Emmonak,Emmonak,match,none,230,571,62.777279,-164.529937,,NEW — not yet reviewed,
0.0,f001628,Emmonak,match,Emmonak,Emmonak,match,none,332,572,62.778194,-164.495286,,NEW — not yet reviewed,
0.0,f001775,Emmonak,match,Emmonak,Emmonak,match,none,661,573,62.778256,-164.528458,,NEW — not yet reviewed,
0.0,f001062,Emmonak,match,Emmonak,Emmonak,match,none,1002,574,62.776588,-164.517854,,NEW — not yet reviewed,
0.0,f000894,Emmonak,match,Emmonak,Emmonak,match,none,1003,575,62.776454,-164.517181,,NEW — not yet reviewed,
0.0,f001202,Emmonak,match,Emmonak,Emmonak,match,none,1441,576,62.777817,-164.531062,,NEW — not yet reviewed,
0.0,f001416,Emmonak,match,Emmonak,Emmonak,match,none,1442,577,62.776639,-164.518195,,NEW — not yet reviewed,
0.0,f000574,Emmonak,match,Emmonak,Emmonak,match,none,1443,578,62.776565,-164.517766,,NEW — not yet reviewed,
0.0,f001045,Emmonak,match,Emmonak,Emmonak,match,none,1444,579,62.777935,-164.545747,,NEW — not yet reviewed,
0.0,f000446,Emmonak,match,Emmonak,Emmonak,match,none,1445,580,62.776904,-164.495107,,NEW — not yet reviewed,
0.0,f001319,Evansville,match,"Bettles, Evansville","Bettles, Evansville",match,none,1022,581,66.922666,-151.506209,,NEW — not yet reviewed,
0.0,f001097,Fairbanks,match,Fairbanks,"College, Fairbanks",match,none,231,582,64.841762,-147.75359,,NEW — not yet reviewed,
0.0,f000182,Fairbanks,match,Fairbanks,"College, Fairbanks",match,none,233,583,64.842111,-147.753161,,NEW — not yet reviewed,
0.0,f000219,Fairbanks,match,Fairbanks,"Fairbanks, South Van Horn",match,none,57,585,64.814762,-147.704189,,NEW — not yet reviewed,
0.0,f001278,Fairbanks,match,Fairbanks,"Fairbanks, Farmers Loop, Steele Creek",match,none,99,587,64.8702,-147.645965,,NEW — not yet reviewed,
0.0,f001388,Fairbanks,match,Fairbanks,"College, Fairbanks, South Van Horn",match,none,115,588,64.833804,-147.7727,,NEW — not yet reviewed,
0.0,f001623,Fairbanks,match,Fairbanks,"College, Fairbanks, South Van Horn",match,none,255,591,64.829266,-147.769716,,NEW — not yet reviewed,
0.0,f000906,Fairbanks,match,Fairbanks,"College, Fairbanks, South Van Horn",match,none,280,592,64.825941,-147.772714,,NEW — not yet reviewed,
0.0,f001508,Fairbanks,match,Fairbanks,"College, Fairbanks, Farmers Loop",match,none,524,595,64.850195,-147.722508,,NEW — not yet reviewed,
0.0,f001345,Fairbanks,match,Fairbanks,"College, Fairbanks, South Van Horn",match,none,525,596,64.812101,-147.743291,,NEW — not yet reviewed,
0.0,f000388,Fairbanks,match,Fairbanks,"College, Fairbanks, Farmers Loop",match,none,529,597,64.847949,-147.755086,,NEW — not yet reviewed,
0.0,f000351,Fairbanks,match,Fairbanks,"Fairbanks, South Van Horn",match,none,538,598,64.814831,-147.738586,,NEW — not yet reviewed,
0.0,f001274,Fairbanks,match,Fairbanks,"College, Fairbanks, Farmers Loop",match,none,543,599,64.862297,-147.741583,,NEW — not yet reviewed,
0.0,f000582,Fairbanks,match,Fairbanks,"College, Fairbanks",match,none,544,600,64.838871,-147.763897,,NEW — not yet reviewed,
0.0,f001033,Fairbanks,match,Fairbanks,"College, Fairbanks, South Van Horn",match,none,590,601,64.832317,-147.758947,,NEW — not yet reviewed,
0.0,f001300,Fairbanks,match,Fairbanks,"Fairbanks, South Van Horn",match,none,609,602,64.813443,-147.707206,,NEW — not yet reviewed,
0.0,f001334,Fairbanks,match,Fairbanks,"College, Fairbanks, South Van Horn",match,none,655,604,64.813312,-147.76026,,NEW — not yet reviewed,
0.0,f001303,Fairbanks,match,Fairbanks,"Fairbanks, South Van Horn",match,none,777,610,64.828333,-147.668889,,NEW — not yet reviewed,
0.0,f000765,Fairbanks,match,Fairbanks,Fairbanks,match,none,781,614,64.836492,-147.708511,,NEW — not yet reviewed,
0.0,f000503,Fairbanks,match,Fairbanks,"Fairbanks, South Van Horn",match,none,782,615,64.819734,-147.717494,,NEW — not yet reviewed,
0.0,f001375,Fairbanks,match,Fairbanks,"College, Fairbanks, Farmers Loop",match,none,862,618,64.850115,-147.733732,,NEW — not yet reviewed,
0.0,f000116,Fairbanks,match,Fairbanks,"Fairbanks, South Van Horn",match,none,1024,621,64.816694,-147.724035,,NEW — not yet reviewed,
0.0,f000919,Fairbanks,match,Fairbanks,"College, Fairbanks, Farmers Loop",match,none,1025,622,64.853264,-147.719729,,NEW — not yet reviewed,
0.0,f001247,Fairbanks,match,Fairbanks,"College, Fairbanks, Farmers Loop",match,none,1026,623,64.853264,-147.719729,,NEW — not yet reviewed,
0.0,f000064,Fairbanks,match,Fairbanks,"Badger, Fairbanks",match,none,1056,624,64.81333,-147.583,,NEW — not yet reviewed,
0.0,f000718,Fairbanks,match,Fairbanks,"Fairbanks, South Van Horn",match,none,1117,631,64.813578,-147.73225,,NEW — not yet reviewed,
0.0,f001474,Fairbanks,match,Fairbanks,"Fairbanks, Farmers Loop, Steele Creek",match,none,1150,633,64.856032,-147.696556,,NEW — not yet reviewed,
0.0,f001687,False Pass,match,False Pass,False Pass,match,none,140,635,54.853056,-163.418333,,NEW — not yet reviewed,
0.0,f001760,False Pass,match,False Pass,False Pass,match,none,511,636,54.86318,-163.413476,,NEW — not yet reviewed,
0.0,f000150,False Pass,match,False Pass,False Pass,match,none,556,637,54.867952,-163.407801,,NEW — not yet reviewed,
0.0,f000699,False Pass,match,False Pass,False Pass,match,none,1106,638,54.862313,-163.414146,,NEW — not yet reviewed,
0.0,f000126,False Pass,match,False Pass,False Pass,match,none,1107,639,54.863273,-163.413459,,NEW — not yet reviewed,
0.0,f000381,False Pass,match,False Pass,False Pass,match,none,1192,640,54.86679,-163.409961,,NEW — not yet reviewed,
0.0,f001301,False Pass,match,False Pass,False Pass,match,none,1446,641,54.854853,-163.411929,,NEW — not yet reviewed,
0.0,f000761,Fort Greely,match,Fort Greely,Fort Greely,match,none,49,642,63.956403,-145.740064,,NEW — not yet reviewed,
,f001281,Fort Richardson,cannot check (no boundary for this community),,,cannot check,none,565,643,61.256018,-149.669655,Kept as labelled: no boundary to test against.,NEW — not yet reviewed,
0.0,f000608,Fort Yukon,match,Fort Yukon,Fort Yukon,match,none,288,650,66.568211,-145.254222,,NEW — not yet reviewed,
0.0,f001714,Fort Yukon,match,Fort Yukon,Fort Yukon,match,none,896,651,66.56747,-145.249988,,NEW — not yet reviewed,
0.0,f001449,Fort Yukon,match,Fort Yukon,Fort Yukon,match,none,1011,652,66.56419,-145.253973,,NEW — not yet reviewed,
0.0,f000238,Fort Yukon,match,Fort Yukon,Fort Yukon,match,none,1447,653,66.565667,-145.258047,,NEW — not yet reviewed,
0.0,f000106,Fort Yukon,match,Fort Yukon,Fort Yukon,match,none,1448,654,66.567753,-145.259335,,NEW — not yet reviewed,
0.0,f001217,Fort Yukon,match,Fort Yukon,Fort Yukon,match,none,1449,655,66.567851,-145.258702,,NEW — not yet reviewed,
0.0,f000708,Fort Yukon,match,Fort Yukon,Fort Yukon,match,none,1451,657,66.5646,-145.259066,,NEW — not yet reviewed,
0.0,f001072,Fort Yukon,match,Fort Yukon,Fort Yukon,match,none,1452,658,66.564395,-145.258348,,NEW — not yet reviewed,
0.0,f000069,Fort Yukon,match,Fort Yukon,Fort Yukon,match,none,1453,659,66.567962,-145.25809,,Stacks review: keep (farm record) (awaiting your decision),
0.0,f000364,Fort Yukon,match,Fort Yukon,Fort Yukon,match,none,1454,660,66.564502,-145.258755,,NEW — not yet reviewed,
0.0,f000396,Fort Yukon,match,Fort Yukon,Fort Yukon,match,none,1455,661,66.564677,-145.259506,,NEW — not yet reviewed,
0.0,f001299,Fort Yukon,match,Fort Yukon,Fort Yukon,match,none,1456,662,66.564301,-145.258004,,NEW — not yet reviewed,
0.0,f001163,Fort Yukon,match,Fort Yukon,Fort Yukon,match,none,1458,664,66.564395,-145.258348,,NEW — not yet reviewed,
0.0,f000261,Fort Yukon,match,Fort Yukon,Fort Yukon,match,none,1459,665,66.564395,-145.258348,,NEW — not yet reviewed,
0.0,f000572,Fort Yukon,match,Fort Yukon,Fort Yukon,match,none,1460,666,66.562646,-145.24558,,NEW — not yet reviewed,
0.0,f001707,Fort Yukon,match,Fort Yukon,Fort Yukon,match,none,1461,667,66.568579,-145.243681,,NEW — not yet reviewed,
0.0,f001797,Fort Yukon,match,Fort Yukon,Fort Yukon,match,none,1462,668,66.56617,-145.241356,,NEW — not yet reviewed,
0.0,f000320,Fort Yukon,match,Fort Yukon,Fort Yukon,match,none,1463,669,66.564199,-145.257639,,NEW — not yet reviewed,
0.0,f001340,Fort Yukon,match,Fort Yukon,Fort Yukon,match,none,1464,670,66.570582,-145.276393,,NEW — not yet reviewed,
0.0,f001346,Fritz Creek,match,Fritz Creek,Fritz Creek,match,none,66,671,59.710343,-151.339092,,NEW — not yet reviewed,
0.0,f001407,Gakona,match,Gakona,"Chistochina, Gakona",match,none,755,672,62.39125,-145.131267,,NEW — not yet reviewed,
0.0,f001152,Gakona,match,Gakona,Gakona,match,none,783,673,62.339167,-145.248333,,NEW — not yet reviewed,
0.0,f000990,Galena,match,Galena,Galena,match,none,46,674,64.743927,-156.876608,,NEW — not yet reviewed,
0.0,f001516,Galena,match,Galena,Galena,match,none,1465,675,64.746349,-156.878981,,NEW — not yet reviewed,
0.0,f001302,Galena,match,Galena,Galena,match,none,289,676,64.739344,-156.955567,,NEW — not yet reviewed,
0.0,f000903,Galena,match,Galena,Galena,match,none,784,677,64.7425,-156.860833,,NEW — not yet reviewed,
0.0,f001127,Galena,match,Galena,Galena,match,none,1050,678,64.73812,-156.777,,NEW — not yet reviewed,
0.0,f000269,Galena,match,Galena,Galena,match,none,1466,679,64.733919,-156.918809,,Stacks review: keep (farm record) (awaiting your decision),
0.0,f000234,Galena,match,Galena,Galena,match,none,1467,680,64.743943,-156.872718,,NEW — not yet reviewed,
0.0,f000474,Galena,match,Galena,Galena,match,none,1468,681,64.746349,-156.878981,,NEW — not yet reviewed,
0.0,f000746,Galena,match,Galena,Galena,match,none,1469,682,64.740423,-156.962197,,NEW — not yet reviewed,
0.0,f001287,Galena,match,Galena,Galena,match,none,1470,683,64.73893,-156.944162,,NEW — not yet reviewed,
0.0,f000842,Galena,match,Galena,Galena,match,none,1472,685,64.733919,-156.918809,,Stacks review: drop record (awaiting your decision),
0.0,f001466,Galena,match,Galena,Galena,match,none,1473,686,64.741293,-156.875057,,NEW — not yet reviewed,
0.0,f000007,Galena,match,Galena,Galena,match,none,1474,687,64.742799,-156.951983,,NEW — not yet reviewed,
0.0,f000994,Gambell,match,Gambell,Gambell,match,none,232,689,63.778368,-171.730334,,NEW — not yet reviewed,
0.0,f001686,Gambell,match,Gambell,Gambell,match,none,204,690,63.776398,-171.718165,,NEW — not yet reviewed,
0.0,f001096,Gambell,match,Gambell,Gambell,match,none,911,691,63.778922,-171.731856,,NEW — not yet reviewed,
0.0,f000603,Gambell,match,Gambell,Gambell,match,none,1476,692,63.779113,-171.734058,,Stacks review: keep (farm record) (awaiting your decision),
0.0,f000922,Gambell,match,Gambell,Gambell,match,none,1477,693,63.778611,-171.735303,,NEW — not yet reviewed,
0.0,f000779,Gambell,match,Gambell,Gambell,match,none,1478,694,63.778611,-171.735303,,NEW — not yet reviewed,
0.0,f000621,Gambell,match,Gambell,Gambell,match,none,1479,695,63.777961,-171.726811,,NEW — not yet reviewed,
0.0,f000750,Gambell,match,Gambell,Gambell,match,none,1480,696,63.777523,-171.730298,,NEW — not yet reviewed,
,f000073,Girdwood,cannot check (no boundary for this community),,,cannot check,none,369,697,60.94517,-149.174578,Kept as labelled: no boundary to test against.,NEW — not yet reviewed,
,f000647,Girdwood,cannot check (no boundary for this community),,,cannot check,none,560,698,60.96865,-149.127846,Kept as labelled: no boundary to test against.,NEW — not yet reviewed,
0.0,f000518,Glennallen,match,Glennallen,Glennallen,match,none,36,699,62.108517,-145.478592,,NEW — not yet reviewed,
0.0,f000789,Glennallen,match,Glennallen,Glennallen,match,none,197,700,62.11298,-145.526265,,NEW — not yet reviewed,
0.0,f001634,Glennallen,match,Glennallen,Glennallen,match,none,610,701,62.108421,-145.488674,,NEW — not yet reviewed,
0.0,f000999,Glennallen,match,Glennallen,Glennallen,match,none,785,702,62.1096,-145.5482,,NEW — not yet reviewed,
0.0,f000267,Glennallen,match,Glennallen,Glennallen,match,none,849,705,62.109856,-145.525839,,NEW — not yet reviewed,
0.0,f000333,Golovin,match,Golovin,Golovin,match,none,259,706,64.542883,-163.035115,,NEW — not yet reviewed,
0.0,f001463,Golovin,match,Golovin,Golovin,match,none,681,707,64.542905,-163.03652,,NEW — not yet reviewed,
0.0,f000031,Goodnews Bay,match,Goodnews Bay,Goodnews Bay,match,none,397,708,59.1184,-161.5792,,NEW — not yet reviewed,
0.0,f000422,Goodnews Bay,match,Goodnews Bay,Goodnews Bay,match,none,912,709,59.117969,-161.588472,,NEW — not yet reviewed,
0.0,f001678,Goodnews Bay,match,Goodnews Bay,Goodnews Bay,match,none,969,710,59.11807,-161.588628,,NEW — not yet reviewed,
0.0,f000578,Goodnews Bay,match,Goodnews Bay,Goodnews Bay,match,none,1481,711,59.12222,-161.591298,,NEW — not yet reviewed,
0.0,f000039,Goodnews Bay,match,Goodnews Bay,Goodnews Bay,match,none,1482,712,59.118475,-161.582672,,NEW — not yet reviewed,
0.0,f001066,Goodnews Bay,match,Goodnews Bay,Goodnews Bay,match,none,1483,713,59.118651,-161.582114,,NEW — not yet reviewed,
0.0,f001758,Grayling,match,Grayling,Grayling,match,none,913,714,62.907072,-160.064375,,NEW — not yet reviewed,
0.0,f001050,Grayling,match,Grayling,Grayling,match,none,1015,715,62.90558,-160.065558,,NEW — not yet reviewed,
0.0,f000102,Grayling,match,Grayling,Grayling,match,none,1484,718,62.906804,-160.065452,,NEW — not yet reviewed,
0.0,f001668,Grayling,match,Grayling,Grayling,match,none,1485,719,62.905085,-160.066002,,NEW — not yet reviewed,
0.0,f001166,Grayling,match,Grayling,Grayling,match,none,1486,720,62.907047,-160.064521,,NEW — not yet reviewed,
0.0,f000875,Grayling,match,Grayling,Grayling,match,none,1487,721,62.906757,-160.064532,,NEW — not yet reviewed,
0.0,f000696,Gulkana,match,Gulkana,"Glennallen, Gulkana",match,none,302,722,62.158575,-145.460814,,NEW — not yet reviewed,
0.0,f000882,Gustavus,match,Gustavus,Gustavus,match,none,123,723,58.418994,-135.71037,,NEW — not yet reviewed,
0.0,f000494,Gustavus,match,Gustavus,Gustavus,match,none,1169,724,58.453333,-135.873333,,NEW — not yet reviewed,
0.0,f000739,Gustavus,match,Gustavus,Gustavus,match,none,1488,725,58.45249,-135.887464,,NEW — not yet reviewed,
0.0,f001204,Gustavus,match,Gustavus,Gustavus,match,none,1489,726,58.423493,-135.709445,,NEW — not yet reviewed,
0.0,f001191,Gustavus,match,Gustavus,Gustavus,match,none,1490,727,58.452586,-135.887855,,NEW — not yet reviewed,
0.0,f000321,Gustavus,match,Gustavus,Gustavus,match,none,1491,728,58.412458,-135.726456,,NEW — not yet reviewed,
0.0,f001275,Gustavus,match,Gustavus,Gustavus,match,none,1492,729,58.455611,-135.868415,,NEW — not yet reviewed,
0.0,f000112,Gustavus,match,Gustavus,Gustavus,match,none,1493,730,58.454671,-135.882528,,NEW — not yet reviewed,
0.0,f001101,Haines,match,Haines,Haines,match,none,159,731,59.230892,-135.443077,,NEW — not yet reviewed,
0.0,f000890,Haines,match,Haines,Haines,match,none,161,732,59.235696,-135.463974,,NEW — not yet reviewed,
0.0,f000462,Haines,match,Haines,Haines,match,none,427,733,59.235844,-135.456496,,NEW — not yet reviewed,
0.0,f000763,Haines,match,Haines,Haines,match,none,631,734,59.235917,-135.446278,,NEW — not yet reviewed,
0.0,f000191,Haines,match,Haines,Haines,match,none,788,735,59.2508,-135.462,,NEW — not yet reviewed,
0.0,f000156,Haines,match,Haines,Haines,match,none,1196,739,59.232573,-135.441818,,NEW — not yet reviewed,
0.0,f000716,Healy,match,Healy,Healy,match,none,277,740,63.870419,-149.013864,,NEW — not yet reviewed,
0.0,f001041,Healy,match,Healy,Healy,match,none,530,741,63.857928,-148.968725,,NEW — not yet reviewed,
0.0,f001079,Healy,match,Healy,Healy,match,none,989,743,63.8725,-149.013611,,NEW — not yet reviewed,
0.0,f001733,Healy,match,Healy,Healy,match,none,1494,746,63.873382,-149.003309,,NEW — not yet reviewed,
0.0,f001681,Hollis,match,Hollis,Hollis,match,none,634,747,55.490556,-132.661389,,NEW — not yet reviewed,
0.0,f001059,Holy Cross,match,Holy Cross,Holy Cross,match,none,740,748,62.19671,-159.770151,,NEW — not yet reviewed,
0.0,f000604,Holy Cross,match,Holy Cross,Holy Cross,match,none,741,749,62.19671,-159.770151,,NEW — not yet reviewed,
0.0,f001378,Holy Cross,match,Holy Cross,Holy Cross,match,none,742,750,62.19671,-159.770151,,NEW — not yet reviewed,
0.0,f000962,Holy Cross,match,Holy Cross,Holy Cross,match,none,1016,751,62.200931,-159.76945,,NEW — not yet reviewed,
0.0,f001297,Holy Cross,match,Holy Cross,Holy Cross,match,none,1495,753,62.200885,-159.769645,,NEW — not yet reviewed,
0.0,f000025,Homer,match,Homer,Homer,match,none,377,756,59.642042,-151.47709,,NEW — not yet reviewed,
0.0,f001532,Homer,match,"Diamond Ridge, Homer","Diamond Ridge, Homer",match,none,378,757,59.660119,-151.639231,,NEW — not yet reviewed,
0.0,f000336,Homer,match,Homer,Homer,match,none,495,758,59.642095,-151.532549,,NEW — not yet reviewed,
0.0,f000912,Homer,match,Homer,Homer,match,none,685,759,59.643771,-151.567842,,NEW — not yet reviewed,
0.0,f000359,Homer,match,Homer,"Diamond Ridge, Homer",match,none,686,760,59.652107,-151.528793,,NEW — not yet reviewed,
0.0,f000691,Homer,match,Homer,"Diamond Ridge, Homer",match,none,692,763,59.652336,-151.551391,,NEW — not yet reviewed,
0.0,f000489,Homer,match,Homer,"Diamond Ridge, Homer",match,none,694,764,59.651758,-151.528337,,NEW — not yet reviewed,
0.0,f000803,Homer,match,Homer,Homer,match,none,1182,768,59.604696,-151.41774,,NEW — not yet reviewed,
0.0,f001329,Hoonah,match,Hoonah,"Hoonah, Whitestone Logging Camp",match,none,428,769,58.100694,-135.414743,,NEW — not yet reviewed,
0.0,f000884,Hoonah,match,Hoonah,"Hoonah, Whitestone Logging Camp",match,none,872,770,58.106416,-135.431821,,NEW — not yet reviewed,
0.0,f000299,Hoonah,match,Hoonah,"Hoonah, Whitestone Logging Camp",match,none,970,771,58.114975,-135.452877,,NEW — not yet reviewed,
0.0,f000936,Hoonah,match,Hoonah,"Hoonah, Whitestone Logging Camp",match,none,1102,772,58.109174,-135.441714,,NEW — not yet reviewed,
0.0,f001395,Hoonah,match,Hoonah,"Hoonah, Whitestone Logging Camp",match,none,1497,773,58.109509,-135.447826,,NEW — not yet reviewed,
0.0,f001276,Hoonah,match,Hoonah,"Hoonah, Whitestone Logging Camp",match,none,1498,774,58.114869,-135.453042,,NEW — not yet reviewed,
0.0,f000468,Hoonah,match,Hoonah,"Hoonah, Whitestone Logging Camp",match,none,1499,775,58.113515,-135.449652,,NEW — not yet reviewed,
0.0,f001210,Hoonah,match,Hoonah,"Hoonah, Whitestone Logging Camp",match,none,1500,776,58.109875,-135.440624,,NEW — not yet reviewed,
0.0,f001791,Hoonah,match,"Hoonah, Whitestone Logging Camp","Game Creek, Hoonah, Whitestone Logging Camp",match,none,1501,777,58.096832,-135.467838,,NEW — not yet reviewed,
0.0,f000196,Hoonah,match,Hoonah,"Hoonah, Whitestone Logging Camp",match,none,1502,778,58.110089,-135.439143,,NEW — not yet reviewed,
0.0,f000361,Hoonah,match,Hoonah,"Hoonah, Whitestone Logging Camp",match,none,1503,779,58.111293,-135.447136,,NEW — not yet reviewed,
0.0,f000414,Hooper Bay,match,Hooper Bay,Hooper Bay,match,none,234,780,61.531847,-166.098976,,NEW — not yet reviewed,
0.0,f001583,Hooper Bay,match,Hooper Bay,Hooper Bay,match,none,398,781,61.5201,-166.1393,,NEW — not yet reviewed,
0.0,f000539,Hooper Bay,match,Hooper Bay,Hooper Bay,match,none,611,782,61.531165,-166.096816,,NEW — not yet reviewed,
0.0,f001594,Hooper Bay,match,Hooper Bay,Hooper Bay,match,none,662,783,61.521786,-166.096264,,NEW — not yet reviewed,
0.0,f000784,Hooper Bay,match,Hooper Bay,Hooper Bay,match,none,897,784,61.532198,-166.100836,,NEW — not yet reviewed,
0.0,f001662,Hooper Bay,match,Hooper Bay,Hooper Bay,match,none,914,785,61.530674,-166.102359,,NEW — not yet reviewed,
0.0,f000537,Hooper Bay,match,Hooper Bay,Hooper Bay,match,none,1505,787,61.521254,-166.097491,,NEW — not yet reviewed,
0.0,f000302,Hooper Bay,match,Hooper Bay,Hooper Bay,match,none,1506,788,61.529622,-166.103156,,NEW — not yet reviewed,
0.0,f001597,Hooper Bay,match,Hooper Bay,Hooper Bay,match,none,1507,789,61.530625,-166.102341,,NEW — not yet reviewed,
0.0,f001386,Hooper Bay,match,Hooper Bay,Hooper Bay,match,none,1508,790,61.52997,-166.103135,,NEW — not yet reviewed,
0.0,f000070,Hooper Bay,match,Hooper Bay,Hooper Bay,match,none,1509,791,61.534021,-166.10041,,NEW — not yet reviewed,
0.0,f000773,Hooper Bay,match,Hooper Bay,Hooper Bay,match,none,1510,792,61.533202,-166.102942,,NEW — not yet reviewed,
0.0,f000520,Hooper Bay,match,Hooper Bay,Hooper Bay,match,none,1511,793,61.52995,-166.104186,,NEW — not yet reviewed,
0.0,f000478,Houston,match,Houston,"Houston, Meadow Lakes",match,none,652,795,61.631242,-149.81115,,NEW — not yet reviewed,
0.0,f000968,Hughes,match,Hughes,Hughes,match,none,290,796,66.045139,-154.258728,,NEW — not yet reviewed,
0.0,f000077,Hughes,match,Hughes,Hughes,match,none,487,797,66.045514,-154.257592,,NEW — not yet reviewed,
0.0,f000584,Hughes,match,Hughes,Hughes,match,none,1512,798,66.043234,-154.257405,,NEW — not yet reviewed,
0.0,f000689,Hughes,match,Hughes,Hughes,match,none,1513,799,66.043234,-154.257405,,NEW — not yet reviewed,
0.0,f001517,Huslia,match,Huslia,Huslia,match,none,295,800,65.695953,-156.363511,,NEW — not yet reviewed,
0.0,f000050,Huslia,match,Huslia,Huslia,match,none,488,801,65.701808,-156.389319,,NEW — not yet reviewed,
0.0,f001465,Huslia,match,Huslia,Huslia,match,none,702,802,65.701646,-156.385131,,NEW — not yet reviewed,
0.0,f000092,Huslia,match,Huslia,Huslia,match,none,703,803,65.69702,-156.381861,,NEW — not yet reviewed,
0.0,f000883,Huslia,match,Huslia,Huslia,match,none,915,804,65.696541,-156.380731,,NEW — not yet reviewed,
0.0,f001772,Huslia,match,Huslia,Huslia,match,none,1514,805,65.701986,-156.388568,,NEW — not yet reviewed,
0.0,f001227,Hydaburg,match,Hydaburg,Hydaburg,match,none,1516,808,55.205994,-132.822457,,NEW — not yet reviewed,
0.0,f001207,Hydaburg,match,Hydaburg,Hydaburg,match,none,1517,809,55.205486,-132.818809,,NEW — not yet reviewed,
0.0,f000377,Igiugig,match,Igiugig,Igiugig,match,none,447,810,59.325833,-155.898056,,NEW — not yet reviewed,
0.0,f001126,Igiugig,match,Igiugig,Igiugig,match,none,1203,811,59.325604,-155.903878,,NEW — not yet reviewed,
0.0,f000811,Igiugig,match,Igiugig,Igiugig,match,none,1518,812,59.326737,-155.897844,,NEW — not yet reviewed,
0.0,f001011,Igiugig,match,Igiugig,Igiugig,match,none,1519,813,59.326737,-155.897844,,NEW — not yet reviewed,
0.0,f001283,Iliamna,match,Iliamna,"Iliamna, Newhalen",match,none,419,814,59.7538,-154.9044,,NEW — not yet reviewed,
0.0,f001290,Iliamna,match,Iliamna,"Iliamna, Newhalen",match,none,1520,815,59.755582,-154.903178,,NEW — not yet reviewed,
0.0,f000596,Iliamna,match,Iliamna,"Iliamna, Newhalen",match,none,1521,816,59.748805,-154.815426,,NEW — not yet reviewed,
0.0,f001489,Iliamna,match,Iliamna,"Iliamna, Newhalen",match,none,1522,817,59.755755,-154.907437,,NEW — not yet reviewed,
0.0,f001064,Iliamna,match,Iliamna,"Iliamna, Newhalen",match,none,1523,818,59.752413,-154.82872,,NEW — not yet reviewed,
0.0,f000785,Iliamna,match,Iliamna,"Iliamna, Newhalen",match,none,1524,819,59.753442,-154.908006,,NEW — not yet reviewed,
0.0,f000338,Iliamna,match,Iliamna,"Iliamna, Newhalen",match,none,1525,820,59.755734,-154.921717,,NEW — not yet reviewed,
0.0,f001404,Iliamna,match,Iliamna,"Iliamna, Newhalen",match,none,1526,821,59.755553,-154.902641,,NEW — not yet reviewed,
0.0,f000786,Iliamna,match,Iliamna,"Iliamna, Newhalen",match,none,1527,822,59.751937,-154.830597,,NEW — not yet reviewed,
0.0,f001289,Iliamna,match,Iliamna,"Iliamna, Newhalen",match,none,1528,823,59.754458,-154.872515,,NEW — not yet reviewed,
0.0,f001557,Iliamna,match,Iliamna,"Iliamna, Newhalen",match,none,1529,824,59.754861,-154.844435,,NEW — not yet reviewed,
0.0,f000799,Iliamna,match,Iliamna,"Iliamna, Newhalen",match,none,1530,825,59.754285,-154.906182,,NEW — not yet reviewed,
0.0,f001786,Iliamna,match,Iliamna,"Iliamna, Newhalen",match,none,1531,826,59.754031,-154.851899,,NEW — not yet reviewed,
0.0,f000491,Iliamna,match,Iliamna,"Iliamna, Newhalen",match,none,1532,827,59.759026,-154.820048,,NEW — not yet reviewed,
0.0,f000379,Iliamna,match,Iliamna,"Iliamna, Newhalen",match,none,1533,828,59.755885,-154.902684,,NEW — not yet reviewed,
0.0,f000163,Iliamna,match,Iliamna,"Iliamna, Newhalen",match,none,1534,829,59.755896,-154.90321,,NEW — not yet reviewed,
0.0,f000309,Iliamna,match,Iliamna,"Iliamna, Newhalen",match,none,1535,830,59.75214,-154.829261,,NEW — not yet reviewed,
0.0,f000239,Iliamna,match,Iliamna,"Iliamna, Newhalen",match,none,1536,831,59.753977,-154.851797,,NEW — not yet reviewed,
0.0,f000925,Iliamna,match,Iliamna,"Iliamna, Newhalen",match,none,1537,832,59.756166,-154.908521,,NEW — not yet reviewed,
0.0,f000465,Iliamna,match,Iliamna,"Iliamna, Newhalen",match,none,1538,833,59.750832,-154.811446,,NEW — not yet reviewed,
0.0,f001781,Ivanof Bay,match,Ivanof Bay,Ivanof Bay,match,none,1204,834,55.903721,-159.484697,,NEW — not yet reviewed,
0.0,f000741,Ivanof Bay,match,Ivanof Bay,Ivanof Bay,match,none,1539,835,55.901517,-159.486561,,NEW — not yet reviewed,
0.0,f000517,Ivanof Bay,match,Ivanof Bay,Ivanof Bay,match,none,1540,836,55.901517,-159.486547,,NEW — not yet reviewed,
,f000729,Juneau,cannot check (no boundary for this community),,,cannot check,none,235,837,58.390087,-134.645424,Kept as labelled: no boundary to test against.,NEW — not yet reviewed,
,f000960,Juneau,cannot check (no boundary for this community),,,cannot check,none,27,838,58.298597,-134.412779,Kept as labelled: no boundary to test against.,NEW — not yet reviewed,
,f001713,Juneau,cannot check (no boundary for this community),,,cannot check,none,236,839,58.357881,-134.567943,Kept as labelled: no boundary to test against.,NEW — not yet reviewed,
,f001369,Juneau,cannot check (no boundary for this community),,,cannot check,none,1,840,58.362222,-134.589167,Kept as labelled: no boundary to test against.,NEW — not yet reviewed,
,f000768,Juneau,cannot check (no boundary for this community),,,cannot check,none,120,841,58.375129,-134.591825,Kept as labelled: no boundary to test against.,NEW — not yet reviewed,
,f000826,Juneau,cannot check (no boundary for this community),,,cannot check,none,164,842,58.362458,-134.589075,Kept as labelled: no boundary to test against.,NEW — not yet reviewed,
,f001805,Juneau,cannot check (no boundary for this community),,,cannot check,none,174,843,58.359171,-134.583787,Kept as labelled: no boundary to test against.,NEW — not yet reviewed,
,f000278,Juneau,cannot check (no boundary for this community),,,cannot check,none,429,844,58.360211,-134.526567,Kept as labelled: no boundary to test against.,NEW — not yet reviewed,
,f001162,Juneau,cannot check (no boundary for this community),,,cannot check,none,512,845,58.3675,-134.608056,Kept as labelled: no boundary to test against.,NEW — not yet reviewed,
,f000352,Juneau,cannot check (no boundary for this community),,,cannot check,none,514,846,58.232547,-134.054065,Kept as labelled: no boundary to test against.,NEW — not yet reviewed,
,f001095,Juneau,cannot check (no boundary for this community),,,cannot check,none,515,847,58.207199,-134.149395,Kept as labelled: no boundary to test against.,NEW — not yet reviewed,
,f000619,Juneau,cannot check (no boundary for this community),,,cannot check,none,589,848,58.362222,-134.482664,Kept as labelled: no boundary to test against.,NEW — not yet reviewed,
,f001053,Juneau,cannot check (no boundary for this community),,,cannot check,none,601,849,58.358056,-134.580833,Kept as labelled: no boundary to test against.,NEW — not yet reviewed,
,f000759,Juneau,cannot check (no boundary for this community),,,cannot check,none,620,850,58.393611,-134.715139,Kept as labelled: no boundary to test against.,NEW — not yet reviewed,
,f000074,Juneau,cannot check (no boundary for this community),,,cannot check,none,709,851,58.354281,-134.502114,Kept as labelled: no boundary to test against.,NEW — not yet reviewed,
,f001350,Juneau,cannot check (no boundary for this community),,,cannot check,none,737,852,58.387778,-134.644444,Kept as labelled: no boundary to test against.,NEW — not yet reviewed,
,f000328,Juneau,cannot check (no boundary for this community),,,cannot check,none,738,853,58.301806,-134.417361,Kept as labelled: no boundary to test against.,NEW — not yet reviewed,
,f000678,Juneau,cannot check (no boundary for this community),,,cannot check,none,739,854,58.353611,-134.495556,Kept as labelled: no boundary to test against.,NEW — not yet reviewed,
,f000821,Juneau,cannot check (no boundary for this community),,,cannot check,none,749,855,58.391218,-134.646361,Kept as labelled: no boundary to test against.,NEW — not yet reviewed,
,f001111,Juneau,cannot check (no boundary for this community),,,cannot check,none,791,856,58.39214,-134.768254,Kept as labelled: no boundary to test against.,NEW — not yet reviewed,
,f000618,Juneau,cannot check (no boundary for this community),,,cannot check,none,982,857,58.840829,-135.044064,Kept as labelled: no boundary to test against.,NEW — not yet reviewed,
,f001816,Juneau,cannot check (no boundary for this community),,,cannot check,none,1048,858,58.35936,-134.6994,Kept as labelled: no boundary to test against.,NEW — not yet reviewed,
,f000979,Juneau,cannot check (no boundary for this community),,,cannot check,none,1064,859,58.35861,-134.6361,Kept as labelled: no boundary to test against.,NEW — not yet reviewed,
,f001314,Juneau,cannot check (no boundary for this community),,,cannot check,none,1065,860,58.35474,-134.5746,Kept as labelled: no boundary to test against.,NEW — not yet reviewed,
,f001745,Juneau,cannot check (no boundary for this community),,,cannot check,none,1066,861,58.35474,-134.5746,Kept as labelled: no boundary to test against.,NEW — not yet reviewed,
,f001540,Juneau,cannot check (no boundary for this community),,,cannot check,none,1067,862,58.35861,-134.6361,Kept as labelled: no boundary to test against.,NEW — not yet reviewed,
,f000900,Juneau,cannot check (no boundary for this community),,,cannot check,none,1119,863,58.286475,-134.382658,Kept as labelled: no boundary to test against.,NEW — not yet reviewed,
,f000419,Juneau,cannot check (no boundary for this community),,,cannot check,none,1183,864,58.38617,-134.644565,Kept as labelled: no boundary to test against.,NEW — not yet reviewed,
,f000230,Juneau,cannot check (no boundary for this community),,,cannot check,none,1184,865,58.299298,-134.409833,Kept as labelled: no boundary to test against.,NEW — not yet reviewed,
,f000752,Juneau,cannot check (no boundary for this community),,,cannot check,none,1253,866,58.331926,-134.498313,Kept as labelled: no boundary to test against.,NEW — not yet reviewed,
0.0,f000513,Kake,match,Kake,Kake,match,none,516,867,56.962769,-133.921182,,NEW — not yet reviewed,
0.0,f000593,Kake,match,Kake,Kake,match,none,873,869,56.968435,-133.927279,,NEW — not yet reviewed,
0.0,f001222,Kake,match,Kake,Kake,match,none,1227,870,56.97739,-133.946142,,NEW — not yet reviewed,
0.0,f000591,Kake,match,Kake,Kake,match,none,1541,871,56.96023,-133.914052,,NEW — not yet reviewed,
0.0,f000213,Kake,match,Kake,Kake,match,none,1542,872,56.976401,-133.947703,,NEW — not yet reviewed,
0.0,f000485,Kake,match,Kake,Kake,match,none,1543,873,56.974435,-133.944997,,NEW — not yet reviewed,
0.0,f000340,Kake,match,Kake,Kake,match,none,1544,874,56.973789,-133.931969,,NEW — not yet reviewed,
0.0,f001409,Kake,match,Kake,Kake,match,none,1545,875,56.964287,-133.91306,,NEW — not yet reviewed,
0.0,f000734,Kaktovik,match,Kaktovik,Kaktovik,match,none,470,876,70.127643,-143.616287,,NEW — not yet reviewed,
0.0,f001625,Kaktovik,match,Kaktovik,Kaktovik,match,none,1547,878,70.129193,-143.609572,,Stacks review: keep (farm record) (awaiting your decision),
0.0,f000314,Kaktovik,match,Kaktovik,Kaktovik,match,none,1549,880,70.128879,-143.618343,,NEW — not yet reviewed,
0.0,f001701,Kaktovik,match,Kaktovik,Kaktovik,match,none,1550,881,70.132548,-143.618616,,NEW — not yet reviewed,
0.0,f000226,Kaktovik,match,Kaktovik,Kaktovik,match,none,1551,882,70.132198,-143.618091,,NEW — not yet reviewed,
0.0,f001006,Kaktovik,match,Kaktovik,Kaktovik,match,none,1555,886,70.12703,-143.616181,,NEW — not yet reviewed,
0.0,f000127,Kaktovik,match,Kaktovik,Kaktovik,match,none,1556,887,70.125768,-143.61955,,NEW — not yet reviewed,
0.0,f001417,Kaktovik,match,Kaktovik,Kaktovik,match,none,1557,888,70.126119,-143.615365,,NEW — not yet reviewed,
0.0,f000202,Kaktovik,match,Kaktovik,Kaktovik,match,none,1558,889,70.129375,-143.610258,,NEW — not yet reviewed,
0.0,f001055,Kaktovik,match,Kaktovik,Kaktovik,match,none,1559,890,70.129193,-143.609572,,Stacks review: drop record (awaiting your decision),
0.0,f001108,Kaktovik,match,Kaktovik,Kaktovik,match,none,1561,892,70.128839,-143.607791,,NEW — not yet reviewed,
0.0,f001160,Kalskag,match,Upper Kalskag,"Lower Kalskag, Upper Kalskag",match,none,1163,897,61.538659,-160.338443,,Decision log: set label (ready),
0.0,f000620,Kaltag,match,Kaltag,Kaltag,match,none,291,898,64.319572,-158.735311,,NEW — not yet reviewed,
0.0,f001820,Kaltag,match,Kaltag,Kaltag,match,none,484,899,64.324547,-158.723536,,NEW — not yet reviewed,
0.0,f000476,Kaltag,match,Kaltag,Kaltag,match,none,485,900,64.329153,-158.729306,,NEW — not yet reviewed,
0.0,f001656,Kaltag,match,Kaltag,Kaltag,match,none,486,901,64.329153,-158.729306,,NEW — not yet reviewed,
0.0,f001104,Kaltag,match,Kaltag,Kaltag,match,none,918,902,64.322762,-158.723566,,NEW — not yet reviewed,
0.0,f000817,Kaltag,match,Kaltag,Kaltag,match,none,1564,904,64.324576,-158.728388,,NEW — not yet reviewed,
0.0,f001030,Kaltag,match,Kaltag,Kaltag,match,none,1565,905,64.32472,-158.728366,,NEW — not yet reviewed,
0.0,f000426,Kaltag,match,Kaltag,Kaltag,match,none,1566,906,64.325582,-158.722927,,NEW — not yet reviewed,
0.0,f000122,Karluk,match,Karluk,Karluk,match,none,61,907,57.56786,-154.453783,,NEW — not yet reviewed,
0.0,f000125,Karluk,match,Karluk,Karluk,match,none,500,908,57.562664,-154.436581,,NEW — not yet reviewed,
0.0,f000587,Karluk,match,Karluk,Karluk,match,none,1567,909,57.563958,-154.435665,,NEW — not yet reviewed,
0.0,f000259,Kasaan,match,Kasaan,Kasaan,match,none,64,910,55.536509,-132.395969,,NEW — not yet reviewed,
0.0,f000203,Kasaan,match,Kasaan,Kasaan,match,none,636,911,55.535917,-132.396583,,NEW — not yet reviewed,
0.0,f001420,Kasaan,match,Kasaan,Kasaan,match,none,1198,912,55.5451,-132.4133,,NEW — not yet reviewed,
0.0,f001682,Kasaan,match,Kasaan,Kasaan,match,none,1568,913,55.535907,-132.396508,,NEW — not yet reviewed,
0.0,f000524,Kasaan,match,Kasaan,Kasaan,match,none,1569,914,55.536493,-132.395923,,NEW — not yet reviewed,
0.0,f001812,Kasaan,match,Kasaan,Kasaan,match,none,1570,915,55.537738,-132.396062,,NEW — not yet reviewed,
0.0,f000640,Kasigluk,match,Kasigluk,"Kasigluk, Nunapitchuk",match,none,3,916,60.872051,-162.518062,,NEW — not yet reviewed,
0.0,f001741,Kasigluk,match,Kasigluk,"Kasigluk, Nunapitchuk",match,none,10,917,60.871082,-162.517157,,NEW — not yet reviewed,
0.0,f000032,Kasigluk,match,Kasigluk,"Kasigluk, Nunapitchuk",match,none,82,918,60.894598,-162.519437,,NEW — not yet reviewed,
0.0,f000908,Kasigluk,match,Kasigluk,"Kasigluk, Nunapitchuk",match,none,97,919,60.872908,-162.516059,,NEW — not yet reviewed,
0.0,f000623,Kasigluk,match,Kasigluk,"Kasigluk, Nunapitchuk",match,none,919,920,60.872001,-162.517606,,NEW — not yet reviewed,
0.0,f000924,Kasigluk,match,Kasigluk,"Kasigluk, Nunapitchuk",match,none,1571,921,60.87456,-162.518243,,NEW — not yet reviewed,
0.0,f000772,Kasigluk,match,Kasigluk,"Kasigluk, Nunapitchuk",match,none,1572,922,60.874017,-162.516398,,NEW — not yet reviewed,
0.0,f000026,Kasigluk,match,Kasigluk,"Kasigluk, Nunapitchuk",match,none,1573,923,60.894118,-162.519622,,NEW — not yet reviewed,
0.0,f001641,Kenai,match,Kenai,Kenai,match,none,54,926,60.566634,-151.244088,,NEW — not yet reviewed,
0.0,f000431,Kenai,match,Kenai,"Kenai, Salamatof",match,none,59,927,60.577499,-151.318519,,NEW — not yet reviewed,
0.0,f001171,Kenai,match,Kenai,"Kalifornsky, Kenai",match,none,149,929,60.536269,-151.256861,,NEW — not yet reviewed,
0.0,f000483,Kenai,match,Kenai,Kenai,match,none,971,936,60.544152,-151.219604,,NEW — not yet reviewed,
0.0,f001279,Kenai,match,Kenai,Kenai,match,none,1006,937,60.563403,-151.237349,,NEW — not yet reviewed,
0.0,f001057,Kenai,match,Kenai,Kenai,match,none,1156,941,60.568528,-151.241889,,NEW — not yet reviewed,
0.0,f000602,Kenny Lake,match,Kenny Lake,Kenny Lake,match,none,198,942,61.7266,-145.0071,,NEW — not yet reviewed,
0.0,f000048,Ketchikan,match,Ketchikan,"Ketchikan, Saxman",match,none,28,943,55.332176,-131.621436,,NEW — not yet reviewed,
0.0,f000310,Ketchikan,match,Ketchikan,Ketchikan,match,none,237,944,55.353746,-131.681719,,NEW — not yet reviewed,
0.0,f001335,Ketchikan,match,Ketchikan,Ketchikan,match,none,431,946,55.34325,-131.648226,,NEW — not yet reviewed,
0.0,f000555,Ketchikan,match,Ketchikan,Ketchikan,match,none,432,947,55.382932,-131.735122,,NEW — not yet reviewed,
0.0,f000595,Ketchikan,match,Ketchikan,Ketchikan,match,none,519,948,55.336598,-131.631776,,NEW — not yet reviewed,
0.0,f000080,Ketchikan,match,Ketchikan,Ketchikan,match,none,710,951,55.362861,-131.705246,,NEW — not yet reviewed,
0.0,f000190,Ketchikan,match,Ketchikan,Ketchikan,match,none,727,953,55.358611,-131.699722,,NEW — not yet reviewed,
0.0,f001776,Ketchikan,match,Ketchikan,Ketchikan,match,none,858,956,55.341699,-131.642662,,NEW — not yet reviewed,
0.0,f001504,Ketchikan,match,Ketchikan,Ketchikan,match,none,888,957,55.338023,-131.636118,,NEW — not yet reviewed,
0.0,f000300,Ketchikan,match,Ketchikan,Ketchikan,match,none,972,958,55.353018,-131.686665,,NEW — not yet reviewed,
0.0,f001493,Ketchikan,match,Ketchikan,Ketchikan,match,none,1105,959,55.346502,-131.638757,,NEW — not yet reviewed,
0.0,f000641,Kiana,match,Kiana,Kiana,match,none,1574,965,66.973926,-160.429116,,Stacks review: keep (farm record) (awaiting your decision),
0.0,f000823,Kiana,match,Kiana,Kiana,match,none,1577,968,66.972757,-160.436788,,NEW — not yet reviewed,
0.0,f001132,Kiana,match,Kiana,Kiana,match,none,1579,970,66.971509,-160.438257,,Stacks review: keep (farm record) (awaiting your decision),
0.0,f000820,King Cove,match,King Cove,King Cove,match,none,141,971,55.047159,-162.295213,,NEW — not yet reviewed,
0.0,f000316,King Cove,match,King Cove,King Cove,match,none,1580,973,55.061149,-162.319935,,NEW — not yet reviewed,
0.0,f001134,King Cove,match,King Cove,King Cove,match,none,1581,974,55.060355,-162.32901,,NEW — not yet reviewed,
0.0,f001611,King Cove,match,King Cove,King Cove,match,none,1582,975,55.060297,-162.314748,,NEW — not yet reviewed,
0.0,f000528,King Cove,match,King Cove,King Cove,match,none,1583,976,55.059536,-162.313863,,NEW — not yet reviewed,
0.0,f001331,King Salmon,match,King Salmon,King Salmon,match,none,86,977,58.683722,-156.670361,,NEW — not yet reviewed,
0.0,f000500,King Salmon,match,King Salmon,King Salmon,match,none,441,978,58.675833,-156.655833,,NEW — not yet reviewed,
0.0,f001175,King Salmon,match,King Salmon,King Salmon,match,none,545,979,58.688325,-156.661351,,NEW — not yet reviewed,
0.0,f000638,King Salmon,match,King Salmon,King Salmon,match,none,798,980,58.755,-156.548611,,NEW — not yet reviewed,
0.0,f000669,King Salmon,match,King Salmon,King Salmon,match,none,1070,981,58.67944,-156.6294,,NEW — not yet reviewed,
0.0,f001360,King Salmon,match,King Salmon,King Salmon,match,none,1171,982,58.681572,-156.668078,,NEW — not yet reviewed,
0.0,f001251,Kipnuk,match,Kipnuk,Kipnuk,match,none,238,984,59.93404,-164.038355,,NEW — not yet reviewed,
0.0,f000350,Kipnuk,match,Kipnuk,Kipnuk,match,none,193,985,59.940821,-164.036921,,NEW — not yet reviewed,
0.0,f001545,Kipnuk,match,Kipnuk,Kipnuk,match,none,221,986,59.940583,-164.036267,,NEW — not yet reviewed,
0.0,f000121,Kipnuk,match,Kipnuk,Kipnuk,match,none,463,987,59.940821,-164.036921,,NEW — not yet reviewed,
0.0,f000493,Kipnuk,match,Kipnuk,Kipnuk,match,none,1585,989,59.937735,-164.03998,,NEW — not yet reviewed,
0.0,f001608,Kipnuk,match,Kipnuk,Kipnuk,match,none,1586,990,59.9382,-164.037089,,NEW — not yet reviewed,
0.0,f001273,Kivalina,match,Kivalina,Kivalina,match,none,338,991,67.73045,-164.546706,,NEW — not yet reviewed,
0.0,f000961,Kivalina,match,Kivalina,Kivalina,match,none,920,992,67.725044,-164.533012,,NEW — not yet reviewed,
0.0,f000577,Kivalina,match,Kivalina,Kivalina,match,none,1234,993,67.725167,-164.533278,,NEW — not yet reviewed,
0.0,f000390,Kivalina,match,Kivalina,Kivalina,match,none,1240,994,67.726823,-164.537547,,NEW — not yet reviewed,
0.0,f000394,Kivalina,match,Kivalina,Kivalina,match,none,1587,995,67.725808,-164.533172,,NEW — not yet reviewed,
0.0,f001063,Kivalina,match,Kivalina,Kivalina,match,none,1588,996,67.726783,-164.537357,,NEW — not yet reviewed,
0.0,f001119,Kivalina,match,Kivalina,Kivalina,match,none,1589,997,67.724988,-164.533011,,NEW — not yet reviewed,
0.0,f000507,Kivalina,match,Kivalina,Kivalina,match,none,1590,998,67.726427,-164.538666,,NEW — not yet reviewed,
0.0,f000089,Kivalina,match,Kivalina,Kivalina,match,none,1591,999,67.724851,-164.53255,,NEW — not yet reviewed,
0.0,f000624,Klawock,match,Klawock,Klawock,match,none,637,1001,55.551742,-133.070053,,NEW — not yet reviewed,
0.0,f001413,Klawock,match,Klawock,Klawock,match,none,638,1002,55.553167,-133.085333,,NEW — not yet reviewed,
0.0,f000429,Klawock,match,Klawock,Klawock,match,none,1592,1003,55.552357,-133.081655,,NEW — not yet reviewed,
0.0,f000954,Klawock,match,Klawock,Klawock,match,none,1593,1004,55.554225,-133.095997,,NEW — not yet reviewed,
0.0,f000490,Klawock,match,Klawock,Klawock,match,none,1596,1007,55.553382,-133.099082,,NEW — not yet reviewed,
0.0,f000024,Klukwan,match,Klukwan,"Covenant Life, Klukwan",match,none,124,1008,59.40058,-135.896582,,NEW — not yet reviewed,
0.0,f000098,Kobuk,match,Kobuk,Kobuk,match,none,1235,1009,66.908291,-156.882892,,NEW — not yet reviewed,
0.0,f000079,Kobuk,match,Kobuk,Kobuk,match,none,1597,1010,66.906531,-156.882059,,NEW — not yet reviewed,
0.0,f001455,Kodiak,match,Kodiak,Kodiak,match,none,79,1012,57.784976,-152.421045,,NEW — not yet reviewed,
0.0,f001427,Kodiak,match,Kodiak,Kodiak,match,none,150,1013,57.784675,-152.42332,,NEW — not yet reviewed,
0.0,f000780,Kodiak,match,Kodiak,"Kodiak, Mill Bay",match,none,177,1014,57.789722,-152.396667,,NEW — not yet reviewed,
0.0,f001035,Kodiak,match,Kodiak,"Kodiak, Mill Bay",match,none,421,1018,57.788908,-152.403034,,NEW — not yet reviewed,
0.0,f001510,Kodiak,match,Kodiak,"Kodiak, Mill Bay",match,none,423,1020,57.787283,-152.406347,,NEW — not yet reviewed,
0.0,f000597,Kodiak,match,Kodiak,"Kodiak, Mill Bay",match,none,424,1021,57.788666,-152.400679,,NEW — not yet reviewed,
0.0,f000551,Kodiak,match,Kodiak,"Kodiak, Mill Bay",match,none,501,1023,57.804922,-152.368071,,NEW — not yet reviewed,
0.0,f000389,Kodiak,match,Kodiak,"Kodiak, Mill Bay",match,none,502,1024,57.79329,-152.393598,,NEW — not yet reviewed,
0.0,f000473,Kodiak,match,Kodiak,"Kodiak, Mill Bay",match,none,503,1025,57.795436,-152.391271,,NEW — not yet reviewed,
0.0,f001390,Kodiak,match,Kodiak,"Kodiak, Mill Bay",match,none,504,1026,57.793801,-152.392207,,NEW — not yet reviewed,
0.0,f001837,Kodiak,match,Kodiak,Kodiak,match,none,546,1029,57.780794,-152.397271,,NEW — not yet reviewed,
0.0,f001051,Kodiak,match,Kodiak,"Kodiak, Mill Bay",match,none,747,1030,57.807192,-152.36294,,NEW — not yet reviewed,
0.0,f000932,Kodiak,match,Kodiak,Kodiak,match,none,757,1031,57.780543,-152.397763,,NEW — not yet reviewed,
0.0,f000460,Kodiak,match,Kodiak,Kodiak,match,none,887,1032,57.785881,-152.417983,,NEW — not yet reviewed,
0.0,f001768,Kokhanok,match,Kokhanok,Kokhanok,match,none,448,1035,59.435,-154.7975,,NEW — not yet reviewed,
0.0,f001117,Kokhanok,match,Kokhanok,Kokhanok,match,none,1205,1036,59.440265,-154.747762,,NEW — not yet reviewed,
0.0,f001819,Kokhanok,match,Kokhanok,Kokhanok,match,none,1598,1037,59.441251,-154.751438,,NEW — not yet reviewed,
0.0,f001468,Kokhanok,match,Kokhanok,Kokhanok,match,none,1599,1038,59.439451,-154.755376,,NEW — not yet reviewed,
0.0,f000569,Kokhanok,match,Kokhanok,Kokhanok,match,none,1600,1039,59.44129,-154.751717,,NEW — not yet reviewed,
0.0,f000600,Koliganek,match,Koliganek,Koliganek,match,none,107,1040,59.726844,-157.28584,,NEW — not yet reviewed,
0.0,f000184,Koliganek,match,Koliganek,Koliganek,match,none,405,1041,59.7263,-157.267,,NEW — not yet reviewed,
0.0,f000881,Koliganek,match,Koliganek,Koliganek,match,none,1601,1042,59.726119,-157.284234,,NEW — not yet reviewed,
0.0,f001635,Koliganek,match,Koliganek,Koliganek,match,none,1602,1043,59.72659,-157.284208,,NEW — not yet reviewed,
0.0,f001527,Kongiganak,match,Kongiganak,Kongiganak,match,none,222,1044,59.962557,-162.871853,,NEW — not yet reviewed,
0.0,f000796,Kongiganak,match,Kongiganak,Kongiganak,match,none,223,1045,59.961144,-162.884409,,NEW — not yet reviewed,
0.0,f001205,Kongiganak,match,Kongiganak,Kongiganak,match,none,224,1046,59.961144,-162.884409,,NEW — not yet reviewed,
0.0,f001243,Kongiganak,match,Kongiganak,Kongiganak,match,none,225,1047,59.961144,-162.884409,,NEW — not yet reviewed,
0.0,f001086,Kongiganak,match,Kongiganak,Kongiganak,match,none,226,1048,59.958889,-162.887647,,NEW — not yet reviewed,
0.0,f000686,Kongiganak,match,Kongiganak,Kongiganak,match,none,399,1049,59.9587,-162.8854,,NEW — not yet reviewed,
0.0,f000692,Kongiganak,match,Kongiganak,Kongiganak,match,none,1603,1050,59.95891,-162.889262,,NEW — not yet reviewed,
0.0,f000274,Kongiganak,match,Kongiganak,Kongiganak,match,none,1604,1051,59.958916,-162.887706,,NEW — not yet reviewed,
0.0,f000685,Kongiganak,match,Kongiganak,Kongiganak,match,none,1606,1053,59.95891,-162.889262,,NEW — not yet reviewed,
0.0,f000243,Kongiganak,match,Kongiganak,Kongiganak,match,none,1607,1054,59.958835,-162.887417,,NEW — not yet reviewed,
0.0,f001324,Kongiganak,match,Kongiganak,Kongiganak,match,none,1608,1055,59.9597,-162.890871,,NEW — not yet reviewed,
0.0,f000236,Kotlik,match,Kotlik,Kotlik,match,none,657,1056,63.03688,-163.528244,,NEW — not yet reviewed,
0.0,f001330,Kotlik,match,Kotlik,Kotlik,match,none,658,1057,63.03688,-163.528244,,NEW — not yet reviewed,
0.0,f001156,Kotlik,match,Kotlik,Kotlik,match,none,659,1058,63.031592,-163.554996,,NEW — not yet reviewed,
0.0,f000199,Kotlik,match,Kotlik,Kotlik,match,none,1609,1059,63.032796,-163.554778,,NEW — not yet reviewed,
0.0,f000487,Kotlik,match,Kotlik,Kotlik,match,none,1610,1060,63.03435,-163.542319,,NEW — not yet reviewed,
0.0,f001578,Kotzebue,match,Kotzebue,Kotzebue,match,none,240,1061,66.900993,-162.581699,,NEW — not yet reviewed,
0.0,f000004,Kotzebue,match,Kotzebue,Kotzebue,match,none,241,1062,66.882315,-162.606661,,NEW — not yet reviewed,
0.0,f000223,Kotzebue,match,Kotzebue,Kotzebue,match,none,74,1063,66.89,-162.6,,NEW — not yet reviewed,
0.0,f000986,Kotzebue,match,Kotzebue,Kotzebue,match,none,175,1064,66.891369,-162.602489,,NEW — not yet reviewed,
0.0,f000406,Kotzebue,match,Kotzebue,Kotzebue,match,none,341,1065,66.891428,-162.606489,,NEW — not yet reviewed,
0.0,f001512,Kotzebue,match,Kotzebue,Kotzebue,match,none,799,1066,66.898529,-162.598568,,NEW — not yet reviewed,
0.0,f000040,Kotzebue,match,Kotzebue,Kotzebue,match,none,973,1067,66.896714,-162.592873,,NEW — not yet reviewed,
0.0,f001446,Kotzebue,match,Kotzebue,Kotzebue,match,none,1176,1068,66.893687,-162.601627,,NEW — not yet reviewed,
0.0,f001569,Kotzebue,match,Kotzebue,Kotzebue,match,none,1236,1069,66.902984,-162.573055,,NEW — not yet reviewed,
0.0,f001764,Koyuk,match,Koyuk,Koyuk,match,none,242,1070,64.931267,-161.158783,,NEW — not yet reviewed,
0.0,f000846,Koyuk,match,Koyuk,Koyuk,match,none,261,1071,64.93198,-161.157151,,NEW — not yet reviewed,
0.0,f001436,Koyuk,match,Koyuk,Koyuk,match,none,950,1072,64.931876,-161.168137,,NEW — not yet reviewed,
0.0,f000162,Koyuk,match,Koyuk,Koyuk,match,none,951,1073,64.931933,-161.167829,,NEW — not yet reviewed,
0.0,f000801,Koyuk,match,Koyuk,Koyuk,match,none,952,1074,64.931991,-161.167454,,NEW — not yet reviewed,
0.0,f001825,Koyuk,match,Koyuk,Koyuk,match,none,1611,1075,64.932046,-161.157205,,NEW — not yet reviewed,
0.0,f000825,Koyuk,match,Koyuk,Koyuk,match,none,1612,1076,64.932046,-161.157205,,NEW — not yet reviewed,
0.0,f001774,Koyuk,match,Koyuk,Koyuk,match,none,1613,1077,64.932046,-161.157205,,NEW — not yet reviewed,
0.0,f001183,Koyukuk,match,Koyukuk,Koyukuk,match,none,292,1078,64.879703,-157.718494,,NEW — not yet reviewed,
0.0,f001814,Koyukuk,match,Koyukuk,Koyukuk,match,none,482,1079,64.881628,-157.704498,,NEW — not yet reviewed,
0.0,f000214,Koyukuk,match,Koyukuk,Koyukuk,match,none,483,1080,64.881575,-157.705701,,NEW — not yet reviewed,
0.0,f001178,Koyukuk,match,Koyukuk,Koyukuk,match,none,1615,1082,64.87965,-157.718668,,Stacks review: keep (farm record) (awaiting your decision),
0.0,f001610,Kwethluk,match,Kwethluk,Kwethluk,match,none,243,1083,60.810956,-161.435136,,NEW — not yet reviewed,
0.0,f000502,Kwethluk,match,Kwethluk,Kwethluk,match,none,400,1084,60.7938,-161.4387,,NEW — not yet reviewed,
0.0,f001364,Kwethluk,match,Kwethluk,Kwethluk,match,none,670,1085,60.810684,-161.440566,,NEW — not yet reviewed,
0.0,f000949,Kwethluk,match,Kwethluk,Kwethluk,match,none,671,1086,60.810119,-161.418736,,NEW — not yet reviewed,
0.0,f001458,Kwethluk,match,Kwethluk,Kwethluk,match,none,672,1087,60.810119,-161.418736,,NEW — not yet reviewed,
0.0,f001312,Kwethluk,match,Kwethluk,Kwethluk,match,none,673,1088,60.807204,-161.421239,,NEW — not yet reviewed,
0.0,f001534,Kwethluk,match,Kwethluk,Kwethluk,match,none,674,1089,60.807466,-161.422853,,NEW — not yet reviewed,
0.0,f000264,Kwethluk,match,Kwethluk,Kwethluk,match,none,1616,1090,60.811388,-161.433973,,NEW — not yet reviewed,
0.0,f000315,Kwethluk,match,Kwethluk,Kwethluk,match,none,1617,1091,60.811189,-161.433973,,NEW — not yet reviewed,
0.0,f001338,Kwigillingok,match,Kwigillingok,Kwigillingok,match,none,712,1092,59.881841,-163.151609,,NEW — not yet reviewed,
0.0,f000598,Kwigillingok,match,Kwigillingok,Kwigillingok,match,none,713,1093,59.881832,-163.151631,,NEW — not yet reviewed,
0.0,f001584,Kwigillingok,match,Kwigillingok,Kwigillingok,match,none,714,1094,59.877083,-163.157631,,NEW — not yet reviewed,
0.0,f000357,Lake Minchumina,match,Lake Minchumina,Lake Minchumina,match,none,293,1096,63.884247,-152.309953,,NEW — not yet reviewed,
0.0,f000797,Lake Minchumina,match,Lake Minchumina,Lake Minchumina,match,none,1072,1097,63.886,-152.3018,,NEW — not yet reviewed,
0.0,f000859,Larsen Bay,match,Larsen Bay,Larsen Bay,match,none,264,1098,57.530428,-154.000487,,NEW — not yet reviewed,
0.0,f001771,Larsen Bay,match,Larsen Bay,Larsen Bay,match,none,507,1099,57.537738,-153.981291,,NEW — not yet reviewed,
0.0,f000152,Larsen Bay,match,Larsen Bay,Larsen Bay,match,none,868,1100,57.537745,-153.990879,,NEW — not yet reviewed,
0.0,f001382,Larsen Bay,match,Larsen Bay,Larsen Bay,match,none,1619,1101,57.53767,-153.990277,,NEW — not yet reviewed,
0.0,f000525,Levelock,match,Levelock,Levelock,match,none,1206,1103,59.11284,-156.857789,,NEW — not yet reviewed,
0.0,f000133,Levelock,match,Levelock,Levelock,match,none,1620,1104,59.1108,-156.860976,,NEW — not yet reviewed,
0.0,f000914,Levelock,match,Levelock,Levelock,match,none,1621,1105,59.1108,-156.860976,,NEW — not yet reviewed,
0.0,f001138,Levelock,match,Levelock,Levelock,match,none,1622,1106,59.1108,-156.860976,,NEW — not yet reviewed,
0.0,f001461,Lime Village,match,Lime Village,Lime Village,match,none,1623,1107,61.355137,-155.435472,,NEW — not yet reviewed,
0.0,f000930,Lime Village,match,Lime Village,Lime Village,match,none,1624,1108,61.356001,-155.436555,,NEW — not yet reviewed,
0.0,f001089,Lime Village,match,Lime Village,Lime Village,match,none,1625,1109,61.354936,-155.435772,,NEW — not yet reviewed,
0.0,f000913,Lime Village,match,Lime Village,Lime Village,match,none,1626,1110,61.35543,-155.437258,,NEW — not yet reviewed,
0.0,f000827,Lime Village,match,Lime Village,Lime Village,match,none,1627,1111,61.355466,-155.437274,,NEW — not yet reviewed,
0.0,f001751,Lime Village,match,Lime Village,Lime Village,match,none,1628,1112,61.355466,-155.437274,,NEW — not yet reviewed,
0.0,f000992,Livengood,match,Livengood,Livengood,match,none,270,1113,65.522654,-148.549261,,NEW — not yet reviewed,
0.0,f000270,Livengood,match,Livengood,Livengood,match,none,801,1115,65.58798,-148.478742,,NEW — not yet reviewed,
0.0,f001371,Livengood,match,Livengood,Livengood,match,none,1121,1116,65.472675,-148.649504,,NEW — not yet reviewed,
0.0,f000030,Lower Kalskag,match,Lower Kalskag,"Lower Kalskag, Upper Kalskag",match,none,65,1117,61.509898,-160.36211,,NEW — not yet reviewed,
0.0,f000967,Lower Kalskag,match,Lower Kalskag,"Lower Kalskag, Upper Kalskag",match,none,1629,1118,61.512958,-160.363158,,NEW — not yet reviewed,
0.0,f000020,Lower Kalskag,match,Lower Kalskag,"Lower Kalskag, Upper Kalskag",match,none,1631,1120,61.512676,-160.364124,,NEW — not yet reviewed,
0.0,f001829,Manley Hot Springs,match,Manley Hot Springs,Manley Hot Springs,match,none,271,1121,64.998414,-150.638044,,NEW — not yet reviewed,
0.0,f001671,Manley Hot Springs,match,Manley Hot Springs,Manley Hot Springs,match,none,272,1122,65.007292,-150.612375,,NEW — not yet reviewed,
0.0,f000195,Manley Hot Springs,match,Manley Hot Springs,Manley Hot Springs,match,none,489,1123,64.995878,-150.636964,,NEW — not yet reviewed,
0.0,f001424,Manley Hot Springs,match,Manley Hot Springs,Manley Hot Springs,match,none,1229,1124,64.994409,-150.633592,,NEW — not yet reviewed,
0.0,f001472,Manokotak,match,Manokotak,Manokotak,match,none,111,1125,58.988649,-159.049226,,NEW — not yet reviewed,
0.0,f000131,Manokotak,match,Manokotak,Manokotak,match,none,1632,1127,58.980938,-159.0579,,NEW — not yet reviewed,
0.0,f001821,Manokotak,match,Manokotak,Manokotak,match,none,1633,1128,58.981109,-159.05789,,NEW — not yet reviewed,
0.0,f001631,Manokotak,match,Manokotak,Manokotak,match,none,1634,1129,58.980965,-159.058104,,NEW — not yet reviewed,
0.0,f000865,Manokotak,match,Manokotak,Manokotak,match,none,1635,1130,58.980965,-159.058104,,NEW — not yet reviewed,
0.0,f000834,Manokotak,match,Manokotak,Manokotak,match,none,1636,1131,58.984636,-159.052493,,NEW — not yet reviewed,
0.0,f001779,Manokotak,match,Manokotak,Manokotak,match,none,1637,1132,58.982922,-159.054767,,NEW — not yet reviewed,
0.0,f001081,Manokotak,match,Manokotak,Manokotak,match,none,1638,1133,58.980269,-159.056935,,NEW — not yet reviewed,
0.0,f001294,Marshall,match,Marshall,Marshall,match,none,663,1134,61.877472,-162.081647,,NEW — not yet reviewed,
0.0,f000812,Marshall,match,Marshall,Marshall,match,none,921,1135,61.878331,-162.085019,,NEW — not yet reviewed,
0.0,f000036,Marshall,match,Marshall,Marshall,match,none,1639,1136,61.878065,-162.08426,,NEW — not yet reviewed,
0.0,f001264,Marshall,match,Marshall,Marshall,match,none,1640,1137,61.877989,-162.084646,,NEW — not yet reviewed,
0.0,f000421,McGrath,match,McGrath,McGrath,match,none,60,1138,62.956742,-155.594446,,NEW — not yet reviewed,
0.0,f000877,McGrath,match,McGrath,McGrath,match,none,192,1139,62.9501,-155.5886,,NEW — not yet reviewed,
0.0,f000869,McGrath,match,McGrath,McGrath,match,none,385,1140,62.951054,-155.600047,,NEW — not yet reviewed,
0.0,f000123,McGrath,match,McGrath,McGrath,match,none,805,1141,62.950158,-155.588115,,NEW — not yet reviewed,
0.0,f000442,McGrath,match,McGrath,McGrath,match,none,1017,1142,62.953393,-155.59657,,NEW — not yet reviewed,
0.0,f000049,Mekoryuk,match,Mekoryuk,Mekoryuk,match,none,244,1144,60.387726,-166.187506,,NEW — not yet reviewed,
0.0,f000200,Mekoryuk,match,Mekoryuk,Mekoryuk,match,none,718,1145,60.386446,-166.189137,,NEW — not yet reviewed,
0.0,f000701,Mekoryuk,match,Mekoryuk,Mekoryuk,match,none,922,1146,60.389192,-166.18791,,NEW — not yet reviewed,
0.0,f001100,Mekoryuk,match,Mekoryuk,Mekoryuk,match,none,974,1147,60.38885,-166.187486,,NEW — not yet reviewed,
0.0,f001646,Mekoryuk,match,Mekoryuk,Mekoryuk,match,none,975,1148,60.389149,-166.1874,,NEW — not yet reviewed,
0.0,f000519,Mekoryuk,match,Mekoryuk,Mekoryuk,match,none,1641,1149,60.38813,-166.185369,,NEW — not yet reviewed,
0.0,f000035,Mekoryuk,match,Mekoryuk,Mekoryuk,match,none,1642,1150,60.38813,-166.185369,,NEW — not yet reviewed,
0.0,f000101,Mekoryuk,match,Mekoryuk,Mekoryuk,match,none,1643,1151,60.388585,-166.188115,,NEW — not yet reviewed,
0.0,f001615,Mekoryuk,match,Mekoryuk,Mekoryuk,match,none,1644,1152,60.380755,-166.217182,,NEW — not yet reviewed,
0.0,f000188,Mekoryuk,match,Mekoryuk,Mekoryuk,match,none,1645,1153,60.388452,-166.187804,,NEW — not yet reviewed,
0.0,f001034,Mentasta Lake,match,Mentasta Lake,Mentasta Lake,match,none,134,1154,62.929358,-143.798639,,NEW — not yet reviewed,
0.0,f000558,Metlakatla,match,Metlakatla,Metlakatla,match,none,117,1155,55.125096,-131.575724,,NEW — not yet reviewed,
0.0,f001525,Metlakatla,match,Metlakatla,Metlakatla,match,none,1646,1158,55.121246,-131.560676,,NEW — not yet reviewed,
0.0,f000470,Metlakatla,match,Metlakatla,Metlakatla,match,none,1647,1159,55.124729,-131.563919,,NEW — not yet reviewed,
0.0,f000548,Metlakatla,match,Metlakatla,Metlakatla,match,none,1648,1160,55.123599,-131.557645,,NEW — not yet reviewed,
0.0,f000788,Metlakatla,match,Metlakatla,Metlakatla,match,none,1649,1161,55.116976,-131.546085,,NEW — not yet reviewed,
0.0,f001491,Minto,match,Minto,Minto,match,none,273,1162,65.146297,-149.366194,,NEW — not yet reviewed,
0.0,f001639,Minto,match,Minto,Minto,match,none,490,1163,65.152056,-149.347811,,NEW — not yet reviewed,
0.0,f000215,Minto,match,Minto,Minto,match,none,617,1164,65.153243,-149.338409,,NEW — not yet reviewed,
0.0,f001676,Minto,match,Minto,Minto,match,none,953,1165,65.147951,-149.35402,,NEW — not yet reviewed,
0.0,f001697,Minto,match,Minto,Minto,match,none,1232,1166,65.147966,-149.354024,,NEW — not yet reviewed,
0.0,f001513,Minto,match,Minto,Minto,match,none,1650,1167,65.153193,-149.338453,,NEW — not yet reviewed,
0.0,f000008,Mountain Village,match,Mountain Village,Mountain Village,match,none,664,1169,62.089522,-163.7273,,NEW — not yet reviewed,
0.0,f001112,Mountain Village,match,Mountain Village,Mountain Village,match,none,833,1170,62.086842,-163.720747,,NEW — not yet reviewed,
0.0,f001577,Mountain Village,match,Mountain Village,Mountain Village,match,none,923,1171,62.085866,-163.7294,,NEW — not yet reviewed,
0.0,f001074,Mountain Village,match,Mountain Village,Mountain Village,match,none,1651,1172,62.086954,-163.720763,,NEW — not yet reviewed,
0.0,f001220,Naknek,match,Naknek,"Naknek, South Naknek",match,none,80,1173,58.729012,-157.001169,,NEW — not yet reviewed,
0.0,f001467,Naknek,match,Naknek,"Naknek, South Naknek",match,none,87,1174,58.745408,-156.957945,,NEW — not yet reviewed,
0.0,f000334,Naknek,match,Naknek,"Naknek, South Naknek",match,none,148,1175,58.737694,-156.978022,,NEW — not yet reviewed,
0.0,f001541,Naknek,match,Naknek,Naknek,match,none,151,1176,58.761347,-157.062434,,NEW — not yet reviewed,
0.0,f001624,Naknek,match,Naknek,"Naknek, South Naknek",match,none,460,1177,58.731111,-157.004722,,NEW — not yet reviewed,
0.0,f000776,Naknek,match,Naknek,"Naknek, South Naknek",match,none,462,1178,58.727506,-157.014314,,NEW — not yet reviewed,
0.0,f001693,Naknek,match,Naknek,"Naknek, South Naknek",match,none,520,1179,58.72999,-156.996642,,NEW — not yet reviewed,
0.0,f000858,Naknek,match,Naknek,"Naknek, South Naknek",match,none,521,1180,58.731858,-156.993665,,NEW — not yet reviewed,
0.0,f001358,Naukati Bay,match,Naukati Bay,Naukati Bay,match,none,640,1181,55.868611,-133.215556,,NEW — not yet reviewed,
0.0,f001013,Naknek,match,Naknek,"Naknek, South Naknek",match,none,804,1182,58.727246,-157.019345,,NEW — not yet reviewed,
0.0,f001526,Naknek,match,Naknek,"Naknek, South Naknek",match,none,875,1183,58.746161,-156.948804,,NEW — not yet reviewed,
0.0,f001834,Naknek,match,Naknek,"Naknek, South Naknek",match,none,877,1184,58.728328,-157.013427,,NEW — not yet reviewed,
0.0,f000743,Naknek,match,Naknek,"Naknek, South Naknek",match,none,889,1185,58.728584,-157.009042,,NEW — not yet reviewed,
0.0,f000927,Naknek,match,Naknek,"Naknek, South Naknek",match,none,1652,1186,58.733077,-157.005177,,NEW — not yet reviewed,
0.0,f001813,Napakiak,match,Napakiak,Napakiak,match,none,409,1187,60.6938,-161.9775,,NEW — not yet reviewed,
0.0,f000384,Napakiak,match,Napakiak,Napakiak,match,none,1653,1188,60.696172,-161.982029,,NEW — not yet reviewed,
0.0,f000005,Napakiak,match,Napakiak,Napakiak,match,none,1655,1190,60.696172,-161.982029,,NEW — not yet reviewed,
0.0,f001582,Napakiak,match,Napakiak,Napakiak,match,none,1656,1191,60.696172,-161.982029,,NEW — not yet reviewed,
0.0,f000244,Napakiak,match,Napakiak,Napakiak,match,none,1657,1192,60.696051,-161.978671,,NEW — not yet reviewed,
0.0,f001539,Napakiak,match,Napakiak,Napakiak,match,none,1658,1193,60.693515,-161.972631,,NEW — not yet reviewed,
0.0,f001691,Napaskiak,match,Napaskiak,"Napaskiak, Oscarville",match,none,715,1194,60.705571,-161.764451,,NEW — not yet reviewed,
0.0,f001325,Napaskiak,match,Napaskiak,"Napaskiak, Oscarville",match,none,716,1195,60.705571,-161.764451,,NEW — not yet reviewed,
0.0,f001730,Napaskiak,match,Napaskiak,"Napaskiak, Oscarville",match,none,717,1196,60.707824,-161.760834,,NEW — not yet reviewed,
0.0,f000662,Napaskiak,match,Napaskiak,"Napaskiak, Oscarville",match,none,1659,1197,60.707319,-161.763413,,NEW — not yet reviewed,
0.0,f001735,Naukati,match,Naukati Bay,Naukati Bay,match,none,1219,1198,55.868903,-133.202584,,Decision log: set label (ready),
0.0,f000953,Nelchina,match,Nelchina,Nelchina,match,none,303,1199,61.982711,-146.840883,,NEW — not yet reviewed,
0.0,f000094,Nelson Lagoon,match,Nelson Lagoon,Nelson Lagoon,match,none,517,1200,56.005184,-161.177219,,NEW — not yet reviewed,
0.0,f000257,Nelson Lagoon,match,Nelson Lagoon,Nelson Lagoon,match,none,1660,1201,56.001206,-161.201869,,NEW — not yet reviewed,
0.0,f000807,Nelson Lagoon,match,Nelson Lagoon,Nelson Lagoon,match,none,1661,1202,56.0009,-161.204991,,NEW — not yet reviewed,
0.0,f000670,Nenana,match,Nenana,Nenana,match,none,278,1203,64.558967,-149.085353,,NEW — not yet reviewed,
0.0,f000909,New Stuyahok,match,New Stuyahok,New Stuyahok,match,none,108,1205,59.450033,-157.323225,,NEW — not yet reviewed,
0.0,f001613,New Stuyahok,match,New Stuyahok,New Stuyahok,match,none,924,1207,59.448257,-157.325182,,NEW — not yet reviewed,
0.0,f000921,New Stuyahok,match,New Stuyahok,New Stuyahok,match,none,1662,1208,59.449669,-157.314281,,NEW — not yet reviewed,
0.0,f001169,New Stuyahok,match,New Stuyahok,New Stuyahok,match,none,1663,1209,59.449437,-157.314522,,NEW — not yet reviewed,
0.0,f000735,Newhalen,match,Newhalen,Newhalen,match,none,1207,1210,59.720032,-154.895808,,NEW — not yet reviewed,
0.0,f000218,Newhalen,match,Newhalen,Newhalen,match,none,1664,1211,59.719514,-154.891436,,NEW — not yet reviewed,
0.0,f001643,Newhalen,match,Newhalen,Newhalen,match,none,1665,1212,59.72039,-154.895512,,NEW — not yet reviewed,
0.0,f000679,Newhalen,match,Newhalen,Newhalen,match,none,1666,1213,59.720713,-154.896781,,NEW — not yet reviewed,
0.0,f000982,Newtok,match,Newtok,Newtok,match,none,1667,1214,60.936877,-164.62859,,NEW — not yet reviewed,
0.0,f001702,Newtok,match,Newtok,Newtok,match,none,1668,1215,60.940807,-164.631991,,NEW — not yet reviewed,
0.0,f000021,Newtok,match,Newtok,Newtok,match,none,1669,1216,60.939728,-164.630145,,NEW — not yet reviewed,
0.0,f001828,Newtok,match,Newtok,Newtok,match,none,1670,1217,60.941979,-164.634297,,NEW — not yet reviewed,
0.0,f000586,Newtok,match,Newtok,Newtok,match,none,1672,1219,60.940468,-164.631014,,NEW — not yet reviewed,
0.0,f000017,Nightmute,match,Nightmute,Nightmute,match,none,410,1220,60.4727,-164.6996,,NEW — not yet reviewed,
0.0,f000885,Nightmute,match,Nightmute,Nightmute,match,none,1673,1221,60.480695,-164.735015,,NEW — not yet reviewed,
0.0,f000345,Nightmute,match,Nightmute,Nightmute,match,none,1674,1222,60.479363,-164.725445,,NEW — not yet reviewed,
0.0,f000332,Nightmute,match,Nightmute,Nightmute,match,none,1675,1223,60.479273,-164.72551,,NEW — not yet reviewed,
0.0,f000353,Nightmute,match,Nightmute,Nightmute,match,none,1677,1225,60.479363,-164.725638,,NEW — not yet reviewed,
0.0,f001094,Nightmute,match,Nightmute,Nightmute,match,none,1679,1227,60.479228,-164.727682,,NEW — not yet reviewed,
0.0,f001128,Nikiski,match,Nikiski,Nikiski,match,none,1157,1229,60.739404,-151.30896,,NEW — not yet reviewed,
0.0,f000744,Nikolai,match,Nikolai,Nikolai,match,none,1019,1230,63.013611,-154.373267,,NEW — not yet reviewed,
0.0,f000843,Nikolai,match,Nikolai,Nikolai,match,none,1681,1231,63.013923,-154.369397,,NEW — not yet reviewed,
0.0,f000648,Nikolski,match,Nikolski,Nikolski,match,none,1682,1232,52.938699,-168.8615,,NEW — not yet reviewed,
0.0,f001459,Nikolski,match,Nikolski,Nikolski,match,none,1683,1233,52.934907,-168.869937,,NEW — not yet reviewed,
0.0,f000754,Nikolski,match,Nikolski,Nikolski,match,none,1684,1234,52.940264,-168.86004,,NEW — not yet reviewed,
0.0,f001670,Nikolski,match,Nikolski,Nikolski,match,none,1685,1235,52.939876,-168.85807,,NEW — not yet reviewed,
0.0,f000897,Ninilchik,match,Ninilchik,"Happy Valley, Ninilchik",match,none,374,1236,60.045614,-151.668486,,NEW — not yet reviewed,
0.0,f000168,Ninilchik,match,Ninilchik,"Happy Valley, Ninilchik",match,none,688,1237,60.04331,-151.675213,,NEW — not yet reviewed,
0.0,f000964,Ninilchik,match,Ninilchik,Ninilchik,match,none,1158,1238,59.985211,-151.487614,,NEW — not yet reviewed,
0.0,f001529,Noatak,match,Noatak,Noatak,match,none,925,1239,67.570747,-162.966317,,NEW — not yet reviewed,
0.0,f000301,Noatak,match,Noatak,Noatak,match,none,1104,1240,67.570985,-162.966419,,NEW — not yet reviewed,
0.0,f000643,Noatak,match,Noatak,Noatak,match,none,1237,1241,67.568298,-162.97041,,NEW — not yet reviewed,
0.0,f000241,Noatak,match,Noatak,Noatak,match,none,1687,1243,67.571268,-162.96764,,NEW — not yet reviewed,
0.0,f000167,Noatak,match,Noatak,Noatak,match,none,1688,1244,67.566796,-162.977001,,NEW — not yet reviewed,
0.0,f000245,Nome,match,Nome,Nome,match,none,246,1245,64.52,-165.43,,NEW — not yet reviewed,
0.0,f000344,Nome,match,Nome,Nome,match,none,247,1246,64.5,-165.4,,NEW — not yet reviewed,
0.0,f000437,Nome,match,Nome,Nome,match,none,248,1247,64.5,-165.4,,NEW — not yet reviewed,
0.0,f001322,Nome,match,Nome,Nome,match,none,176,1248,64.507653,-165.442267,,NEW — not yet reviewed,
0.0,f001778,Nome,match,Nome,Nome,match,none,346,1249,64.511936,-165.435494,,NEW — not yet reviewed,
0.0,f001182,Nome,match,Nome,Nome,match,none,347,1250,64.536942,-165.404697,,NEW — not yet reviewed,
0.0,f001494,Nome,match,Nome,Nome,match,none,493,1251,64.505833,-165.425556,,NEW — not yet reviewed,
0.0,f000579,Nome,match,Nome,Nome,match,none,591,1252,64.538161,-165.413611,,NEW — not yet reviewed,
0.0,f000965,Nome,match,Nome,Nome,match,none,656,1253,64.498247,-165.409893,,NEW — not yet reviewed,
0.0,f001159,Nome,match,Nome,Nome,match,none,752,1254,64.496094,-165.3955,,NEW — not yet reviewed,
0.0,f000408,Nome,match,Nome,Nome,match,none,810,1255,64.496888,-165.404063,,NEW — not yet reviewed,
0.0,f001027,Nome,match,Nome,Nome,match,none,899,1256,64.505564,-165.405369,,NEW — not yet reviewed,
0.0,f001451,Nome,match,Nome,Nome,match,none,960,1257,64.494426,-165.383081,,NEW — not yet reviewed,
0.0,f001304,Nome,match,Nome,Nome,match,none,1231,1260,64.543278,-165.404917,,NEW — not yet reviewed,
0.0,f001630,Nome,match,Nome,Nome,match,none,1250,1261,64.523669,-165.376667,,NEW — not yet reviewed,
0.0,f001654,Nome,match,Nome,Nome,match,none,1251,1262,64.49937,-165.377818,,NEW — not yet reviewed,
0.0,f000695,Nondalton,match,Nondalton,Nondalton,match,none,446,1263,59.979167,-154.837222,,NEW — not yet reviewed,
0.0,f001592,Nondalton,match,Nondalton,Nondalton,match,none,1208,1264,59.966814,-154.857428,,NEW — not yet reviewed,
0.0,f000824,Nondalton,match,Nondalton,Nondalton,match,none,1689,1265,59.978875,-154.836118,,NEW — not yet reviewed,
0.0,f001796,Nondalton,match,Nondalton,Nondalton,match,none,1690,1266,59.970484,-154.850771,,NEW — not yet reviewed,
0.0,f000085,Nondalton,match,Nondalton,Nondalton,match,none,1691,1267,59.96683,-154.85742,,NEW — not yet reviewed,
0.0,f001501,Noorvik,match,Noorvik,Noorvik,match,none,926,1268,66.8343,-161.038392,,NEW — not yet reviewed,
0.0,f000988,Noorvik,match,Noorvik,Noorvik,match,none,1098,1269,66.833746,-161.039,,NEW — not yet reviewed,
0.0,f000181,Noorvik,match,Noorvik,Noorvik,match,none,1099,1270,66.833746,-161.039,,NEW — not yet reviewed,
0.0,f001477,Noorvik,match,Noorvik,Noorvik,match,none,1100,1271,66.833746,-161.039,,NEW — not yet reviewed,
0.0,f001531,Noorvik,match,Noorvik,Noorvik,match,none,1101,1272,66.833746,-161.039,,NEW — not yet reviewed,
0.0,f000705,Noorvik,match,Noorvik,Noorvik,match,none,1694,1275,66.833736,-161.039077,,NEW — not yet reviewed,
0.0,f001725,Noorvik,match,Noorvik,Noorvik,match,none,1695,1276,66.83251,-161.048425,,NEW — not yet reviewed,
0.0,f000376,Noorvik,match,Noorvik,Noorvik,match,none,1697,1278,66.836521,-161.040257,,NEW — not yet reviewed,
0.0,f000346,North Pole,match,North Pole,"Badger, North Pole",match,none,1030,1283,64.73711,-147.342761,,NEW — not yet reviewed,
0.0,f000480,Northway,match,Northway,Northway,match,none,37,1285,62.984072,-141.949469,,NEW — not yet reviewed,
0.0,f000260,Northway,match,Northway,Northway,match,none,44,1286,62.962896,-141.930784,,NEW — not yet reviewed,
0.0,f000504,Northway,match,Northway,Northway,match,none,45,1287,62.983567,-141.946667,,NEW — not yet reviewed,
0.0,f000654,Northway,match,Northway,Northway,match,none,135,1288,62.9685,-141.892069,,NEW — not yet reviewed,
0.0,f000397,Northway,match,Northway,Northway,match,none,311,1289,62.958817,-141.633025,,NEW — not yet reviewed,
0.0,f001001,Northway,match,Northway,Northway,match,none,641,1290,63.016667,-141.8,,NEW — not yet reviewed,
0.0,f001180,Nuiqsut,match,Nuiqsut,Nuiqsut,match,none,471,1291,70.219782,-150.995015,,NEW — not yet reviewed,
0.0,f000280,Nuiqsut,match,Nuiqsut,Nuiqsut,match,none,1698,1292,70.22034,-150.996217,,NEW — not yet reviewed,
0.0,f001412,Nuiqsut,match,Nuiqsut,Nuiqsut,match,none,1699,1293,70.222123,-151.000761,,NEW — not yet reviewed,
0.0,f000791,Nuiqsut,match,Nuiqsut,Nuiqsut,match,none,1700,1294,70.21607,-150.997977,,NEW — not yet reviewed,
0.0,f001498,Nuiqsut,match,Nuiqsut,Nuiqsut,match,none,1701,1295,70.213641,-150.998202,,NEW — not yet reviewed,
0.0,f001133,Nuiqsut,match,Nuiqsut,Nuiqsut,match,none,1702,1296,70.213826,-150.997097,,NEW — not yet reviewed,
0.0,f001379,Nuiqsut,match,Nuiqsut,Nuiqsut,match,none,1703,1297,70.218116,-151.000562,,NEW — not yet reviewed,
0.0,f000657,Nuiqsut,match,Nuiqsut,Nuiqsut,match,none,1704,1298,70.219968,-150.998969,,NEW — not yet reviewed,
0.0,f001554,Nuiqsut,match,Nuiqsut,Nuiqsut,match,none,1705,1299,70.216666,-151.000959,,NEW — not yet reviewed,
0.0,f001015,Nuiqsut,match,Nuiqsut,Nuiqsut,match,none,1706,1300,70.213575,-150.998095,,NEW — not yet reviewed,
0.0,f000143,Nuiqsut,match,Nuiqsut,Nuiqsut,match,none,1707,1301,70.215228,-151.000037,,NEW — not yet reviewed,
0.0,f000454,Nuiqsut,match,Nuiqsut,Nuiqsut,match,none,1708,1302,70.214225,-150.998942,,NEW — not yet reviewed,
0.0,f001385,Nuiqsut,match,Nuiqsut,Nuiqsut,match,none,1709,1303,70.214269,-150.999007,,NEW — not yet reviewed,
0.0,f000183,Nuiqsut,match,Nuiqsut,Nuiqsut,match,none,1710,1304,70.214814,-150.994865,,NEW — not yet reviewed,
0.0,f000957,Nuiqsut,match,Nuiqsut,Nuiqsut,match,none,1711,1305,70.22034,-150.996217,,NEW — not yet reviewed,
0.0,f000417,Nuiqsut,match,Nuiqsut,Nuiqsut,match,none,1712,1306,70.218116,-151.000562,,NEW — not yet reviewed,
0.0,f000767,Nuiqsut,match,Nuiqsut,Nuiqsut,match,none,1713,1307,70.216666,-151.000959,,NEW — not yet reviewed,
0.0,f001318,Nuiqsut,match,Nuiqsut,Nuiqsut,match,none,1714,1308,70.215228,-151.000037,,NEW — not yet reviewed,
0.0,f001103,Nuiqsut,match,Nuiqsut,Nuiqsut,match,none,1715,1309,70.213641,-150.998202,,NEW — not yet reviewed,
0.0,f001060,Nuiqsut,match,Nuiqsut,Nuiqsut,match,none,1719,1313,70.22026,-150.994393,,NEW — not yet reviewed,
0.0,f000806,Nulato,match,Nulato,Nulato,match,none,206,1314,64.721885,-158.101173,,NEW — not yet reviewed,
0.0,f000423,Nulato,match,Nulato,Nulato,match,none,294,1315,64.721608,-158.105783,,NEW — not yet reviewed,
0.0,f001061,Nulato,match,Nulato,Nulato,match,none,491,1316,64.717797,-158.10895,,NEW — not yet reviewed,
0.0,f001265,Nulato,match,Nulato,Nulato,match,none,927,1317,64.721495,-158.097827,,NEW — not yet reviewed,
0.0,f001167,Nunam Iqua,match,Nunam Iqua,Nunam Iqua,match,none,665,1318,62.526064,-164.851528,,NEW — not yet reviewed,
0.0,f000453,Nunam Iqua,match,Nunam Iqua,Nunam Iqua,match,none,976,1319,62.532542,-164.85086,,NEW — not yet reviewed,
0.0,f001109,Nunam Iqua,match,Nunam Iqua,Nunam Iqua,match,none,1720,1320,62.529491,-164.848755,,NEW — not yet reviewed,
0.0,f000707,Nunam Iqua,match,Nunam Iqua,Nunam Iqua,match,none,1721,1321,62.529758,-164.848069,,NEW — not yet reviewed,
0.0,f000114,Nunapitchuk,match,Nunapitchuk,"Kasigluk, Nunapitchuk",match,none,96,1322,60.895926,-162.456011,,NEW — not yet reviewed,
0.0,f000958,Nunapitchuk,match,Nunapitchuk,"Kasigluk, Nunapitchuk",match,none,411,1323,60.9042,-162.4434,,NEW — not yet reviewed,
0.0,f001067,Nunapitchuk,match,Nunapitchuk,"Kasigluk, Nunapitchuk",match,none,928,1324,60.895894,-162.459985,,NEW — not yet reviewed,
0.0,f001716,Nunapitchuk,match,Nunapitchuk,"Kasigluk, Nunapitchuk",match,none,1722,1325,60.90076,-162.464822,,NEW — not yet reviewed,
0.0,f000850,Nunapitchuk,match,Nunapitchuk,"Kasigluk, Nunapitchuk",match,none,1723,1326,60.902265,-162.450276,,NEW — not yet reviewed,
0.0,f001185,Nunapitchuk,match,Nunapitchuk,"Kasigluk, Nunapitchuk",match,none,1724,1327,60.896353,-162.460222,,NEW — not yet reviewed,
0.0,f000433,Old Harbor,match,Old Harbor,Old Harbor,match,none,929,1328,57.208693,-153.304118,,NEW — not yet reviewed,
0.0,f001432,Old Harbor,match,Old Harbor,Old Harbor,match,none,1725,1329,57.204332,-153.305963,,NEW — not yet reviewed,
0.0,f001445,Old Harbor,match,Old Harbor,Old Harbor,match,none,1726,1330,57.204294,-153.305943,,NEW — not yet reviewed,
0.0,f001443,Oscarville,match,Oscarville,"Napaskiak, Oscarville",match,none,1727,1331,60.722873,-161.772498,,NEW — not yet reviewed,
0.0,f001415,Oscarville,match,Oscarville,"Napaskiak, Oscarville",match,none,1728,1332,60.722776,-161.769595,,NEW — not yet reviewed,
0.0,f000262,Ouzinkie,match,Ouzinkie,Ouzinkie,match,none,146,1333,57.920739,-152.502169,,NEW — not yet reviewed,
0.0,f000544,Ouzinkie,match,Ouzinkie,Ouzinkie,match,none,508,1335,57.922346,-152.507821,,NEW — not yet reviewed,
0.0,f001024,Ouzinkie,match,Ouzinkie,Ouzinkie,match,none,977,1336,57.926649,-152.501945,,NEW — not yet reviewed,
0.0,f001196,Ouzinkie,match,Ouzinkie,Ouzinkie,match,none,1729,1337,57.921043,-152.487205,,NEW — not yet reviewed,
0.0,f000639,Palmer,match,Palmer,Palmer,match,none,12,1338,61.588158,-149.111569,,NEW — not yet reviewed,
0.0,f000153,Palmer,match,Palmer,Palmer,match,none,95,1341,61.586306,-149.114399,,NEW — not yet reviewed,
0.0,f000800,Palmer,match,Palmer,Palmer,match,none,386,1342,61.5855,-149.1209,,NEW — not yet reviewed,
0.0,f001507,Palmer,match,Palmer,"Farm Loop, Lazy Mountain, Palmer",match,none,593,1343,61.602136,-149.109133,,NEW — not yet reviewed,
0.0,f000290,Palmer,match,Palmer,"Farm Loop, Lazy Mountain, Palmer",match,none,612,1344,61.600992,-149.112083,,NEW — not yet reviewed,
0.0,f000607,Palmer,match,Palmer,Palmer,match,none,978,1348,61.59018,-149.113524,,NEW — not yet reviewed,
0.0,f001603,Paxson,match,Paxson,Paxson,match,none,304,1349,63.033631,-145.496278,,NEW — not yet reviewed,
0.0,f001046,Paxson,match,Paxson,Paxson,match,none,883,1352,63.066962,-145.514075,,NEW — not yet reviewed,
0.0,f000479,Pedro Bay,match,Pedro Bay,Pedro Bay,match,none,17,1353,59.788617,-154.104093,,NEW — not yet reviewed,
0.0,f001567,Pedro Bay,match,Pedro Bay,Pedro Bay,match,none,449,1354,59.796389,-154.131667,,NEW — not yet reviewed,
0.0,f000942,Pedro Bay,match,Pedro Bay,Pedro Bay,match,none,1209,1355,59.787326,-154.09918,,NEW — not yet reviewed,
0.0,f000148,Pelican,match,Pelican,Pelican,match,none,121,1356,57.961429,-136.231809,,NEW — not yet reviewed,
0.0,f000086,Pelican,match,Pelican,Pelican,match,none,1730,1357,57.959946,-136.231927,,NEW — not yet reviewed,
0.0,f001607,Pelican,match,Pelican,Pelican,match,none,1731,1358,57.956816,-136.221909,,NEW — not yet reviewed,
0.0,f000067,Perryville,match,Perryville,Perryville,match,none,455,1359,55.908889,-159.160833,,NEW — not yet reviewed,
0.0,f000492,Perryville,match,Perryville,Perryville,match,none,1210,1360,55.91166,-159.144418,,NEW — not yet reviewed,
0.0,f000795,Perryville,match,Perryville,Perryville,match,none,1732,1361,55.910431,-159.146135,,NEW — not yet reviewed,
0.0,f000535,Petersburg,match,Petersburg,"Kupreanof, Petersburg",match,none,856,1366,56.811433,-132.957022,,NEW — not yet reviewed,
0.0,f000286,Petersburg,match,Petersburg,"Kupreanof, Petersburg",match,none,869,1367,56.814383,-132.958213,,NEW — not yet reviewed,
0.0,f000104,Petersburg,match,Petersburg,"Kupreanof, Petersburg",match,none,1257,1368,56.814111,-132.951769,,NEW — not yet reviewed,
0.0,f001660,Pilot Point,match,Pilot Point,Pilot Point,match,none,1211,1370,57.564096,-157.57428,,NEW — not yet reviewed,
0.0,f001288,Pilot Point,match,Pilot Point,Pilot Point,match,none,1734,1371,57.564213,-157.577793,,NEW — not yet reviewed,
0.0,f000559,Pilot Point,match,Pilot Point,Pilot Point,match,none,1735,1372,57.564213,-157.577793,,NEW — not yet reviewed,
0.0,f000724,Pilot Point,match,Pilot Point,Pilot Point,match,none,1736,1373,57.564213,-157.577793,,NEW — not yet reviewed,
0.0,f001164,Pilot Station,match,Pilot Station,Pilot Station,match,none,666,1374,61.935939,-162.890664,,NEW — not yet reviewed,
0.0,f000904,Pilot Station,match,Pilot Station,Pilot Station,match,none,930,1375,61.937616,-162.891048,,NEW — not yet reviewed,
0.0,f001065,Pilot Station,match,Pilot Station,Pilot Station,match,none,1737,1376,61.93694,-162.883671,,NEW — not yet reviewed,
0.0,f000905,Pilot Station,match,Pilot Station,Pilot Station,match,none,1738,1377,61.936885,-162.881086,,NEW — not yet reviewed,
0.0,f000063,Pilot Station,match,Pilot Station,Pilot Station,match,none,1739,1378,61.936345,-162.881719,,NEW — not yet reviewed,
0.0,f001310,Platinum,match,Platinum,Platinum,match,none,412,1379,59.0169,-161.823,,NEW — not yet reviewed,
0.0,f000771,Platinum,match,Platinum,Platinum,match,none,1146,1380,59.008361,-161.816984,,NEW — not yet reviewed,
0.0,f000757,Platinum,match,Platinum,Platinum,match,none,1242,1381,59.011987,-161.818577,,NEW — not yet reviewed,
0.0,f001621,Platinum,match,Platinum,Platinum,match,none,1740,1382,59.012007,-161.818617,,NEW — not yet reviewed,
0.0,f000980,Platinum,match,Platinum,Platinum,match,none,1741,1383,59.01362,-161.820109,,NEW — not yet reviewed,
0.0,f000728,Platinum,match,Platinum,Platinum,match,none,1742,1384,59.012529,-161.818524,,NEW — not yet reviewed,
0.0,f001753,Platinum,match,Platinum,Platinum,match,none,1743,1385,59.011979,-161.816976,,NEW — not yet reviewed,
0.0,f001672,Point Hope,match,Point Hope,Point Hope,match,none,472,1387,68.349524,-166.735931,,NEW — not yet reviewed,
0.0,f000709,Point Hope,match,Point Hope,Point Hope,match,none,1745,1388,68.349745,-166.735947,,NEW — not yet reviewed,
0.0,f001685,Point Hope,match,Point Hope,Point Hope,match,none,1746,1389,68.349726,-166.735657,,NEW — not yet reviewed,
0.0,f001428,Point Hope,match,Point Hope,Point Hope,match,none,1747,1390,68.349959,-166.719435,,NEW — not yet reviewed,
0.0,f001215,Point Hope,match,Point Hope,Point Hope,match,none,1748,1391,68.347259,-166.739916,,NEW — not yet reviewed,
0.0,f000360,Point Hope,match,Point Hope,Point Hope,match,none,1749,1392,68.346167,-166.746815,,NEW — not yet reviewed,
0.0,f001633,Point Hope,match,Point Hope,Point Hope,match,none,1750,1393,68.34876,-166.731516,,NEW — not yet reviewed,
0.0,f001744,Point Hope,match,Point Hope,Point Hope,match,none,1751,1394,68.349884,-166.718577,,NEW — not yet reviewed,
0.0,f000082,Point Hope,match,Point Hope,Point Hope,match,none,1753,1396,68.348372,-166.737395,,NEW — not yet reviewed,
0.0,f000523,Point Hope,match,Point Hope,Point Hope,match,none,1754,1397,68.349844,-166.717783,,NEW — not yet reviewed,
0.0,f001179,Point Lay,match,Point Lay,Point Lay,match,none,473,1398,69.742897,-163.008252,,NEW — not yet reviewed,
0.0,f000141,Point Lay,match,Point Lay,Point Lay,match,none,1755,1399,69.740645,-163.004122,,NEW — not yet reviewed,
0.0,f001500,Point Lay,match,Point Lay,Point Lay,match,none,1756,1401,69.741027,-163.00581,,NEW — not yet reviewed,
0.0,f001118,Point Lay,match,Point Lay,Point Lay,match,none,1757,1402,69.74182,-163.01075,,NEW — not yet reviewed,
0.0,f001609,Point Lay,match,Point Lay,Point Lay,match,none,1758,1403,69.740856,-163.01218,,NEW — not yet reviewed,
0.0,f001291,Point Lay,match,Point Lay,Point Lay,match,none,1759,1404,69.742892,-163.008323,,NEW — not yet reviewed,
0.0,f000221,Point Lay,match,Point Lay,Point Lay,match,none,1760,1405,69.74125,-163.013081,,NEW — not yet reviewed,
0.0,f000439,Port Alexander,match,Port Alexander,Port Alexander,match,none,1220,1410,56.249576,-134.647315,,NEW — not yet reviewed,
0.0,f001000,Port Alexander,match,Port Alexander,Port Alexander,match,none,1764,1411,56.249542,-134.646622,,NEW — not yet reviewed,
0.0,f000853,Port Alexander,match,Port Alexander,Port Alexander,match,none,1765,1412,56.246236,-134.647614,,NEW — not yet reviewed,
0.0,f001090,Port Alexander,match,Port Alexander,Port Alexander,match,none,1766,1413,56.248967,-134.648768,,NEW — not yet reviewed,
0.0,f001690,Port Alsworth,match,Port Alsworth,Port Alsworth,match,none,1173,1414,60.197368,-154.322641,,NEW — not yet reviewed,
0.0,f000174,Port Alsworth,match,Port Alsworth,Port Alsworth,match,none,1213,1415,60.196369,-154.327535,,NEW — not yet reviewed,
0.0,f000055,Port Alsworth,match,Port Alsworth,Port Alsworth,match,none,1767,1416,60.197245,-154.318873,,NEW — not yet reviewed,
0.0,f000506,Port Alsworth,match,Port Alsworth,Port Alsworth,match,none,1768,1417,60.196598,-154.331965,,NEW — not yet reviewed,
0.0,f000448,Port Alsworth,match,Port Alsworth,Port Alsworth,match,none,1769,1418,60.205684,-154.309885,,NEW — not yet reviewed,
0.0,f001734,Port Alsworth,match,Port Alsworth,Port Alsworth,match,none,1770,1419,60.199822,-154.309096,,NEW — not yet reviewed,
0.0,f000071,Port Alsworth,match,Port Alsworth,Port Alsworth,match,none,1771,1420,60.201453,-154.314552,,NEW — not yet reviewed,
0.0,f000324,Port Alsworth,match,Port Alsworth,Port Alsworth,match,none,1772,1421,60.198531,-154.317025,,NEW — not yet reviewed,
0.0,f001146,Port Graham,match,Port Graham,Port Graham,match,none,1773,1422,59.350283,-151.829366,,NEW — not yet reviewed,
0.0,f000740,Port Heiden,match,Port Heiden,Port Heiden,match,none,454,1423,56.958056,-158.640833,,NEW — not yet reviewed,
0.0,f001043,Port Heiden,match,Port Heiden,Port Heiden,match,none,1087,1424,56.9591,-158.6333,,NEW — not yet reviewed,
0.0,f000610,Port Heiden,match,Port Heiden,Port Heiden,match,none,1212,1425,56.923658,-158.66087,,NEW — not yet reviewed,
0.0,f000403,Port Heiden,match,Port Heiden,Port Heiden,match,none,1774,1426,56.923478,-158.663084,,NEW — not yet reviewed,
0.0,f000341,Port Heiden,match,Port Heiden,Port Heiden,match,none,1775,1427,56.923478,-158.663084,,NEW — not yet reviewed,
0.0,f001237,Port Heiden,match,Port Heiden,Port Heiden,match,none,1776,1428,56.923478,-158.663084,,NEW — not yet reviewed,
0.0,f000915,Port Heiden,match,Port Heiden,Port Heiden,match,none,1777,1429,56.923256,-158.663492,,NEW — not yet reviewed,
0.0,f000496,Port Heiden,match,Port Heiden,Port Heiden,match,none,1778,1430,56.951568,-158.635715,,NEW — not yet reviewed,
0.0,f000164,Port Heiden,match,Port Heiden,Port Heiden,match,none,1779,1431,56.951568,-158.635371,,NEW — not yet reviewed,
0.0,f001106,Port Heiden,match,Port Heiden,Port Heiden,match,none,1780,1432,56.959261,-158.639287,,NEW — not yet reviewed,
0.0,f001259,Port Lions,match,Port Lions,Port Lions,match,none,509,1433,57.868906,-152.8791,,NEW — not yet reviewed,
0.0,f001246,Port Lions,match,Port Lions,Port Lions,match,none,874,1434,57.862433,-152.856301,,NEW — not yet reviewed,
0.0,f000956,Port Lions,match,Port Lions,Port Lions,match,none,1781,1435,57.868902,-152.880543,,NEW — not yet reviewed,
0.0,f001822,Port Lions,match,Port Lions,Port Lions,match,none,1782,1436,57.86797,-152.882919,,NEW — not yet reviewed,
,f000560,Port Moller,cannot check (no boundary for this community),,,cannot check,none,1256,1437,55.987011,-160.57696,Kept as labelled: no boundary to test against.,NEW — not yet reviewed,
0.0,f001434,Port Protection,match,Port Protection,Port Protection,match,none,1783,1438,56.322211,-133.612531,,NEW — not yet reviewed,
,f001410,Portage,cannot check (no boundary for this community),,,cannot check,none,532,1439,60.818333,-148.973989,Kept as labelled: no boundary to test against.,NEW — not yet reviewed,
0.0,f000971,Prudhoe Bay,match,Prudhoe Bay,Prudhoe Bay,match,none,143,1440,70.231111,-148.379444,,NEW — not yet reviewed,
0.0,f000515,Prudhoe Bay,match,Prudhoe Bay,Prudhoe Bay,match,none,268,1441,70.197372,-148.470778,,NEW — not yet reviewed,
0.0,f001172,Prudhoe Bay,match,Prudhoe Bay,Prudhoe Bay,match,none,847,1444,70.199423,-148.448703,,NEW — not yet reviewed,
0.0,f000693,Prudhoe Bay,match,Prudhoe Bay,Prudhoe Bay,match,none,860,1445,70.333772,-149.063918,,NEW — not yet reviewed,
0.0,f000014,Prudhoe Bay,match,Prudhoe Bay,Prudhoe Bay,match,none,861,1446,70.225943,-148.412871,,NEW — not yet reviewed,
0.0,f000698,Prudhoe Bay,match,Prudhoe Bay,Prudhoe Bay,match,none,876,1447,70.227634,-148.393283,,NEW — not yet reviewed,
0.0,f001789,Prudhoe Bay,match,Prudhoe Bay,Prudhoe Bay,match,none,961,1448,70.224899,-148.414131,,NEW — not yet reviewed,
0.0,f000656,Prudhoe Bay,match,Prudhoe Bay,Prudhoe Bay,match,none,1243,1449,70.213914,-148.40287,,NEW — not yet reviewed,
0.0,f000100,Quinhagak,match,Quinhagak,Quinhagak,match,none,249,1450,59.7532,-161.895352,,NEW — not yet reviewed,
0.0,f001078,Quinhagak,match,Quinhagak,Quinhagak,match,none,931,1451,59.747485,-161.910839,,NEW — not yet reviewed,
0.0,f000068,Quinhagak,match,Quinhagak,Quinhagak,match,none,1784,1452,59.749687,-161.903426,,NEW — not yet reviewed,
0.0,f001021,Quinhagak,match,Quinhagak,Quinhagak,match,none,1785,1453,59.746882,-161.906516,,NEW — not yet reviewed,
0.0,f000742,Quinhagak,match,Quinhagak,Quinhagak,match,none,1786,1454,59.751854,-161.895906,,NEW — not yet reviewed,
0.0,f001586,Quinhagak,match,Quinhagak,Quinhagak,match,none,1787,1455,59.745184,-161.917932,,NEW — not yet reviewed,
0.0,f000677,Rampart,match,Rampart,Rampart,match,none,145,1456,65.503,-150.172,,NEW — not yet reviewed,
0.0,f001123,Rampart,match,Rampart,Rampart,match,none,296,1457,65.510778,-150.151281,,NEW — not yet reviewed,
0.0,f001795,Rampart,match,Rampart,Rampart,match,none,1788,1458,65.503593,-150.172892,,NEW — not yet reviewed,
0.0,f001657,Red Devil,match,Red Devil,Red Devil,match,none,1222,1459,61.783056,-157.339514,,NEW — not yet reviewed,
0.0,f000311,Red Devil,match,Red Devil,Red Devil,match,none,1789,1460,61.780808,-157.334547,,NEW — not yet reviewed,
0.0,f000272,Red Devil,match,Red Devil,Red Devil,match,none,1791,1462,61.782502,-157.336843,,NEW — not yet reviewed,
0.0,f001559,Red Devil,match,Red Devil,Red Devil,match,none,1792,1463,61.78302,-157.336715,,NEW — not yet reviewed,
0.0,f000911,Ruby,match,Ruby,Ruby,match,none,297,1464,64.734197,-155.461475,,NEW — not yet reviewed,
0.0,f001306,Ruby,match,Ruby,Ruby,match,none,492,1465,64.741278,-155.467233,,NEW — not yet reviewed,
0.0,f000158,Ruby,match,Ruby,Ruby,match,none,1793,1466,64.737677,-155.492253,,NEW — not yet reviewed,
0.0,f000952,Ruby,match,Ruby,Ruby,match,none,1794,1467,64.739246,-155.489168,,NEW — not yet reviewed,
0.0,f000774,Ruby,match,Ruby,Ruby,match,none,1795,1468,64.740644,-155.489254,,NEW — not yet reviewed,
0.0,f000395,Russian Mission,match,Russian Mission,Russian Mission,match,none,667,1469,61.785553,-161.327278,,NEW — not yet reviewed,
0.0,f001194,Russian Mission,match,Russian Mission,Russian Mission,match,none,932,1470,61.785713,-161.325452,,NEW — not yet reviewed,
0.0,f001473,Russian Mission,match,Russian Mission,Russian Mission,match,none,1259,1471,61.784251,-161.318777,,NEW — not yet reviewed,
0.0,f001235,Russian Mission,match,Russian Mission,Russian Mission,match,none,1796,1472,61.784399,-161.318744,,NEW — not yet reviewed,
0.0,f001756,Russian Mission,match,Russian Mission,Russian Mission,match,none,1797,1473,61.784236,-161.322016,,NEW — not yet reviewed,
0.0,f000617,Russian Mission,match,Russian Mission,Russian Mission,match,none,1798,1474,61.786184,-161.324162,,NEW — not yet reviewed,
0.0,f001762,Saint George,match,Saint George,Saint George,match,none,1799,1475,56.602426,-169.545762,,NEW — not yet reviewed,
0.0,f000136,Saint George,match,Saint George,Saint George,match,none,1800,1476,56.603283,-169.54624,,NEW — not yet reviewed,
0.0,f000343,Saint George,match,Saint George,Saint George,match,none,1801,1477,56.602838,-169.543344,,NEW — not yet reviewed,
0.0,f000815,Saint George,match,Saint George,Saint George,match,none,1802,1478,56.602719,-169.546162,,NEW — not yet reviewed,
0.0,f000794,Saint George,match,Saint George,Saint George,match,none,1803,1479,56.602393,-169.545585,,NEW — not yet reviewed,
0.0,f000266,Saint George Island,match,Saint George,Saint George,match,none,167,1480,56.572258,-169.671067,,Decision log: set label (ready),
0.0,f000879,Saint George Island,match,Saint George,Saint George,match,none,458,1481,56.577222,-169.663611,,Decision log: set label (ready),
0.0,f001280,Saint George Island,match,Saint George,Saint George,match,none,979,1482,56.602823,-169.543351,,Decision log: set label (ready),
0.0,f000037,Saint Marys,match,Saint Mary's,"Pitkas Point, Saint Mary's",match,none,355,1483,62.057547,-163.294789,,Decision log: set label (ready),
0.0,f001832,Saint Marys,match,Saint Mary's,Saint Mary's,match,none,763,1484,62.051516,-163.175166,,Decision log: set label (ready),
0.0,f000451,Saint Marys,match,Saint Mary's,Saint Mary's,match,none,939,1485,62.0519,-163.17254,,Decision log: set label (ready),
0.0,f001107,Saint Marys,match,Saint Mary's,"Pitkas Point, Saint Mary's",match,none,1093,1486,62.06083,-163.3018,,Decision log: set label (ready),
0.0,f000726,Saint Marys,match,Saint Mary's,Saint Mary's,match,none,1262,1487,62.052793,-163.181297,,Decision log: set label (ready),
0.0,f001373,Saint Mary's,match,Saint Mary's,Saint Mary's,match,none,1804,1488,62.056501,-163.177192,,NEW — not yet reviewed,
0.0,f000038,Saint Mary's,match,Saint Mary's,Saint Mary's,match,none,1805,1489,62.051523,-163.172343,,NEW — not yet reviewed,
0.0,f001069,Saint Mary's,match,Saint Mary's,Saint Mary's,match,none,1806,1490,62.051654,-163.171908,,NEW — not yet reviewed,
0.0,f001792,Saint Mary's,match,Saint Mary's,Saint Mary's,match,none,1807,1491,62.048385,-163.195967,,NEW — not yet reviewed,
0.0,f001208,Saint Michael,match,Saint Michael,Saint Michael,match,none,253,1492,63.478217,-162.041424,,NEW — not yet reviewed,
0.0,f001366,Saint Michael,match,Saint Michael,Saint Michael,match,none,88,1493,63.478,-162.047,,NEW — not yet reviewed,
0.0,f001800,Saint Michael,match,Saint Michael,Saint Michael,match,none,205,1494,63.482646,-162.029498,,NEW — not yet reviewed,
0.0,f000248,Saint Michael,match,Saint Michael,Saint Michael,match,none,552,1495,63.478752,-162.038572,,NEW — not yet reviewed,
0.0,f000676,Saint Michael,match,Saint Michael,Saint Michael,match,none,1808,1496,63.478206,-162.041422,,NEW — not yet reviewed,
0.0,f000545,Saint Michael,match,Saint Michael,Saint Michael,match,none,1809,1497,63.479413,-162.033364,,NEW — not yet reviewed,
0.0,f001239,Saint Michael,match,Saint Michael,Saint Michael,match,none,1810,1498,63.478031,-162.038246,,NEW — not yet reviewed,
0.0,f000420,Saint Michael,match,Saint Michael,Saint Michael,match,none,1813,1501,63.477432,-162.029381,,NEW — not yet reviewed,
0.0,f001661,Saint Michael,match,Saint Michael,Saint Michael,match,none,1814,1502,63.477432,-162.029381,,NEW — not yet reviewed,
0.0,f000756,Saint Paul,match,Saint Paul,Saint Paul,match,none,1815,1503,57.122548,-170.274138,,NEW — not yet reviewed,
0.0,f001009,Saint Paul,match,Saint Paul,Saint Paul,match,none,1816,1504,57.1337,-170.266294,,NEW — not yet reviewed,
0.0,f000966,Saint Paul,match,Saint Paul,Saint Paul,match,none,1817,1505,57.157552,-170.220569,,NEW — not yet reviewed,
0.0,f001435,Saint Paul,match,Saint Paul,Saint Paul,match,none,1818,1506,57.13409,-170.26728,,NEW — not yet reviewed,
0.0,f001105,Saint Paul,match,Saint Paul,Saint Paul,match,none,1819,1507,57.13353,-170.26712,,NEW — not yet reviewed,
0.0,f000109,Saint Paul,match,Saint Paul,Saint Paul,match,none,1820,1508,57.157637,-170.220924,,NEW — not yet reviewed,
0.0,f000057,Saint Paul Island,match,Saint Paul,Saint Paul,match,none,40,1509,57.150475,-170.250733,,Decision log: set label (ready),
0.0,f000464,Saint Paul Island,match,Saint Paul,Saint Paul,match,none,35,1510,57.15813,-170.229828,,Decision log: set label (ready),
0.0,f000002,Saint Paul Island,match,Saint Paul,Saint Paul,match,none,459,1511,57.157869,-170.220672,,Decision log: set label (ready),
0.0,f001566,Saint Paul Island,match,Saint Paul,Saint Paul,match,none,890,1512,57.124673,-170.283921,,Decision log: set label (ready),
0.0,f001560,Saint Paul Island,match,Saint Paul,Saint Paul,match,none,998,1513,57.121002,-170.279556,,Decision log: set label (ready),
0.0,f000615,Saint Paul Island,match,Saint Paul,Saint Paul,match,none,1088,1514,57.17063,-170.2194,,Decision log: set label (ready),
0.0,f001542,Sand Point,match,Sand Point,Sand Point,match,none,142,1515,55.351828,-160.475442,,NEW — not yet reviewed,
0.0,f000111,Sand Point,match,Sand Point,Sand Point,match,none,603,1517,55.318028,-160.521806,,NEW — not yet reviewed,
0.0,f000802,Sand Point,match,Sand Point,Sand Point,match,none,1230,1518,55.345218,-160.489631,,NEW — not yet reviewed,
0.0,f000197,Sand Point,match,Sand Point,Sand Point,match,none,1821,1519,55.34571,-160.489275,,NEW — not yet reviewed,
0.0,f000459,Sand Point,match,Sand Point,Sand Point,match,none,1822,1520,55.335346,-160.490162,,NEW — not yet reviewed,
0.0,f001488,Sand Point,match,Sand Point,Sand Point,match,none,1823,1521,55.351936,-160.475113,,NEW — not yet reviewed,
0.0,f001738,Sand Point,match,Sand Point,Sand Point,match,none,1824,1522,55.339525,-160.499369,,NEW — not yet reviewed,
0.0,f001667,Savoonga,match,Savoonga,Savoonga,match,none,250,1523,63.695286,-170.48242,,NEW — not yet reviewed,
0.0,f001317,Savoonga,match,Savoonga,Savoonga,match,none,356,1524,63.690792,-170.487086,,NEW — not yet reviewed,
0.0,f001173,Savoonga,match,Savoonga,Savoonga,match,none,933,1525,63.694988,-170.475011,,NEW — not yet reviewed,
0.0,f000366,Savoonga,match,Savoonga,Savoonga,match,none,1825,1526,63.695562,-170.484324,,NEW — not yet reviewed,
0.0,f001075,Savoonga,match,Savoonga,Savoonga,match,none,1827,1528,63.696377,-170.478209,,NEW — not yet reviewed,
0.0,f001198,Savoonga,match,Savoonga,Savoonga,match,none,1828,1529,63.696163,-170.473789,,NEW — not yet reviewed,
0.0,f001216,Savoonga,match,Savoonga,Savoonga,match,none,1829,1530,63.695562,-170.484324,,NEW — not yet reviewed,
0.0,f000509,Scammon Bay,match,Scammon Bay,Scammon Bay,match,none,413,1532,61.8443,-165.5796,,NEW — not yet reviewed,
0.0,f000736,Scammon Bay,match,Scammon Bay,Scammon Bay,match,none,934,1534,61.843214,-165.581955,,NEW — not yet reviewed,
0.0,f001320,Scammon Bay,match,Scammon Bay,Scammon Bay,match,none,957,1535,61.843768,-165.587572,,NEW — not yet reviewed,
0.0,f000412,Scammon Bay,match,Scammon Bay,Scammon Bay,match,none,1831,1536,61.842138,-165.581585,,NEW — not yet reviewed,
0.0,f001502,Scammon Bay,match,Scammon Bay,Scammon Bay,match,none,1832,1537,61.840753,-165.582491,,NEW — not yet reviewed,
0.0,f001787,Scammon Bay,match,Scammon Bay,Scammon Bay,match,none,1833,1538,61.841168,-165.581906,,NEW — not yet reviewed,
0.0,f000840,Selawik,match,Selawik,Selawik,match,none,251,1539,66.602116,-160.003305,,NEW — not yet reviewed,
0.0,f001004,Selawik,match,Selawik,Selawik,match,none,357,1540,66.600197,-159.996972,,NEW — not yet reviewed,
0.0,f000124,Selawik,match,Selawik,Selawik,match,none,954,1541,66.606884,-160.016408,,NEW — not yet reviewed,
0.0,f000065,Selawik,match,Selawik,Selawik,match,none,955,1542,66.606812,-160.016335,,NEW — not yet reviewed,
0.0,f001042,Selawik,match,Selawik,Selawik,match,none,956,1543,66.606714,-160.01614,,NEW — not yet reviewed,
0.0,f000543,Selawik,match,Selawik,Selawik,match,none,1254,1544,66.603843,-160.014753,,NEW — not yet reviewed,
0.0,f001321,Selawik,match,Selawik,Selawik,match,none,1835,1546,66.60635,-160.015385,,NEW — not yet reviewed,
0.0,f000471,Selawik,match,Selawik,Selawik,match,none,1836,1547,66.598772,-160.008878,,NEW — not yet reviewed,
0.0,f001189,Selawik,match,Selawik,Selawik,match,none,1837,1548,66.605063,-160.013594,,NEW — not yet reviewed,
0.0,f001077,Seldovia,match,Seldovia,"Seldovia, Seldovia Village",match,none,43,1550,59.440364,-151.716122,,NEW — not yet reviewed,
0.0,f001228,Seldovia,match,Seldovia,"Seldovia, Seldovia Village",match,none,373,1551,59.4414,-151.7018,,NEW — not yet reviewed,
0.0,f001749,Seldovia,match,Seldovia,"Seldovia, Seldovia Village",match,none,690,1552,59.442293,-151.714019,,NEW — not yet reviewed,
0.0,f000629,Seward,match,Seward,Seward,match,none,29,1553,60.121083,-149.432833,,NEW — not yet reviewed,
0.0,f001389,Seward,match,Seward,Seward,match,none,380,1554,60.110635,-149.438456,,NEW — not yet reviewed,
0.0,f000512,Seward,match,Seward,Seward,match,none,534,1555,60.12123,-149.431151,,NEW — not yet reviewed,
0.0,f000720,Seward,match,Seward,"Bear Creek, Seward",match,none,535,1556,60.129997,-149.427703,,NEW — not yet reviewed,
0.0,f001763,Seward,match,Seward,Seward,match,none,587,1557,60.093778,-149.331797,,NEW — not yet reviewed,
0.0,f001565,Seward,match,Seward,"Bear Creek, Seward",match,none,682,1558,60.132803,-149.436597,,NEW — not yet reviewed,
0.0,f001353,Seward,match,Seward,"Bear Creek, Seward",match,none,683,1559,60.129552,-149.444356,,NEW — not yet reviewed,
0.0,f001754,Seward,match,Seward,"Bear Creek, Seward",match,none,684,1560,60.131823,-149.442543,,NEW — not yet reviewed,
0.0,f001788,Seward,match,Seward,"Lowell Point, Seward",match,none,760,1562,60.098983,-149.443617,,NEW — not yet reviewed,
0.0,f001099,Seward,match,Seward,"Bear Creek, Seward",match,none,822,1563,60.125065,-149.432297,,NEW — not yet reviewed,
0.0,f000461,Seward,match,Seward,Seward,match,none,870,1564,60.12128,-149.435815,,NEW — not yet reviewed,
0.0,f000201,Shageluk,match,Shageluk,Shageluk,match,none,935,1565,62.658044,-159.53275,,NEW — not yet reviewed,
0.0,f000976,Shageluk,match,Shageluk,Shageluk,match,none,1018,1566,62.654747,-159.534304,,NEW — not yet reviewed,
0.0,f000246,Shageluk,match,Shageluk,Shageluk,match,none,1839,1567,62.654826,-159.534214,,NEW — not yet reviewed,
0.0,f000674,Shageluk,match,Shageluk,Shageluk,match,none,1840,1568,62.657608,-159.534235,,NEW — not yet reviewed,
0.0,f000563,Shaktoolik,match,Shaktoolik,Shaktoolik,match,none,188,1569,64.348281,-161.184141,,NEW — not yet reviewed,
0.0,f000514,Shaktoolik,match,Shaktoolik,Shaktoolik,match,none,189,1570,64.348281,-161.184141,,NEW — not yet reviewed,
0.0,f000287,Shaktoolik,match,Shaktoolik,Shaktoolik,match,none,190,1571,64.348281,-161.184141,,NEW — not yet reviewed,
0.0,f000347,Shaktoolik,match,Shaktoolik,Shaktoolik,match,none,191,1572,64.353764,-161.194115,,NEW — not yet reviewed,
0.0,f000871,Shaktoolik,match,Shaktoolik,Shaktoolik,match,none,936,1573,64.35087,-161.189079,,NEW — not yet reviewed,
0.0,f001161,Shaktoolik,match,Shaktoolik,Shaktoolik,match,none,1841,1574,64.350409,-161.188116,,NEW — not yet reviewed,
0.0,f001393,Shishmaref,match,Shishmaref,Shishmaref,match,none,207,1575,66.254319,-166.073021,,NEW — not yet reviewed,
0.0,f001456,Shishmaref,match,Shishmaref,Shishmaref,match,none,208,1576,66.257541,-166.061013,,NEW — not yet reviewed,
0.0,f000178,Shishmaref,match,Shishmaref,Shishmaref,match,none,210,1577,66.257594,-166.060184,,NEW — not yet reviewed,
0.0,f000959,Shishmaref,match,Shishmaref,Shishmaref,match,none,211,1578,66.255058,-166.073276,,NEW — not yet reviewed,
0.0,f001039,Shishmaref,match,Shishmaref,Shishmaref,match,none,937,1579,66.254931,-166.072686,,NEW — not yet reviewed,
0.0,f000978,Shishmaref,match,Shishmaref,Shishmaref,match,none,1842,1580,66.254665,-166.073173,,NEW — not yet reviewed,
0.0,f001642,Shishmaref,match,Shishmaref,Shishmaref,match,none,1844,1582,66.256246,-166.066242,,NEW — not yet reviewed,
0.0,f000457,Shishmaref,match,Shishmaref,Shishmaref,match,none,1845,1583,66.254665,-166.073173,,NEW — not yet reviewed,
0.0,f000373,Shishmaref,match,Shishmaref,Shishmaref,match,none,1846,1584,66.257564,-166.060212,,NEW — not yet reviewed,
0.0,f001827,Shishmaref,match,Shishmaref,Shishmaref,match,none,1847,1585,66.253931,-166.076531,,NEW — not yet reviewed,
0.0,f000180,Shungnak,match,Shungnak,Shungnak,match,none,834,1586,66.888622,-157.14142,,NEW — not yet reviewed,
0.0,f000119,Shungnak,match,Shungnak,Shungnak,match,none,938,1587,66.888264,-157.139724,,NEW — not yet reviewed,
0.0,f001231,Shungnak,match,Shungnak,Shungnak,match,none,1214,1588,66.887953,-157.140595,,NEW — not yet reviewed,
0.0,f001387,Shungnak,match,Shungnak,Shungnak,match,none,1238,1589,66.889251,-157.135382,,NEW — not yet reviewed,
,f001530,Sitka,cannot check (no boundary for this community),,,cannot check,none,32,1590,57.055321,-135.368152,Kept as labelled: no boundary to test against.,NEW — not yet reviewed,
,f000469,Sitka,cannot check (no boundary for this community),,,cannot check,none,252,1591,57.046342,-135.300167,Kept as labelled: no boundary to test against.,NEW — not yet reviewed,
,f000001,Sitka,cannot check (no boundary for this community),,,cannot check,none,165,1592,57.128438,-135.379436,Kept as labelled: no boundary to test against.,NEW — not yet reviewed,
,f000207,Sitka,cannot check (no boundary for this community),,,cannot check,none,166,1593,57.115942,-135.393411,Kept as labelled: no boundary to test against.,NEW — not yet reviewed,
,f000745,Sitka,cannot check (no boundary for this community),,,cannot check,none,434,1594,57.052688,-135.365036,Kept as labelled: no boundary to test against.,NEW — not yet reviewed,
,f000185,Sitka,cannot check (no boundary for this community),,,cannot check,none,554,1595,57.044886,-135.231295,Kept as labelled: no boundary to test against.,NEW — not yet reviewed,
,f001155,Sitka,cannot check (no boundary for this community),,,cannot check,none,599,1596,57.046389,-135.229722,Kept as labelled: no boundary to test against.,NEW — not yet reviewed,
,f000206,Sitka,cannot check (no boundary for this community),,,cannot check,none,680,1597,57.055314,-135.368069,Kept as labelled: no boundary to test against.,NEW — not yet reviewed,
,f000730,Sitka,cannot check (no boundary for this community),,,cannot check,none,711,1598,57.102431,-135.394188,Kept as labelled: no boundary to test against.,NEW — not yet reviewed,
,f000947,Sitka,cannot check (no boundary for this community),,,cannot check,none,841,1599,57.052112,-135.308873,Kept as labelled: no boundary to test against.,NEW — not yet reviewed,
,f001620,Sitka,cannot check (no boundary for this community),,,cannot check,none,842,1600,57.047229,-135.355595,Kept as labelled: no boundary to test against.,NEW — not yet reviewed,
,f001464,Sitka,cannot check (no boundary for this community),,,cannot check,none,900,1601,57.056898,-135.34667,Kept as labelled: no boundary to test against.,NEW — not yet reviewed,
,f001122,Sitka,cannot check (no boundary for this community),,,cannot check,none,1174,1602,57.048474,-135.318924,Kept as labelled: no boundary to test against.,NEW — not yet reviewed,
0.0,f000370,Skagway,match,Skagway,Skagway,match,none,106,1603,59.463191,-135.307574,,NEW — not yet reviewed,
0.0,f000291,Skagway,match,Skagway,Skagway,match,none,435,1604,59.472858,-135.29972,,NEW — not yet reviewed,
0.0,f000571,Skagway,match,Skagway,Skagway,match,none,436,1605,59.472697,-135.297763,,NEW — not yet reviewed,
0.0,f000634,Skagway,match,Skagway,Skagway,match,none,642,1606,59.455,-135.316,,NEW — not yet reviewed,
0.0,f000097,Skagway,match,Skagway,Skagway,match,none,1172,1608,59.45347,-135.318505,,NEW — not yet reviewed,
0.0,f001666,Skagway,match,Skagway,Skagway,match,none,1245,1610,59.455655,-135.311638,,NEW — not yet reviewed,
0.0,f000998,Skwentna,match,Skwentna,Skwentna,match,none,387,1611,61.9661,-151.1953,,NEW — not yet reviewed,
0.0,f000044,Slana,match,Slana,Slana,match,none,305,1613,62.707475,-143.978575,,NEW — not yet reviewed,
0.0,f000088,Slana,match,Slana,Slana,match,none,643,1614,62.733333,-143.966667,,NEW — not yet reviewed,
0.0,f000880,Sleetmute,match,Sleetmute,Sleetmute,match,none,745,1615,61.702121,-157.171027,,NEW — not yet reviewed,
0.0,f000354,Sleetmute,match,Sleetmute,Sleetmute,match,none,1164,1616,61.702607,-157.170497,,NEW — not yet reviewed,
0.0,f001349,Sleetmute,match,Sleetmute,Sleetmute,match,none,1223,1617,61.7019,-157.1712,,NEW — not yet reviewed,
0.0,f000177,Sleetmute,match,Sleetmute,Sleetmute,match,none,1848,1618,61.701832,-157.168767,,NEW — not yet reviewed,
0.0,f001695,Sleetmute,match,Sleetmute,Sleetmute,match,none,1849,1619,61.702269,-157.171181,,NEW — not yet reviewed,
0.0,f000605,Sleetmute,match,Sleetmute,Sleetmute,match,none,1850,1620,61.702473,-157.171171,,NEW — not yet reviewed,
0.0,f001047,Soldotna,match,Soldotna,"Kalifornsky, Ridgeway, Soldotna",match,none,693,1623,60.49345,-151.096997,,NEW — not yet reviewed,
0.0,f001272,Soldotna,match,Soldotna,"Ridgeway, Soldotna",match,none,695,1624,60.489141,-151.070905,,NEW — not yet reviewed,
0.0,f001212,Soldotna,match,Soldotna,"Ridgeway, Soldotna",match,none,698,1626,60.49089,-151.068184,,NEW — not yet reviewed,
0.0,f000556,Soldotna,match,Soldotna,"Kalifornsky, Soldotna",match,none,748,1628,60.486957,-151.132942,,NEW — not yet reviewed,
0.0,f000630,South Naknek,match,South Naknek,South Naknek,match,none,451,1630,58.705278,-157.006389,,NEW — not yet reviewed,
0.0,f001596,South Naknek,match,South Naknek,"Naknek, South Naknek",match,none,1851,1631,58.712096,-157.009597,,NEW — not yet reviewed,
0.0,f001748,South Naknek,match,South Naknek,"Naknek, South Naknek",match,none,1852,1632,58.716752,-156.998634,,NEW — not yet reviewed,
0.0,f000573,South Naknek,match,South Naknek,"Naknek, South Naknek",match,none,1853,1633,58.713839,-157.007915,,NEW — not yet reviewed,
0.0,f001429,Stebbins,match,Stebbins,Stebbins,match,none,200,1634,63.519667,-162.285667,,NEW — not yet reviewed,
0.0,f000428,Stebbins,match,Stebbins,Stebbins,match,none,202,1635,63.516697,-162.287781,,NEW — not yet reviewed,
0.0,f000405,Stebbins,match,Stebbins,Stebbins,match,none,203,1636,63.519799,-162.288918,,NEW — not yet reviewed,
0.0,f001148,Stebbins,match,Stebbins,Stebbins,match,none,940,1637,63.521041,-162.286534,,NEW — not yet reviewed,
0.0,f001256,Stebbins,match,Stebbins,Stebbins,match,none,1854,1638,63.51629,-162.286507,,NEW — not yet reviewed,
0.0,f001824,Stebbins,match,Stebbins,Stebbins,match,none,1856,1640,63.520175,-162.284136,,NEW — not yet reviewed,
0.0,f000298,Stebbins,match,Stebbins,Stebbins,match,none,1857,1641,63.515687,-162.285557,,Stacks review: keep (farm record) (awaiting your decision),
0.0,f001316,Stevens Village,match,Stevens Village,Stevens Village,match,none,298,1642,66.014192,-149.058619,,NEW — not yet reviewed,
0.0,f000969,Stevens Village,match,Stevens Village,Stevens Village,match,none,1859,1644,66.008714,-149.091396,,NEW — not yet reviewed,
0.0,f001471,Stevens Village,match,Stevens Village,Stevens Village,match,none,1860,1645,66.014267,-149.058823,,NEW — not yet reviewed,
0.0,f000482,Stony River,match,Stony River,Stony River,match,none,1165,1646,61.787044,-156.588562,,NEW — not yet reviewed,
0.0,f000769,Stony River,match,Stony River,Stony River,match,none,1224,1647,61.789319,-156.586031,,NEW — not yet reviewed,
0.0,f000540,Stony River,match,Stony River,Stony River,match,none,1861,1648,61.788855,-156.588792,,NEW — not yet reviewed,
0.0,f000609,Stony River,match,Stony River,Stony River,match,none,1862,1649,61.789226,-156.5873,,NEW — not yet reviewed,
0.0,f001165,Sutton,match,Sutton-Alpine,Sutton-Alpine,match,none,598,1650,61.692169,-149.008192,,NEW — not yet reviewed,
0.0,f001234,Takotna,match,Takotna,Takotna,match,none,414,1651,62.9943,-156.0306,,NEW — not yet reviewed,
0.0,f000149,Takotna,match,Takotna,Takotna,match,none,1020,1652,62.987974,-156.062072,,NEW — not yet reviewed,
0.0,f000276,Takotna,match,Takotna,Takotna,match,none,1863,1653,62.988632,-156.070002,,NEW — not yet reviewed,
0.0,f001328,Takotna,match,Takotna,Takotna,match,none,1864,1654,62.988447,-156.070066,,NEW — not yet reviewed,
0.0,f000661,Talkeetna,match,Talkeetna,"Talkeetna, Trapper Creek",match,none,118,1655,62.317795,-150.108655,,NEW — not yet reviewed,
0.0,f000003,Talkeetna,match,Talkeetna,Talkeetna,match,none,389,1656,62.3259,-150.0919,,NEW — not yet reviewed,
0.0,f001836,Talkeetna,match,Talkeetna,"Chase, Talkeetna, Trapper Creek",match,none,536,1657,62.323822,-150.111878,,NEW — not yet reviewed,
0.0,f001784,Talkeetna,match,Talkeetna,Talkeetna,match,none,613,1658,62.272489,-150.071605,,NEW — not yet reviewed,
0.0,f001362,Talkeetna,match,Talkeetna,Talkeetna,match,none,1094,1659,62.3205,-150.0936,,NEW — not yet reviewed,
0.0,f000671,Talkeetna,match,Talkeetna,"Talkeetna, Trapper Creek",match,none,1095,1660,62.29837,-150.1052,,NEW — not yet reviewed,
0.0,f000432,Tanana,match,Tanana,Tanana,match,none,58,1661,65.173029,-152.076587,,NEW — not yet reviewed,
0.0,f001723,Tanana,match,Tanana,Tanana,match,none,62,1662,65.171019,-152.087881,,NEW — not yet reviewed,
0.0,f001131,Tanana,match,Tanana,Tanana,match,none,299,1663,65.172753,-152.112133,,NEW — not yet reviewed,
0.0,f000400,Tanana,match,Tanana,Tanana,match,none,824,1664,65.174722,-152.070556,,NEW — not yet reviewed,
0.0,f000755,Tanana,match,Tanana,Tanana,match,none,1865,1665,65.17153,-152.092536,,NEW — not yet reviewed,
0.0,f000016,Tanana,match,Tanana,Tanana,match,none,1866,1666,65.173573,-152.084789,,NEW — not yet reviewed,
0.0,f000522,Tanana,match,Tanana,Tanana,match,none,1867,1667,65.173053,-152.076979,,NEW — not yet reviewed,
0.0,f000166,Tatitlek,match,Tatitlek,Tatitlek,match,none,966,1668,60.868724,-146.681837,,NEW — not yet reviewed,
0.0,f001770,Tatitlek,match,Tatitlek,Tatitlek,match,none,1868,1669,60.863141,-146.679306,,NEW — not yet reviewed,
0.0,f000042,Tatitlek,match,Tatitlek,Tatitlek,match,none,1869,1670,60.863141,-146.679306,,NEW — not yet reviewed,
0.0,f000684,Tatitlek,match,Tatitlek,Tatitlek,match,none,1870,1671,60.871532,-146.687173,,NEW — not yet reviewed,
0.0,f001790,Tazlina,match,Tazlina,"Copper Center, Silver Springs, Tazlina",match,none,306,1672,62.044028,-145.426189,,NEW — not yet reviewed,
0.0,f000553,Teller,match,Teller,Teller,match,none,258,1673,65.263623,-166.366914,,NEW — not yet reviewed,
0.0,f001438,Teller,match,Teller,Teller,match,none,669,1675,65.264856,-166.362751,,NEW — not yet reviewed,
0.0,f001405,Teller,match,Teller,Teller,match,none,941,1676,65.263301,-166.362619,,NEW — not yet reviewed,
0.0,f001038,Teller,match,Teller,Teller,match,none,980,1677,65.262544,-166.366504,,NEW — not yet reviewed,
0.0,f000886,Teller,match,Teller,Teller,match,none,1871,1678,65.262941,-166.365186,,NEW — not yet reviewed,
0.0,f000452,Teller,match,Teller,Teller,match,none,1872,1679,65.262744,-166.365357,,NEW — not yet reviewed,
0.0,f000281,Teller,match,Teller,Teller,match,none,1873,1680,65.260239,-166.3598,,NEW — not yet reviewed,
0.0,f001363,Teller,match,Teller,Teller,match,none,1874,1681,65.263503,-166.364424,,NEW — not yet reviewed,
0.0,f001722,Teller,match,Teller,Teller,match,none,1876,1683,65.263826,-166.366033,,NEW — not yet reviewed,
0.0,f001548,Teller,match,Teller,Teller,match,none,1877,1684,65.260822,-166.360787,,NEW — not yet reviewed,
0.0,f000371,Teller,match,Teller,Teller,match,none,1878,1685,65.263857,-166.363308,,NEW — not yet reviewed,
0.0,f000561,Teller,match,Teller,Teller,match,none,1879,1686,65.264252,-166.363212,,NEW — not yet reviewed,
0.0,f001673,Tenakee Springs,match,Tenakee Springs,Tenakee Springs,match,none,1880,1687,57.77994,-135.21942,,NEW — not yet reviewed,
0.0,f001556,Tenakee Springs,match,Tenakee Springs,Tenakee Springs,match,none,1881,1688,57.780372,-135.21928,,NEW — not yet reviewed,
0.0,f001365,Tetlin,match,Tetlin,Tetlin,match,none,136,1689,63.138306,-142.519767,,NEW — not yet reviewed,
0.0,f001124,Tetlin,match,Tetlin,Tetlin,match,none,314,1690,63.128125,-142.521731,,NEW — not yet reviewed,
0.0,f000415,Thorne Bay,match,Thorne Bay,Thorne Bay,match,none,646,1691,55.686,-132.528917,,NEW — not yet reviewed,
0.0,f000275,Thorne Bay,match,Thorne Bay,Thorne Bay,match,none,1882,1692,55.690183,-132.541644,,NEW — not yet reviewed,
0.0,f000594,Thorne Bay,match,Thorne Bay,Thorne Bay,match,none,1883,1693,55.685522,-132.522656,,NEW — not yet reviewed,
0.0,f001214,Thorne Bay,match,Thorne Bay,Thorne Bay,match,none,1884,1694,55.688115,-132.532334,,NEW — not yet reviewed,
0.0,f000893,Thorne Bay,match,Thorne Bay,Thorne Bay,match,none,1885,1695,55.688112,-132.532312,,NEW — not yet reviewed,
0.0,f000987,Thorne Bay,match,Thorne Bay,Thorne Bay,match,none,1886,1696,55.688112,-132.532312,,NEW — not yet reviewed,
0.0,f001782,Thorne Bay,match,Thorne Bay,Thorne Bay,match,none,1887,1697,55.685112,-132.525242,,NEW — not yet reviewed,
0.0,f000687,Togiak,match,Togiak,Togiak,match,none,113,1698,59.056332,-160.425157,,NEW — not yet reviewed,
0.0,f001804,Togiak,match,Togiak,Togiak,match,none,942,1699,59.059366,-160.378601,,NEW — not yet reviewed,
0.0,f001197,Togiak,match,Togiak,Togiak,match,none,1888,1701,59.059824,-160.379302,,NEW — not yet reviewed,
0.0,f001293,Togiak,match,Togiak,Togiak,match,none,1889,1702,59.059896,-160.379399,,NEW — not yet reviewed,
0.0,f001766,Togiak,match,Togiak,Togiak,match,none,1890,1703,59.063542,-160.369271,,NEW — not yet reviewed,
0.0,f001431,Togiak,match,Togiak,Togiak,match,none,1891,1704,59.05748,-160.382553,,NEW — not yet reviewed,
0.0,f001724,Togiak,match,Togiak,"Togiak, Twin Hills",match,none,1892,1705,59.06347,-160.368841,,NEW — not yet reviewed,
0.0,f001073,Tok,match,Tok,Tok,match,none,137,1706,63.333019,-142.958933,,NEW — not yet reviewed,
0.0,f000009,Tok,match,Tok,Tok,match,none,316,1707,63.326067,-142.995331,,NEW — not yet reviewed,
0.0,f000463,Tok,match,Tok,Tok,match,none,647,1709,63.335836,-142.9978,,NEW — not yet reviewed,
0.0,f000852,Tok,match,Tok,Tok,match,none,653,1710,63.333425,-142.964169,,NEW — not yet reviewed,
0.0,f000138,Toksook Bay,match,Toksook Bay,Toksook Bay,match,none,415,1711,60.5374,-165.0894,,NEW — not yet reviewed,
0.0,f001267,Toksook Bay,match,Toksook Bay,Toksook Bay,match,none,943,1712,60.529717,-165.109533,,NEW — not yet reviewed,
0.0,f001563,Toksook Bay,match,Toksook Bay,Toksook Bay,match,none,1894,1714,60.52867,-165.105791,,NEW — not yet reviewed,
0.0,f001708,Toksook Bay,match,Toksook Bay,Toksook Bay,match,none,1895,1715,60.529329,-165.106703,,NEW — not yet reviewed,
0.0,f000409,Toksook Bay,match,Toksook Bay,Toksook Bay,match,none,1896,1716,60.52867,-165.105791,,NEW — not yet reviewed,
0.0,f000043,Toksook Bay,match,Toksook Bay,Toksook Bay,match,none,1898,1718,60.52867,-165.105791,,NEW — not yet reviewed,
0.0,f000592,Trapper Creek,match,Trapper Creek,Trapper Creek,match,none,383,1719,62.4048,-150.2606,,NEW — not yet reviewed,
0.0,f001284,Tuluksak,match,Tuluksak,Tuluksak,match,none,726,1722,61.099483,-160.956537,,NEW — not yet reviewed,
0.0,f000899,Tuluksak,match,Tuluksak,Tuluksak,match,none,1899,1723,61.099103,-160.957907,,NEW — not yet reviewed,
0.0,f001750,Tuluksak,match,Tuluksak,Tuluksak,match,none,1900,1724,61.100342,-160.957671,,NEW — not yet reviewed,
0.0,f001619,Tuluksak,match,Tuluksak,Tuluksak,match,none,1901,1725,61.098999,-160.958143,,NEW — not yet reviewed,
0.0,f001636,Tuluksak,match,Tuluksak,Tuluksak,match,none,1902,1726,61.096381,-160.963143,,NEW — not yet reviewed,
0.0,f000450,Tuntutuliak,match,Tuntutuliak,Tuntutuliak,match,none,417,1727,60.3506,-162.6579,,NEW — not yet reviewed,
0.0,f001245,Tuntutuliak,match,Tuntutuliak,Tuntutuliak,match,none,1903,1728,60.343069,-162.666956,,NEW — not yet reviewed,
0.0,f000690,Tuntutuliak,match,Tuntutuliak,Tuntutuliak,match,none,1904,1729,60.343069,-162.666956,,NEW — not yet reviewed,
0.0,f000449,Tuntutuliak,match,Tuntutuliak,Tuntutuliak,match,none,1905,1730,60.338715,-162.665347,,NEW — not yet reviewed,
0.0,f001777,Tununak,match,Tununak,Tununak,match,none,418,1732,60.5767,-165.2705,,NEW — not yet reviewed,
0.0,f001080,Tununak,match,Tununak,Tununak,match,none,1908,1734,60.582948,-165.260047,,NEW — not yet reviewed,
0.0,f000672,Tununak,match,Tununak,Tununak,match,none,1909,1735,60.585625,-165.254093,,NEW — not yet reviewed,
0.0,f001709,Tununak,match,Tununak,Tununak,match,none,1911,1737,60.586104,-165.255531,,NEW — not yet reviewed,
0.0,f000169,Tununak,match,Tununak,Tununak,match,none,1912,1738,60.586104,-165.255531,,NEW — not yet reviewed,
0.0,f000819,Twin Hills,match,Twin Hills,Twin Hills,match,none,112,1740,59.073939,-160.281551,,NEW — not yet reviewed,
0.0,f001830,Twin Hills,match,Twin Hills,"Togiak, Twin Hills",match,none,152,1741,59.054574,-160.3352,,NEW — not yet reviewed,
0.0,f000798,Twin Hills,match,Twin Hills,Twin Hills,match,none,408,1742,59.0746,-160.2766,,NEW — not yet reviewed,
0.0,f001710,Twin Hills,match,Twin Hills,"Togiak, Twin Hills",match,none,1246,1743,59.073251,-160.282498,,NEW — not yet reviewed,
0.0,f000991,Twin Hills,match,Twin Hills,"Togiak, Twin Hills",match,none,1914,1744,59.073539,-160.284574,,NEW — not yet reviewed,
0.0,f000972,Twin Hills,match,Twin Hills,"Togiak, Twin Hills",match,none,1915,1745,59.073539,-160.284574,,NEW — not yet reviewed,
0.0,f000447,Tyonek,match,Tyonek,Tyonek,match,none,689,1746,61.06827,-151.143942,,NEW — not yet reviewed,
0.0,f001007,Ugashik,match,Ugashik,Ugashik,match,none,453,1747,57.521944,-157.400833,,NEW — not yet reviewed,
0.0,f001618,Unalakleet,match,Unalakleet,Unalakleet,match,none,98,1748,63.876554,-160.795118,,NEW — not yet reviewed,
0.0,f001020,Unalakleet,match,Unalakleet,Unalakleet,match,none,116,1749,63.87591,-160.795715,,NEW — not yet reviewed,
0.0,f000217,Unalakleet,match,Unalakleet,Unalakleet,match,none,128,1750,63.885652,-160.774375,,NEW — not yet reviewed,
0.0,f001669,Unalakleet,match,Unalakleet,Unalakleet,match,none,129,1751,63.885652,-160.774375,,NEW — not yet reviewed,
0.0,f000372,Unalakleet,match,Unalakleet,Unalakleet,match,none,130,1752,63.885652,-160.774375,,NEW — not yet reviewed,
0.0,f000738,Unalakleet,match,Unalakleet,Unalakleet,match,none,131,1753,63.881795,-160.799167,,NEW — not yet reviewed,
0.0,f000635,Unalakleet,match,Unalakleet,Unalakleet,match,none,364,1754,63.8793,-160.797342,,NEW — not yet reviewed,
0.0,f000683,Unalakleet,match,Unalakleet,Unalakleet,match,none,1916,1757,63.882011,-160.799202,,NEW — not yet reviewed,
0.0,f001645,Unalakleet,match,Unalakleet,Unalakleet,match,none,1917,1758,63.87646,-160.791102,,NEW — not yet reviewed,
0.0,f000860,Unalakleet,match,Unalakleet,Unalakleet,match,none,1918,1759,63.881859,-160.798977,,NEW — not yet reviewed,
0.0,f001313,Unalakleet,match,Unalakleet,Unalakleet,match,none,1919,1760,63.87937,-160.797228,,NEW — not yet reviewed,
0.0,f001808,Unalakleet,match,Unalakleet,Unalakleet,match,none,1920,1761,63.872149,-160.785909,,NEW — not yet reviewed,
0.0,f000445,Unalakleet,match,Unalakleet,Unalakleet,match,none,1921,1762,63.872307,-160.787374,,NEW — not yet reviewed,
0.0,f000613,Unalakleet,match,Unalakleet,Unalakleet,match,none,1922,1763,63.876394,-160.791081,,NEW — not yet reviewed,
0.0,f001521,Unalaska,match,Unalaska,Unalaska,match,none,48,1764,53.872608,-166.529613,,NEW — not yet reviewed,
0.0,f000565,Unalaska,match,Unalaska,Unalaska,match,none,729,1765,53.872324,-166.531609,,NEW — not yet reviewed,
0.0,f000233,Unalaska,match,Unalaska,Unalaska,match,none,730,1766,53.88313,-166.510296,,NEW — not yet reviewed,
0.0,f001605,Unalaska,match,Unalaska,Unalaska,match,none,734,1767,53.863449,-166.51236,,NEW — not yet reviewed,
0.0,f000319,Unalaska,match,Unalaska,Unalaska,match,none,735,1768,53.878836,-166.554902,,NEW — not yet reviewed,
0.0,f000132,Unalaska,match,Unalaska,Unalaska,match,none,828,1769,53.877663,-166.539596,,NEW — not yet reviewed,
0.0,f000747,Upper Kalskag,match,Upper Kalskag,"Lower Kalskag, Upper Kalskag",match,none,1925,1773,61.537946,-160.323314,,NEW — not yet reviewed,
0.0,f000626,Upper Kalskag,match,Upper Kalskag,"Lower Kalskag, Upper Kalskag",match,none,1926,1774,61.538614,-160.317097,,NEW — not yet reviewed,
0.0,f000655,Upper Kalskag,match,Upper Kalskag,"Lower Kalskag, Upper Kalskag",match,none,1927,1775,61.53665,-160.309136,,NEW — not yet reviewed,
0.0,f001049,Upper Kalskag,match,Upper Kalskag,"Lower Kalskag, Upper Kalskag",match,none,1928,1776,61.54025,-160.32789,,NEW — not yet reviewed,
0.0,f000467,Valdez,match,Valdez,Valdez,match,none,41,1777,61.137178,-146.371369,,NEW — not yet reviewed,
0.0,f000993,Valdez,match,Valdez,Valdez,match,none,254,1778,61.127924,-146.247547,,NEW — not yet reviewed,
0.0,f001492,Valdez,match,Valdez,Valdez,match,none,320,1780,61.131047,-146.247017,,NEW — not yet reviewed,
0.0,f001151,Valdez,match,Valdez,Valdez,match,none,321,1781,61.135528,-146.341331,,NEW — not yet reviewed,
0.0,f000945,Valdez,match,Valdez,Valdez,match,none,555,1783,61.123715,-146.345993,,NEW — not yet reviewed,
0.0,f000529,Valdez,match,Valdez,Valdez,match,none,614,1784,61.124433,-146.263179,,NEW — not yet reviewed,
0.0,f001219,Valdez,match,Valdez,Valdez,match,none,829,1785,61.131564,-146.337616,,NEW — not yet reviewed,
0.0,f001649,Valdez,match,Valdez,Valdez,match,none,844,1789,61.13868,-146.358918,,NEW — not yet reviewed,
0.0,f001070,Valdez,match,Valdez,Valdez,match,none,845,1790,61.130548,-146.366817,,NEW — not yet reviewed,
0.0,f000367,Valdez,match,Valdez,Valdez,match,none,848,1791,61.083264,-146.302946,,NEW — not yet reviewed,
0.0,f000252,Valdez,match,Valdez,Valdez,match,none,850,1792,61.130568,-146.364749,,NEW — not yet reviewed,
0.0,f000307,Valdez,match,Valdez,Valdez,match,none,851,1793,61.084192,-146.249383,,NEW — not yet reviewed,
0.0,f000113,Valdez,match,Valdez,Valdez,match,none,1114,1794,61.127709,-146.347799,,NEW — not yet reviewed,
0.0,f000378,Venetie,match,Venetie,Venetie,match,none,132,1795,67.01724,-146.425352,,NEW — not yet reviewed,
0.0,f000374,Venetie,match,Venetie,Venetie,match,none,1012,1796,67.015518,-146.415844,,NEW — not yet reviewed,
0.0,f001157,Wainwright,match,Wainwright,Wainwright,match,none,604,1797,70.6383,-160.033,,NEW — not yet reviewed,
0.0,f000107,Wainwright,match,Wainwright,Wainwright,match,none,1929,1798,70.638176,-160.032808,,NEW — not yet reviewed,
0.0,f001785,Wainwright,match,Wainwright,Wainwright,match,none,1930,1799,70.637856,-160.032894,,NEW — not yet reviewed,
0.0,f001677,Wainwright,match,Wainwright,Wainwright,match,none,1931,1800,70.637678,-160.029654,,NEW — not yet reviewed,
0.0,f000306,Wainwright,match,Wainwright,Wainwright,match,none,1932,1801,70.642799,-160.021672,,NEW — not yet reviewed,
0.0,f001715,Wainwright,match,Wainwright,Wainwright,match,none,1933,1802,70.637159,-160.028914,,NEW — not yet reviewed,
0.0,f001433,Wainwright,match,Wainwright,Wainwright,match,none,1934,1803,70.640054,-160.011029,,NEW — not yet reviewed,
0.0,f001141,Wainwright,match,Wainwright,Wainwright,match,none,474,1804,70.636496,-160.031708,,NEW — not yet reviewed,
0.0,f001408,Wainwright,match,Wainwright,Wainwright,match,none,1935,1805,70.636056,-160.033731,,NEW — not yet reviewed,
0.0,f001355,Wainwright,match,Wainwright,Wainwright,match,none,1001,1806,70.637657,-160.032229,,NEW — not yet reviewed,
0.0,f000222,Wainwright,match,Wainwright,Wainwright,match,none,1936,1807,70.637641,-160.032218,,NEW — not yet reviewed,
0.0,f000835,Wales,match,Wales,Wales,match,none,256,1809,65.604714,-168.086115,,NEW — not yet reviewed,
0.0,f000775,Wales,match,Wales,Wales,match,none,944,1810,65.60857,-168.090904,,NEW — not yet reviewed,
0.0,f000611,Wales,match,Wales,Wales,match,none,1938,1811,65.606163,-168.087516,,NEW — not yet reviewed,
0.0,f001093,Wales,match,Wales,Wales,match,none,1939,1812,65.608382,-168.091086,,NEW — not yet reviewed,
0.0,f001085,Wasilla,match,Wasilla,"Meadow Lakes, Tanaina, Wasilla",match,none,85,1815,61.589805,-149.482844,,NEW — not yet reviewed,
0.0,f000062,Wasilla,match,Wasilla,"Knik-Fairview, Meadow Lakes, Wasilla",match,none,615,1818,61.570556,-149.548056,,NEW — not yet reviewed,
0.0,f000427,Wasilla,match,Wasilla,"North Lakes, South Lakes, Tanaina, Wasilla",match,none,981,1819,61.581742,-149.444397,,NEW — not yet reviewed,
0.0,f001652,Wasilla,match,Wasilla,"Gateway, Knik-Fairview, North Lakes, South Lakes, Wasilla",match,none,1151,1820,61.573887,-149.385729,,NEW — not yet reviewed,
0.0,f001292,Whale Pass,match,Whale Pass,Whale Pass,match,none,649,1821,56.120278,-133.132583,,NEW — not yet reviewed,
0.0,f001380,White Mountain,match,White Mountain,White Mountain,match,none,6,1822,64.6786,-163.3961,,NEW — not yet reviewed,
0.0,f001367,White Mountain,match,White Mountain,White Mountain,match,none,7,1823,64.6811,-163.4099,,NEW — not yet reviewed,
0.0,f000866,White Mountain,match,White Mountain,White Mountain,match,none,8,1824,64.6838,-163.4138,,NEW — not yet reviewed,
0.0,f000533,White Mountain,match,White Mountain,White Mountain,match,none,9,1825,64.6838,-163.4138,,NEW — not yet reviewed,
0.0,f000770,White Mountain,match,White Mountain,White Mountain,match,none,1941,1826,64.682271,-163.411273,,NEW — not yet reviewed,
0.0,f001699,White Mountain,match,White Mountain,White Mountain,match,none,1943,1828,64.683765,-163.413494,,NEW — not yet reviewed,
0.0,f000010,Whittier,match,Whittier,Whittier,match,none,1190,1829,60.77526,-148.690036,,NEW — not yet reviewed,
0.0,f000137,Willow,match,Willow,Willow,match,none,388,1830,61.7612,-150.0615,,NEW — not yet reviewed,
,f001700,Wrangell,cannot check (no boundary for this community),,,cannot check,none,125,1831,56.472055,-132.38104,Kept as labelled: no boundary to test against.,NEW — not yet reviewed,
,f000939,Wrangell,cannot check (no boundary for this community),,,cannot check,none,437,1832,56.485013,-132.378334,Kept as labelled: no boundary to test against.,NEW — not yet reviewed,
,f000386,Wrangell,cannot check (no boundary for this community),,,cannot check,none,622,1833,56.136278,-132.404917,Kept as labelled: no boundary to test against.,Decision log: no change (ready),
,f000349,Wrangell,cannot check (no boundary for this community),,,cannot check,none,891,1834,56.467177,-132.381962,Kept as labelled: no boundary to test against.,NEW — not yet reviewed,
,f000130,Wrangell,cannot check (no boundary for this community),,,cannot check,none,1073,1835,56.46806,-133.0813,Kept as labelled: no boundary to test against.,NEW — not yet reviewed,
,f001209,Wrangell,cannot check (no boundary for this community),,,cannot check,none,1074,1836,56.46806,-133.0813,Kept as labelled: no boundary to test against.,NEW — not yet reviewed,
,f001010,Wrangell,cannot check (no boundary for this community),,,cannot check,none,1075,1837,56.46806,-133.0813,Kept as labelled: no boundary to test against.,NEW — not yet reviewed,
,f000710,Wrangell,cannot check (no boundary for this community),,,cannot check,none,1191,1838,56.463823,-132.383864,Kept as labelled: no boundary to test against.,NEW — not yet reviewed,
0.0,f001593,Yakutat,match,Yakutat,Yakutat,match,none,158,1839,59.508303,-139.669714,,NEW — not yet reviewed,
0.0,f001391,Yakutat,match,Yakutat,Yakutat,match,none,438,1840,59.507222,-139.673056,,NEW — not yet reviewed,
0.0,f000923,Yakutat,match,Yakutat,Yakutat,match,none,439,1841,59.507222,-139.670556,,NEW — not yet reviewed,
0.0,f001309,Yakutat,match,Yakutat,Yakutat,match,none,945,1842,59.545217,-139.724591,,NEW — not yet reviewed,
